Customer Num,Customer Name,Draft Package,Shipping Address,City,County,Distribution Area,Buyer Count   2026,Units   2026
1002,Country Cottage Rest (P),2) Draft and Package,1745 Macopin Rd,West Milford,Passaic,Passaic-FF,1.00,324.00
1004,The Vreeland Store,2) Draft and Package,1383 Macopin Road,West Milford,Passaic,Passaic-FF,1.00,54.00
1005,Grasshopper Irish Pub (A),2) Draft and Package,2891 Route 23,Newfoundland,Passaic,Passaic,1.00,902.00
1007,The Greenwood Tavern,3) Package Only,1934 Greenwood Lake Tpke,Hewitt,Passaic,Passaic-FF,1.00,34.00
1010,Jimmy Geez(North)Bar/Gril,2) Draft and Package,3219 Rt 23 South,Oak Ridge,Passaic,Passaic,1.00,403.00
1014,Chido Mexican Kitchen,2) Draft and Package,665 Warwick Turnpike,Hewitt,Passaic,Passaic,1.00,51.00
1017,Millers Ale House Rockawa,2) Draft and Package,325 Mt Hope Avenue,Rockaway,Morris,Morris 1,1.00,670.00
1022,The Cheesecake Factory,2) Draft and Package,301 Mt. Hope Ave,Rockaway,Morris,Morris 1,1.00,224.00
1023,The New Jessies Kettle(P),2) Draft and Package,1555 Greenwood Lk Tpke,Hewitt,Passaic,Passaic-FF,1.00,1518.00
1024,Buffalo Wild Wings (Rockaway),2) Draft and Package,343 Mount Hope Ave,Rockaway,Morris,Morris 1,1.00,258.00
1026,American Legion Post 289 (A) West Milford,2) Draft and Package,177 Lincoln Av,West Milford,Passaic,Passaic-FF,1.00,221.00
1028,J & S Roadhouse,3) Package Only,17 Wooley Road,West Milford,Passaic,Passaic-FF,1.00,505.00
1030,Elks Post 2236 (P),2) Draft and Package,1860 Union Valley Road,West Milford,Passaic,Passaic-FF,1.00,689.00
1032,Prime 374 - Seafood & Steak,3) Package Only,374 Morestown Road,West Milford,Passaic,Passaic-FF,1.00,31.00
1033,D'Boathaus Restaurant,2) Draft and Package,322 Lakeside Road,Hewitt,Passaic,Passaic-FF,1.00,332.00
1035,Old School Pub P),2) Draft and Package,551 Warwick Tpke,Hewitt,Passaic,Passaic-FF,1.00,1397.00
1214,Whiskey Wolf Tavern (P),3) Package Only,399 Lake Shore Dr,Hewitt,Passaic,Passaic-FF,1.00,1495.00
2004,Sam's Bar and Grill,2) Draft and Package,15 Greenwood Lake Turnpik,Ringwood,Passaic,Passaic-FF,1.00,8571.86
2005,Arta Trattoria (P),2) Draft and Package,1131 Greenwood Lake Turnp,Ringwood,Passaic,Passaic-FF,1.00,158.00
2009,Frungillo Caterers,3) Package Only,7 Morris Road,Ringwood,Passaic,Passaic-FF,1.00,145.00
2010,Skyline Lakes Prop Owners,2) Draft and Package,103 Skyline Lakes Dr,Ringwood,Passaic,Passaic-FF,1.00,64.00
3002,The Celtic Knot,2) Draft and Package,72 Haskell Ave,Haskell,Passaic,Passaic-FF,1.00,4151.09
3007,Kitchen & Beer Bar,2) Draft and Package,1093 Ringwood Ave,Haskell,Passaic,Passaic-FF,1.00,71.00
3011,Flip's Bar (P),2) Draft and Package,18 Railroad Ave,Wanaque,Passaic,Passaic-FF,1.00,1018.00
3012,Tree Tavern (A),3) Package Only,17 Park St,Wanaque,Passaic,Passaic-FF,1.00,89.00
3014,Il Palazzo (Z),3) Package Only,600 Ringwood Ave,Wanaque,Passaic,Passaic-FF,1.00,75.00
3018,La Catrina,2) Draft and Package,548 Ringwood Ave,Wanaque,Passaic,Sales,1.00,23.00
4003,Cinco De Mayo (Z),3) Package Only,125 Hamburg Turnpike,Bloomingdale,Passaic,Passaic,1.00,133.90
4004,The River Of Beer,2) Draft and Package,133 Main St,Bloomingdale,Passaic,Passaic,1.00,434.00
4007,Karls Stumble Inn,2) Draft and Package,231 Hamburg Turnpike,Bloomingdale,Passaic,Passaic,1.00,718.00
4008,Lina's Ristorante,3) Package Only,49 Main Street,Bloomingdale,Passaic,Passaic,1.00,1.00
4011,Bloomingdale Fire Dept,3) Package Only,97 Hamburg Tpke,Bloomingdale,Passaic,Passaic,1.00,143.00
5002,100 Proof Bar & Bites,2) Draft and Package,227 Main Street,Butler,Morris,Morris 3,1.00,158.00
5003,Applebee's (A)Butler,2) Draft and Package,1200 NJ-23,Butler,Morris,Morris 3,1.00,202.00
5004,Outback,2) Draft and Package,1538 NJ-23,Butler,Morris,Morris 3,1.00,105.00
5008,Celtic Crossings,2) Draft and Package,1248 NJ-23,Butler,Morris,Morris 3,1.00,718.00
5009,K Of C Pequannock Valley,3) Package Only,65 Hamburg Turnpike,Butler,Morris,Morris 3,1.00,139.00
5012,Butler Fire Department(P),2) Draft and Package,26 28 Carey Ave,Butler,Morris,Morris 3,1.00,4.00
5016,Vfw Butler,3) Package Only,69 Carey Avenue,Butler,Morris,Morris 3,1.00,131.00
6001,Cafe' Chameleon,2) Draft and Package,60 Main St,Bloomingdale,Passaic,Passaic,1.00,291.00
6003,Cypress,2) Draft and Package,174 Kinnelon Road,Kinnelon,Morris,Morris 3,1.00,95.00
6005,Smoke Rise Club (P),2) Draft and Package,9 Perimeter Road,Kinnelon,Morris,Morris 3,1.00,71.00
7003,Blu Ale House,2) Draft and Package,92 NJ-23,Riverdale,Morris,Morris 3,1.00,572.00
7005,Chili's (Riverdale),2) Draft and Package,58 NJ-23,Riverdale,Morris,Morris 3,1.00,160.00
8004,The Side Door (P),2) Draft and Package,33 Colfax Ave,Pompton Lakes,Passaic,Passaic,1.00,922.00
8006,pompton crafthouse,2) Draft and Package,23 Wanaque Ave,Pompton Lakes,Passaic,Passaic-FF,1.00,253.00
8013,Vfw 2906 Pompt. Lks.(Z),2) Draft and Package,260 Wanaque Avenue,Pompton Lakes,Passaic,Passaic,1.00,151.00
8014,Macks American Bar/Grill,2) Draft and Package,300 Wanaque Ave,Pompton Lakes,Passaic,Passaic,1.00,211.00
8015,Thatcher Mc Ghees (A),2) Draft and Package,6 Wanaque Ave,Pompton Lakes,Passaic,Passaic-FF,1.00,1667.00
8016,Elks Pompton Lakes,3) Package Only,1 Perrin Avenue,Pompton Lakes,Passaic,Passaic,1.00,82.00
9001,Pompton Queen (P),3) Package Only,710 NJ-23,Pompton Plains,Morris,Morris 3,1.00,167.00
9002,Tavern 5_2,2) Draft and Package,710 Newark Pompton Turnpi,Pompton Plains,Morris,Morris 3,1.00,253.00
9005,The Legacy Castle,3) Package Only,141 NJ-23,Pompton Plains,Morris,Morris 3,1.00,225.00
9007,American Lgn Pompton Plains,2) Draft and Package,700 Newark Pompton Turnp,Pompton Plains,Morris,Morris 3,1.00,22.00
9009,Cedar Crest Village(607),2) Draft and Package,1 Cedar Crest Drive,Pompton Plains,Morris,Morris 3,1.00,88.00
10001,cherry's,2) Draft and Package,23 NJ-23,Pequannock,Morris,Morris 3,1.00,248.00
10002,American Lgn Pequannock 450,2) Draft and Package,11 Oak Ave,Pequannock,Morris,Morris 3,1.00,130.00
10007,Bardis (P),2) Draft and Package,149 Newark Pompton Tpke,Pequannock,Morris,Morris 3,1.00,8066.65
10010,Sunset Valley G C (A),3) Package Only,47 W Sunset Road,Pompton Plains,Morris,Morris 3,1.00,323.00
11004,Arca,2) Draft and Package,211 Main St,Lincoln Park,Morris,Morris 3,1.00,153.00
11007,Meadows Golf Club(P),2) Draft and Package,79 2 Bridges Rd,Lincoln Park,Morris,Morris 3,1.00,441.00
11011,Sunset Pub & Grill(Z),2) Draft and Package,425 Beaverbrook Rd,Lincoln Park,Morris,Morris 3,1.00,665.00
11012,American Lg 279 Lincoln Park,3) Package Only,133 Main Street,Lincoln Park,Morris,Morris 3,1.00,105.00
12001,T Bowl Tavern (Z),2) Draft and Package,300 Preakness Shop Ctr,Wayne,Passaic,Passaic,1.00,283.00
12003,Whole Foods Market (Wayne),2) Draft and Package,580 Valley Road,Wayne,Passaic,Passaic,1.00,255.00
12006,Novelli (P),3) Package Only,2410 Hamburg Turnpike,Wayne,Passaic,Passaic,1.00,399.00
12008,North Jersey C C,2) Draft and Package,594 Hamburg Turnpike,Wayne,Passaic,Passaic,1.00,155.00
12010,Fogo de Chao (Wayne),2) Draft and Package,1400 Willowbrook Mall,Wayne,Passaic,Sales,1.00,60.00
12012,Cosmopolitan,2) Draft and Package,1377 NJ-23,Wayne,Passaic,Passaic,1.00,515.00
12013,Jalapenos Mexican Grill,3) Package Only,142 Ryerson Ave.,Wayne,Passaic,Passaic,1.00,2205.20
12014,Olive Garden (A) Wayne,2) Draft and Package,83 Route 23 South,Wayne,Passaic,Passaic,1.00,88.00
12015,Izumi Hibachi Steak House,3) Package Only,517 NJ-23,Wayne,Passaic,Passaic,1.00,163.00
12018,KRIOS Prime,2) Draft and Package,344 French Hill Road,Wayne,Passaic,Passaic,1.00,63.00
12019,In The Crease (P),2) Draft and Package,10 Nevins Road,Wayne,Passaic,Passaic,1.00,143.00
12020,Lakeside Drive Tavern,2) Draft and Package,56 Lake Drive West,Wayne,Passaic,Passaic,1.00,170.00
12022,Grasshopper Too (A),2) Draft and Package,26 Erie Ave,Wayne,Passaic,Passaic,1.00,779.00
12023,The Village Inn,2) Draft and Package,422 Runnymede Drive,Wayne,Passaic,Passaic,1.00,312.00
12024,Park Wayne Diner,3) Package Only,721 Hamburg Turnpike,Wayne,Passaic,Passaic,1.00,24.00
12025,Vila Verde (P) Rest.,3) Package Only,120 Terhune Dr,Wayne,Passaic,Passaic,1.00,70.00
12026,WAYNE ALE HOUSE & PIZZA,2) Draft and Package,611 Ratzer Road,Wayne,Passaic,Passaic,1.00,900.00
12031,Double Ai Asian Bistro,2) Draft and Package,107 Terhune Dr,Wayne,Passaic,Sales,1.00,152.00
12032,Casa Don Manuel,3) Package Only,1292 Alps Rd,Wayne,Passaic,Passaic,1.00,505.00
12034,"Dave & Buster's Nj, Inc",2) Draft and Package,310 Willowbrook Mall,Wayne,Passaic,Passaic,1.00,654.00
12035,Preakness Hills (A) cc,2) Draft and Package,1050 Ratzer Road,Wayne,Passaic,Passaic,1.00,183.00
12036,Brokedown Palace,2) Draft and Package,95 Mountainview Blvd,Wayne,Passaic,Passaic,1.00,354.00
12037,Maggies Town Tavern Ii,2) Draft and Package,1082 Hamburg Turnpike,Wayne,Passaic,Passaic,1.00,360.00
12038,Tommy's Tavern + Tap (Wayne),2) Draft and Package,71 NJ-23,Wayne,Passaic,Passaic,1.00,427.00
12040,NYX,2) Draft and Package,24 Galesi Drive,Wayne,Passaic,Passaic,1.00,0.00
12041,Cheesecake Fact (A)Wayne,2) Draft and Package,1700 Willowbrook Mall,Wayne,Passaic,Passaic,1.00,300.00
12042,Exotic Indian Cuisine,3) Package Only,24 Rt 46 East,Wayne,Passaic,Passaic,1.00,10.00
12043,Outback Stkhse(P)Wayne,2) Draft and Package,189 Berdan Avenue,Wayne,Passaic,Passaic,1.00,169.00
12046,Packanack Lake Comm Asso,3) Package Only,52 Lake Drive West,Wayne,Passaic,Passaic,1.00,23.00
12047,American Lgn 174 Wayne,2) Draft and Package,55 Mountain View Blvd,Wayne,Passaic,Passaic,1.00,254.00
12048,Anthonys CF Pizza (Wayne),2) Draft and Package,1600 NJ-23,Wayne,Passaic,Passaic,1.00,138.00
12049,Aramark Educational Services@WPU,2) Draft and Package,300 Pompton Road,Wayne,Passaic,Passaic,1.00,14.00
12051,Packanack Golf (P),2) Draft and Package,7 Osborne Terrace,Wayne,Passaic,Passaic,1.00,238.00
12054,Red Lobster 225 Wayne,2) Draft and Package,520 Us-46,Wayne,Passaic,Passaic,1.00,82.00
12056,PF Changs China Bistro (Wayne),2) Draft and Package,1900 Willowbrook Blvd,Wayne,Passaic,Passaic,1.00,110.00
12057,YARD HOUSE 8384,2) Draft and Package,320 WILLOWBROOK MALL,Wayne,Passaic,Sales,1.00,691.00
12058,Sports Friends Soccer (A),3) Package Only,1 Ryerson Ave,Wayne,Passaic,Passaic,1.00,184.00
12061,Raeya's,2) Draft and Package,37 Berdan Ave,Wayne,Passaic,Passaic,1.00,35.00
12064,In The Drink@Passaic Gc,2) Draft and Package,209 Totowa Rd,Wayne,Passaic,Passaic,1.00,548.00
12065,"Buffalo Wild Wings - Wayne, NJ",2) Draft and Package,1400 Willowbrook Mall,Wayne,Passaic,Passaic,1.00,141.00
12066,Residence Inn,3) Package Only,30 Nevins Rd,Wayne,Passaic,Passaic,1.00,22.00
12067,Hilton Garden Inn wayne,2) Draft and Package,15 Nevins Rd,Wayne,Passaic,Passaic,1.00,93.00
12068,Courtyard by Marriott Wayne Fairfield,2) Draft and Package,263 US-46,Wayne,Passaic,Passaic,1.00,95.00
13002,The Little Falls Tavern,2) Draft and Package,131 Newark Pompton Turnpike,Little Falls,Passaic,Passaic,1.00,447.00
13003,Maggie's Town Tav.(P),2) Draft and Package,10 Van Ness Ave,Little Falls,Passaic,Passaic,1.00,579.00
13005,Sear,3) Package Only,1 Route 23 South,Little Falls,Passaic,Passaic,1.00,149.00
13007,American Lgn 108 (Z) Little Falls,3) Package Only,591 Main St,Little Falls,Passaic,Passaic,1.00,87.00
13013,Amer Lgn L Falls (Z),3) Package Only,55 Van Ness Ave,Little Falls,Passaic,Passaic,1.00,113.00
13014,Park West Diner,3) Package Only,1400 Rt 46 W.,Little Falls,Passaic,Sales,1.00,34.00
13015,Rare The Steakhouse (Z),2) Draft and Package,440 Main Street,Little Falls,Passaic,Passaic,1.00,425.00
13016,THE TIES,2) Draft and Package,4 Woodhull Ave,Little Falls,Passaic,Sales,1.00,392.00
13018,Chili's Little Falls,2) Draft and Package,1165 Rte 46 East,Little Falls,Passaic,Passaic,1.00,196.00
14002,Applebee's (Totowa) (A),2) Draft and Package,465 Rt 46 West,Totowa,Passaic,Passaic,1.00,387.00
14003,Murph's Bar & Liquor,2) Draft and Package,375 Union Blvd,Totowa,Passaic,Passaic,1.00,1690.00
14004,Sushi Lounge,2) Draft and Package,235 Us-46,Totowa,Passaic,Passaic,1.00,160.00
14005,The Grand,3) Package Only,38 Lackwanna Av,Totowa,Passaic,Passaic,1.00,423.00
14006,46 Lounge (P),3) Package Only,300 Us-46,Totowa,Passaic,Passaic,1.00,5133.80
14008,The Barnyard and Carriage House,2) Draft and Package,754 Totowa Road,Totowa,Passaic,Passaic,1.00,313.00
14010,Uncorked (P),3) Package Only,650 Union Blvd,Totowa,Passaic,Passaic,1.00,313.00
14013,Elks Post 2111 (A),2) Draft and Package,1 Fellner Place,Totowa,Passaic,Passaic,1.00,112.00
14016,JINYA Ramen Bar,2) Draft and Package,465 Rt 46 West,Totowa,Passaic,Passaic,1.00,56.00
14017,The Chariot,3) Package Only,555 Preakness Ave,Totowa,Passaic,Passaic,1.00,1038.10
15004,Blackjack Mulligan's Public House,2) Draft and Package,1145 Mcbride Ave,Woodland Park,Passaic,Passaic,1.00,1129.85
15006,Great Notch Inn(Z),2) Draft and Package,400 Us 46 West,Little Falls,Passaic,Passaic,1.00,327.00
15008,Westmount Country Club,2) Draft and Package,728 Rifle Camp Road,Woodland Park,Passaic,Passaic,1.00,307.00
15018,Diana's Bar (Z),3) Package Only,235 Grand St,Paterson,Passaic,Passaic,1.00,1840.00
15036,River Terrace Inn(P),3) Package Only,36 Totowa Ave,Paterson,Passaic,Passaic,1.00,681.00
15045,Bacchus Sport Bar & Grill,3) Package Only,176 Union Ave,Paterson,Passaic,Passaic,1.00,1019.00
15046,Romo Restaurant,3) Package Only,177 3rd Ave,Paterson,Passaic,Passaic,1.00,687.00
15048,D'carbon Restaurant,3) Package Only,491 Mcbride Ave,West Paterson,Passaic,Passaic,1.00,154.00
15049,Francesco's In The Park,2) Draft and Package,568 Mc Bride Ave,Woodland Park,Passaic,Passaic,1.00,64.00
15053,Wrights Tavern(Z),3) Package Only,80 Montgomery St,Paterson,Passaic,Passaic,1.00,1310.00
15054,Blue Palace (A),3) Package Only,4 North Bridge Street,Paterson,Passaic,Passaic,1.00,39.00
15062,Ragtime Gentlemen's Club,3) Package Only,821 Mcbride Avenue,Woodland Park,Passaic,Passaic,1.00,23.00
15067,Naxos Estiatorio,2) Draft and Package,1738 Rt 46 W,Woodland Park,Passaic,Passaic,1.00,304.00
15069,Mexico Bar & Grill,3) Package Only,246 Mcbride Ave,Paterson,Passaic,Passaic,1.00,2241.60
15070,Brownstone House,2) Draft and Package,351 W Broadway,Paterson,Passaic,Passaic,1.00,246.00
15074,Bask 46,2) Draft and Package,1530 Rt 46 West,Woodland Park,Passaic,Passaic,1.00,637.00
15077,E & V (A) Restaurant,3) Package Only,320 Chamberlain Ave,Paterson,Passaic,Passaic,1.00,50.00
15079,American Lgn Totowa,2) Draft and Package,180 Union Blvd,Totowa,Passaic,Passaic,1.00,395.00
15081,Evolution Restaurant & Bar,2) Draft and Package,279 W Browertown Rd,Woodland Park,Passaic,Passaic,1.00,2758.70
15085,Reign,2) Draft and Package,138 Belmont Ave,Paterson,Passaic,Passaic,1.00,500.00
17001,Underdog Lounge(P),2) Draft and Package,4 Church Street,Haledon,Passaic,Passaic,1.00,209.00
17003,D'CARBON BAR AND GRILL haledon,2) Draft and Package,529 Belmont Ave,Haledon,Passaic,Passaic,1.00,214.00
17006,The Yard,2) Draft and Package,289 Belmont Ave,Haledon,Passaic,Passaic,1.00,389.00
17009,Jimmy Geez (P),2) Draft and Package,436 Belmont Ave,Haledon,Passaic,Passaic,1.00,485.00
17013,Joe's pub,2) Draft and Package,383 Belmont Ave,Haledon,Passaic,Sales,1.00,1290.30
17015,Haledon Fire Dept(A),2) Draft and Package,522 W Broadway,Haledon,Passaic,Passaic,1.00,8.00
17017,Veterans Club (Z),3) Package Only,417 Roe Street,Haledon,Passaic,Passaic,1.00,134.00
17019,La Neves (P),2) Draft and Package,276 Belmont Ave,Haledon,Passaic,Passaic,1.00,109.00
18002,Cinco De Mayo,3) Package Only,371 High Mt Road,North Haledon,Passaic,Passaic,1.00,99.00
18005,Giuseppe (P) Rest.,2) Draft and Package,5 Sicomac Road,North Haledon,Passaic,Passaic,1.00,6.00
18007,The Tides,3) Package Only,1245 Belmont Ave,North Haledon,Passaic,Passaic,1.00,187.00
18008,Papa Joe's (Z),2) Draft and Package,778 Belmont Ave,North Haledon,Passaic,Passaic,1.00,6.00
19002,Puzo's Pizza,2) Draft and Package,4 Garfield Ave,Hawthorne,Passaic,Passaic,1.00,78.00
19004,Shortways' Barn (A),2) Draft and Package,991 Goffle Road,Hawthorne,Passaic,Passaic,1.00,1339.00
19005,Celtic Corner,2) Draft and Package,312 Lafayette Ave,Hawthorne,Passaic,Passaic,1.00,475.00
19006,Blackjack Mulligans (Hawthorne),2) Draft and Package,237 Diamond Bridge Ave,Hawthorne,Passaic,Passaic,1.00,1025.00
19011,Las Maravillas Restaurant,2) Draft and Package,410 Wagaraw Road,Hawthorne,Passaic,Passaic,1.00,309.00
19012,Bottagra Rest (P),2) Draft and Package,80 Wagaraw Road,Hawthorne,Passaic,Passaic,1.00,363.00
19014,Macaluso's (P),2) Draft and Package,55 4th Ave,Hawthorne,Passaic,Passaic,1.00,151.00
19016,Jiggle's,3) Package Only,105 Mohawk Ave,Hawthorne,Passaic,Passaic,1.00,480.00
19021,The Front Porch (Z),2) Draft and Package,217 Wagaraw Road,Hawthorne,Passaic,Passaic,1.00,180.00
19025,Riverside Veteran,2) Draft and Package,123 Royal Avenue,Hawthorne,Passaic,Passaic,1.00,20.00
19028,D'Carbon Restaurant Hawthorne,2) Draft and Package,142 Goffle Road,Hawthorne,Passaic,Sales,1.00,509.00
20004,Bocaditos Bistro,3) Package Only,710 Madison Ave,Paterson,Passaic,Passaic,1.00,920.00
20010,Riverside Grill(D'carbon),3) Package Only,855 River Street,Paterson,Passaic,Passaic,1.00,428.00
20028,Integrity Masonic,3) Package Only,224 Broadway,Paterson,Passaic,Passaic,1.00,2124.50
20038,Patsy's (A) Tavern,2) Draft and Package,72 7th Ave,Paterson,Passaic,Passaic,1.00,88.00
20046,Circle Cafe (A),3) Package Only,144 Washington St,Paterson,Passaic,Passaic,1.00,3060.00
20048,Downtown Cafe (P),3) Package Only,29 Church St,Paterson,Passaic,Passaic,1.00,320.00
20055,Paruta's (A),2) Draft and Package,89 Market St,Paterson,Passaic,Passaic,1.00,6747.00
20058,Krystal Bar(P) & Liqs.,3) Package Only,123 Highland St,Paterson,Passaic,Passaic,1.00,5394.00
20061,Seguidilla 56 Lounge & Liquors,3) Package Only,227 Park Ave,Paterson,Passaic,Passaic,1.00,11576.00
20075,Griselda Rest.(A),3) Package Only,81 Market Street,Paterson,Passaic,Passaic,1.00,90.00
20081,Hacienda (P),2) Draft and Package,102 Mclean Blvd,Paterson,Passaic,Passaic,1.00,371.00
20089,Carlitto's Bar(P),3) Package Only,402 Main Street,Paterson,Passaic,Passaic,1.00,2766.15
20090,D'classico (P),3) Package Only,58 Ellison St,Paterson,Passaic,Passaic,1.00,2308.10
20100,Serie 92 Bar & Liquor,2) Draft and Package,21 West Broadway,Paterson,Passaic,Sales,1.00,916.00
20102,La Fiesta,3) Package Only,50 Cianci St,Paterson,Passaic,Passaic,1.00,3824.25
20103,Moonlight (P) Lounge,3) Package Only,100 Market St,Paterson,Passaic,Passaic,1.00,363.00
20104,Roses Bar & Liquors,2) Draft and Package,102 Market Street,Paterson,Passaic,Passaic,1.00,1501.00
20108,5th Avenue (P) Tavern,3) Package Only,138 5th Ave,Paterson,Passaic,Passaic,1.00,395.00
20110,The Cathedral Restaurant,3) Package Only,378 Main St,Paterson,Passaic,Passaic,1.00,648.00
20125,El Escondite Bar and Restaurant,2) Draft and Package,243 21st Ave,Paterson,Passaic,Sales,1.00,2313.00
20127,Brothers A&C Pizza (P),3) Package Only,343 21st Avenue,Paterson,Passaic,Passaic,1.00,1159.00
20130,412 Lounge & Latin Bar,2) Draft and Package,410-412 Main St,Paterson,Passaic,Sales,1.00,1999.00
20131,El Fogon Rest,3) Package Only,475 Union Avenue,Paterson,Passaic,Passaic,1.00,3301.00
21005,La Fuente Bar (A),3) Package Only,43 Ellison Street,Paterson,Passaic,Passaic,1.00,461.00
21012,Elks Ldge 333 (Z) Pater.,3) Package Only,272 Ellison St,Paterson,Passaic,Passaic,1.00,1489.40
21014,Ranchito Mi Peru,3) Package Only,487 21st Ave,Paterson,Passaic,Passaic,1.00,8664.94
21020,Rincon Criollo Restaurant,3) Package Only,715 E 18th Street,Paterson,Passaic,Passaic,1.00,10.00
21022,Costa Marina Lounge(A),3) Package Only,182 Market St.,Paterson,Passaic,Passaic,1.00,3257.50
21030,Bonfire Mofongo House (P),3) Package Only,999 Market St,Paterson,Passaic,Passaic,1.00,1207.00
21038,Freddie's Dugout,3) Package Only,16 3rd Ave,Paterson,Passaic,Passaic,1.00,19926.22
21042,Marcet Cafe,3) Package Only,1011 Market St,Paterson,Passaic,Passaic,1.00,263.00
21043,Duffy's Tavern (Z),2) Draft and Package,856 River Street,Paterson,Passaic,Passaic,1.00,18123.55
22001,Lena Y Carbon Restaurant,3) Package Only,201 Market St,Paterson,Passaic,Passaic,1.00,807.00
22004,Neighbors,2) Draft and Package,329 Trenton Avenue,Paterson,Passaic,Passaic,1.00,1029.00
22009,Paterson Fire Dept,2) Draft and Package,226 Walnut Street,Paterson,Passaic,Passaic,1.00,35.00
22013,Hi-Beams (P),3) Package Only,182 Getty Ave,Paterson,Passaic,Passaic,1.00,599.00
22016,Johnny A's (P) Hitchn Pos,2) Draft and Package,95 Barclay Street,Paterson,Passaic,Passaic,1.00,2077.00
22019,Noches De Colombia (Paterson),3) Package Only,365 21st Avenue,Paterson,Passaic,Passaic,1.00,303.00
22021,Super Korona (Z) Bar,3) Package Only,991 Madison Ave,Paterson,Passaic,Passaic,1.00,10128.30
22025,Dulce Patria,2) Draft and Package,913 Main St,Paterson,Passaic,Passaic,1.00,54.00
22031,Roxxie's (P),3) Package Only,324 E Railway Ave,Paterson,Passaic,Passaic,1.00,1101.00
22036,Tease (P),3) Package Only,168 Getty Avenue,Paterson,Passaic,Passaic,1.00,40.00
22044,Los Cristales (Z),3) Package Only,409 21st Ave,Paterson,Passaic,Passaic,1.00,3058.00
22053,Rincon Centroamericano,3) Package Only,197 Market St,Paterson,Passaic,Passaic,1.00,376.00
22065,Mambo Lounge (P),3) Package Only,62-64 Dover St,Paterson,Passaic,Passaic,1.00,1818.00
23001,Bogey's Sport Bar,2) Draft and Package,103 Valley Road,Clifton,Passaic,Passaic,1.00,575.00
23012,Moose Lodge (Z),2) Draft and Package,1268 Main Ave,Clifton,Passaic,Passaic,1.00,170.00
23013,Vfw 7165 (P),2) Draft and Package,491 Valley Rd,Clifton,Passaic,Passaic,1.00,215.00
23015,Disabled Amvets (P),2) Draft and Package,315 Hazel St,Clifton,Passaic,Passaic,1.00,37.00
23020,Clifton City Tavern(P),3) Package Only,709 Van Houten Avenue,Clifton,Passaic,Passaic,1.00,395.00
24006,The Grand Saloon,3) Package Only,940 Van Houten Ave,Clifton,Passaic,Passaic,1.00,157.00
24018,Agave Cantina Mexicana,3) Package Only,421 Piaget Ave,Clifton,Passaic,Passaic,1.00,277.00
24019,Sharky's Wings(P),2) Draft and Package,545 Highland Ave,Clifton,Passaic,Passaic,1.00,1165.00
24022,Applebee's Clifton,2) Draft and Package,375 Rte 3 E,Clifton,Passaic,Passaic,1.00,478.00
24025,The Clif (P),2) Draft and Package,605 Clifton Ave,Clifton,Passaic,Passaic,1.00,1091.00
24026,Rock Bar,2) Draft and Package,414 Main Ave,Clifton,Passaic,Passaic,1.00,1651.00
24027,Mario's Rest,2) Draft and Package,710 Van Houten Ave,Clifton,Passaic,Passaic,1.00,68.00
24029,Dingo's Den (P),2) Draft and Package,615 Van Houten Ave,Clifton,Passaic,Passaic,1.00,1731.00
24030,El Mexicano Rest (P),3) Package Only,1293 Main Ave,Clifton,Passaic,Passaic,1.00,122.00
24031,Tommy's Tavern & Tap (Clifton),2) Draft and Package,826 Route 3 Clifton Nj,Clifton,Passaic,Passaic,1.00,908.00
24032,El Dorado Rest (Z),3) Package Only,255 Parker Ave,Clifton,Passaic,Passaic,1.00,298.00
24034,La Fortaleza (Clifton),3) Package Only,590 Lexington Ave,Clifton,Passaic,Passaic,1.00,494.00
24036,Elks Post (Z) #1569,3) Package Only,775 Clifton Ave,Clifton,Passaic,Passaic,1.00,20.00
24038,J. Alexander's Restaurant,2) Draft and Package,405 Allwood Road,Clifton,Passaic,Passaic,1.00,234.00
24039,Veterans Post (9),2) Draft and Package,147 Huron Ave,Clifton,Passaic,Passaic,1.00,228.00
24042,Made in Miami Bar Bistro,2) Draft and Package,39 Harding Ave,Clifton,Passaic,Passaic,1.00,72.00
24043,Valley Regency,3) Package Only,1129 Valley Road,Clifton,Passaic,Passaic,1.00,262.00
24045,Red Robin Gourmet Burger (Clifton),2) Draft and Package,265 Rt 3 East,Clifton,Passaic,Passaic,1.00,3.00
24048,Dante's,2) Draft and Package,955 Valley Rd,Clifton,Passaic,Passaic,1.00,206.00
24049,Hornitos Bakery,2) Draft and Package,1094 Main Ave.,Clifton,Passaic,Sales,1.00,42.00
24051,La Bonita,2) Draft and Package,394 Lexington Ave.,Clifton,Passaic,Sales,1.00,13889.39
24054,Upper Montclair Cc (A),2) Draft and Package,177 Hepburn Rd,Clifton,Passaic,Passaic,1.00,336.00
24056,Jaime's (A),3) Package Only,915 Bloomfield Ave,Clifton,Passaic,Passaic,1.00,255.00
24057,Mighty Quinns Bbq,2) Draft and Package,850 Rte 3 West (Ste 115),Clifton,Passaic,Passaic,1.00,43.00
24060,Clifton Billiards (Z),2) Draft and Package,1158 Main Ave,Clifton,Passaic,Passaic,1.00,613.00
24061,Breaker Billiards,2) Draft and Package,1142 US-46,Clifton,Passaic,Passaic,1.00,540.00
24063,Noches De Colombia (Clifton),3) Package Only,1 Village Square,Clifton,Passaic,Passaic,1.00,629.00
25004,Matthews Italian Rest,3) Package Only,1131 Bloomfield Avenue,Clifton,Passaic,Passaic,1.00,87.00
25009,Spuntino Wine Bar/Italian,2) Draft and Package,70 Kingsland Rd,Clifton,Passaic,Passaic,1.00,177.00
25011,Kashan Indian Kitchen & Ber,2) Draft and Package,50 Market St,Clifton,Passaic,Passaic,1.00,29.00
25018,Tick-Tock Diner (A),2) Draft and Package,281 Alwood Rd,Clifton,Passaic,Passaic,1.00,37.00
25027,Sportzone B&G (P),2) Draft and Package,593 Van Houten Ave,Clifton,Passaic,Passaic,1.00,292.00
25036,Dingbatz (P),3) Package Only,620 Van Houten Ave,Clifton,Passaic,Passaic,1.00,631.00
25040,Palenque Bar & Grill(A),3) Package Only,283 Parker Ave,Clifton,Passaic,Passaic,1.00,2624.15
25041,Family Association,2) Draft and Package,282 Parker Ave,Clifton,Passaic,Passaic,1.00,17.00
25043,Ooka Sushi Hibachi,3) Package Only,166 Main Ave,Clifton,Passaic,Sales,1.00,162.00
25046,Jay Aldo's (Z) Bar & Pizz,3) Package Only,40 Highland Ave,Clifton,Passaic,Passaic,1.00,18135.80
25049,Yesterdays (P),2) Draft and Package,70 Main Ave,Clifton,Passaic,Passaic,1.00,704.00
25051,Portuguese Tavern Steak House,2) Draft and Package,507 Crooks Ave,Clifton,Passaic,Passaic,1.00,373.00
25052,Uno Chicago Grl (A)Clifto,2) Draft and Package,426 Rt 3 W.River Frontcnt,Clifton,Passaic,Passaic,1.00,211.00
25053,Lamayoria Bar Restaurant,3) Package Only,110 Ackerman Ave,Clifton,Passaic,Sales,1.00,7604.96
25056,Emerald Corner (Z),2) Draft and Package,12 Oak St,Clifton,Passaic,Passaic,1.00,3124.79
25071,Jaimito's Crtside(Z),3) Package Only,66 Center St,Clifton,Passaic,Passaic,1.00,94.00
25073,Aruba Lounge (P),3) Package Only,240 Dayton Ave,Clifton,Passaic,Passaic,1.00,212.00
25077,Chevy's Fresh Mex (A)Clif,2) Draft and Package,365 Rte 3 East,Clifton,Passaic,Passaic,1.00,341.00
25078,The Shannon Rose (A),2) Draft and Package,98 Kingsland Rd,Clifton,Passaic,Passaic,1.00,376.00
25082,Crab Island Cajun Seafood & Bar,3) Package Only,1016 Main Ave,Clifton,Passaic,Passaic,1.00,307.00
25083,Rutt's Hut (A),2) Draft and Package,417 River Rd,Clifton,Passaic,Passaic,1.00,479.00
25086,Con Sabor A Peru (A),3) Package Only,109 Lakeview Ave,Clifton,Passaic,Passaic,1.00,46.00
25087,Sarina Bar,3) Package Only,108 Center St,Clifton,Passaic,Passaic,1.00,206.00
26003,La Casona Cafe Restaurant Bar,2) Draft and Package,829 Main Ave,Passaic,Passaic,Passaic,1.00,4342.00
26013,Tiny Tijuana,2) Draft and Package,427 Van Houten Ave,Passaic,Passaic,Sales,1.00,2195.00
26020,El Alamo Bar,2) Draft and Package,90 Lexington Ave,Passaic,Passaic,Sales,1.00,1606.00
27001,Fiesta Night Club(P),3) Package Only,115 President St,Passaic,Passaic,Passaic,1.00,3748.00
27009,La Rancherita,3) Package Only,22 Jackson St,Passaic,Passaic,Passaic,1.00,5457.98
27015,Dona Maria Rest,3) Package Only,32 Bergen St,Passaic,Passaic,Passaic,1.00,448.00
27018,Cantina Bar,3) Package Only,165 Passaic St,Passaic,Passaic,Passaic,1.00,300.00
27027,Shamrock B&G (P),2) Draft and Package,13 Hoover Ave,Passaic,Passaic,Passaic,1.00,259.00
27035,Platinum Dollz,2) Draft and Package,426 Van Houten Ave.,Passaic,Passaic,Sales,1.00,289.00
27039,Venus Bar & Restaurant,3) Package Only,68 Central Ave,Passaic,Passaic,Passaic,1.00,255.00
27044,Clary's Restaurant & Bar,3) Package Only,196 Monroe St,Passaic,Passaic,Passaic,1.00,538.00
27050,Grand Rodeo Night Club(Z),3) Package Only,182 Third St,Passaic,Passaic,Passaic,1.00,1394.00
27051,Factory 220,3) Package Only,220 Passaic St,Passaic,Passaic,Passaic,1.00,228.00
27053,Rumba Bar,3) Package Only,234 Monroe St.,Passaic,Passaic,Passaic,1.00,93.00
27055,Don Lalo Restaurant,3) Package Only,879 Main Ave,Passaic,Passaic,Passaic,1.00,188.00
27067,Ukranian (Z) Center,2) Draft and Package,240 Hope Ave,Passaic,Passaic,Passaic,1.00,42.00
27070,Saritas Mexican Rest(A),3) Package Only,82 President Street,Passaic,Passaic,Passaic,1.00,2000.00
27073,Noches De Colombia (Passaic),3) Package Only,210 Madison St,Passaic,Passaic,Passaic,1.00,267.00
27076,El Asadero Mexican Grill (Passaic),3) Package Only,305 Passaic St,Passaic,Passaic,Passaic,1.00,27775.54
27077,Mojito Bar,3) Package Only,159 Market St,Passaic,Passaic,Passaic,1.00,24763.00
27085,Cazadores Bar (Z) LLC,3) Package Only,246 3rd St,Passaic,Passaic,Passaic,1.00,1132.00
27093,Galleria,2) Draft and Package,581-583 Main Ave,Passaic,Passaic,Sales,1.00,921.75
27094,El Anochecer,3) Package Only,154 Passaic St,Passaic,Passaic,Passaic,1.00,3678.00
27095,Club Sq (A),3) Package Only,40 3rd St,Passaic,Passaic,Passaic,1.00,2798.00
27099,Mama Sushi Rest & Lounge,3) Package Only,663 Main Ave,Passaic,Passaic,Passaic,1.00,246.00
27100,Buenaaazo,2) Draft and Package,87 Broadway,Passaic,Passaic,Sales,1.00,34.00
27102,Fragancia Sports Bar,3) Package Only,161 8th St,Passaic,Passaic,Passaic,1.00,16562.11
27106,La Posada,3) Package Only,334 Monroe St.,Passaic,Passaic,Sales,1.00,3246.11
27108,Los Arcos (P) Rest.,3) Package Only,305 Monroe St,Passaic,Passaic,Passaic,1.00,525.00
27110,El Camaron Mazatleco,2) Draft and Package,166 Market St,Passaic,Passaic,Sales,1.00,213.00
27111,Davids' Place (P),3) Package Only,361 Monroe St,Passaic,Passaic,Passaic,1.00,628.00
27118,Arepa Express,2) Draft and Package,23-27 Lexington Ave,Passaic,Passaic,Sales,1.00,1328.00
27119,El Chever (P),3) Package Only,228 Washington Pl,Passaic,Passaic,Passaic,1.00,23.00
27142,Lena y Carbon Restaurant & Bar (Passaic),2) Draft and Package,64 Lexington Ave,Passaic,Passaic,Sales,1.00,348.00
27144,La Fortaleza (Passaic),3) Package Only,32 Market St,Passaic,Passaic,Passaic,1.00,3841.00
27145,LOTUS,2) Draft and Package,822 Main Ave,Passaic,Passaic,Passaic,1.00,263.00
27146,Foxes Place,3) Package Only,201 Parker Ave,Passaic,Passaic,Passaic,1.00,23315.23
28003,Ktb Coffee Shop & Lounge,3) Package Only,323 Ridge Rd,North Arlington,Bergen,Bergen,1.00,11.00
28008,Tavern On Ridge,2) Draft and Package,14 Ridge Road,North Arlington,Bergen,Sales,1.00,860.00
28009,1 Republik,2) Draft and Package,26 Ridge Rd,North Arlington,Bergen,Bergen,1.00,657.42
28013,Penelope's Pizzeria & Sports Bar,2) Draft and Package,25 Schuyler Ave,North Arlington,Bergen,Bergen,1.00,14.00
28015,K Of C N Arlington (Z),3) Package Only,194 River Rd,North Arlington,Bergen,Bergen,1.00,322.00
28016,Inka Flames,3) Package Only,11-35 River Rd,North Arlington,Bergen,Bergen,1.00,116.00
28017,Lassoni Ristorante(P),3) Package Only,602 Ridge Rd,North Arlington,Bergen,Bergen,1.00,195.00
28019,Turf and Barrel,2) Draft and Package,584 Ridge Rd,North Arlington,Bergen,Bergen,1.00,16665.08
28020,Tejo Bar & Rest,2) Draft and Package,318 Belleville Tpke,North Arlington,Bergen,Bergen,1.00,387.00
28021,Brazilian Spices Steakhouse & Pizza,2) Draft and Package,440 Ridge Road,North Arlington,Bergen,Sales,1.00,39.00
28024,N Arlington Bowl O Drome,2) Draft and Package,200 Schuyler Ave,North Arlington,Bergen,Bergen,1.00,289.00
28025,Arlington Diner (A),3) Package Only,1 River Road,North Arlington,Bergen,Bergen,1.00,32.00
28026,Elks Post 1992 (Z),3) Package Only,129 Ridge Rd,North Arlington,Bergen,Bergen,1.00,469.00
28027,Roma Rest. (P),2) Draft and Package,33 Crystal St,North Arlington,Bergen,Bergen,1.00,136.00
28030,Carlitos,2) Draft and Package,185 River Rd,North Arlington,Bergen,Sales,1.00,86.00
28031,Shawn's Crazy Saloon,2) Draft and Package,350 Belleville Turnpike,North Arlington,Hudson,Bergen,1.00,5904.17
28033,Homewood Suites By Hilton,3) Package Only,125 Rt.17 South,East Rutherford,Bergen,Bergen,1.00,58.00
29014,Bar 503,2) Draft and Package,503 Valley Brook Ave,Lyndhurst,Bergen,Sales,1.00,70.00
29018,Pietro's Trattoria,3) Package Only,543 Ridge Road,Lyndhurst,Bergen,Bergen,1.00,22.00
29019,Mickey's Bar & Grill (Z),2) Draft and Package,601 Riverside Plaza,Lyndhurst,Bergen,Bergen,1.00,2620.30
29021,Uncle Vinnys Bar & Grill,2) Draft and Package,37 Ridge Road,Lyndhurst,Bergen,Bergen,1.00,573.00
29028,Angelo's Restaurant,3) Package Only,263 Ridge Road,Lyndhurst,Bergen,Bergen,1.00,30.00
29030,City Lounge (P),2) Draft and Package,455 Valley Brook Ave,Lyndhurst,Bergen,Bergen,1.00,113.00
29033,Courtyard Marriott(A),3) Package Only,1 Polito Avenue,Lyndhurst,Bergen,Bergen,1.00,129.00
29035,Marty Gra's (A),2) Draft and Package,601 Schuyler Ave,Lyndhurst,Bergen,Bergen,1.00,989.00
29036,Mr.Bruno's,2) Draft and Package,439 Valley Brook Ave,Lyndhurst,Bergen,Bergen,1.00,90.00
29039,Lee's Hawaiian (P),3) Package Only,768 Stuyvesant Ave,Lyndhurst,Bergen,Bergen,1.00,87.00
29041,Masonic (A) Club,2) Draft and Package,316 Riverside Ave,Lyndhurst,Bergen,Bergen,1.00,48.00
29044,American Lgn Lyndhurst #139,2) Draft and Package,217 Webster Ave,Lyndhurst,Bergen,Bergen,1.00,417.00
29045,Teros Snack Bar,2) Draft and Package,224 Ridge Rd,Lyndhurst,Bergen,Bergen,1.00,65.00
29047,Elks Post (P),2) Draft and Package,251 Park Ave,Lyndhurst,Bergen,Bergen,1.00,24.00
29051,Medieval Times,2) Draft and Package,149 Polito Ave,Lyndhurst,Bergen,Bergen,1.00,669.00
29052,Polish American Club,2) Draft and Package,730 New Jersey Ave,Lyndhurst,Bergen,Bergen,1.00,12.00
29054,San Carlo Restaurant,3) Package Only,620 Stuyvesant Ave,Lyndhurst,Bergen,Bergen,1.00,145.00
29055,Vfw Lyndhurst (P),3) Package Only,527 Valley Brook Ave,Lyndhurst,Bergen,Bergen,1.00,20.00
30002,American Lgn 109 (P) Rutherford,3) Package Only,424 Carmita Ave,Rutherford,Bergen,Bergen,1.00,99.00
30012,Elks Post 547 (A),2) Draft and Package,48 Ames Avenue,Rutherford,Bergen,Bergen,1.00,54.00
30017,Renaissance Meadowlands,3) Package Only,801 Rutherford Ave,Rutherford,Bergen,Bergen,1.00,335.00
30026,Simulcast,2) Draft and Package,1 Racetrack Drive,East Rutherford,Bergen,Bergen,1.00,669.00
30029,Native Union Club,3) Package Only,15 Sylvan St,Rutherford,Bergen,Bergen,1.00,441.00
30030,Sonoma Bistro,2) Draft and Package,59 Park Ave,Rutherford,Bergen,Bergen,1.00,131.00
30031,Paisano's,2) Draft and Package,132 Park Ave,Rutherford,Bergen,Bergen,1.00,60.00
30032,Panebianco Cucina Italiana,2) Draft and Package,88 Park Ave,Rutherford,Bergen,Bergen,1.00,55.00
31006,The Roosevelt,2) Draft and Package,356 Paterson Ave,East Rutherford,Bergen,Bergen,1.00,141.00
31007,Nizi Japanese,3) Package Only,340 Paterson Ave,East Rutherford,Bergen,Bergen,1.00,50.00
31009,Vesta Wood Fired Pizza,2) Draft and Package,64 Hoboken Road,East Rutherford,Bergen,Bergen,1.00,172.00
31011,Blarney Station,2) Draft and Package,258 Park Ave,East Rutherford,Bergen,Bergen,1.00,900.00
31013,Elia Restaurant,2) Draft and Package,240 Hackensack St,East Rutherford,Bergen,Bergen,1.00,211.00
31017,Victory Sports Bar,2) Draft and Package,1 Racetrack Drive,East Rutherford,Bergen,Bergen,1.00,943.00
31020,Chili's B & G E Rutherfor,2) Draft and Package,140 Rte 17 North,East Rutherford,Bergen,Bergen,1.00,213.00
31022,Candlewick,3) Package Only,179 Paterson Ave,East Rutherford,Bergen,Bergen,1.00,67.00
31023,Applebee's Garfield (A),2) Draft and Package,186 Passaic St,Garfield,Bergen,Bergen,1.00,345.00
31024,Castle Billiards (Z),2) Draft and Package,349 Rt 17,East Rutherford,Bergen,Bergen,1.00,693.00
31026,Rockafella's,2) Draft and Package,443 Paterson Aven,East Rutherford,Bergen,Bergen,1.00,611.00
31027,New Park Tav (A),2) Draft and Package,250 Park Ave,East Rutherford,Bergen,Bergen,1.00,1866.00
31028,The Union Bar & Provisions,2) Draft and Package,170 Union Ave,East Rutherford,Bergen,Bergen,1.00,268.00
31029,Annabella's House Of Mozz,2) Draft and Package,900 Paterson Plank Rd,East Rutherford,Bergen,Bergen,1.00,29.00
31030,Al-Di-La' (P),2) Draft and Package,1 Hoboken Rd,East Rutherford,Bergen,Bergen,1.00,79.00
31032,Fiesta Hut (Z),3) Package Only,227 Park Ave,East Rutherford,Bergen,Bergen,1.00,1172.00
31036,Eros Cafe,3) Package Only,168 Union Ave,East Rutherford,Bergen,Bergen,1.00,576.00
31037,Delaware North Met Life Stadium,2) Draft and Package,102 Route 120,East Rutherford,Bergen,Bergen,1.00,8159.00
31039,Yard House 8390,2) Draft and Package,1 American Dream Way,East Rutherford,Bergen,Bergen,1.00,762.00
31042,Residence Inn East Rutherford,3) Package Only,10 Murray Hill Pkway,East Rutherford,Bergen,Bergen,1.00,89.00
31043,House of Que (East Rutherford),2) Draft and Package,1 American Dream Way,East Rutherford,Bergen,Bergen,1.00,646.00
31045,Dream Bar,2) Draft and Package,1 American Dream Way,East Rutherford,Bergen,Bergen,1.00,134.00
31047,Jarana,2) Draft and Package,1 American Dream Way,East Rutherford,Bergen,Bergen,1.00,263.00
31048,Song'E Napule,2) Draft and Package,106 Park Ave,Rutherford,Bergen,Bergen,1.00,72.00
31049,Marcus Live Bar & Grille,2) Draft and Package,1 American Dream Way,East Rutherford,Bergen,Bergen,1.00,253.00
31051,Around The Clock Diner,2) Draft and Package,1 American Dream Way,East Rutherford,Bergen,Bergen,1.00,35.00
31052,Mozzarella Bar,2) Draft and Package,1 American Dream Way,East Rutherford,Bergen,Bergen,1.00,176.00
31053,Little Sheep Restaurant/Bar,2) Draft and Package,1 American Dream Way,East Rutherford,Bergen,Bergen,1.00,131.00
31054,Burger Shack,2) Draft and Package,1 American Dream Way,East Rutherford,Bergen,Bergen,1.00,1151.00
31055,The Game Room,2) Draft and Package,1 American Dream Way,East Rutherford,Bergen,Bergen,1.00,78.00
31056,H Mart Inc (Space A103),2) Draft and Package,1 American Dream Way,East Rutherford,Bergen,Bergen,1.00,546.00
31058,Dream 360,2) Draft and Package,1 American Dream Way,East Rutherford,Bergen,Bergen,1.00,449.00
31059,Apres Cafe,2) Draft and Package,1 American Dream Way,East Rutherford,Bergen,Bergen,1.00,137.00
31061,Tipsy Tie Dye,2) Draft and Package,1 American Dream Way,East Rutherford,Bergen,Bergen,1.00,20.00
31062,Dream Live Performing Arts Center,2) Draft and Package,1 American Dream Way,East Rutherford,Bergen,Bergen,1.00,142.00
32005,Biggies (A),2) Draft and Package,430 Rte 17 So,Carlstadt,Bergen,Bergen,1.00,425.00
32008,Steve's Bar & Grill (A),2) Draft and Package,620 Rt 17,Carlstadt,Bergen,Bergen,1.00,417.00
32009,American Lgn (P) (Carlstadt),2) Draft and Package,412 Third St,Carlstadt,Bergen,Bergen,1.00,560.00
32010,Segovia Meson,2) Draft and Package,645 Washington Ave,Carlstadt,Bergen,Bergen,1.00,74.00
32011,La Fortaleza (Carlstadt),3) Package Only,335 PATERSON PLANK ROAD,Carlstadt,Bergen,Sales,1.00,1484.00
32012,The Local Pub,2) Draft and Package,442 Hackensack St,Carlstadt,Bergen,Bergen,1.00,910.00
32015,Cjd 2l Corp(Sofive),3) Package Only,2 Palmer Terrace,Carlstadt,Bergen,Bergen,1.00,540.00
32020,Il Villaggio Rest,3) Package Only,651 Rt 17 N,Carlstadt,Bergen,Bergen,1.00,165.00
32023,Redd's Rest (Z),2) Draft and Package,317 Washington Ave,Carlstadt,Bergen,Bergen,1.00,739.00
32026,Gianna's (Z),3) Package Only,843 Washington Ave,Carlstadt,Bergen,Bergen,1.00,54.00
32031,Spring Hill Suites Carlstadt,3) Package Only,192 Paterson Plank Road,Carlstadt,Bergen,Bergen,1.00,81.00
32033,Pulse Gentleman's Club,2) Draft and Package,325 Patterson Plank Rd,Carlstadt,Bergen,Sales,1.00,20.00
33003,Segovia,3) Package Only,150 Moonachie Road,Moonachie,Bergen,Bergen,1.00,89.00
33004,Gray Cliff (A),3) Package Only,290 Moonachie Ave,Moonachie,Bergen,Bergen,1.00,347.00
33005,La Havana 59,3) Package Only,110 Moonachie Ave,Moonachie,Bergen,Bergen,1.00,248.00
33006,Bazzarellis (Z),3) Package Only,117 Moonachie Rd,Moonachie,Bergen,Bergen,1.00,494.30
33009,In Thyme,2) Draft and Package,55 Moonachie Ave,Moonachie,Bergen,Bergen,1.00,95.00
34000,Holiday Inn (Hasbrook Height),2) Draft and Package,283 Route 17 South,Hasbrouck Heights,Bergen,Bergen,1.00,152.00
34002,Heights Bar (P),2) Draft and Package,163 Boulevard,Hasbrouck Heights,Bergen,Bergen,1.00,499.00
34006,Bensi (P) (Shoprite Plza),3) Package Only,459 Rt 17 S,Hasbrouck Heights,Bergen,Bergen,1.00,38.00
34008,The Ivy Inn,2) Draft and Package,268 Terrace Ave,Hasbrouck Heights,Bergen,Bergen,1.00,40.00
34010,Costillas Colombian Bar & Grill,2) Draft and Package,208 Boulevard,Hasbrouck Heights,Bergen,Sales,1.00,25.00
34014,Hasbrouck Heights Elks,3) Package Only,128 Baldwin Ave,Hasbrouck Heights,Bergen,Bergen,1.00,60.00
34016,Vfw Hasbrouck (A),2) Draft and Package,513 Veterans Pl,Hasbrouck Heights,Bergen,Bergen,1.00,322.00
34017,Ktb Coffee Shop,2) Draft and Package,183 Boulevard,Hasbrouck Heights,Bergen,Bergen,1.00,101.00
34018,Hilton Hasbrk Hts #50591,2) Draft and Package,650 Terrace Ave,Hasbrouck Heights,Bergen,Bergen,1.00,507.00
34019,Home2 Suites by Hilton,2) Draft and Package,377 RT 17 S,Hasbrouck Heights,Bergen,Bergen,1.00,71.00
35005,Chile,3) Package Only,187 Hackensack St,Woodridge,Bergen,Bergen,1.00,278.00
35006,The Concourse #728,3) Package Only,379 Rt 17 South,Woodridge,Bergen,Sales,1.00,217.00
35009,Fiesta (A),2) Draft and Package,255 Route 17 S,Woodridge,Bergen,Bergen,1.00,480.00
36014,Viva Margarita Wallington,2) Draft and Package,413 Paterson Ave,Wallington,Bergen,Bergen,1.00,161.00
36015,Wallington Lane (Bowlero),2) Draft and Package,299 Paterson Ave,Wallington,Bergen,Bergen,1.00,507.00
36025,Karol's Pub (A),2) Draft and Package,252 Maple Ave,Wallington,Bergen,Bergen,1.00,357.00
36026,Agave Cocina Mexicana,2) Draft and Package,32 Locust Ave,Wallington,Bergen,Bergen,1.00,119.00
36031,Ayla Restaurant & Bar,2) Draft and Package,209 Paterson Ave,Wallington,Bergen,Bergen,1.00,3719.69
36035,Hillside (A) S A C,3) Package Only,26 1st St,Wallington,Bergen,Bergen,1.00,128.00
36043,Sports Bar & Liquors,2) Draft and Package,171 Hathaway St,Wallington,Bergen,Bergen,1.00,260.00
37001,Good Fella's (Z) Rest.,3) Package Only,661 Midland Ave,Garfield,Bergen,Bergen,1.00,92.00
37004,Tres Agaves,2) Draft and Package,178 Palisade Ave,Garfield,Bergen,Bergen,1.00,172.00
37005,Charlies Tav(Z),2) Draft and Package,147 Frederick St,Garfield,Bergen,Bergen,1.00,186.00
37010,Vfw Outwater (Z) Lane,2) Draft and Package,340 Outwater Lane,Garfield,Bergen,Bergen,1.00,39.00
37011,The Firehouse,2) Draft and Package,42 Plauderville Ave,Garfield,Bergen,Bergen,1.00,308.00
37012,Sportsmens (P) Tavern,2) Draft and Package,245 Outwater Lane,Garfield,Bergen,Bergen,1.00,531.00
37019,BJ Polonia,2) Draft and Package,126 Ray St,Garfield,Bergen,Bergen,1.00,796.00
37022,Ceviche Peruvian Cuisine,3) Package Only,517 River Drive,Garfield,Bergen,Sales,1.00,300.00
37026,"Michele (Z) Rest,",2) Draft and Package,32 Passaic St,Garfield,Bergen,Bergen,1.00,10.00
37034,Blackjack Mulligans(P) (Garfield),2) Draft and Package,279 Passaic St,Garfield,Bergen,Bergen,1.00,816.00
37038,Wisla Center (Z),3) Package Only,73 Main St,Garfield,Bergen,Bergen,1.00,222.00
37040,The Venetian,3) Package Only,546 River Rd,Garfield,Bergen,Bergen,1.00,591.00
37045,Los Cantaritos Cantina,2) Draft and Package,791 Midland Ave,Garfield,Bergen,Bergen,1.00,314.00
37047,Dp's Pub & Seafood Grill,2) Draft and Package,732 River Dr,Garfield,Bergen,Bergen,1.00,451.00
37050,Royal Manor,3) Package Only,454 Midland Ave,Garfield,Bergen,Bergen,1.00,133.00
37055,82 OAK BAR & BISTRO,3) Package Only,149 Vanwinkle Ave,Garfield,Bergen,Sales,1.00,531.00
37060,Pazza Luna (P),3) Package Only,52 Chestnut St,Garfield,Bergen,Bergen,1.00,47.00
37063,Jojo's Bar & Grill,2) Draft and Package,133 Monroe St,Garfield,Bergen,Bergen,1.00,529.00
37065,Voraz Fuision,2) Draft and Package,68 Lanza Ave,Garfield,Bergen,Sales,1.00,-1.00
37066,La Fortaleza (Garfield),3) Package Only,361 Midland Ave,Garfield,Bergen,Bergen,1.00,785.00
37070,The Hive Bar & Bistro,2) Draft and Package,142 Outwater Lane,Garfield,Bergen,Bergen,1.00,294.00
37075,Deja Vu (Z),3) Package Only,50 River Drive,Garfield,Bergen,Bergen,1.00,58.00
38002,Satin Dolls (A),3) Package Only,230 Route 17,Lodi,Bergen,Bergen,1.00,1405.00
38020,Lodi Lanes (A),2) Draft and Package,58 Terhune Ave,Lodi,Bergen,Bergen,1.00,885.00
38025,Rebar (Z),2) Draft and Package,132 Essex St,Lodi,Bergen,Bergen,1.00,429.00
38028,Colombia Bakery Factory & Restaurant,2) Draft and Package,1 South Main St,Lodi,Bergen,Sales,1.00,206.00
38034,La Nota Restaurant Bar,2) Draft and Package,2 Mercer St. #2,Lodi,Bergen,Sales,1.00,97.00
38035,The Elan (P),3) Package Only,111 Rt 46 W,Lodi,Bergen,Bergen,1.00,108.00
38039,Hilltop Tav.(Z),2) Draft and Package,50 Essex St,Lodi,Bergen,Bergen,1.00,579.00
38043,K Of C Lodi,2) Draft and Package,39 Washington Ave,Lodi,Bergen,Bergen,1.00,36.00
38046,La Fortaleza (Lodi),3) Package Only,10 Route 46,Lodi,Bergen,Bergen,1.00,568.00
38047,American Legion Lodi Post 136,3) Package Only,41 Union St,Lodi,Bergen,Bergen,1.00,3.00
39004,Noches De Colombia (S. Hackensack)),3) Package Only,370 Rt 46 West,South Hackensac,Bergen,Bergen,1.00,1432.00
39006,Fat Bastard & Sons,2) Draft and Package,434 Route 46 West,South Hackensac,Bergen,Sales,1.00,244.00
39007,Club Flamingo (A),3) Package Only,430 Route 46,South Hackensac,Bergen,Bergen,1.00,451.00
39008,Blush Gentleman's Club,3) Package Only,2 S Main St,South Hackensac,Bergen,Bergen,1.00,8321.89
39010,Players Club (Z),2) Draft and Package,213 Huyler St,South Hackensac,Bergen,Bergen,1.00,1209.00
39015,Rudy's Inflight Caterers,3) Package Only,180 North Street,Teterboro,Bergen,Bergen,1.00,977.00
39017,Bj's Rest & Brewhouse(A),2) Draft and Package,21 Teterboro Landing Dr,Teterboro,Bergen,Bergen,1.00,533.00
39018,Texas Roadhouse,2) Draft and Package,20 Teterboro Landing Dr.,Teterboro,Bergen,Bergen,1.00,500.00
40005,Lazy Lanigans (A),2) Draft and Package,604 Main Street,Hackensack,Bergen,Bergen,1.00,1091.00
40007,Elks Post 153 (Z),3) Package Only,351 1st St,Hackensack,Bergen,Bergen,1.00,5073.38
40008,Tavern 61 (Z),2) Draft and Package,61 River St,Hackensack,Bergen,Bergen,1.00,200.00
40015,Capon's Chophouse,2) Draft and Package,390 Hackensack Ave.,Hackensack,Bergen,Sales,1.00,11.00
40021,Bowler City Bowling,3) Package Only,85 Midtown Bridge St,Hackensack,Bergen,Bergen,1.00,735.00
40024,Maggiano's Little(A)Italy,2) Draft and Package,70 Riverside Square Mall,Hackensack,Bergen,Bergen,1.00,146.00
40025,Pf Changs China Bis(A) (Hackensack),2) Draft and Package,50 Riverside Square Mall,Hackensack,Bergen,Bergen,1.00,97.00
40026,Brooklyn's (A),3) Package Only,161 Hackensack Ave,Hackensack,Bergen,Bergen,1.00,135.00
40027,Cigarro Bar and Lounge,2) Draft and Package,91 Main St,Hackensack,Bergen,Sales,1.00,39.00
40030,JINYA Ramen Bar (Hackensack),2) Draft and Package,390 Hackensack Ave,Hackensack,Bergen,Sales,1.00,61.00
40032,Side Bar,2) Draft and Package,45 Main St,Hackensack,Bergen,Sales,1.00,392.00
40035,Chit Chat Diner,3) Package Only,515 Essex St,Hackensack,Bergen,Bergen,1.00,100.00
40038,Forte Ristorante,2) Draft and Package,160 Prospect Ave,Hackensack,Bergen,Bergen,1.00,207.00
40040,St Paul Lodge#7,3) Package Only,184 Berdan Place,Hackensack,Bergen,Bergen,1.00,127.00
41001,Casual Habana Cafe(Hack),2) Draft and Package,125 Main St,Hackensack,Bergen,Bergen,1.00,81.00
41002,Mi Tierrita (P),3) Package Only,252 Main St,Hackensack,Bergen,Bergen,1.00,3245.40
41006,Straphanger Saloon (A),2) Draft and Package,126 Anderson St,Hackensack,Bergen,Bergen,1.00,1813.15
41008,Noches De Colombia (Hackensack),3) Package Only,382 Main St,Hackensack,Bergen,Bergen,1.00,1072.00
41009,TRUE FOOD,3) Package Only,390 HACKENSACK AVE,Hackensack,Bergen,Sales,1.00,54.00
41010,Lenoras Bar (P),2) Draft and Package,129 Johnson Ave,Hackensack,Bergen,Bergen,1.00,962.00
41011,Bangkok Garden(P) Thai,3) Package Only,261 Main St,Hackensack,Bergen,Bergen,1.00,17.00
41013,Viva Margarita Hackensack,2) Draft and Package,774 Main St,Hackensack,Bergen,Bergen,1.00,288.00
41016,Cheesecake Fact (A)Hacken,2) Draft and Package,197 Riverside Square Mall,Hackensack,Bergen,Bergen,1.00,422.00
41017,Rosa Mexicano (A),3) Package Only,390 Hackensack Ave # 60,Hackensack,Bergen,Bergen,1.00,125.00
41020,Lidos Restaurant (P),2) Draft and Package,701 Main St,Hackensack,Bergen,Bergen,1.00,235.00
41022,Coach House Diner/Rest(Z),2) Draft and Package,55 Rt 4 E,Hackensack,Bergen,Bergen,1.00,25.00
41023,The Whiskey Priest (Hackensack),2) Draft and Package,159 Main St.,Hackensack,Bergen,Bergen,1.00,636.00
41025,Morton's The Stkhse Hacke,3) Package Only,274 Riverside Square Mall,Hackensack,Bergen,Bergen,1.00,143.00
41026,Amc- Shops @ Riverside P,2) Draft and Package,390 Hackensack Ave,Hackensack,Bergen,Bergen,1.00,213.00
41027,Cubby's (P),2) Draft and Package,249 S River St,Hackensack,Bergen,Bergen,1.00,22.00
41029,Riviera Lounge (P),3) Package Only,310 Main St,Hackensack,Bergen,Bergen,1.00,1744.00
41031,Houstons (A)Hackensack,2) Draft and Package,1 Riverside Square (181),Hackensack,Bergen,Bergen,1.00,21.00
41033,Applebee's (A) Hackensack,2) Draft and Package,450 Hackensack Ave.,Hackensack,Bergen,Bergen,1.00,262.00
41034,Lodi Moose Lodge 1971,2) Draft and Package,215 Charles St,Hackensack,Bergen,Bergen,1.00,709.75
42001,Garden Shabu,3) Package Only,1 Valley Road,Little Ferry,Bergen,Bergen,1.00,63.00
42003,Whiskey Roads,2) Draft and Package,152 Washington Ave,Little Ferry,Bergen,Bergen,1.00,3753.60
42005,Empire Club (P),3) Package Only,136 Mehrhof Rd,Little Ferry,Bergen,Bergen,1.00,817.23
42007,Vfw 809 (P),2) Draft and Package,100 Main St,Little Ferry,Bergen,Bergen,1.00,39.00
42009,Nikki's Bar & Grill,2) Draft and Package,213 Washington Ave,Little Ferry,Bergen,Bergen,1.00,3413.68
42014,Segovia Steak House(A),2) Draft and Package,217 Main St,Little Ferry,Bergen,Bergen,1.00,217.00
42015,Amer Lgn (Z) Little Ferry,2) Draft and Package,100 Liberty Ave,Little Ferry,Bergen,Bergen,1.00,467.00
42016,Palermo Cafe (A),3) Package Only,389 Liberty St,Little Ferry,Bergen,Bergen,1.00,10.00
42017,Cast Iron Pot Signature,2) Draft and Package,260 Bergen Turnpike,Little Ferry,Bergen,Bergen,1.00,240.00
43014,Patsy's Bistro,3) Package Only,344 Jersey Ave,Fairview,Bergen,Bergen,1.00,27.00
43019,Cast Iron Pot (A),3) Package Only,356 Bergen Blvd,Fairview,Bergen,Bergen,1.00,168.00
43022,C & C Bar Factory,2) Draft and Package,560 Fairview Ave,Fairview,Bergen,Bergen,1.00,77.30
43029,El Tio Taco Ii,3) Package Only,332 Bergen Blvd,Fairview,Bergen,Bergen,1.00,12524.32
43031,La Fortuna (P),3) Package Only,430 Kamena St,Fairview,Bergen,Bergen,1.00,225.00
43032,El Caporal Mexican Food,3) Package Only,341 Anderson Ave,Fairview,Bergen,Bergen,1.00,469.00
43033,American Lgn Fairview (A),2) Draft and Package,110 Anderson Ave,Fairview,Bergen,Bergen,1.00,64.00
43035,S & A Society (Z),3) Package Only,270 Walker St,Fairview,Bergen,Bergen,1.00,126.00
44001,Brazeiro Churrascaria,2) Draft and Package,442 Anderson Ave,Cliffside Park,Bergen,Sales,1.00,55.00
44008,GOGIYA,2) Draft and Package,606 Anderson Ave,Cliffside Park,Bergen,Bergen,1.00,20.00
44012,690 Park,2) Draft and Package,690 Anderson Avenue,Cliffside Park,Bergen,Bergen,1.00,3493.00
44017,Frankie's Gastro,2) Draft and Package,651 Anderson Ave,Cliffside Park,Bergen,Bergen,1.00,1936.00
44025,Rudys (A),2) Draft and Package,591 Anderson Ave,Cliffside Park,Bergen,Bergen,1.00,416.00
44027,354 Steakhouse (A),2) Draft and Package,354 Lawton Ave,Cliffside Park,Bergen,Bergen,1.00,201.00
44028,512 Bar,3) Package Only,512 Anderson Ave,Cliffside Park,Bergen,Bergen,1.00,219.00
44031,Viva La Margarita Cliffside Park,2) Draft and Package,790 Anderson Ave,Cliffside Park,Bergen,Bergen,1.00,146.00
44032,Rustica Bar & Restaurant,2) Draft and Package,565 Gorge Rd,Cliffside Park,Bergen,Bergen,1.00,8.00
44033,Brass Rail Pub_2,3) Package Only,339 Palisade Ave,Cliffside Park,Bergen,Bergen,1.00,236.00
44035,O'Malleys Pub LLC DBA Blackbird Pub,2) Draft and Package,658 Anderson Ave,Cliffside Park,Bergen,Bergen,1.00,395.00
44038,Palisadium Club,3) Package Only,700 Palisadium Drive,Cliffside Park,Bergen,Bergen,1.00,10.00
44039,Villa Amalfi,3) Package Only,793 Palisade Ave,Cliffside Park,Bergen,Bergen,1.00,43.00
44043,Mythos Greek Taverna,2) Draft and Package,352 Anderson Ave,Cliffside Park,Bergen,Sales,1.00,52.00
44044,Sonsonate Rest(P),3) Package Only,100 Palisade Ave,Cliffside Park,Bergen,Bergen,1.00,827.00
44047,Sedona Tap House,2) Draft and Package,679 Anderson Ave,Cliffside Park,Bergen,Bergen,1.00,308.00
44048,Clubhouse Cafe (P),2) Draft and Package,661 Palisade Ave,Cliffside Park,Bergen,Bergen,1.00,784.00
45005,Colonial Bar,2) Draft and Package,719 Grand Avenue,Ridgefield,Bergen,Bergen,1.00,672.00
45007,Cantina 46,2) Draft and Package,88 Route 46 W,Ridgefield,Bergen,Sales,1.00,281.00
45015,Tivoli Restaurant,3) Package Only,533 Shaler Blvd,Ridgefield,Bergen,Bergen,1.00,183.00
45018,Duri Pocha,2) Draft and Package,441 Broad Ave,Ridgefield,Bergen,Bergen,1.00,47.00
45020,Tutto A Modo Mio,2) Draft and Package,482 Bergen Blvd,Ridgefield,Bergen,Sales,1.00,40.00
46006,Rock 21,3) Package Only,400 Bergen Blvd,Palisades Park,Bergen,Bergen,1.00,160.00
46007,Kumade,3) Package Only,412 Bergen Blvd,Palisades Park,Bergen,Bergen,1.00,40.00
46010,So Noon Nan Jib,2) Draft and Package,238 Broad Ave,Palisades Park,Bergen,Bergen,1.00,118.00
46014,Soosang Hand Pocha,2) Draft and Package,239 Broad Ave,Palisades Park,Bergen,Bergen,1.00,160.00
46017,Mariachi (Roku) (Z),2) Draft and Package,15 Grand Ave,Palisades Park,Bergen,Bergen,1.00,135.00
46020,Third Floor Cafe,2) Draft and Package,232 Broad Ave 3rd Floor,Palisades Park,Bergen,Sales,1.00,70.00
46022,Te Min Quan (P) Rest.,3) Package Only,270 Broad Ave,Palisades Park,Bergen,Bergen,1.00,19.00
46027,Grand Wine Bar/Karaoke(Z),2) Draft and Package,42 Broad Ave,Palisades Park,Bergen,Bergen,1.00,183.00
46028,Legends (P),2) Draft and Package,16 Statehighway 5,Palisades Park,Bergen,Bergen,1.00,874.00
46029,Hanam Daeji,3) Package Only,445 Grand Ave,Palisades Park,Bergen,Bergen,1.00,423.00
46030,Elks Post 2475 (Z),3) Package Only,536 10th St,Palisades Park,Bergen,Bergen,1.00,25.00
46031,Kang Ho Dong,3) Package Only,329 Bergen Blvd,Palisades Park,Bergen,Bergen,1.00,80.00
47003,Mk Valencia Rest & Lg(P),3) Package Only,228 Main Street,Ridgefield Park,Bergen,Bergen,1.00,164.00
47006,Elks Post 1506,2) Draft and Package,30 Spruce St,Ridgefield Park,Bergen,Bergen,1.00,178.00
47007,Luigi's Rest (P),2) Draft and Package,54 Mt Vernon St,Ridgefield Park,Bergen,Bergen,1.00,5.00
47014,K Of C 2229 (Z),3) Package Only,106 Bergen Ave,Ridgefield Park,Bergen,Bergen,1.00,212.00
47017,Westside Village (A),3) Package Only,18 Paulison Ave,Ridgefield Park,Bergen,Bergen,1.00,812.50
47019,Hilton Garden Inn Ridgefield Park,2) Draft and Package,70 Challenger Rd,Ridgefield Park,Bergen,Bergen,1.00,71.00
49001,Don Coqui,2) Draft and Package,541 River Rd,Edgewater,Bergen,Bergen,1.00,599.00
49003,Roberto's Restaurant (P),3) Package Only,936 River Rd,Edgewater,Bergen,Bergen,1.00,29.00
49004,Dino's Bar & Grill,2) Draft and Package,1466 River Rd,Edgewater,Bergen,Bergen,1.00,450.00
49006,Ga Yeon Restaurant,2) Draft and Package,2020 Hudson St,Fort Lee,Bergen,Bergen,1.00,191.00
49009,Ft Lee Athletic Club,2) Draft and Package,2029 Lemoine Ave,Fort Lee,Bergen,Bergen,1.00,24.00
49012,365 BBQ,2) Draft and Package,176 Main St,Fort Lee,Bergen,Bergen,1.00,28.00
49013,Cuba 57,2) Draft and Package,2139 Hudson Terrace,Fort Lee,Bergen,Bergen,1.00,51.00
49015,PYEONGANDONG,2) Draft and Package,89 Main St,Fort Lee,Bergen,Bergen,1.00,30.00
49016,Ipic Theaters,2) Draft and Package,2023 Hudson St,Fort Lee,Bergen,Bergen,1.00,236.00
49018,Jumong Restaurant,2) Draft and Package,1550 Lemoine Ave,Fort Lee,Bergen,Bergen,1.00,189.00
49021,Hyatt Place Fort Lee,3) Package Only,2167 Route 4 East,Fort Lee,Bergen,Bergen,1.00,25.00
49022,El asadero Mexican Grill (Fort Lee),2) Draft and Package,2052 Hudson St,Fort Lee,Bergen,Bergen,1.00,7915.68
49024,Ventana's Restaurant,2) Draft and Package,200 Park Ave,Fort Lee,Bergen,Bergen,1.00,142.00
49025,Flemings Stkhse (P),3) Package Only,90 Promanade Ave,Edgewater,Bergen,Bergen,1.00,49.00
49029,Obaltan,3) Package Only,799 Abbott Blvd,Fort Lee,Bergen,Bergen,1.00,40.00
49034,In Napoli (A),3) Package Only,116 Main St,Fort Lee,Bergen,Bergen,1.00,265.00
49040,Healing Karaoke,3) Package Only,2011 Lemoine Ave #303,Fort Lee,Bergen,Bergen,1.00,30.00
49041,WOOGA,2) Draft and Package,1296 Palisade Ave,Fort Lee,Bergen,Bergen,1.00,30.00
49042,Fire Company 3 Ft Lee,3) Package Only,557 Main St,Fort Lee,Bergen,Bergen,1.00,10.00
49043,De Novo European Pub,2) Draft and Package,1257 River Rd,Edgewater,Bergen,Bergen,1.00,96.00
49047,LaNoma Italian Steakhouse,2) Draft and Package,2010 Hudson St,Fort Lee,Bergen,Sales,1.00,164.00
49048,River Palm (A),2) Draft and Package,1416 River Rd,Edgewater,Bergen,Bergen,1.00,187.00
49049,The Metropolitan Lounge,3) Package Only,190 River Rd,Edgewater,Bergen,Bergen,1.00,269.00
49050,Bada Story (Z),3) Package Only,799 Abbott Blvd,Fort Lee,Bergen,Bergen,1.00,56.00
49051,Gopchang Story,3) Package Only,214 Main St,Fort Lee,Bergen,Sales,1.00,7611.60
49053,Soho (Z),2) Draft and Package,2027 Lemoine Ave,Fort Lee,Bergen,Bergen,1.00,28.00
49054,Hiram's,2) Draft and Package,1345 Palisade Ave,Fort Lee,Bergen,Bergen,1.00,573.00
49057,Gammeeok,3) Package Only,485 Main St,Fort Lee,Bergen,Bergen,1.00,20.00
49059,Outback Steakhouse(Z)Edg,2) Draft and Package,539 River Rd,Edgewater,Bergen,Bergen,1.00,207.00
49060,Franco's Metro Rest (P),2) Draft and Package,1475 Bergen Blvd,Fort Lee,Bergen,Bergen,1.00,59.00
49061,Double Tree Hotel Ft Lee,2) Draft and Package,2117 Route 4 E,Fort Lee,Bergen,Bergen,1.00,158.00
49063,COV,2) Draft and Package,115 River Rd,Edgewater,Bergen,Bergen,1.00,3880.56
49064,Bareburger (Edgewater),2) Draft and Package,78 The Promenade,Edgewater,Bergen,Bergen,1.00,97.00
49065,Haven Rest/Bar (A),3) Package Only,2 Main St,Edgewater,Bergen,Bergen,1.00,252.00
49067,Taverna Veranda,3) Package Only,725 River Road #49,Edgewater,Bergen,Sales,1.00,151.00
49069,Pho 32,2) Draft and Package,1645 Lemoine Ave,Fort Lee,Bergen,Bergen,1.00,47.00
49071,Chillers Grill (A),2) Draft and Package,2191 Fletcher Ave,Fort Lee,Bergen,Bergen,1.00,31.00
49072,JJ Dak,3) Package Only,144 Main St,Fort Lee,Bergen,Bergen,1.00,133.00
49074,Dong Bang Grill,3) Package Only,1616 Palisade Ave,Fort Lee,Bergen,Bergen,1.00,50.00
49076,Raku Izakaya (Z),2) Draft and Package,209 Main Street,Fort Lee,Bergen,Bergen,1.00,213.00
49083,Courtyard By Marriott Edgewater,3) Package Only,3 Pembroke Rd,Edgewater,Bergen,Bergen,1.00,100.00
49085,Tommy's Tavern + Tap (Edgewater),2) Draft and Package,11 The Promenade,Edgewater,Bergen,Bergen,1.00,531.00
49090,Homewood Suites Edgewater,3) Package Only,10 The Promenade,Edgewater,Bergen,Bergen,1.00,142.00
50001,Andy's Corner (Z),2) Draft and Package,257 Queen Ann Rd,Bogota,Bergen,Bergen,1.00,426.00
50004,Bistro Taino,2) Draft and Package,107 E Main S,Bogota,Bergen,Sales,1.00,30.00
50006,Cozy Tavern (P),2) Draft and Package,131 Queen Anne Rd,Bogota,Bergen,Bergen,1.00,407.00
50008,101 Pub (A),2) Draft and Package,101 Queen Anne Rd,Bogota,Bergen,Bergen,1.00,1131.00
50015,PUB 178,2) Draft and Package,178 Cedar Lane,Teaneck,Bergen,Bergen,1.00,242.00
50018,Debonair Music Hall,2) Draft and Package,1409 Queen Ann Road,Teaneck,Bergen,Bergen,1.00,173.00
50028,Amarone (P),3) Package Only,63 Cedar Lane,Teaneck,Bergen,Bergen,1.00,56.00
50029,La Tequilera Restaurant,2) Draft and Package,293 Queen Anne Rd,Teaneck,Bergen,Bergen,1.00,8389.45
50032,Vfw 5561 Bogota,3) Package Only,241 W Shore Ave,Bogota,Bergen,Bergen,1.00,84.00
50035,Nobo,2) Draft and Package,1400 Palisade Ave,Teaneck,Bergen,Bergen,1.00,16.00
50036,Moose Lodge 961 (Z),3) Package Only,201 W Englewood Av Bx 717,Teaneck,Bergen,Bergen,1.00,390.00
50038,Hampton Inn & Suites,3) Package Only,1 Glenwood Ave,Teaneck,Bergen,Bergen,1.00,76.00
51005,Zina's Steakhouse & Grill,3) Package Only,827 Teaneck Rd,Teaneck,Bergen,Bergen,1.00,116.00
51011,American Lgn Teaneck (Z),3) Package Only,650 American Legion Dr,Teaneck,Bergen,Bergen,1.00,38.00
51014,Marriott (A) Teaneck,2) Draft and Package,100 Frank Burr Blvd,Teaneck,Bergen,Bergen,1.00,235.00
51015,K Of C Teaneck,3) Package Only,829 Windsor Rd,Teaneck,Bergen,Bergen,1.00,18.00
52003,Cassies (A),2) Draft and Package,18 S Dean St,Englewood,Bergen,Bergen,1.00,65.00
52005,Noches De Colombia(Englewood)),3) Package Only,90 W. Palisade Ave,Englewood,Bergen,Bergen,1.00,581.00
52009,CAJUN SEAFOOD AND BAR,2) Draft and Package,45 NATHANIEL PLACE,Englewood,Bergen,Sales,1.00,112.00
52012,CZEN Restaurant,2) Draft and Package,36 N Van Brunt St,Englewood,Bergen,Bergen,1.00,7.00
52013,Lulu Lounge,2) Draft and Package,63 Nathaniel Pl,Englewood,Bergen,Bergen,1.00,50.00
52014,El Tango,3) Package Only,22-24 N Van Brunt St,Englewood,Bergen,Bergen,1.00,294.00
52017,Tapas De Espana (P),3) Package Only,47 N Dean St,Englewood,Bergen,Bergen,1.00,20.00
52018,Aumm Aumm @The Brownstone,2) Draft and Package,73 Brownstone Way,Englewood,Bergen,Bergen,1.00,135.00
52026,Englewood Field Club,2) Draft and Package,341 Engle St,Englewood,Bergen,Bergen,1.00,43.00
52027,American Lgn 58 (A) Englewood,3) Package Only,151 W Forest Ave,Englewood,Bergen,Bergen,1.00,236.00
52030,Sofia,3) Package Only,36 Engle St,Englewood,Bergen,Bergen,1.00,345.00
52032,Ideal Lodge 470 (P),3) Package Only,17 Bennett Rd,Englewood,Bergen,Bergen,1.00,123.00
52033,Blue Akai,2) Draft and Package,23 E Palisade Ave,Englewood,Bergen,Bergen,1.00,260.00
52036,Vida Garden,3) Package Only,14-16 Armory St,Englewood,Bergen,Bergen,1.00,700.00
52037,Colombia Kaliente,2) Draft and Package,30 East Palisade Ave.,Englewood,Bergen,Sales,1.00,665.00
52038,Grissini's Restaurant,3) Package Only,484 Sylvan Ave,Englewood Cliff,Bergen,Bergen,1.00,67.00
52046,Bergen Performing Arts,2) Draft and Package,30 N Van Brunt St,Englewood,Bergen,Bergen,1.00,3252.55
52049,Sini Bistro,3) Package Only,401 S Van Brunt St,Englewood,Bergen,Bergen,1.00,954.85
53001,Brownstone Pancake Factor,2) Draft and Package,717 E Palisade Ave,Englewood Cliff,Bergen,Bergen,1.00,79.00
53002,Mr Bbq,3) Package Only,150 Sylvan Way,Englewood Cliff,Bergen,Bergen,1.00,48.00
53004,Lefkes Restaurant,3) Package Only,495 Sylvan Ave,Englewood Cliff,Bergen,Bergen,1.00,311.00
53005,Cliffs Steakhouse(A),3) Package Only,18 Sylvan Ave,Englewood Cliff,Bergen,Bergen,1.00,32.00
53006,Cafe Italiano (Z),3) Package Only,14 Sylvan Ave,Englewood Cliff,Bergen,Bergen,1.00,27.00
53007,Giovanni's Bicycle Club,2) Draft and Package,487 Sylvan Ave,Englewood Cliff,Bergen,Bergen,1.00,80.00
54001,Tenafly Pizza (Z),3) Package Only,38 W Railroad Ave,Tenafly,Bergen,Bergen,1.00,97.00
54005,The 130 Club,3) Package Only,130 County Rd,Tenafly,Bergen,Bergen,1.00,54.00
54011,Knickerbocker Golf (P),2) Draft and Package,188 Knickerbocker Rd,Tenafly,Bergen,Bergen,1.00,205.00
54012,Axia Taverna,2) Draft and Package,18 Piermont Rd,Tenafly,Bergen,Bergen,1.00,42.00
54014,Elks Post 2271 (Z),3) Package Only,20 Franklin St,Tenafly,Bergen,Bergen,1.00,176.00
54017,Tenafly Classic Diner,3) Package Only,16 W Railroad Ave,Tenafly,Bergen,Bergen,1.00,28.00
55005,Cresskill Tavern,2) Draft and Package,29 E Madison Ave,Cresskill,Bergen,Bergen,1.00,650.00
55008,American Lgn (Z) (Cresskill),2) Draft and Package,75 Legion Dr,Cresskill,Bergen,Bergen,1.00,135.00
55009,Samdan Mediterranean Restaurant And Bar,2) Draft and Package,178 Piermont Rd,Cresskill,Bergen,Sales,1.00,130.00
56001,Tony's Italian Cuisine,2) Draft and Package,127 S. Washington Ave,Bergenfield,Bergen,Sales,1.00,217.00
56004,Jack E Pooh's,3) Package Only,22 N Front St,Bergenfield,Bergen,Bergen,1.00,461.00
56006,Lula's Latin Cuisine,2) Draft and Package,86 S. Washington Ave,Bergenfield,Bergen,Bergen,1.00,11.00
56009,Tommy Fox's Pub Hse(P),2) Draft and Package,32 S Washington Ave,Bergenfield,Bergen,Bergen,1.00,780.00
56011,International Bar/Rest,3) Package Only,96 S Washington Ave,Bergenfield,Bergen,Bergen,1.00,6594.52
56016,Chapala Grill - Bergenfield,2) Draft and Package,52 S Washington Ave,Bergenfield,Bergen,Bergen,1.00,385.00
56018,Vfw 6467 (Z),3) Package Only,321 S Washington Ave,Bergenfield,Bergen,Bergen,1.00,23.00
56022,Elks Post 1477,2) Draft and Package,40 W Church St,Bergenfield,Bergen,Bergen,1.00,591.00
57004,River & Henley,2) Draft and Package,704 River Rd,New Milford,Bergen,Bergen,1.00,612.00
57007,New Bridge Inn(A),3) Package Only,105 Old New Bridge Rd,New Milford,Bergen,Bergen,1.00,326.00
57009,Pancho Burrito's (A),2) Draft and Package,214 Main St,New Milford,Bergen,Bergen,1.00,1629.93
57011,Casual Habana Cafe (P),2) Draft and Package,200 Main St,New Milford,Bergen,Bergen,1.00,70.00
57012,N Milford Ath Club,2) Draft and Package,126 Boulevard,New Milford,Bergen,Bergen,1.00,182.00
57013,Vfw 4290 New Milford(P),3) Package Only,267 Madison Ave,New Milford,Bergen,Bergen,1.00,14.00
57015,Elks Post 2290 (Z),3) Package Only,1 Patrolman Ray Woods Dr,New Milford,Bergen,Bergen,1.00,348.00
58003,River Edge Diner & Rest.,2) Draft and Package,516 Kinderkamack Road,River Edge,Bergen,Bergen,1.00,44.00
58005,Feathers (A),2) Draft and Package,77 Kinderkamack Rd,River Edge,Bergen,Bergen,1.00,528.00
58008,K Of C River Edge,2) Draft and Package,770 Kindekamack Rd,River Edge,Bergen,Bergen,1.00,43.00
59001,ORA,2) Draft and Package,304 Kinderkamack Rd,Oradell,Bergen,Sales,1.00,135.00
59005,Hackensack Golf (A),2) Draft and Package,880 Soldier Hill Rd,Oradell,Bergen,Bergen,1.00,300.00
59006,The Oak House,2) Draft and Package,2 Kinderkamack Rd,Oradell,Bergen,Bergen,1.00,130.00
60002,QB's Bar and Grill,2) Draft and Package,49 W Madison Ave,Dumont,Bergen,Sales,1.00,938.00
60004,La Taberna Steak House,2) Draft and Package,31 W Madison Ave,Dumont,Bergen,Bergen,1.00,136.00
60012,Grant Street Cafe (A),2) Draft and Package,25 Grant Ave.,Dumont,Bergen,Bergen,1.00,1446.00
60014,Pop(xo) Taco,3) Package Only,20 E. Madison Ave,Dumont,Bergen,Bergen,1.00,65.00
60016,Elks Post (Z) Dumont,2) Draft and Package,15 American Legion Place,Dumont,Bergen,Bergen,1.00,107.00
60017,K Of C Dumont,2) Draft and Package,61 Armour Pl,Dumont,Bergen,Bergen,1.00,22.00
61002,Haworth Golf Club(A),2) Draft and Package,5 Lake Shore Dr,Haworth,Bergen,Bergen,1.00,71.00
61003,White Beeches Golf Club,2) Draft and Package,70 Haworth Dr,Haworth,Bergen,Bergen,1.00,441.00
61004,Andiamo,2) Draft and Package,23 Hardenburgh Ave,Haworth,Bergen,Bergen,1.00,265.00
62002,Rudy's Pizzeria (P),3) Package Only,65 Closter Plaza,Closter,Bergen,Bergen,1.00,83.00
62003,Stern And Bow,2) Draft and Package,171 Schraalenburgh Rd,Closter,Bergen,Bergen,1.00,230.00
62007,The Hill,2) Draft and Package,252 Schraalenburgh Rd,Closter,Bergen,Bergen,1.00,95.00
62008,Bareburger (Closter),2) Draft and Package,129 Vervalen St,Closter,Bergen,Bergen,1.00,217.00
62010,LUCIOS,2) Draft and Package,208 Piermont Rd,Closter,Bergen,Bergen,1.00,383.50
62011,Sear House (A),3) Package Only,411 Piermont Rd,Closter,Bergen,Bergen,1.00,214.00
62012,Landmark Closter,2) Draft and Package,130 Vervalen St,Closter,Bergen,Bergen,1.00,13.00
62015,Elks Lodge 2304(Z),3) Package Only,148 Rail Road Ave,Closter,Bergen,Bergen,1.00,355.00
63002,Alpine C.C. (Z),2) Draft and Package,80 Anderson Ave,Demarest,Bergen,Bergen,1.00,247.00
65003,Verana,2) Draft and Package,530 Livingston St,Norwood,Bergen,Bergen,1.00,41.00
65005,Dimora Ristorante (P),3) Package Only,100 Piermont Rd,Norwood,Bergen,Bergen,1.00,197.00
65006,Gerry's Place,2) Draft and Package,595 Broadway,Norwood,Bergen,Bergen,1.00,856.00
65007,86 and Vine,2) Draft and Package,519 Livingston St.,Norwood,Bergen,Sales,1.00,212.00
65008,American Lgn Norwood,3) Package Only,480 Broadway,Norwood,Bergen,Bergen,1.00,22.00
66001,Montammy Golf Club (P),2) Draft and Package,Route 9 W,Alpine,Bergen,Bergen,1.00,132.00
66002,Kiku (Z) Restaurant,3) Package Only,385 Rte 9w,Alpine,Bergen,Bergen,1.00,158.00
67001,Olar Noso,2) Draft and Package,493 Tappan Rd,Northvale,Bergen,Bergen,1.00,30.00
67002,Brady's Fox Hunt Inn,2) Draft and Package,201 Livingston St,Northvale,Bergen,Bergen,1.00,291.00
67006,Northvale Diner,2) Draft and Package,247 Livingston St,Northvale,Bergen,Bergen,1.00,38.00
67009,American Lgn Northvale,3) Package Only,190 Paris Ave,Northvale,Bergen,Bergen,1.00,20.00
67010,Biddy O'malleys Pub (A),2) Draft and Package,191 Paris Ave,Northvale,Bergen,Bergen,1.00,132.00
67014,The Rockleigh C C (P),2) Draft and Package,26 Paris Ave,Rockleigh,Bergen,Bergen,1.00,241.00
68003,Aurora Restaurant,2) Draft and Package,203 Old Tappan Rd,Old Tappan,Bergen,Sales,1.00,204.00
68006,Old Tappan Manor (P),3) Package Only,137 Orangeburg Rd,Old Tappan,Bergen,Bergen,1.00,102.00
68011,Old Tappan Golf Course,2) Draft and Package,83 De Wolf Rd,Old Tappan,Bergen,Sales,1.00,263.00
69003,Edgewood Country Club,2) Draft and Package,449 Rivervale Rd,Rivervale,Bergen,Bergen,1.00,232.00
69005,Let's Meat Steakhouse,2) Draft and Package,625 Rivervale Rd,Rivervale,Bergen,Bergen,1.00,87.00
69007,Florentine Garden,2) Draft and Package,97 Rivervale Road,Rivervale,Bergen,Bergen,1.00,282.00
69009,Rivervale Country Club,2) Draft and Package,660 Rivervale Road,Rivervale,Bergen,Bergen,1.00,577.00
69011,Green Point Restaurant,2) Draft and Package,15 Rivervale Rd,Rivervale,Bergen,Bergen,1.00,72.00
69012,449 Prime @ Edgewood Country Club,2) Draft and Package,449 Rivervale Rd,Rivervale,Bergen,Bergen,1.00,132.00
70004,Davey's Locker (A),2) Draft and Package,5 Park St,Montvale,Bergen,Bergen,1.00,949.00
70005,Montvale Bowl (A),3) Package Only,14 West Grand Ave,Montvale,Bergen,Bergen,1.00,804.00
70008,Hearth & Tap Co.,2) Draft and Package,125 N Kndrkmk Rd,Montvale,Bergen,Bergen,1.00,833.00
70009,Montvale Fire Company,2) Draft and Package,35 W Grand Ave,Montvale,Bergen,Bergen,1.00,43.00
70012,Fire & Oak (A),2) Draft and Package,100 Chestnut Ridge Rd,Montvale,Bergen,Bergen,1.00,123.00
70013,Flemings Prime Steakhouse and Wine Bar,2) Draft and Package,210 Market St,Montvale,Bergen,Bergen,1.00,129.00
71001,Peppercorn's,2) Draft and Package,176 Colony Ave,Park Ridge,Bergen,Bergen,1.00,300.00
71004,Four Leaves,2) Draft and Package,146 Kinderkamack Road,Park Ridge,Bergen,Sales,1.00,180.00
71005,Park Steakhouse,2) Draft and Package,151 Kinderkamack Rd,Park Ridge,Bergen,Bergen,1.00,165.00
71007,103 Prime Time,3) Package Only,103 Spring Valley Rd,Park Ridge,Bergen,Bergen,1.00,44.00
71009,American Lgn Park Ridge,2) Draft and Package,118 Ridge Ave,Park Ridge,Bergen,Bergen,1.00,42.00
71010,Elks Post 2234,3) Package Only,13 Sulak Lane,Park Ridge,Bergen,Bergen,1.00,272.00
71011,Marriott (P) Park Ridge,2) Draft and Package,300 Brae Blvd,Park Ridge,Bergen,Bergen,1.00,249.00
71015,Park Ridge Vol Fire Dept,2) Draft and Package,53 Park Avenue,Park Ridge,Bergen,Bergen,1.00,10.00
72002,Bareburger (Woodcliff Lake),2) Draft and Package,453 Chestnut Ridge Rd 23c,Woodcliff Lake,Bergen,Bergen,1.00,91.00
73001,Lou's,2) Draft and Package,74 Broadway,Hillsdale,Bergen,Bergen,1.00,1517.00
73002,The Cornerstone (P),2) Draft and Package,84 Broadway,Hillsdale,Bergen,Bergen,1.00,1348.00
73004,Osso Buco,3) Package Only,343 Broadway,Hillsdale,Bergen,Bergen,1.00,51.00
73007,Bensi (P),2) Draft and Package,387 Washington Ave,Hillsdale,Bergen,Bergen,1.00,272.00
74001,Lolitas Mexican Cantina,2) Draft and Package,65 Old Hook Rd,Westwood,Bergen,Bergen,1.00,203.00
74002,Elks Post 1562,2) Draft and Package,523 Kinderkamack Rd,Westwood,Bergen,Bergen,1.00,363.00
74004,P J Finnegan's,2) Draft and Package,274 Fairview Ave,Westwood,Bergen,Bergen,1.00,182.00
74008,MeltToba Restaurant,2) Draft and Package,250 Center Ave,Westwood,Bergen,Bergen,1.00,1.00
74010,Osteria Crescendo,2) Draft and Package,36 Jefferson Ave,Westwood,Bergen,Bergen,1.00,66.00
74012,Iron Horse,2) Draft and Package,20 Washington Ave,Westwood,Bergen,Bergen,1.00,188.00
74014,American Lgn (Z) (Westwood),3) Package Only,264 Washington Ave,Westwood,Bergen,Bergen,1.00,254.00
74019,K Of C Westwood,3) Package Only,40 Crest St,Westwood,Bergen,Bergen,1.00,14.00
74021,Bar Mutz,2) Draft and Package,90 Center Ave,Westwood,Bergen,Bergen,1.00,94.00
75001,Emerson Hotel,2) Draft and Package,31 Emerson Plaza E,Emerson,Bergen,Bergen,1.00,448.00
76001,Golden Pub (P),2) Draft and Package,335 Market St,Saddle Brook,Bergen,Bergen,1.00,169.00
76004,Marriot Hotel(A)Saddle Bk,2) Draft and Package,138 New Pehle Ave,Saddle Brook,Bergen,Bergen,1.00,225.00
76005,Midland Brewhouse (A),2) Draft and Package,374 North Midland Ave,Saddle Brook,Bergen,Bergen,1.00,522.00
76007,Matsuya,3) Package Only,490 Market St,Saddle Brook,Bergen,Bergen,1.00,63.00
76008,Saddle Brook (A) Diner,3) Package Only,30 Market St,Saddle Brook,Bergen,Bergen,1.00,63.00
76009,The Plank Pizza And Bar,2) Draft and Package,383 Market St,Saddle Brook,Bergen,Bergen,1.00,54.00
76012,Excelsior (Z),3) Package Only,190 Rte 46,Saddle Brook,Bergen,Bergen,1.00,68.00
76013,Vfw Of Saddlebrook,2) Draft and Package,44 Market St,Saddle Brook,Bergen,Bergen,1.00,471.00
76014,Que Pasta (A),3) Package Only,326 Market St,Saddle Brook,Bergen,Bergen,1.00,83.00
76021,Saddle Brook Liquor & Bar,2) Draft and Package,383 Market St,Saddle Brook,Bergen,Bergen,1.00,5778.00
76022,American Lgn (Z) (Saddle Brook),3) Package Only,302 Midland Ave,Saddle Brook,Bergen,Bergen,1.00,255.00
77003,Blue 42 Restaurant & Bar,2) Draft and Package,158 Market St,Elmwood Park,Bergen,Bergen,1.00,913.00
77011,Asu Mare Peru Restobar,2) Draft and Package,430 Market St,Elmwood Park,Bergen,Bergen,1.00,146.00
77013,William J. Mulligan VFW Post 281,2) Draft and Package,6 Veterans Pl,Elmwood Park,Bergen,Bergen,1.00,372.00
77014,Blvd Bar & Grill (Z),2) Draft and Package,401 Boulevard,Elmwood Park,Bergen,Bergen,1.00,290.00
77017,Hook & Reel,2) Draft and Package,100 Broaway Suite 13,Elmwood Park,Bergen,Bergen,1.00,196.00
77031,Parkway Lanes,2) Draft and Package,200 Rt 46 East,Elmwood Park,Bergen,Bergen,1.00,298.00
77033,Elmwood Pk-Pater Elks #60,3) Package Only,192 Market St,Elmwood Park,Bergen,Bergen,1.00,5.00
77034,American Lgn Elmwood Park,2) Draft and Package,1 Legion Pl,Elmwood Park,Bergen,Bergen,1.00,16.00
77038,Taverna Mykonos,3) Package Only,238 Broadway,Elmwood Park,Bergen,Bergen,1.00,1507.83
78007,Woodstone Pizza B & G,2) Draft and Package,352 W. Passaic Street,Rochelle Park,Bergen,Bergen,1.00,169.00
78010,American Lgn Rochelle Pk,2) Draft and Package,33 W Passaic St,Rochelle Park,Bergen,Bergen,1.00,600.00
78011,Nanni's (A),3) Package Only,53 W Passaic St,Rochelle Park,Bergen,Bergen,1.00,55.00
78014,Longhorn Steak Rochele Pk,2) Draft and Package,160 Rte 17 North,Rochelle Park,Bergen,Bergen,1.00,284.00
78016,Outback Stk Hse Roch Pk,2) Draft and Package,194 Rt 17 N,Rochelle Park,Bergen,Bergen,1.00,168.00
78017,El Asadero Mexican Grill (Rochelle Park),2) Draft and Package,375 W. Passaic St.,Rochelle Park,Bergen,Bergen,1.00,13758.15
78018,Columbian Club (Z),2) Draft and Package,235 Rochelle Ave,Rochelle Park,Bergen,Bergen,1.00,127.00
79001,Victor's Maywood Inn,2) Draft and Package,122 W Pleasant Ave,Maywood,Bergen,Bergen,1.00,641.00
79009,American Lgn (Z) (Maywood),2) Draft and Package,135 E Passaic,Maywood,Bergen,Bergen,1.00,152.00
79010,Ruth's Chris Steakhouse (Maywood),2) Draft and Package,83 W. Spring Valley Ave,Maywood,Bergen,Bergen,1.00,43.00
79011,K Of C Maywood,2) Draft and Package,105 Grove Ave,Maywood,Bergen,Bergen,1.00,21.00
80003,The Capital Grille (A),3) Package Only,1 Garden State Plaza,Paramus,Bergen,Bergen,1.00,148.00
80007,The Orange Lantern,2) Draft and Package,15 E Firehouse Lane,Paramus,Bergen,Bergen,1.00,1231.00
80008,Fogo de Chao (Paramus),2) Draft and Package,Garden St Plaza,Paramus,Bergen,Sales,1.00,106.00
80009,Houlihans (Para)(A),2) Draft and Package,65 Rt 4 West,Paramus,Bergen,Bergen,1.00,190.00
80010,Suburban Diner,2) Draft and Package,172 Route 17 N,Paramus,Bergen,Bergen,1.00,41.00
80011,Casa De Montecristo,2) Draft and Package,184 Route 17n.,Paramus,Bergen,Bergen,1.00,233.00
80012,California Pizza Paramus,2) Draft and Package,1160 Garden State Plaza,Paramus,Bergen,Bergen,1.00,107.00
80013,Bonefish Grill (A) (Paramus),2) Draft and Package,601 From Road,Paramus,Bergen,Bergen,1.00,145.00
80015,Nordstrom Garden Court,3) Package Only,501 Garden State Plaza,Paramus,Bergen,Sales,1.00,10.00
80017,Season's 52,3) Package Only,1 Garden State Plaza,Paramus,Bergen,Sales,1.00,87.00
80018,Millers Paramus Ale House,2) Draft and Package,270 Rt. 4 East,Paramus,Bergen,Bergen,1.00,1930.00
80019,Kiku Restaurant,3) Package Only,365 Rte 17 So.,Paramus,Bergen,Bergen,1.00,306.00
80023,Red Lobster Paramus,2) Draft and Package,211 Rt 17,Paramus,Bergen,Bergen,1.00,76.00
80024,Applebee's Paramus,2) Draft and Package,Fashion Ctr Mall Rt17 N,Paramus,Bergen,Bergen,1.00,257.00
80027,Ridgewood Country Club,2) Draft and Package,96 W Midland Ave,Paramus,Bergen,Bergen,1.00,554.00
80028,El Cid,2) Draft and Package,205 Paramus Rd,Paramus,Bergen,Bergen,1.00,193.00
80029,Seoul Galbi,3) Package Only,123 Paramus Rd,Paramus,Bergen,Bergen,1.00,358.00
80031,Grand Lux Cafe (A),2) Draft and Package,1 Garden State Plaza,Paramus,Bergen,Bergen,1.00,182.00
80033,Elks Post 2001 Paramus,2) Draft and Package,200 Rt 17,Paramus,Bergen,Bergen,1.00,50.00
80035,Arcola Country C.,2) Draft and Package,24 Paramus Rd,Paramus,Bergen,Bergen,1.00,274.00
80040,Biagio's,2) Draft and Package,299 Paramus Rd,Paramus,Bergen,Bergen,1.00,1071.00
80042,Olive Garden Paramus,2) Draft and Package,1620 Bergen Town Center,Paramus,Bergen,Bergen,1.00,144.00
80053,Paramus Courtyard,3) Package Only,320 Rte 17 No,Paramus,Bergen,Bergen,1.00,38.00
80054,Chili's Paramus,2) Draft and Package,75 Rt17 Garden State Pl,Paramus,Bergen,Bergen,1.00,233.00
80057,On The Border Paramus,2) Draft and Package,71 Rt17 Garden State Pl,Paramus,Bergen,Bergen,1.00,30.00
80061,The Green Lounge,2) Draft and Package,314 Paramus Rd,Paramus,Bergen,Bergen,1.00,2696.25
80062,Hampton Inn Paramus,3) Package Only,625 From Rd,Paramus,Bergen,Bergen,1.00,51.00
80063,Eddie V's,3) Package Only,1 Garden State Plaza,Paramus,Bergen,Sales,1.00,164.00
81002,Shoti Bread House,2) Draft and Package,14-29 River Rd,Fair Lawn,Bergen,Sales,1.00,30.00
81003,Fair Lawn Lanes (P),2) Draft and Package,22-22 Maple Ave,Fair Lawn,Bergen,Bergen,1.00,236.00
81004,Stosh's Craft Bar (Z),2) Draft and Package,18 15 Maple Ave,Fair Lawn,Bergen,Bergen,1.00,441.00
81005,The Craftsman,2) Draft and Package,6-18 Maple Ave,Fair Lawn,Bergen,Sales,1.00,381.00
81012,Dutch House,2) Draft and Package,24-07 Fair Lawn Ave,Fair Lawn,Bergen,Bergen,1.00,364.00
81015,Fair Lawn Athletic Club,2) Draft and Package,14-19 Paramelee Ave,Fair Lawn,Bergen,Bergen,1.00,373.00
81017,JJ's Pub,2) Draft and Package,25-01 Broadway,Fair Lawn,Bergen,Bergen,1.00,739.00
81018,B R C Catering (P),2) Draft and Package,24-20 Broadway,Fair Lawn,Bergen,Bergen,1.00,235.00
81019,Oceanos Osyter Bar Grill,3) Package Only,2-27 Saddle River Rd,Fair Lawn,Bergen,Bergen,1.00,426.40
81023,K Of C W Bergen,2) Draft and Package,16-16 Maple Ave,Fair Lawn,Bergen,Bergen,1.00,33.00
81024,Anthony's Coal Fired Pizza (Fair Lawn),2) Draft and Package,2101 Promenade Blvd,Fair Lawn,Bergen,Bergen,1.00,186.00
81027,RP Prime Steakhouse,2) Draft and Package,41-11 Rte 4 W,Fair Lawn,Bergen,Bergen,1.00,77.00
81029,Cosmo Club (Z),2) Draft and Package,33-02 Morlot Avenue,Fair Lawn,Bergen,Bergen,1.00,47.00
81031,Rail Yard Tavern (P),2) Draft and Package,14-26 Plaza Rd,Fair Lawn,Bergen,Bergen,1.00,-8.00
81032,Hyatt Place Fair Lawn (A),3) Package Only,41-01 Broadway,Fair Lawn,Bergen,Bergen,1.00,27.00
83005,Glen Rock Inn,2) Draft and Package,222 Rock Rd,Glen Rock,Bergen,Bergen,1.00,2214.00
83008,Glen Rock Ac Clb(P),2) Draft and Package,221 Main St,Glen Rock,Bergen,Bergen,1.00,458.00
83009,Jalapeno Mex. Grille(A),2) Draft and Package,930 Prospect St,Glen Rock,Bergen,Bergen,1.00,216.00
83011,Stone & Rail,2) Draft and Package,175 Rock Rd,Glen Rock,Bergen,Bergen,1.00,209.00
84006,Roots Ridgewood (A),3) Package Only,17 Chestnut St,Ridgewood,Bergen,Bergen,1.00,40.00
84007,Steel Wheel Tavern,2) Draft and Package,51 N Broad St,Ridgewood,Bergen,Bergen,1.00,370.00
84009,Mac Murphy,2) Draft and Package,8 Godwin Ave,Ridgewood,Bergen,Bergen,1.00,913.00
84011,The Madison Rose,2) Draft and Package,2-4 Garber Square,Ridgewood,Bergen,Sales,1.00,34.00
84012,Bareburger (Ridgewood),2) Draft and Package,15 E Ridgewood Ave,Ridgewood,Bergen,Bergen,1.00,576.00
84015,The Office 2131 Ridgewood,2) Draft and Package,32-34 Chestnut St,Ridgewood,Bergen,Bergen,1.00,213.00
84021,Upper Ridgewood Tennis(A),3) Package Only,915 Glenview Road,Ridgewood,Bergen,Bergen,1.00,58.00
84022,Park West Tavern,2) Draft and Package,30 Oak Street,Ridgewood,Bergen,Bergen,1.00,889.00
85001,Eleven Central,2) Draft and Package,11 Central Ave,Midland Park,Bergen,Bergen,1.00,424.00
85003,Arturo's Restaurnt,2) Draft and Package,41 Central Ave,Midland Park,Bergen,Bergen,1.00,57.00
85005,Vol Fire Co Midland Pk.,3) Package Only,45 Witte Dr,Midland Park,Bergen,Bergen,1.00,20.00
86002,Doghouse Saloon (Z),2) Draft and Package,270 Pascack Rd,Washington Twsp,Bergen,Bergen,1.00,847.00
86005,K Of C (Z) Washing. Twsp,2) Draft and Package,79 Pascack Rd,Washington Twsp,Bergen,Bergen,1.00,226.00
86006,Seasons Catering (A),3) Package Only,644 Pascack Rd,Washington Twsp,Bergen,Bergen,1.00,196.00
86007,Bacari,3) Package Only,800 Ridgewood Rd,Washington Twsp,Bergen,Bergen,1.00,205.00
87006,Hohokus Inn & Tavern,2) Draft and Package,1 Franklin Tpke,Hohokus,Bergen,Bergen,1.00,84.00
88002,Nellie's Place (P),2) Draft and Package,9 Franklin Tpk,Waldwick,Bergen,Bergen,1.00,467.00
88003,W's Village Grille,2) Draft and Package,71 Crescent Ave,Waldwick,Bergen,Bergen,1.00,344.00
88006,Andrea's Restaurant,2) Draft and Package,20 E Prospect St,Waldwick,Bergen,Bergen,1.00,20.00
88007,Charlie's Place,2) Draft and Package,18 W Prospect St,Waldwick,Bergen,Bergen,1.00,86.00
88008,American Lgn (P) (Waldwick),2) Draft and Package,46 Franklin Tpke,Waldwick,Bergen,Bergen,1.00,119.00
88009,Matthew Colonial Rest(A),3) Package Only,4 Franklin Tpke,Waldwick,Bergen,Bergen,1.00,25.00
89001,Savini Rest (A),3) Package Only,168 W Cresent Ave,Allendale,Bergen,Bergen,1.00,126.00
89002,Allendale Bar & Grill,2) Draft and Package,67 Allendale Ave,Allendale,Bergen,Bergen,1.00,802.00
92002,Anthony's CF Pizza (A) (Ramsey),2) Draft and Package,984 Route 17 No Suite B,Ramsey,Bergen,Bergen,1.00,277.00
92003,Bar Boutique,2) Draft and Package,110 E Main St,Ramsey,Bergen,Bergen,1.00,70.00
92004,Brothers Smokehouse,2) Draft and Package,900 Rte 17 No,Ramsey,Bergen,Bergen,1.00,289.00
92005,Kinchley's,2) Draft and Package,586 Franklin Tpk,Ramsey,Bergen,Bergen,1.00,565.00
92006,Chili's Ramsey (A),2) Draft and Package,900 Rt 17 N,Ramsey,Bergen,Bergen,1.00,218.00
92007,Brady's At(A)The Station,2) Draft and Package,5 W Main St,Ramsey,Bergen,Bergen,1.00,1070.00
92010,Houlihan's Ramsey,2) Draft and Package,706 Rt 17 N,Ramsey,Bergen,Bergen,1.00,168.00
92012,The Shannon Rose/Ramsey,2) Draft and Package,1200 Rt 17 N,Ramsey,Bergen,Bergen,1.00,488.00
92013,Varka,3) Package Only,30 N Spruce St,Ramsey,Bergen,Bergen,1.00,198.00
92014,Ramsey Country Clb,2) Draft and Package,105 Lakeside Dr,Ramsey,Bergen,Bergen,1.00,525.00
92016,K Of C Ramsey,2) Draft and Package,48 Mechanic St,Ramsey,Bergen,Bergen,1.00,26.00
93001,Stateline Diner (P),2) Draft and Package,375 Rt 17 N,Mahwah,Bergen,Bergen,1.00,91.00
93002,Roxanne's A),2) Draft and Package,150 Franklin Tpk,Mahwah,Bergen,Bergen,1.00,308.00
93004,Mahwah B & G (A),2) Draft and Package,2 Island Rd,Mahwah,Bergen,Bergen,1.00,601.00
93005,Mason Jar Restaurant,2) Draft and Package,219 Ramapo Valley Rd,Mahwah,Bergen,Bergen,1.00,614.00
93007,Rp Prime Restaurant,2) Draft and Package,209 Ramapo Valley Rd,Mahwah,Bergen,Bergen,1.00,199.00
93008,Nonna's Pizza,2) Draft and Package,11 Franklin Tpke,Mahwah,Bergen,Bergen,1.00,97.00
93013,Elks Post 1941 (Z),3) Package Only,1 Foxwood Ln,Mahwah,Bergen,Bergen,1.00,386.00
93014,Double Tree By Hilton,2) Draft and Package,180 Rt 17 S,Mahwah,Bergen,Bergen,1.00,201.00
93016,Sangria Taps/Rest(Z),3) Package Only,1033 Mac Arthur Blvd(Ctr),Mahwah,Bergen,Bergen,1.00,32.00
93018,Courtyard Mahwah,2) Draft and Package,140 Rt 17 S,Mahwah,Bergen,Bergen,1.00,90.00
94002,Trovato's Due (Z),2) Draft and Package,4 Barbara Lane,Oakland,Bergen,Bergen,1.00,182.00
94003,Segovia Tavern,2) Draft and Package,110 W Oakland Ave,Oakland,Bergen,Bergen,1.00,273.00
94004,Hansil's Bar (P),2) Draft and Package,7 Ramapo Valley Rd.,Oakland,Bergen,Bergen,1.00,241.00
94005,Cenzino's (P),3) Package Only,589 Ramapo Valley Rd,Oakland,Bergen,Bergen,1.00,70.00
94006,Harvest and Ale,2) Draft and Package,588 Ramapo Valley Rd,Oakland,Bergen,Sales,1.00,1353.50
94009,Oakland Diner,3) Package Only,72 Ramapo Valley Rd,Oakland,Bergen,Bergen,1.00,88.00
94010,Portobello Banquets,2) Draft and Package,155 Ramapo Valley Rd,Oakland,Bergen,Bergen,1.00,120.00
94011,Elks Post 2167,2) Draft and Package,33 Ramapo Valley Rd,Oakland,Bergen,Bergen,1.00,57.00
94012,Holiday Bowl,2) Draft and Package,29 Spruce St,Oakland,Bergen,Bergen,1.00,579.00
94013,Portobello Feasts,3) Package Only,175 Ramapo Valley Rd,Oakland,Bergen,Bergen,1.00,271.00
94016,Doc Watsons NJ,2) Draft and Package,20 Elm St,Oakland,Bergen,Bergen,1.00,386.00
95001,Pazza,3) Package Only,794 Franklin Ave,Franklin Lakes,Bergen,Bergen,1.00,308.00
95002,Indian Trail Club,2) Draft and Package,830 Franklin Lakes Rd,Franklin Lakes,Bergen,Bergen,1.00,297.00
96001,Wyckoff Tavern Kitchen and Bar,2) Draft and Package,315 Franklin Ave,Wyckoff,Bergen,Sales,1.00,156.00
96005,The Brick House (P),2) Draft and Package,179 Godwin Ave,Wyckoff,Bergen,Bergen,1.00,494.00
96006,Blue Moon Mexican Cafe,2) Draft and Package,327j Franklin Ave,Wyckoff,Bergen,Bergen,1.00,643.00
96007,The Original Barn,2) Draft and Package,359 Sicomac Ave,Wyckoff,Bergen,Bergen,1.00,97.00
96010,Aldo's Italian Rest(Z),2) Draft and Package,640 Wyckoff Ave,Wyckoff,Bergen,Bergen,1.00,291.00
150009,Gaslight Brewery & Rest.,2) Draft and Package,15 S Orange Ave,South Orange,Essex,Essex,1.00,3.00
150010,Cloverleaf Tavern,2) Draft and Package,395 Bloomfield Ave,Caldwell,Essex,Essex,1.00,96.00
150014,Tierney's Tavern(A),2) Draft and Package,138 Valley Road,Montclair,Essex,Essex,1.00,205.00
150015,Michael Roscommon Hs(A),2) Draft and Package,531 Joralemon St,Belleville,Essex,Essex,1.00,1.00
150024,Mcgovern's Tavern(A),2) Draft and Package,58 New Street,Newark,Essex,Essex,1.00,41.00
150049,Verona Inn(Z),2) Draft and Package,624 Bloomfield Ave,Verona,Essex,Essex,1.00,25.00
150050,Fitzgerald 1928,2) Draft and Package,13 Herman St,Glen Ridge,Essex,Essex,1.00,32.00
150054,Mad For Chicken Newark,2) Draft and Package,224 Market St,Newark,Essex,Essex,1.00,908.00
150084,Pineapple Express Barbecue,2) Draft and Package,1 Lackawanna Plaza,Montclair,Essex,Sales,1.00,374.00
150085,The Oakley Kitchen,2) Draft and Package,789 Bloomfield Ave,Nutley,Essex,Essex,1.00,3.00
150092,Shillelagh Club,2) Draft and Package,648 Prospect Ave,West Orange,Essex,Essex,1.00,14.00
150096,Prudential Center,3) Package Only,165 Mulberry St.,Newark,Essex,Essex,1.00,6671.00
150099,Prime 94 Steakhouse & Grill,2) Draft and Package,94 Fairfield Road,Fairfield,Essex,Essex,1.00,14.00
150104,Sidelines Bar And Grill,2) Draft and Package,198 Us-46,Fairfield,Essex,Essex,1.00,11.00
150110,Mountain Ridge Cc,2) Draft and Package,713 Passaic Ave,West Caldwell,Essex,Essex,1.00,20.00
150112,The Old Canal Inn,2) Draft and Package,2 East Passaic Ave,Nutley,Essex,Essex,1.00,18.00
150122,Nomada,2) Draft and Package,706 Bloomfield Ave,Verona,Essex,Sales,1.00,11.00
150123,Cowans Public,2) Draft and Package,229 Centre St,Nutley,Essex,Essex,1.00,15.00
150124,Just Jakes,2) Draft and Package,30 Park St,Montclair,Essex,Essex,1.00,55.00
150125,American Whiskey Newark,2) Draft and Package,51 Edison Place,Newark,Essex,Essex,1.00,4.00
150137,Danahers,2) Draft and Package,31 Passaic Ave,Fairfield,Essex,Essex,1.00,46.00
150139,Mompou Restaurant,2) Draft and Package,77 Ferry St,Newark,Essex,Essex,1.00,32.00
150142,Fornos Of Spain (A),3) Package Only,47 Ferry St,Newark,Essex,Essex,1.00,10.00
150146,Bello's,2) Draft and Package,376 Market St,Newark,Essex,Essex,1.00,58.00
150148,St.James Gate Public House,2) Draft and Package,167 Maplewood Ave,Maplewood,Essex,Essex,1.00,16.00
150159,Castle Rock Bar and Grill,2) Draft and Package,440 Main St,West Orange,Essex,Essex,1.00,2.00
150161,Essex County Cc (A),2) Draft and Package,350 Mt.Pleasant Ave,West Orange,Essex,Essex,1.00,5.00
150165,Marriott @Newark Liberty,2) Draft and Package,1 Hotel Rd,Newark,Essex,Essex,1.00,56.00
150185,Redds Biergarten,2) Draft and Package,216-220 Market St,Newark,Essex,Essex,1.00,217.00
150187,Burke's Tavern,2) Draft and Package,150 Lafeyette St,Newark,Essex,Essex,1.00,10.00
150195,DOUGH,2) Draft and Package,168 Passaic Ave,Fairfield,Essex,Sales,1.00,187.00
150196,Franklin Steakhouse Tvrn,2) Draft and Package,318 Passaic Ave,Fairfield,Essex,Essex,1.00,9.00
150199,Town Pub Of Bloomfeild,2) Draft and Package,378 Broad St,Bloomfield,Essex,Essex,1.00,11.00
150205,Dillon's,2) Draft and Package,45 Freeman St,West Orange,Essex,Essex,1.00,10.00
150215,Castaway Restaurant,3) Package Only,284 Watchung Ave,Orange,Essex,Essex,1.00,79.00
150228,Antik Greek Kitchens,2) Draft and Package,335 Fairfield Road,Fairfield,Essex,Essex,1.00,17.00
150231,Village Hall,2) Draft and Package,101 South Orange Ave,South Orange,Essex,Essex,1.00,9.00
150232,Avenue Bistro,2) Draft and Package,558 Bloomfield Ave,Verona,Essex,Essex,1.00,4.00
150235,460 BISTRO,2) Draft and Package,460 Pleasant Valley Way,West Orange,Essex,Essex,1.00,27.00
150244,Bacchanal Junction,2) Draft and Package,558 Arlington Ave,Bloomfield,Essex,Sales,1.00,6.00
150245,Levy @ The Prudential Center,3) Package Only,165 Mulberry St.,Newark,Essex,Essex,1.00,1121.00
150249,Millburn Standard,2) Draft and Package,42 Main St,Millburn,Essex,Essex,1.00,46.00
150250,Par 440 Restaurant,2) Draft and Package,440 Parsonage Hill Rd,Short Hills,Essex,Essex,1.00,29.00
150252,Guys & Dolls Billiards & Sports Bar,2) Draft and Package,524 Washington Ave,Belleville,Essex,Essex,1.00,12.00
150260,Glen Ridge Country Club,2) Draft and Package,555 Ridgewood Ave,Glen Ridge,Essex,Essex,1.00,17.00
150300,Obals Inn,2) Draft and Package,439 Broad St,Bloomfield,Essex,Essex,1.00,177.00
150302,The Blue Steel Pizza Co.,2) Draft and Package,285 Glenwood Ave,Bloomfield,Essex,Essex,1.00,3015.20
150305,Six Points Pub,2) Draft and Package,574 Bloomfield Ave,Bloomfield,Essex,Essex,1.00,133.00
150450,Ringside Pub,2) Draft and Package,379 Bloomfield Ave,Caldwell,Essex,Essex,1.00,20.00
150499,Garden State Tavern,2) Draft and Package,811 Passaic Ave,West Caldwell,Essex,Essex,1.00,9.00
150501,Nikko Hibachi Steakhouse,2) Draft and Package,38 2 Bridges Rd,Fairfield,Essex,Essex,1.00,112.00
150611,Jim Dandy's,2) Draft and Package,563 Franklin Ave,Nutley,Essex,Essex,1.00,37.00
150619,Grasshopper Cedar Grove,2) Draft and Package,292 Grove Ave,Cedar Grove,Essex,Essex,1.00,53.00
150626,Pub At Njit,2) Draft and Package,150 Bleeker Street,Newark,Essex,Essex,1.00,25.00
150641,Otg Management Ewr,2) Draft and Package,1 Terminal C Newark Liberty or,Newark,Essex,Essex,1.00,241.00
150655,Lufthansa Business Lounge,2) Draft and Package,3 Brewster Rd Terminal B,Newark,Essex,Essex,1.00,185.00
151020,Porta,2) Draft and Package,499 Bloomfield Ave,Montclair,Essex,Essex,1.00,3.00
151022,Egan & Sons,2) Draft and Package,116-118 Walnut St,Montclair,Essex,Essex,1.00,54.00
151024,The Wellmont Theater,2) Draft and Package,5 Seymour St,Montclair,Essex,Essex,1.00,18.00
151027,Halcyon Seafood Brasserie,2) Draft and Package,114 Walnut St,Montclair,Essex,Essex,1.00,59.00
151028,Faubourg Montclair,2) Draft and Package,544 Bloomfield Ave,Montclair,Essex,Essex,1.00,5.00
152034,Qxt's Nightclub,3) Package Only,248 Mulberry St,Newark,Essex,Essex,1.00,30.00
152037,The Deep Inn,2) Draft and Package,60 Pulaski St,Newark,Essex,Essex,1.00,9.00
170008,Zeppelin Hall (Z),2) Draft and Package,88 Liberty View Drive,Jersey City,Hudson,Hudson,1.00,460.00
170025,The Corner Pho,2) Draft and Package,189 Erie St,Jersey City,Hudson,Sales,1.00,10.00
170032,Texas-Arizona (A),2) Draft and Package,76 River Street,Hoboken,Hudson,Hudson,1.00,45.00
170042,O'nieal's (A),2) Draft and Package,343 Park Ave,Hoboken,Hudson,Hudson,1.00,82.00
170059,Mulligan's (P),2) Draft and Package,159 1st St,Hoboken,Hudson,Hudson,1.00,360.00
170061,O'Donnell's (P),2) Draft and Package,233 Harrison Ave,Harrison,Hudson,Hudson,1.00,2.00
170065,Hudson & Co. Bar & Grill,2) Draft and Package,3 2nd St Ste.150,Jersey City,Hudson,Hudson,1.00,12.00
170070,Levy @ Sports Illustrated Stadium,2) Draft and Package,600 Cape May St,Harrison,Hudson,Hudson,1.00,100.00
170104,Saku (P),3) Package Only,936 Park Ave,Hoboken,Hudson,Hudson,1.00,40.00
170113,Lira Ii Liquor,3) Package Only,514 62nd Street,West New York,Hudson,Hudson,1.00,30.00
170117,Thai O'brien (P),2) Draft and Package,478 Avenue E.,Bayonne,Hudson,Hudson,1.00,6.00
170118,Madison Bar & Grill,2) Draft and Package,1316 Washington Street,Hoboken,Hudson,Hudson,1.00,22.00
170126,Carpe Diem,2) Draft and Package,1405 Grand St.,Hoboken,Hudson,Hudson,1.00,30.00
170128,Dear Maud,2) Draft and Package,205 1st Street,Hoboken,Hudson,Hudson,1.00,25.00
170129,Ani Ramen House,2) Draft and Package,218 Newark Ave,Jersey City,Hudson,Hudson,1.00,33.00
170132,Cork City Pub,2) Draft and Package,239 Bloomfield Street,Hoboken,Hudson,Hudson,1.00,76.00
170133,The Ainsworth,2) Draft and Package,310 Sinatra Drive,Hoboken,Hudson,Hudson,1.00,1271.00
170138,Light Horse Tavern (A),2) Draft and Package,199 Washington Street,Jersey City,Hudson,Hudson,1.00,329.00
170141,Surf City,2) Draft and Package,11 Marin Blvd,Jersey City,Hudson,Hudson,1.00,78.00
170147,White Star Bar,2) Draft and Package,230 Brunswick St,Jersey City,Hudson,Hudson,1.00,21.00
170153,Molos Rest,2) Draft and Package,1 Pershing Rd,Weehawken,Hudson,Hudson,1.00,70.00
170154,White Star Harbor Bar(P),2) Draft and Package,179 Warren St.,Jersey City,Hudson,Hudson,1.00,61.00
170155,Bangalore Kitchen,2) Draft and Package,126 River Dr S,Jersey City,Hudson,Hudson,1.00,20.00
170156,City Bistro (A),2) Draft and Package,56 14th St.,Hoboken,Hudson,Hudson,1.00,15.00
170157,Dorrian's Restaurant,2) Draft and Package,555 Washington Blvd,Jersey City,Hudson,Hudson,1.00,70.00
170166,BRICK LANE CURRY HOUSE,3) Package Only,136 Newark Ave,Jersey City,Hudson,Hudson,1.00,19.00
170167,South House,2) Draft and Package,149 Newark Ave,Jersey City,Hudson,Hudson,1.00,20.00
170170,Grand Vin,2) Draft and Package,500 Grand St,Hoboken,Hudson,Hudson,1.00,7.00
170177,LegendsFC,2) Draft and Package,130 Newark Ave,Jersey City,Hudson,Hudson,1.00,4.00
170192,Greene Hook Resturant,2) Draft and Package,70 Greene St,Jersey City,Hudson,Hudson,1.00,40.00
170193,Mcginley Square Pub,2) Draft and Package,755 Montgomery St.,Jersey City,Hudson,Hudson,1.00,12.00
170204,Pint (Z),2) Draft and Package,34 Wayne Street,Jersey City,Hudson,Hudson,1.00,59.00
170221,Hudson Hall(A),2) Draft and Package,364 Marin Blvd,Jersey City,Hudson,Hudson,1.00,25.00
170223,Ohara's Downtown,2) Draft and Package,172 First St,Jersey City,Hudson,Hudson,1.00,33.00
170229,Joia Restaurant,2) Draft and Package,1100 Frank E. Rogers Blvd,Harrison,Hudson,Hudson,1.00,10.00
170231,Hyatt Regency,2) Draft and Package,2 Exchange Place,Jersey City,Hudson,Hudson,1.00,30.00
170235,Lucky 7 Tavern,2) Draft and Package,322 2nd St.,Jersey City,Hudson,Hudson,1.00,700.00
170236,Taphaus,2) Draft and Package,2 2nd St,Jersey City,Hudson,Hudson,1.00,9.00
170240,The Greenroom,2) Draft and Package,203 Frank E. Rodgers Blvd,Harrison,Hudson,Hudson,1.00,91.00
170241,American Legion Hoboken Post107,2) Draft and Package,308 2nd St.,Hoboken,Hudson,Hudson,1.00,42.00
170243,Hendrick's Corner,2) Draft and Package,671 Broadway,Bayonne,Hudson,Hudson,1.00,46.00
170249,White Eagle Hall,2) Draft and Package,335-337 Newark Ave,Jersey City,Hudson,Hudson,1.00,86.00
170254,Park Tavern,2) Draft and Package,575 West Side Ave,Jersey City,Hudson,Hudson,1.00,51.00
170257,Harrys Daughter,2) Draft and Package,339 Communipaw Ave,Jersey City,Hudson,Hudson,1.00,10.00
170260,Schmitty's,2) Draft and Package,359 First Street,Hoboken,Hudson,Hudson,1.00,47.00
170263,Aramark at Liberty Science Center,2) Draft and Package,222 Jersey City Blvd.,Jersey City,Hudson,Hudson,1.00,30.00
170264,Boots and Bones,2) Draft and Package,116 Newark Ave,Jersey City,Hudson,Hudson,1.00,142.00
170266,San Patricios Jersey City,2) Draft and Package,8 Erie St A,Jersey City,Hudson,Hudson,1.00,47.00
170267,Grace O'malleys,2) Draft and Package,140 Newark Ave,Jersey City,Hudson,Hudson,1.00,34.00
170268,The Ashford/Six 26,2) Draft and Package,145 Newark Ave,Jersey City,Hudson,Hudson,1.00,41.00
170275,Buddy's,2) Draft and Package,247 Washington St,Jersey City,Hudson,Hudson,1.00,46.00
170276,Mamak House,3) Package Only,Rt 1 So. Danforth Ave,Jersey City,Hudson,Hudson,1.00,28.00
170277,Bareburger (Jersey City),2) Draft and Package,143 Newark Ave,Jersey City,Hudson,Hudson,1.00,94.00
170278,Hyatt House Jersey City,2) Draft and Package,1 Exchange Place,Jersey City,Hudson,Hudson,1.00,192.00
170280,Stingray Lounge,2) Draft and Package,1210 Washington St,Hoboken,Hudson,Hudson,1.00,37.00
170282,The Hoboken Biergarten,2) Draft and Package,1422 Grand Street,Hoboken,Hudson,Hudson,1.00,642.00
170288,Canopy Jersey City,2) Draft and Package,159 Morgan St,Jersey City,Hudson,Hudson,1.00,36.00
170291,IKOS Greek Mediterranean,2) Draft and Package,190 Steuben St,Jersey City,Hudson,Hudson,1.00,114.00
170293,Dagda,2) Draft and Package,123 Newark Ave.,Jersey City,Hudson,Hudson,1.00,3357.14
170294,Halifax Restaurant,3) Package Only,225 River St,Hoboken,Hudson,Hudson,1.00,132.00
170313,Astor Bar & Grill,2) Draft and Package,725 Montgomery St,Jersey City,Hudson,Hudson,1.00,19.00
170314,The Brightside Tavern,2) Draft and Package,141 Bright St,Jersey City,Hudson,Hudson,1.00,12.00
170332,Abbey's Pub,2) Draft and Package,326 Third St,Jersey City,Hudson,Hudson,1.00,45.00
170367,Punjab Meet House,3) Package Only,25 Christopher Columbus Dr,Jersey City,Hudson,Hudson,1.00,13.00
170430,Franklin Social Club,2) Draft and Package,292 Barrow St,Jersey City,Hudson,Hudson,1.00,2.00
170463,Willie Mcbride's Pub/Rest,2) Draft and Package,616 Grand St,Hoboken,Hudson,Hudson,1.00,20.00
170467,80 River St Restaurant,2) Draft and Package,80 River St,Hoboken,Hudson,Hudson,1.00,2.00
170468,The Ferryman On 1st,2) Draft and Package,94 Bloomfield St,Hoboken,Hudson,Hudson,1.00,52.00
170469,Pier 13,2) Draft and Package,1301 Sinatra Driver North,Hoboken,Hudson,Hudson,1.00,387.00
170471,Union Hall,2) Draft and Package,306 Sinatra Drive,Hoboken,Hudson,Hudson,1.00,410.50
170914,Chili's Secaucus,2) Draft and Package,700 Plaza Drive,Secaucus,Hudson,Hudson,1.00,18.00
170915,The Franklin Bar & Restaurant,2) Draft and Package,780 5th St.,Secaucus,Hudson,Hudson,1.00,18.00
170916,Courtyard Secaucus Meadowlands,3) Package Only,455 Harmon Meadow Blvd.,Secaucus,Hudson,Hudson,1.00,21.00
171004,Donegal Saloon,2) Draft and Package,337 Kearny Ave,Kearny,Hudson,Hudson,1.00,111.00
171011,Belo Bar,2) Draft and Package,104 Hudson St,Hoboken,Hudson,Hudson,1.00,9.00
171012,Shepherd/Knucklehead Hobo,2) Draft and Package,1313 Willow Ave,Hoboken,Hudson,Hudson,1.00,17.00
171018,Urban Coal House,2) Draft and Package,116 14th St,Hoboken,Hudson,Hudson,1.00,52.00
171118,Antique Bar And Bakery,2) Draft and Package,122 Willow Ave,Hoboken,Hudson,Hudson,1.00,145.00
171308,Hook And Reel,2) Draft and Package,200 Passaic Ave Unit 6,Kearny,Hudson,Hudson,1.00,3.00
171309,KPot Korean BBQ & Hot Pot,2) Draft and Package,200 Passaic Ave,Kearny,Hudson,Hudson,1.00,12.00
171340,PF Changs China Bistro (West NY),2) Draft and Package,10 Port Imperial Blvd,West New York,Hudson,Hudson,1.00,13.00
171352,Urban Tandoor,2) Draft and Package,206 Harrison Ave,Harrison,Hudson,Hudson,1.00,10.00
171353,Fork Hill Kitchen,2) Draft and Package,201 16th Street,Union City,Hudson,Hudson,1.00,38.00
171360,Keeper's,2) Draft and Package,1100 S 5th St.,Harrison,Hudson,Sales,1.00,37.00
171412,Left Bank Burger Bar (A),2) Draft and Package,194 Newark Ave,Jersey City,Hudson,Hudson,1.00,5.00
171413,Green Rock Tap & Grill,2) Draft and Package,70 Hudson St.,Hoboken,Hudson,Hudson,1.00,6.00
172016,Karma Kafe,3) Package Only,505 Washington St,Hoboken,Hudson,Hudson,1.00,40.00
172050,Bar Sagua,2) Draft and Package,6501 Dewey Ave,West New York,Hudson,Hudson,1.00,125.00
173037,Hudson Golf,2) Draft and Package,16 Hudson Place,Hoboken,Hudson,Hudson,1.00,25.00
173039,The Brass Rail Restaurant,2) Draft and Package,135 Washington St,Hoboken,Hudson,Hudson,1.00,112.00
173042,EMPYREAN INDIAN KITCHEN,3) Package Only,20 HUDSON PL.,Hoboken,Hudson,Sales,1.00,20.00
173043,The Shannon,2) Draft and Package,106 1st Street,Hoboken,Hudson,Hudson,1.00,65.00
173053,Finnegans,2) Draft and Package,734 Willow Ave,Hoboken,Hudson,Hudson,1.00,87.00
173054,10th & Willow Bar & Grill,2) Draft and Package,935 Willow Ave,Hoboken,Hudson,Hudson,1.00,5.00
173059,The Stewed Cow,2) Draft and Package,400 Adams St,Hoboken,Hudson,Hudson,1.00,16.00
173060,8th Street Tavern,2) Draft and Package,800 Washington St,Hoboken,Hudson,Hudson,1.00,19.00
173068,The Hutten Tavern,2) Draft and Package,225 Hutten St,Jersey City,Hudson,Hudson,1.00,26.00
173069,Curry On,2) Draft and Package,765 Newark Ave,Jersey City,Hudson,Hudson,1.00,32.00
173072,Rasoi Restaurant,2) Draft and Package,810 Newark Ave,Jersey City,Hudson,Hudson,1.00,20.00
173073,Corkscrew Bar,2) Draft and Package,61 Congress St,Jersey City,Hudson,Hudson,1.00,169.00
173078,Cheese+Wine,2) Draft and Package,720 Monroe St C102,Hoboken,Hudson,Hudson,1.00,46.00
173079,Snack Bar,2) Draft and Package,520 Adams ST,Hoboken,Hudson,Hudson,1.00,33.00
173900,Otaiko Hibachi & Sushi,3) Package Only,125 Lefante Way,Bayonne,Hudson,Hudson,1.00,115.00
174001,Shorty's,2) Draft and Package,279 Broadway,Bayonne,Hudson,Hudson,1.00,38.00
174151,Eddy's Bar & Liquor,2) Draft and Package,504 Kennedy Blvd,Bayonne,Hudson,Hudson,1.00,45.00
174153,OTS BY LLC (Aqua),2) Draft and Package,54 Flagship St.,Bayonne,Hudson,Hudson,1.00,2.00
178011,The Highwood,2) Draft and Package,500 Ave @ Port Imperial,Weehawken,Hudson,Hudson,1.00,539.00
178013,Hudson Blue,2) Draft and Package,4800 Ave @ Port Imperial,Weehawken,Hudson,Hudson,1.00,10.00
178018,Rancho Mateo,2) Draft and Package,9011 Palisade Ave,North Bergen,Hudson,Hudson,1.00,69.00
178104,Asian Grill & Sushi,2) Draft and Package,7827 Bergenline Ave,North Bergen,Hudson,Hudson,1.00,29.00
178107,Empyrean Bistro & Bar,2) Draft and Package,800 Jackson Street,Hoboken,Hudson,Hudson,1.00,30.00
179012,Plank Road Inn (A),2) Draft and Package,1538 Paterson Plank Road,Secaucus,Hudson,Hudson,1.00,13.00
179013,Dublin Yard,2) Draft and Package,146 Front St,Secaucus,Hudson,Hudson,1.00,40.00
179018,Te-Amo,3) Package Only,1299 Paterson Plank Rd,Secaucus,Hudson,Hudson,1.00,34.00
190004,54 Main Cafe,2) Draft and Package,54 Main St,Madison,Morris,Morris 2,1.00,4.00
190016,12 Islands Greek Taverna,2) Draft and Package,1255 Valley Rd,Stirling,Morris,Morris 2,1.00,87.00
190018,Big Ed's (Circle Bowl),2) Draft and Package,1107 Route 46 W,Ledgewood,Morris,Morris 2,1.00,162.00
190021,Randolph Diner,2) Draft and Package,517 New Jersey 10,Randolph,Morris,Morris 2,1.00,12.00
190024,Jt Mcq's Sports Bar (P),3) Package Only,540 NJ-10,Randolph,Morris,Morris 2,1.00,51.00
190032,The Thirsty Turtle (Florham Park),2) Draft and Package,186 Columbia Turnpike,Florham Park,Morris,Morris 2,1.00,6.00
190035,Revolution Bar,2) Draft and Package,9 South Street,Morristown,Morris,Morris 2,1.00,15.00
190042,Dublin Pub (A),2) Draft and Package,4 Pine Street,Morristown,Morris,Morris 2,1.00,26.00
190045,Tavern Off The Green,2) Draft and Package,127 Morris St,Morristown,Morris,Morris 2,1.00,21.00
190068,River Grille,2) Draft and Package,34 River Rd,Chatham,Morris,Morris 2,1.00,29.00
190072,Laundromat,2) Draft and Package,4 Dehart St,Morristown,Morris,Morris 2,1.00,2.00
190080,Archer Hotel-Florham Pk.,2) Draft and Package,130 Park Ave,Florham Park,Morris,Morris 2,1.00,1.00
190102,Lake Valhalla Club (P),2) Draft and Package,13 Vista Rd,Montville,Morris,Morris 1,1.00,252.00
190104,Black Rabbit Saloon LLC,2) Draft and Package,8 Main Rd,Montville,Morris,Morris 1,1.00,100.00
190106,Rails Steakhouse (A),2) Draft and Package,10 Whitehall Road,Towaco,Morris,Morris 1,1.00,193.00
190108,Harrigan's Rest. (P),2) Draft and Package,144 Main Rd,Montville,Morris,Morris 1,1.00,412.00
190112,Hoovers Tavern,2) Draft and Package,960 Tabor Rd,Morris Plains,Morris,Morris 2,1.00,78.00
190202,Boonton Elks,3) Package Only,125 Cornelia St,Boonton,Morris,Morris 1,1.00,21.00
190203,Boonton Lanes,3) Package Only,720 Myrtle Ave,Boonton,Morris,Morris 1,1.00,502.00
190205,Sharky's West (P),2) Draft and Package,108 Boonton Ave,Boonton,Morris,Morris 1,1.00,358.00
190206,Ombra,2) Draft and Package,516 Main St,Boonton,Morris,Morris 1,1.00,33.00
190210,Matta Donna (Z),2) Draft and Package,304 Myrtle Ave,Boonton,Morris,Morris 1,1.00,56.00
190214,Johnnie's Tavern,2) Draft and Package,301 Boonton Ave,Boonton,Morris,Morris 1,1.00,2009.00
190217,Nostrana Ristorante,2) Draft and Package,91 Elcock Ave,Boonton,Morris,Morris 1,1.00,88.00
190219,Columbia Inn,2) Draft and Package,29 Main Rd.,Montville,Morris,Morris 1,1.00,218.00
190220,Reservoir Tavern(A),2) Draft and Package,92 Parsippany Blvd,Boonton,Morris,Morris 1,1.00,314.00
190230,Stirling Hotel,2) Draft and Package,227 Main Ave,Stirling,Morris,Morris 2,1.00,10.00
190299,Vintage Tavern,2) Draft and Package,342 Valley Rd,Gillette,Morris,Morris 2,1.00,15.00
190301,American Lgn Lake Hiawath,3) Package Only,91 N Beverwyck Rd,Lake Hiawatha,Morris,Morris 1,1.00,61.00
190306,Lena y Carbon VII Parsippany,2) Draft and Package,450 N Beverwyck Rd,Parsippany,Morris,Morris 1,1.00,216.00
190312,The Knoll Country Club & Catering,3) Package Only,12 Knoll Lane,Boonton,Morris,Morris 1,1.00,531.00
190328,Tiff's Grill & Ale House,2) Draft and Package,231 Speedwell Ave,Morris Plains,Morris,Morris 2,1.00,12.00
190330,Parkside Tavern,2) Draft and Package,9 Speedwell Ave,Morristown,Morris,Morris 2,1.00,145.00
190429,Sheraton Parsippany Hotel,2) Draft and Package,199 Smith Rd,Parsippany,Morris,Morris 2,1.00,9.00
190431,SOCIAL HUB BY DHABA,2) Draft and Package,1735 RT 46,Parsippany,Morris,Morris 2,1.00,30.00
190503,The Station,2) Draft and Package,99 Midvale Rd.,Mountain Lakes,Morris,Morris 1,1.00,26.00
190505,Old Mill Tavern,2) Draft and Package,55 Rte 24,Chester,Morris,Morris 2,1.00,22.00
190512,Omg Burger & Brew,2) Draft and Package,141 Schooley's Mtn. Rd,Long Valley,Morris,Morris 2,1.00,11.00
190513,Redwoods Bar & Grill,2) Draft and Package,459 Main St.,Chester,Morris,Morris 2,1.00,4.00
190601,Thatcher Mcghee's (A),2) Draft and Package,53 Broadway,Denville,Morris,Morris 1,1.00,797.00
190605,Hunan Taste (Z),3) Package Only,67 Bloomfield Ave,Denville,Morris,Morris 1,1.00,194.00
190606,Peace Pipe Cc (P),2) Draft and Package,1 Lee Road,Denville,Morris,Morris 1,1.00,241.00
190607,Rockaway River Cc(P),2) Draft and Package,39 Pocono Rd,Denville,Morris,Morris 1,1.00,395.00
190608,Cedar Lake Club,2) Draft and Package,134 Cedar Lake E,Denville,Morris,Morris 1,1.00,54.00
190613,Rock Ridge Community,3) Package Only,55 Entrance Way,Denville,Morris,Morris 1,1.00,90.00
190615,The Second Half On Main,2) Draft and Package,5 E Main St Ste 15,Denville,Morris,Morris 1,1.00,157.00
190618,Sogo,2) Draft and Package,248 Rt 46 West,Denville,Morris,Morris 2,1.00,135.00
190702,Smith's Tavern,2) Draft and Package,175 E Main St,Rockaway,Morris,Morris 1,1.00,785.00
190704,Tavern On The Rocks,2) Draft and Package,9 Wall St,Rockaway,Morris,Morris 1,1.00,602.00
190706,Mill Lane Tavern,2) Draft and Package,8 Mill Lane,Rockaway,Morris,Morris 1,1.00,599.00
190707,The Exchange,2) Draft and Package,160 E Main St,Rockaway,Morris,Morris 1,1.00,407.00
190708,American Lgn Rockaway,2) Draft and Package,210 Chestnut Terr,Rockaway,Morris,Morris 1,1.00,120.00
190709,Adams (P),2) Draft and Package,123 Hibernia Ave,Rockaway,Morris,Morris 1,1.00,495.00
190710,Hilton Garden Inn Rockaway,2) Draft and Package,375 Mt Hope Ave,Rockaway,Morris,Morris 1,1.00,92.00
190712,White Meadow Lake Cc,2) Draft and Package,100 White Meadow Rd,Rockaway,Morris,Morris 1,1.00,201.00
190714,Green Pond Yacht Club (Z),3) Package Only,7 Dawson Drive,Green Pond,Morris,Morris 1,1.00,33.00
190716,Lake Telemark Country Clu,3) Package Only,38 Telemark Road,Rockaway,Morris,Morris 1,1.00,11.00
190717,Luzzi's (Z),3) Package Only,439 Green Pond Rd,Rockaway,Morris,Morris 1,1.00,48.00
190718,Marcella Community Club,3) Package Only,831 Greenpond Road,Rockaway,Morris,Morris 1,1.00,186.00
190721,Liquor Point,2) Draft and Package,260 RT 46 East,Dover,Morris,Morris 2,1.00,22.00
190723,Muldoon's Steak & Pub,2) Draft and Package,301 Mt Hope Ave,Rockaway,Morris,Morris 1,1.00,83.00
190724,PF Changs,2) Draft and Package,375 mountain ave rockaway mall,Rockaway,Morris,Morris 1,1.00,59.00
190796,The Office Bar/Los Arrieros,2) Draft and Package,34 West Clinton St.,Dover,Morris,Morris 2,1.00,50.00
190803,Germania Park,2) Draft and Package,56 Conger St.,Dover,Morris,Morris 1,1.00,59.00
190807,The Club (NAFIB4-22-A-0036),2) Draft and Package,Picatinny Arsenal 121 buffington road,Picatinny,Morris,Morris 1,1.00,85.00
190813,Picatinney Golf(NAFIB4-22-A-0036),2) Draft and Package,Bldg 121b,Picatinny,Morris,Morris 1,1.00,360.00
190815,Sam Adam's Pub (NAFIB4-22-A-0036),2) Draft and Package,Bldg 121a,Picatinny,Morris,Morris 1,1.00,23.00
190902,Betsy Ross Diner,2) Draft and Package,5708 Berkshire Valley Rd,Oak Ridge,Morris,Morris 1,1.00,16019.05
190903,Taphouse 15,2) Draft and Package,75 NJ-15,Wharton,Morris,Morris 1,1.00,253.00
190905,Rockaway River Barn,2) Draft and Package,11 Greenpond Rd,Rockaway,Morris,Morris 1,1.00,464.00
190908,4 Seasons Restaurant,2) Draft and Package,322 S Main St,Wharton,Morris,Morris 3,1.00,30.00
190910,NORTE 175,2) Draft and Package,175 N Main St,Wharton,Morris,Morris 1,1.00,94.00
190914,Colossal Restaurant,2) Draft and Package,392 N Main St,Wharton,Morris,Morris 1,1.00,6459.07
190918,Luna Restaurant & Bar,3) Package Only,42 N Main St,Wharton,Morris,Morris 1,1.00,336.00
190919,Amer Lgn Of Wharton 91,2) Draft and Package,99 N Main St,Wharton,Morris,Morris 1,1.00,238.00
190921,White Owl Tavern,2) Draft and Package,17 Fern Ave,Wharton,Morris,Morris 1,1.00,97.00
190923,Knotty Pine Pub (P),2) Draft and Package,242 E Union Turnpike,Wharton,Morris,Morris 1,1.00,922.00
190925,Olive Garden Rockaway,2) Draft and Package,323 Mt Hope Ave.,Rockaway,Morris,Morris 1,1.00,80.00
191001,Stone Water,2) Draft and Package,125 New Jersey 181,Lake Hopatcong,Morris,Morris 1,1.00,159.00
191004,Club 15(P),2) Draft and Package,619 NJ-15,Jefferson,Morris,Morris 1,1.00,1012.00
191006,Gatwyns II (P),2) Draft and Package,900 Route 15 North,Lake Hopatcong,Morris,Morris 1,1.00,255.00
191007,Charley's Tavern,2) Draft and Package,57 NJ-181,Lake Hopatcong,Morris,Morris 1,1.00,1553.00
191008,Jefferson Diner & Tav(P),2) Draft and Package,5 Bowling Green Parkway,Lake Hopatcong,Morris,Morris 1,1.00,199.00
191009,Mason Street Grille,2) Draft and Package,24 Mason St,Lake Hopatcong,Morris,Morris 1,1.00,1391.00
191103,Whistle Stop (P),2) Draft and Package,2775 Route 23 S,Newfoundland,Morris,Passaic,1.00,1323.00
191104,Chapala Grill - Lake Hopatcong,2) Draft and Package,161 NJ-181,Lake Hopatcong,Morris,Morris 1,1.00,177.00
191202,Casa Bianca (P),2) Draft and Package,5266 Berkshire Valley Rd,Oak Ridge,Morris,Morris 1,1.00,70.00
191203,American Lgn Oak Ridge Post 423,3) Package Only,28 Legion Road,Oak Ridge,Morris,Morris 1,1.00,259.00
191206,Bella Vista,2) Draft and Package,11 Moquis Trail,Oak Ridge,Morris,Morris 1,1.00,12.00
191207,Daily Planet (A),2) Draft and Package,526 Roosevelt Ave,Oak Ridge,Morris,Morris 1,1.00,629.00
191208,The Grill Room,2) Draft and Package,53 Schoolhouse Road,Oak Ridge,Morris,Morris 1,1.00,252.00
191209,Valley Tavern,3) Package Only,5604 Berkshire Valley Rd,Oak Ridge,Morris,Morris 1,1.00,241.00
191219,Berkshire Valley Gc,2) Draft and Package,28 Cozy Lake Rd,Oak Ridge,Morris,Morris 1,1.00,324.00
191301,Lake Hopatcong Yacht Club,2) Draft and Package,75 N Bertrand Rd,Mt Arlington,Morris,Morris 1,1.00,63.00
191305,Chapala Mexican Grill 4,2) Draft and Package,25 Lakeside Blvd,Hopatcong,Sussex,Sales,1.00,140.00
191306,Shore Hills Country Club,3) Package Only,Vail Rd And Morse Pl,Landing,Morris,Morris 1,1.00,11.00
191403,Davy's Dogs,2) Draft and Package,14 Howard Blvd,Mt Arlington,Morris,Morris 1,1.00,63.00
191405,Pat's Bar (P),2) Draft and Package,390 Howard Blvd,Mt Arlington,Morris,Morris 1,1.00,685.00
191406,Courtyard Marriott Mt Arl,3) Package Only,15 Howard Blvd,Mt Arlington,Morris,Morris 1,1.00,210.00
191407,Pub 199,2) Draft and Package,199 Howard Blvd,Mt Arlington,Morris,Morris 1,1.00,803.00
191500,Lake Hopatcong Cruises,3) Package Only,37 Nolans Point Park Rd,Lake Hopatcong,Morris,Morris 1,1.00,45.00
191502,Alice's (Z),2) Draft and Package,24 Nolan Point Park Rd,Lake Hopatcong,Morris,Morris 1,1.00,143.00
191504,Jefferson House (A),2) Draft and Package,139 Nolan's Point Rd,Lake Hopatcong,Morris,Morris 1,1.00,553.00
191505,Mckenna's Pub (P),2) Draft and Package,260 Espanong Rd,Lake Hopatcong,Morris,Morris 1,1.00,618.00
191507,The Windlass Rest (A),2) Draft and Package,45 Nolans Point Park Rd,Lake Hopatcong,Morris,Morris 1,1.00,230.00
191508,Elks Post 782 (Z),2) Draft and Package,201 Howard Blvd,Mt Arlington,Morris,Morris 1,1.00,493.00
191509,The Beacon,2) Draft and Package,453 River Styx Rd,Hopatcong,Sussex,Sussex,1.00,320.00
191510,Lola's Restaurant,2) Draft and Package,300 Lakeside Ave,Hopatcong,Sussex,Sussex,1.00,339.00
191521,Patricks Pub (P),2) Draft and Package,470 River Styx Rd,Hopatcong,Sussex,Sussex,1.00,288.00
191523,Rustic Texmex & Sports Bar,2) Draft and Package,47 maxim Drive,Hopatcong,Sussex,Sales,1.00,160.00
191524,GRIFFIN & HOWE,3) Package Only,270 STANHOPE SPARTA RD,Andover,Sussex,Sussex,1.00,79.00
191527,Garden State Yacht Club,3) Package Only,33 Point Pleasant Road,Hopatcong,Sussex,Morris 1,1.00,10.00
191601,Stoll Street Tavern,2) Draft and Package,100 Stoll St,Netcong,Morris,Morris 1,1.00,987.00
191603,Sabor Latino,2) Draft and Package,136 Main St,Netcong,Morris,Morris 1,1.00,178.00
191609,Ron's Landmark,2) Draft and Package,85 Main St,Netcong,Morris,Morris 1,1.00,60.00
191618,Polo's Bar And Grill,2) Draft and Package,140 ledgewood ave,Netcong,Morris,Morris 1,1.00,247.00
191704,Stonewood Tavern,2) Draft and Package,239 Us-206 S.,Byram,Sussex,Sussex,1.00,357.60
191706,Freddy's Lake House Bar And Grill,2) Draft and Package,172 Lackawanna Dr,Stanhope,Sussex,Morris 1,1.00,276.00
191715,Shakey Jake's (P),2) Draft and Package,134 NJ-183,Stanhope,Sussex,Sussex,1.00,253.00
191718,Bell's Mansion,2) Draft and Package,11 Main St,Stanhope,Sussex,Sussex,1.00,84.00
191719,American Lgn Stanhope,2) Draft and Package,119 NJ-183,Stanhope,Sussex,Sussex,1.00,391.00
191722,Jeffrey A Miller Catering,2) Draft and Package,525 Waterloo Rd,Stanhope,Sussex,Sussex,1.00,38.00
191802,E & D Liquors (P),2) Draft and Package,382 Us-46 # 3,Budd Lake,Morris,Morris 1,1.00,112.00
191805,Pavilion Lounge(Z),2) Draft and Package,44 Sand Shore Rd,Budd Lake,Morris,Morris 1,1.00,252.00
191808,La Mezcalita,2) Draft and Package,331 Rt 46 East,Budd Lake,Morris,Morris 1,1.00,302.00
191815,Eastern Asian Bistro/Bar,2) Draft and Package,3 Mt Olive Rd,Budd Lake,Morris,Morris 1,1.00,117.00
191816,Vasa Park,2) Draft and Package,93 Wolfe Road Rd 1,Hackettstown,Warren,Morris 1,1.00,67.00
191818,Holiday Inn,3) Package Only,1000 International Dr,Budd Lake,Morris,Morris 1,1.00,134.00
191824,Grasshopper Off The Green,2) Draft and Package,41-43 Morris St,Morristown,Morris,Morris 2,1.00,27.00
191848,Columbus Club of Morristown NJ,2) Draft and Package,13 South St,Morristown,Morris,Morris 2,1.00,12.00
192008,At The Hop,2) Draft and Package,14 N Morris St,Dover,Morris,Morris 2,1.00,25.00
192009,Bar Cilento,2) Draft and Package,37 Plainfield Rd,Stirling,Morris,Morris 2,1.00,29.00
192052,Swim And Sports Club,2) Draft and Package,272 Emmans Rd,Flanders,Morris,Morris 2,1.00,9.00
192141,Margarita's Bar & Grill,2) Draft and Package,330 S Salem St.,Dover,Morris,Morris 2,1.00,72.00
192147,Valley Rest & Pub,2) Draft and Package,59 E Mill Rd #208,Long Valley,Morris,Morris 2,1.00,10.00
192156,Hapgoods Restaurant,2) Draft and Package,44 Midvale Rd,Mountain Lakes,Morris,Morris 1,1.00,341.00
192157,Rosie''''s Trattoria,2) Draft and Package,1181 Sussex Turnpike,Randolph,Morris,Morris 2,1.00,140.00
192160,Bernays Appgar Post 342 American Legion,2) Draft and Package,333 Rt 24 East,Chester,Morris,Morris 2,1.00,3.00
192161,Pancho Villa Rodeo,2) Draft and Package,142 E Blackwell St,Dover,Morris,Morris 2,1.00,128.00
192162,Chimney Rock Inn Whippany,2) Draft and Package,750 NJ-10,Whippany,Morris,Morris 2,1.00,3.00
230101,"Tomahawk Lake,Inc",2) Draft and Package,153 Tomahawk Trail,Sparta,Sussex,Sussex,1.00,220.00
230103,St.Moritz Grill & Bar,2) Draft and Package,9 White Deer Plaza,Sparta,Sussex,Sussex,1.00,201.00
230104,Mohawk House (P),2) Draft and Package,3 S Sparta Ave,Sparta,Sussex,Sussex,1.00,31.00
230108,Vfw 7248 Sparta,3) Package Only,66 Main St,Sparta,Sussex,Sussex,1.00,82.00
230109,Skyview Golf Course (A),2) Draft and Package,226 Lafayette Rd,Sparta,Sussex,Sussex,1.00,309.00
230110,Homestead Rest,2) Draft and Package,294 N Church Rd,Sparta,Sussex,Sussex,1.00,1198.25
230111,Rock Island Lake Club,2) Draft and Package,485 Glen Rd,Sparta,Sussex,Sussex,1.00,32.00
230113,Industry,2) Draft and Package,6 North Village Blvd,Sparta,Sussex,Sales,1.00,168.00
230115,Elks Post 2356,3) Package Only,6 West Shore Trail,Sparta,Sussex,Sussex,1.00,36.00
230116,Lake Mohawk Country Club,2) Draft and Package,21 Lake Mohawk Country Club Boardwalk,Sparta,Sussex,Sussex,1.00,213.00
230118,Lake Mohawk (P) Golf Club,2) Draft and Package,471 West Shore Trail,Sparta,Sussex,Sussex,1.00,224.00
230119,Smokey's Brick Oven Tav.,2) Draft and Package,2 Vernon Crossing Road,Glenwood,Sussex,Sussex,1.00,303.00
230120,Village Saloon (P),2) Draft and Package,712 Woodport Rd (Rte 181),Sparta,Sussex,Sussex,1.00,184.00
230122,Krogh's Restaurant & Brew Pub,2) Draft and Package,23 White Deer Plaza,Sparta,Sussex,Sussex,1.00,275.00
230123,Sparta Lanes (Pino),2) Draft and Package,43 Theatre Center,Sparta,Sussex,Sussex,1.00,512.00
230124,Fu's Chinese (P) Rest.,3) Package Only,227 S Sparta Ave,Sparta,Sussex,Sussex,1.00,428.40
230126,Hudson Farm Club,3) Package Only,270 Stanhope Sparta Rd,Andover,Sussex,Sussex,1.00,78.00
230302,Perona Farms,2) Draft and Package,350 Andover Sparta Rd,Andover,Sussex,Sussex,1.00,231.00
230303,Crossed Keys Inn,2) Draft and Package,136 Main St.,Andover,Sussex,Sussex,1.00,147.00
230304,Mc Q's Pub (P),2) Draft and Package,165 Andover Sparta Rd,Newton,Sussex,Sussex,1.00,499.00
230305,Casa Bellisma (A),3) Package Only,269 Newton Sparta Rd,Andover,Sussex,Sussex,1.00,50.00
230306,AG Pizza & Restaurant - Newton,2) Draft and Package,131 Newton Sparta Rd,Newton,Sussex,Sussex,1.00,180.00
230307,Newton Country Club,2) Draft and Package,25 Club Rd,Newton,Sussex,Sussex,1.00,113.00
230312,Skyland Baseball,2) Draft and Package,94 Championship Place,Augusta,Sussex,Sussex,1.00,469.00
230402,Bella Italio Rest.(P),2) Draft and Package,448 Us Highway 206 S,Newton,Sussex,Sussex,1.00,81.00
230404,American Lgn #86 Newton,2) Draft and Package,20 Yates Ave,Newton,Sussex,Sussex,1.00,134.00
230405,Sheridan Lodge (P),2) Draft and Package,631 Limecrest Rd,Newton,Sussex,Sussex,1.00,500.00
230406,Bearbrook Valley,2) Draft and Package,23 Players Blvd,Fredon Township,Sussex,Sussex,1.00,34.00
230407,Fountain House (Z),2) Draft and Package,439 NJ-94,Newton,Sussex,Sussex,1.00,385.00
230411,Cesco's Pizza (P),3) Package Only,538 State Route 94 South,Fredon Township,Sussex,Sussex,1.00,381.40
230417,Hampton (P) Diner,3) Package Only,36 Hampton House Rd,Newton,Sussex,Sussex,1.00,72.00
230421,The Sizzle BBQ Argentinian Steak House,2) Draft and Package,216 Woodside Ave,Newton,Sussex,Sussex,1.00,76.00
230422,Boomer Bar (P) & Grill,2) Draft and Package,1 Co Rd 521,Newton,Sussex,Sussex,1.00,382.00
230424,Moose Lodge 432,2) Draft and Package,214 Co Rd 622,Fredon Township,Sussex,Sussex,1.00,114.00
230426,The Newton Theatre,3) Package Only,234 Spring Street,Newton,Sussex,Sussex,1.00,165.00
230428,O'reilly Pub (P),2) Draft and Package,271 Spring St,Newton,Sussex,Sussex,1.00,416.00
230429,Chun Bo (P) Restaurant,3) Package Only,66 Sparta Ave,Newton,Sussex,Sussex,1.00,20.00
230430,Applebee's Grill(A)Newton,2) Draft and Package,6 North Park Drive,Newton,Sussex,Sussex,1.00,249.00
230432,Vfw 5360 Newton(P),2) Draft and Package,85 Mill St,Newton,Sussex,Sussex,1.00,185.00
230433,Stillwater Area Vol Fire,3) Package Only,929 Stillwater Rd,Stillwater,Sussex,Sussex,1.00,58.00
230702,Hyde-Away Rest & Tap Room,2) Draft and Package,901 Co Rd 521,Newton,Sussex,Sussex,1.00,94.00
230807,North Shore House,2) Draft and Package,912 Swartswood Rd,Swartswood,Sussex,Sussex,1.00,105.00
230903,Black Bear Golf(A),2) Draft and Package,138 New Jersey 23,Franklin,Sussex,Sussex,1.00,503.00
230906,BBQ Chicken Franklin,2) Draft and Package,76 NJ-23,Franklin,Sussex,Sussex,1.00,26.00
230907,Irish Cottage Inn,2) Draft and Package,602 NJ-23,Franklin,Sussex,Sussex,1.00,1155.32
230909,Coyote Cocina Mexicana,2) Draft and Package,116 Rt 23,Franklin,Sussex,Sales,1.00,141.00
230910,American Lgn Franklin,3) Package Only,Legion Pl,Franklin,Sussex,Sussex,1.00,74.00
230915,Crystal Sprs/Wild Turkey,2) Draft and Package,123 Crystal Springs Rd,Hamburg,Sussex,Sussex,1.00,3070.00
230917,Doc's Place (P),2) Draft and Package,100 NJ-23,Hamburg,Sussex,Sussex,1.00,1532.80
230921,ACQUAVIVA RESTAURANT,2) Draft and Package,87 NJ-23,Hamburg,Sussex,Sales,1.00,43.00
230925,Springs Bistro Biosphere,2) Draft and Package,3 Wild Turkey Way,Hamburg,Sussex,Sussex,1.00,58.00
230929,Airport Pub & Pkg,2) Draft and Package,65 County Rd 639,Sussex,Sussex,Sussex,1.00,1040.00
230930,Brick & Brew,2) Draft and Package,27 NJ-23,Franklin,Sussex,Sussex,1.00,591.00
230934,Wallkill Golf Club,2) Draft and Package,34 Maple Rd,Franklin,Sussex,Sussex,1.00,82.00
231001,Atlantic Man Rodozio Stk,2) Draft and Package,83 Main St,Ogdensburg,Sussex,Sussex,1.00,72.00
231002,Stew N Dolly's Place,2) Draft and Package,46 Main St,Ogdensburg,Sussex,Sussex,1.00,418.00
231005,Ogdensburg Fire Dept,3) Package Only,30 Main St,Ogdensburg,Sussex,Sussex,1.00,44.00
231206,Vfw 8441 Vernon,2) Draft and Package,313 NJ-94,Vernon,Sussex,Sussex,1.00,335.00
231207,Great Gorge Golf (A) Club,2) Draft and Package,414 County Rd 517,Vernon,Sussex,Sussex,1.00,601.00
231209,Mt Creek Hex Lg(North) A,2) Draft and Package,200 Rt 94,Vernon,Sussex,Sussex,1.00,1389.00
231210,Bally Owen Golf Club,2) Draft and Package,105 Wheatsworth Rd,Hamburg,Sussex,Sussex,1.00,430.00
231211,Tony's Pizza (P),2) Draft and Package,2771 NJ-23,Stockholm,Sussex,Sussex,1.00,942.00
231213,The Kites (P),2) Draft and Package,2 Chamonix Drive,Vernon,Sussex,Sussex,1.00,793.00
231214,Mt Creek Kink (So)A,2) Draft and Package,130 Rt 94 N,Mcafee,Sussex,Sussex,1.00,266.00
231302,Thirsty Farmer,2) Draft and Package,31 Loomis Ave,Sussex,Sussex,Sussex,1.00,1072.00
231303,The Sussex Saloon,2) Draft and Package,15-17 Main St,Sussex,Sussex,Sales,1.00,232.00
231304,The Lamp Post Inn,2) Draft and Package,1601 County Rd 565,Sussex,Sussex,Sussex,1.00,760.00
231305,Early American Tavern,2) Draft and Package,9 Main St,Sussex,Sussex,Sussex,1.00,313.00
231306,American Lgn 213 Sussex,3) Package Only,915 NJ-23,Sussex,Sussex,Sussex,1.00,42.00
231307,Skylands Wine& Beer Garden,2) Draft and Package,447 Rt 284,Wantage,Sussex,Sussex,1.00,5959.24
231309,The Stuffed Olive_2,2) Draft and Package,1 Libertyville Rd,Wantage,Sussex,Sussex,1.00,472.00
231311,Indian Spice Route 23,2) Draft and Package,455 NJ-23,Wantage,Sussex,Sales,1.00,44.00
231314,Elks Lodge 2288,3) Package Only,152 Compton Rd,Sussex,Sussex,Sussex,1.00,129.00
231601,Farmstead Golf (P),2) Draft and Package,88 Lawrence Rd,Lafayette,Sussex,Sussex,1.00,593.00
231606,The Lafayette House,2) Draft and Package,75 NJ-15,Lafayette,Sussex,Sussex,1.00,141.00
231607,JJ's Bar and Package Goods LLC,2) Draft and Package,269 Rt 206,Sandyston,Sussex,Sales,1.00,9761.73
231703,AG Pizza and Restaurant (Branchville),2) Draft and Package,3 Mill St,Branchville,Sussex,Sussex,1.00,458.00
231708,American Lgn Branchville,2) Draft and Package,325 Us-206,Branchville,Sussex,Sussex,1.00,231.00
231710,Lakeside Pub (P),2) Draft and Package,436 Us-206,Branchville,Sussex,Sussex,1.00,513.00
231711,Riviera Maya,2) Draft and Package,340 Us-206,Branchville,Sussex,Sussex,1.00,111.00
231713,Flatbrook Tap House (P),2) Draft and Package,180 Us-206,Branchville,Sussex,Sussex,1.00,127.00
231714,Mountain House Tav & Gril,2) Draft and Package,19 Us-206,Branchville,Sussex,Sussex,1.00,177.00
231715,Gyp's Tavern,2) Draft and Package,25 Us-206,Sandyston,Sussex,Sussex,1.00,871.00
231718,Jumboland Diner,2) Draft and Package,438 US-206,Branchville,Sussex,Sussex,1.00,270.00
231719,Layton Tavern,2) Draft and Package,124 Co Rd 560,Layton,Sussex,Sussex,1.00,478.00
231802,Candy's Pizza,3) Package Only,452 Rte 206,Montague,Sussex,Sussex,1.00,30.00
231803,High Point Gc/Rest (P),2) Draft and Package,342 Shore Drive,Montague,Sussex,Sussex,1.00,368.00
231806,Walpack Inn,3) Package Only,Rt 615,Walpack,Sussex,Sussex,1.00,98.00
250013,Deutscher Club Of Clark,2) Draft and Package,787 Featherbed Lane,Clark,Union,Union,1.00,28.00
250025,Abigails Cafe (Z),2) Draft and Package,804 W.Elizabeth Ave,Linden,Union,Union,1.00,7.00
250033,The Station Bar & Grill,2) Draft and Package,99 Center Street,Garwood,Union,Union,1.00,31.00
250043,Nugents Tavern (P),2) Draft and Package,844 Newark Ave,Elizabeth,Union,Union,1.00,383.00
250077,Linwood Inn Tap House,2) Draft and Package,15 So Wood Ave,Linden,Union,Union,1.00,8.00
250094,Darby Road,3) Package Only,450 Park Ave,Scotch Plains,Union,Union,1.00,10.00
250097,Riverside Inn,2) Draft and Package,56 North Ave East,Cranford,Union,Union,1.00,214.00
250100,World Famous Waiting Room,2) Draft and Package,66 E. Cherry Street,Rahway,Union,Union,1.00,20.00
250105,Crossroads Bar/Rest (Z),2) Draft and Package,78 North Ave,Garwood,Union,Union,1.00,21.00
250116,Office Beer Bar&Grill(A),2) Draft and Package,61 Union Pl,Summit,Union,Union,1.00,3.00
250121,Baltusrol Golf Club,2) Draft and Package,201 Shunpike Rd,Springfield,Union,Union,1.00,40.00
250164,Fujiyama Mama,3) Package Only,341 South Avenue E,Westfield,Union,Union,1.00,80.00
250168,Echo Lake Country Club,3) Package Only,515 Springfield Ave,Westfield,Union,Union,1.00,1.00
250171,Tankys Bar & Grill,3) Package Only,330 Long Ave,Hillside,Union,Union,1.00,20.00
250172,387 Oyster House & Bar,2) Draft and Package,387 Park Ave,Scotch Plains,Union,Union,1.00,93.00
250190,Frenchys Bar & Grill,2) Draft and Package,545 W. Westfield Ave,Roselle Park,Union,Union,1.00,750.00
250197,Tiki Mojito,2) Draft and Package,525 Bayway,Elizabeth,Union,Union,1.00,20.00
250221,Garwood Restaurant,2) Draft and Package,259 South Ave,Garwood,Union,Union,1.00,9.00
250303,Olga's Place,2) Draft and Package,212 Lt.Glenn Zamolski Dr,Elizabeth,Union,Union,1.00,39.00
250310,Rancho Mateo Colombian Steakhouse,2) Draft and Package,248 Morris Ave,Elizabeth,Union,Union,1.00,96.00
250313,Noches de Columbia (Randolph),2) Draft and Package,140 Route 10 West,Randolph,Morris,Morris 2,1.00,106.00
250316,Rancho Mateo Asadero Colombian,2) Draft and Package,27 Westfield Ave,Elizabeth,Union,Union,1.00,41.00
250445,Blue Sunday Bar & Grill,2) Draft and Package,830 W Edgar Rd #830-D,Linden,Union,Union,1.00,2.00
250900,Arirang Hibachi Steakhous,2) Draft and Package,1230 Us-22,Mountainside,Union,Union,1.00,184.00
250901,Chrones Tavern,2) Draft and Package,906 Mountain Ave,Mountainside,Union,Union,1.00,5.00
251006,Kpot Korean BBQ,2) Draft and Package,2401 Rt. 22,Union,Union,Union,1.00,33.00
253002,Golden Anchor Bar,3) Package Only,1217 W Front St,Plainfield,Union,Union,1.00,115.00
253003,Tequila Club,3) Package Only,315 E 5th St.,Plainfield,Union,Union,1.00,77.00
260002,Colonial Liquor Store,2) Draft and Package,352-354 State St,Perth Amboy,Middlesex,Middlesex County,1.00,10.00
