Asset Request ID,Asset Type,Asset,Brand,Program,Location,Task ID,Delivery Date,BrandFamily,Supplier,Time Updated,Updated By,Time Created,Created By
13558,Yuengling 16oz Shaker - Glasses,,Yuengling Lager,,Hawthorne,8116498,,Yuengling Lager,DG Yuengling Inc,9/14/2026 10:11 AM,briansengebu,9/14/2026 10:11 AM,briansengebu
13557,Yuengling 16oz Shaker - Glasses,,Yuengling Lager,,Hawthorne,8116497,,Yuengling Lager,DG Yuengling Inc,9/14/2026 10:11 AM,briansengebu,9/14/2026 10:11 AM,briansengebu
13556,Corona Metal Cooler - DEALER LOADER,,Corona Extra,,Hawthorne,8116496,,Corona Extra,Constellation Brands,9/14/2026 10:02 AM,derricklaws,9/14/2026 10:02 AM,derricklaws
13555,*SH* Corona Large Tire Bike,,Corona Extra,,Hawthorne,8116495,,Corona Extra,Constellation Brands,9/14/2026 10:02 AM,derricklaws,9/14/2026 10:02 AM,derricklaws
13554,*DD* Coors Light Portable Grill,,Coors Light,,Hawthorne,8116494,,Coors Light,MolsonCoors Beverage Company,9/14/2026 9:57 AM,anthonypalmi,9/14/2026 9:57 AM,anthonypalmi
13553,Pacifico Value LED,,Pacifico,,Hawthorne,8116491,,Pacifico,Constellation Brands,9/14/2026 9:21 AM,jgallagher,9/14/2026 9:21 AM,jgallagher
13552,*DD* Coors Light Electric Beach Wagon,17552,Coors Light,,Hawthorne,8116488,9/14/2026,Coors Light,MolsonCoors Beverage Company,9/14/2026 8:11 AM,chrishope,9/14/2026 8:11 AM,chrishope
13551,*ME* Blue Moon Golf Bag,15047,Blue Moon,,Hawthorne,8116487,9/14/2026,Blue Moon,MolsonCoors Beverage Company,9/14/2026 8:11 AM,chrishope,9/14/2026 8:11 AM,chrishope
13550,**DD** Athletic igloo cooler,16882,Athletic Run Wild IPA,,Hawthorne,8116486,9/14/2026,Athletic,Athletic Brewing Company,9/14/2026 8:11 AM,chrishope,9/14/2026 8:11 AM,chrishope
13549,(SH)Modelo Gold Cooler - DEALER LOADER,18159,Modelo Especial,,Hawthorne,8116485,9/14/2026,Modelo Especial,Constellation Brands,9/14/2026 8:11 AM,chrishope,9/14/2026 8:11 AM,chrishope
13548,(SH)Modelo Gold Cooler - DEALER LOADER,18158,Modelo Especial,,Hawthorne,8116484,9/14/2026,Modelo Especial,Constellation Brands,9/14/2026 8:11 AM,chrishope,9/14/2026 8:11 AM,chrishope
13547,Miller Lite 16oz shaker - Glasses,16901,Miller Lite,,Hawthorne,8112498,9/14/2026,Lite,MolsonCoors Beverage Company,9/14/2026 8:05 AM,chrishope,9/13/2026 5:17 PM,nickmelissar
13546,Miller Lite 16oz shaker - Glasses,16900,Miller Lite,,Hawthorne,8112497,9/14/2026,Lite,MolsonCoors Beverage Company,9/14/2026 8:05 AM,chrishope,9/13/2026 5:17 PM,nickmelissar
13545,Miller Lite 16oz shaker - Glasses,16899,Miller Lite,,Hawthorne,8112496,9/14/2026,Lite,MolsonCoors Beverage Company,9/14/2026 8:05 AM,chrishope,9/13/2026 5:17 PM,nickmelissar
13544,Miller Lite 16oz shaker - Glasses,16898,Miller Lite,,Hawthorne,8112495,9/14/2026,Lite,MolsonCoors Beverage Company,9/14/2026 8:05 AM,chrishope,9/13/2026 5:17 PM,nickmelissar
13543,Miller Lite 16oz shaker - Glasses,16897,Miller Lite,,Hawthorne,8112494,9/14/2026,Lite,MolsonCoors Beverage Company,9/14/2026 8:05 AM,chrishope,9/13/2026 5:17 PM,nickmelissar
13542,(CM)Coors Light 16oz Cups - PLASTIC CUPS,17019,Coors Light,,Hawthorne,8112461,9/14/2026,Coors Light,MolsonCoors Beverage Company,9/14/2026 8:04 AM,chrishope,9/13/2026 5:15 PM,nickmelissar
13541,(CM)Coors Light 16oz Cups - PLASTIC CUPS,17020,Coors Light,,Hawthorne,8112408,9/11/2026,Coors Light,MolsonCoors Beverage Company,9/14/2026 8:06 AM,chrishope,9/13/2026 2:16 PM,derricklaws
13540,Corona Metal Cooler - DEALER LOADER,18178,Corona Extra,,Hawthorne,8112397,9/14/2026,Corona Extra,Constellation Brands,9/14/2026 8:05 AM,chrishope,9/13/2026 10:13 AM,briansengebu
13539,Yuengling Lager Glass LED,17513,Yuengling Lager,,Hawthorne,8112396,9/14/2026,Yuengling Lager,DG Yuengling Inc,9/14/2026 8:05 AM,chrishope,9/13/2026 10:13 AM,briansengebu
13538,*CP* Carbliss Cornhole,17660,Carbliss Black Cherry,,Hawthorne,8105934,9/14/2026,Carbliss,SN Food & Beverage LLC,9/14/2026 8:05 AM,chrishope,9/11/2026 12:35 PM,allisonscott
13537,Coors Light AFrame,13220,Coors Light,,Hawthorne,8105933,9/14/2026,Coors Light,MolsonCoors Beverage Company,9/14/2026 8:05 AM,chrishope,9/11/2026 12:35 PM,allisonscott
13536,(SH)Corona Pub Table,17683,Corona Extra,,Hawthorne,8105932,9/14/2026,Corona Extra,Constellation Brands,9/14/2026 8:05 AM,chrishope,9/11/2026 12:35 PM,allisonscott
13535,(SH)Corona Pub Table,17682,Corona Extra,,Hawthorne,8105931,9/14/2026,Corona Extra,Constellation Brands,9/14/2026 8:05 AM,chrishope,9/11/2026 12:35 PM,allisonscott
13534,*CP* Suncruiser Beach Chair,15786,Sun Cruiser Classic Iced Tea,,Hawthorne,8105930,9/14/2026,Sun Cruiser,Boston Beer Company,9/14/2026 8:05 AM,chrishope,9/11/2026 12:35 PM,allisonscott
13533,*SH* Modelo Giants Cornhole,17944,Modelo Especial,,Hawthorne,8105925,9/14/2026,Modelo Especial,Constellation Brands,9/14/2026 8:05 AM,chrishope,9/11/2026 12:31 PM,allisonscott
13532,*SH* Corona Jets Cornhole,17934,Corona Extra,,Hawthorne,8105924,9/14/2026,Corona Extra,Constellation Brands,9/14/2026 8:05 AM,chrishope,9/11/2026 12:31 PM,allisonscott
13531,(CM)Miller Lite 16oz Plastic cups - PLASTIC CUPS,,Miller Lite,,Hawthorne,8105915,,Lite,MolsonCoors Beverage Company,9/11/2026 11:10 AM,nmicco,9/11/2026 11:10 AM,nmicco
13530,*DM* Coors Light Golf Bag,15011,Coors Light,,Hawthorne,8105910,9/11/2026,Coors Light,MolsonCoors Beverage Company,9/14/2026 8:04 AM,chrishope,9/11/2026 9:46 AM,jheaney
13529,(SH)Modelo Gold Cooler - DEALER LOADER,18157,Modelo Especial,,Hawthorne,8105909,9/11/2026,Modelo Especial,Constellation Brands,9/14/2026 8:04 AM,chrishope,9/11/2026 9:46 AM,jheaney
13528,(TG)Pabst 20z Glass - Glasses,,Pabst Blue Ribbon,,Hawthorne,8105908,,Pabst Blue Ribbon,Pabst Brewing Company,9/11/2026 9:31 AM,aacciardi,9/11/2026 9:31 AM,aacciardi
13527,(TG)Pabst 20z Glass - Glasses,,Pabst Blue Ribbon,,Hawthorne,8105907,,Pabst Blue Ribbon,Pabst Brewing Company,9/11/2026 9:31 AM,aacciardi,9/11/2026 9:31 AM,aacciardi
13526,(CM)Miller Lite 16oz Plastic cups - PLASTIC CUPS,16988,Miller Lite,,Hawthorne,8105890,9/14/2026,Lite,MolsonCoors Beverage Company,9/14/2026 8:04 AM,chrishope,9/11/2026 8:47 AM,briansengebu
13525,*CP* Suncruiser Beach Wagon,15758,Sun Cruiser Classic Iced Tea,,Hawthorne,8105888,9/14/2026,Sun Cruiser,Boston Beer Company,9/14/2026 8:05 AM,chrishope,9/11/2026 8:18 AM,JohnNeukum
13524,Sapporo 16oz shaker glass - Glasses,10980,Sapporo Premium,,Hawthorne,8105877,9/11/2026,Sapporo,Sapporo,9/11/2026 7:44 AM,chrishope,9/11/2026 6:14 AM,allisonscott
13523,Sapporo 16oz shaker glass - Glasses,10979,Sapporo Premium,,Hawthorne,8105876,9/11/2026,Sapporo,Sapporo,9/11/2026 7:44 AM,chrishope,9/11/2026 6:14 AM,allisonscott
13522,*SD* Other Half 16oz Shaker,18257,Other Half All Everything,,Hawthorne,8102487,9/11/2026,Other Half,Other Half Brewing Co,9/11/2026 7:43 AM,chrishope,9/10/2026 8:47 PM,allisonscott
13521,1911 LED - LED,2893,1911,,Hawthorne,8102486,9/11/2026,1911 Hard Cider,Beak & Skiff,9/11/2026 7:43 AM,chrishope,9/10/2026 8:47 PM,allisonscott
13520,Corona Metal Cooler - DEALER LOADER,18177,Corona Extra,,Hawthorne,8102485,9/11/2026,Corona Extra,Constellation Brands,9/11/2026 7:44 AM,chrishope,9/10/2026 8:47 PM,allisonscott
13519,*CM* Corona Premier Golf Bag,15148,Corona Premier,,Hawthorne,8102484,9/11/2026,Corona Premier,Constellation Brands,9/11/2026 7:43 AM,chrishope,9/10/2026 8:47 PM,allisonscott
13518,Miller Lite America 250 Grizzly cooler,17395,Miller Lite,,Hawthorne,8102483,9/11/2026,Lite,MolsonCoors Beverage Company,9/11/2026 7:44 AM,chrishope,9/10/2026 8:47 PM,allisonscott
13517,(SH)Modelo Gold Cooler - DEALER LOADER,18156,Modelo Especial,,Hawthorne,8102482,9/11/2026,Modelo Especial,Constellation Brands,9/11/2026 7:43 AM,chrishope,9/10/2026 8:47 PM,allisonscott
13516,*CP* Truly World Cup Cooler,15234,Truly Hard Seltzer,,Hawthorne,8102481,9/11/2026,Truly,Boston Beer Company,9/11/2026 7:43 AM,chrishope,9/10/2026 8:47 PM,allisonscott
13515,*CP*SunCruiser Golf Bag,13371,Sun Cruiser Classic Iced Tea,,Hawthorne,8102480,9/11/2026,Sun Cruiser,Boston Beer Company,9/11/2026 7:43 AM,chrishope,9/10/2026 8:47 PM,allisonscott
13514,Sixpoint A-Frame - A-FRAME,4175,Sixpoint,,Hawthorne,8102479,9/11/2026,Sixpoint,Sixpoint Brewing,9/11/2026 7:44 AM,chrishope,9/10/2026 8:47 PM,allisonscott
13513,Coors Light 16oz Shaker - Glasses,17767,Coors Light,,Hawthorne,8102478,9/11/2026,Coors Light,MolsonCoors Beverage Company,9/11/2026 7:44 AM,chrishope,9/10/2026 8:38 PM,allisonscott
13512,Coors Light 16oz Shaker - Glasses,17766,Coors Light,,Hawthorne,8102477,9/11/2026,Coors Light,MolsonCoors Beverage Company,9/11/2026 7:44 AM,chrishope,9/10/2026 8:38 PM,allisonscott
13511,(CM)Coors Light 16oz Cups - PLASTIC CUPS,17017,Coors Light,,Hawthorne,8102476,9/11/2026,Coors Light,MolsonCoors Beverage Company,9/11/2026 7:43 AM,chrishope,9/10/2026 8:38 PM,allisonscott
13510,Miller Lite 16oz shaker - Glasses,13031,Miller Lite,,Hawthorne,8102475,9/11/2026,Lite,MolsonCoors Beverage Company,9/11/2026 7:44 AM,chrishope,9/10/2026 8:38 PM,allisonscott
13509,Miller Lite 16oz shaker - Glasses,13030,Miller Lite,,Hawthorne,8102474,9/11/2026,Lite,MolsonCoors Beverage Company,9/11/2026 7:44 AM,chrishope,9/10/2026 8:38 PM,allisonscott
13508,Coors Light 16oz Shaker - Glasses,17762,Coors Light,,Hawthorne,8101736,9/11/2026,Coors Light,MolsonCoors Beverage Company,9/11/2026 7:44 AM,chrishope,9/10/2026 5:02 PM,nickmelissar
13507,Coors Light 16oz Shaker - Glasses,17761,Coors Light,,Hawthorne,8101735,9/11/2026,Coors Light,MolsonCoors Beverage Company,9/11/2026 7:44 AM,chrishope,9/10/2026 5:02 PM,nickmelissar
13506,Corona Jets LED,18510,Corona Extra,,Hawthorne,8101734,9/11/2026,Corona Extra,Constellation Brands,9/11/2026 7:44 AM,chrishope,9/10/2026 5:02 PM,nickmelissar
13505,**SH** Modelo Giants LED,18517,Modelo Especial,,Hawthorne,8101733,9/11/2026,Modelo Especial,Constellation Brands,9/11/2026 7:43 AM,chrishope,9/10/2026 5:02 PM,nickmelissar
13504,(SH)Modelo Gold Cooler - DEALER LOADER,18155,Modelo Especial,,Hawthorne,8101698,9/11/2026,Modelo Especial,Constellation Brands,9/11/2026 7:43 AM,chrishope,9/10/2026 3:10 PM,nickmelissar
13503,(CM)Coors Light 16oz Cups - PLASTIC CUPS,17018,Coors Light,,Hawthorne,8101697,9/11/2026,Coors Light,MolsonCoors Beverage Company,9/11/2026 7:43 AM,chrishope,9/10/2026 3:10 PM,nickmelissar
13502,Coors Light 16oz Shaker - Glasses,17765,Coors Light,,Hawthorne,8101696,9/11/2026,Coors Light,MolsonCoors Beverage Company,9/11/2026 7:44 AM,chrishope,9/10/2026 3:10 PM,nickmelissar
13501,Coors Light 16oz Shaker - Glasses,17764,Coors Light,,Hawthorne,8101695,9/11/2026,Coors Light,MolsonCoors Beverage Company,9/11/2026 7:44 AM,chrishope,9/10/2026 3:10 PM,nickmelissar
13500,Coors Light 16oz Shaker - Glasses,17763,Coors Light,,Hawthorne,8101694,9/11/2026,Coors Light,MolsonCoors Beverage Company,9/11/2026 7:44 AM,chrishope,9/10/2026 3:10 PM,nickmelissar
13499,Coors Light 22oz shaker - Glasses,13182,Coors Light,,Hawthorne,8101693,9/11/2026,Coors Light,MolsonCoors Beverage Company,9/11/2026 7:44 AM,chrishope,9/10/2026 3:10 PM,nickmelissar
13498,Coors Light 22oz shaker - Glasses,12881,Coors Light,,Hawthorne,8101692,9/11/2026,Coors Light,MolsonCoors Beverage Company,9/11/2026 7:44 AM,chrishope,9/10/2026 3:10 PM,nickmelissar
13497,Coors Light 22oz shaker - Glasses,12880,Coors Light,,Hawthorne,8101691,9/11/2026,Coors Light,MolsonCoors Beverage Company,9/11/2026 7:44 AM,chrishope,9/10/2026 3:10 PM,nickmelissar
13496,Coors Light 16oz Shaker - Glasses,17768,Coors Light,,Hawthorne,8101690,9/11/2026,Coors Light,MolsonCoors Beverage Company,9/11/2026 7:44 AM,chrishope,9/10/2026 3:10 PM,nickmelissar
13495,Evil Genius 16oz shaker - Glasses,7936,EVIL GENIUS,,Hawthorne,8101683,9/11/2026,Evil Genius,Evil Genius,9/14/2026 8:08 AM,chrishope,9/10/2026 3:07 PM,aacciardi
13494,Montauk 16oz Shaker - Glasses,12299,Montauk Pilsner,,Hawthorne,8101682,9/11/2026,Montauk,Montauk Brewing Co,9/14/2026 8:08 AM,chrishope,9/10/2026 3:07 PM,aacciardi
13493,Montauk 16oz Shaker - Glasses,12300,Montauk Pilsner,,Hawthorne,8101681,9/11/2026,Montauk,Montauk Brewing Co,9/14/2026 8:08 AM,chrishope,9/10/2026 2:55 PM,aacciardi
13492,Miller Lite 16oz shaker - Glasses,13029,Miller Lite,,Hawthorne,8101618,9/10/2026,Lite,MolsonCoors Beverage Company,9/10/2026 11:19 AM,chrishope,9/10/2026 10:13 AM,allisonscott
13491,Miller Lite 16oz shaker - Glasses,13028,Miller Lite,,Hawthorne,8101617,9/10/2026,Lite,MolsonCoors Beverage Company,9/10/2026 11:19 AM,chrishope,9/10/2026 10:13 AM,allisonscott
13490,(CM)Miller Lite 16oz Plastic cups - PLASTIC CUPS,16987,Miller Lite,,Hawthorne,8101616,9/10/2026,Lite,MolsonCoors Beverage Company,9/10/2026 11:19 AM,chrishope,9/10/2026 10:13 AM,allisonscott
13489,Red Bull Baby Fridge - DEALER LOADER,18113,RED BULL,,Hawthorne,8101532,9/10/2026,Red Bull,Red Bull,9/10/2026 7:46 AM,chrishope,9/10/2026 7:00 AM,anthonypalmi
13488,(SH)Corona Pub Table,17681,Corona Extra,,Hawthorne,8101531,9/10/2026,Corona Extra,Constellation Brands,9/10/2026 7:45 AM,chrishope,9/10/2026 7:00 AM,anthonypalmi
13487,(SH)Modelo Gold Cooler - DEALER LOADER,18154,Modelo Especial,,Hawthorne,8101530,9/10/2026,Modelo Especial,Constellation Brands,9/10/2026 7:45 AM,chrishope,9/10/2026 7:00 AM,anthonypalmi
13486,*CP* Truly World Cup Cooler,15232,Truly Hard Seltzer,,Hawthorne,8101529,9/10/2026,Truly,Boston Beer Company,9/10/2026 7:46 AM,chrishope,9/10/2026 7:00 AM,anthonypalmi
13485,*DD* Coors Light Tailgate Chair,18090,Coors Light,,Hawthorne,8101527,9/10/2026,Coors Light,MolsonCoors Beverage Company,9/10/2026 7:46 AM,chrishope,9/10/2026 5:57 AM,pauldeady
13484,*DD* Coors Light Portable Grill,18239,Coors Light,,Hawthorne,8101526,9/10/2026,Coors Light,MolsonCoors Beverage Company,9/10/2026 7:46 AM,chrishope,9/10/2026 5:57 AM,pauldeady
13483,*DD* Miller Lite Giant Backpack Cooler,18217,Miller Lite,,Hawthorne,8101525,9/10/2026,Lite,MolsonCoors Beverage Company,9/10/2026 7:46 AM,chrishope,9/10/2026 5:57 AM,pauldeady
13482,*DD* Miller lite Jets Backpackb Cooler,17905,Miller Lite,,Hawthorne,8101524,9/10/2026,Lite,MolsonCoors Beverage Company,9/10/2026 7:46 AM,chrishope,9/10/2026 5:57 AM,pauldeady
13481,*CP*SunCruiser Golf Bag,13370,Sun Cruiser Classic Iced Tea,,Hawthorne,8101523,9/10/2026,Sun Cruiser,Boston Beer Company,9/10/2026 7:46 AM,chrishope,9/10/2026 5:57 AM,pauldeady
13480,**CP** Suncruiser PaddleBoard,17783,Sun Cruiser Classic Iced Tea,,Hawthorne,8101522,9/10/2026,Sun Cruiser,Boston Beer Company,9/10/2026 7:45 AM,chrishope,9/10/2026 5:57 AM,pauldeady
13479,*CP* Truly World Cup Cooler,15233,Truly Hard Seltzer,,Hawthorne,8101521,9/10/2026,Truly,Boston Beer Company,9/10/2026 7:46 AM,chrishope,9/10/2026 5:57 AM,pauldeady
13478,*CP*Twisted Tea Water Jug,17466,Twisted Tea Original,,Hawthorne,8101520,9/10/2026,Twisted Tea,Boston Beer Company,9/10/2026 7:46 AM,chrishope,9/10/2026 5:57 AM,pauldeady
13477,*DD* Coors Light Tailgate Chair,18089,Coors Light,,Hawthorne,8097741,9/10/2026,Coors Light,MolsonCoors Beverage Company,9/10/2026 7:46 AM,chrishope,9/9/2026 8:17 PM,anthonypalmi
13476,Corona Metal Cooler - DEALER LOADER,18176,Corona Extra,,Hawthorne,8097740,9/10/2026,Corona Extra,Constellation Brands,9/10/2026 7:46 AM,chrishope,9/9/2026 8:17 PM,anthonypalmi
13475,*CM* Corona Premier Golf Bag,15147,Corona Premier,,Hawthorne,8097739,9/10/2026,Corona Premier,Constellation Brands,9/10/2026 7:46 AM,chrishope,9/9/2026 8:17 PM,anthonypalmi
13474,*DD* Miller Lite Giant Backpack Cooler,18216,Miller Lite,,Hawthorne,8097738,9/10/2026,Lite,MolsonCoors Beverage Company,9/10/2026 7:46 AM,chrishope,9/9/2026 8:17 PM,anthonypalmi
13473,Miller High Life 16oz Shaker,11741,Miller High Life,,Hawthorne,8097722,9/10/2026,Miller High Life,MolsonCoors Beverage Company,9/10/2026 7:46 AM,chrishope,9/9/2026 7:08 PM,allisonscott
13472,Coors Light 16oz Shaker - Glasses,17758,Coors Light,,Hawthorne,8097721,9/10/2026,Coors Light,MolsonCoors Beverage Company,9/10/2026 7:46 AM,chrishope,9/9/2026 7:08 PM,allisonscott
13471,(SH)Modelo Gold Cooler - DEALER LOADER,18153,Modelo Especial,,Hawthorne,8097676,9/10/2026,Modelo Especial,Constellation Brands,9/10/2026 7:45 AM,chrishope,9/9/2026 6:56 PM,allisonscott
13470,*CM* Miller Lite Golf Bag,15081,Miller Lite,,Hawthorne,8097289,9/10/2026,Lite,MolsonCoors Beverage Company,9/10/2026 7:46 AM,chrishope,9/9/2026 5:19 PM,allisonscott
13469,(TG)Hofbrau Mug 1 Liter - Glasses,15915,Hofbrau,,Hawthorne,8097043,9/10/2026,Hofbrau Usa,Hofbrauhaus USA,9/10/2026 8:13 AM,chrishope,9/9/2026 4:08 PM,anthonypalmi
13468,(TG)Hofbrau Mug 1 Liter - Glasses,15914,Hofbrau,,Hawthorne,8097042,9/10/2026,Hofbrau Usa,Hofbrauhaus USA,9/10/2026 8:13 AM,chrishope,9/9/2026 4:08 PM,anthonypalmi
13467,(TG)Hofbrau Mug 1 Liter - Glasses,15913,Hofbrau,,Hawthorne,8097041,9/10/2026,Hofbrau Usa,Hofbrauhaus USA,9/10/2026 8:13 AM,chrishope,9/9/2026 4:08 PM,anthonypalmi
13466,(TG)Hofbrau Mug 1 Liter - Glasses,15912,Hofbrau,,Hawthorne,8097040,9/10/2026,Hofbrau Usa,Hofbrauhaus USA,9/10/2026 8:13 AM,chrishope,9/9/2026 4:08 PM,anthonypalmi
13465,(TG)Hofbrau Mug 1 Liter - Glasses,15911,Hofbrau,,Hawthorne,8097039,9/10/2026,Hofbrau Usa,Hofbrauhaus USA,9/10/2026 8:13 AM,chrishope,9/9/2026 4:08 PM,anthonypalmi
13464,Coors Light 16oz Shaker - Glasses,17760,Coors Light,,Hawthorne,8097028,9/10/2026,Coors Light,MolsonCoors Beverage Company,9/10/2026 7:46 AM,chrishope,9/9/2026 3:43 PM,nickmelissar
13463,Coors Light 16oz Shaker - Glasses,17759,Coors Light,,Hawthorne,8097027,9/10/2026,Coors Light,MolsonCoors Beverage Company,9/10/2026 7:46 AM,chrishope,9/9/2026 3:43 PM,nickmelissar
13462,*SH* Corona Jets Cornhole,17933,Corona Extra,,Hawthorne,8097012,9/9/2026,Corona Extra,Constellation Brands,9/9/2026 2:44 PM,chrishope,9/9/2026 2:43 PM,chrishope
13461,*SH* Corona Jets Cornhole,17932,Corona Extra,,Hawthorne,8097011,9/9/2026,Corona Extra,Constellation Brands,9/9/2026 2:44 PM,chrishope,9/9/2026 2:43 PM,chrishope
13460,*SH* Modelo Giants Cornhole,17942,Modelo Especial,,Hawthorne,8097010,9/9/2026,Modelo Especial,Constellation Brands,9/9/2026 2:44 PM,chrishope,9/9/2026 2:43 PM,chrishope
13459,*SH* Modelo Giants Cornhole,17941,Modelo Especial,,Hawthorne,8097009,9/9/2026,Modelo Especial,Constellation Brands,9/9/2026 2:44 PM,chrishope,9/9/2026 2:43 PM,chrishope
13458,*CP* Carbliss 3 Can LED,17129,Carbliss Black Cherry,,Hawthorne,8097008,9/10/2026,Carbliss,SN Food & Beverage LLC,9/10/2026 7:46 AM,chrishope,9/9/2026 1:34 PM,mobrien
13457,Corona Flex Bottle LED,16321,Corona Extra,,Hawthorne,8097003,9/10/2026,Corona Extra,Constellation Brands,9/10/2026 7:46 AM,chrishope,9/9/2026 1:12 PM,mobrien
13456,Pacifico Adventure Awaits LED,14913,Pacifico,,Hawthorne,8096964,9/10/2026,Pacifico,Constellation Brands,9/10/2026 7:46 AM,chrishope,9/9/2026 12:50 PM,mattpowiersk
13455,*SH* Modelo Giants Cornhole,17943,Modelo Especial,,Hawthorne,8096955,9/9/2026,Modelo Especial,Constellation Brands,9/9/2026 2:46 PM,chrishope,9/9/2026 12:46 PM,anthonypalmi
13454,*SH* Corona Large Tire Bike,17888,Corona Extra,,Hawthorne,8096954,9/9/2026,Corona Extra,Constellation Brands,9/9/2026 2:46 PM,chrishope,9/9/2026 12:46 PM,anthonypalmi
13453,Yuengling 16oz Shaker - Glasses,16256,Yuengling Lager,,Hawthorne,8096944,9/9/2026,Yuengling Lager,DG Yuengling Inc,9/9/2026 2:41 PM,chrishope,9/9/2026 12:27 PM,briansengebu
13452,Yuengling 16oz Shaker - Glasses,16255,Yuengling Lager,,Hawthorne,8096943,9/9/2026,Yuengling Lager,DG Yuengling Inc,9/9/2026 2:41 PM,chrishope,9/9/2026 12:27 PM,briansengebu
13451,Coors Light 16oz Shaker - Glasses,17757,Coors Light,,Hawthorne,8096942,9/9/2026,Coors Light,MolsonCoors Beverage Company,9/9/2026 2:41 PM,chrishope,9/9/2026 12:27 PM,briansengebu
13450,Coors Light 16oz Shaker - Glasses,17756,Coors Light,,Hawthorne,8096941,9/9/2026,Coors Light,MolsonCoors Beverage Company,9/9/2026 2:41 PM,chrishope,9/9/2026 12:27 PM,briansengebu
13449,Coors Light 16oz Shaker - Glasses,17755,Coors Light,,Hawthorne,8096912,9/9/2026,Coors Light,MolsonCoors Beverage Company,9/9/2026 2:41 PM,chrishope,9/9/2026 11:16 AM,allisonscott
13448,Coors Light 16oz Shaker - Glasses,17754,Coors Light,,Hawthorne,8096911,9/9/2026,Coors Light,MolsonCoors Beverage Company,9/9/2026 2:41 PM,chrishope,9/9/2026 11:16 AM,allisonscott
13447,Yuengling Lager Glass LED,17512,Yuengling Lager,,Hawthorne,8096906,9/9/2026,Yuengling Lager,DG Yuengling Inc,9/9/2026 2:42 PM,chrishope,9/9/2026 10:48 AM,paulmclaughl
13446,*SH* Corona Golf Bag,17800,Corona Extra,,Hawthorne,8096905,9/9/2026,Corona Extra,Constellation Brands,9/9/2026 2:41 PM,chrishope,9/9/2026 10:48 AM,paulmclaughl
13445,*CM* Corona Premier Golf Bag,15146,Corona Premier,,Hawthorne,8096904,9/9/2026,Corona Premier,Constellation Brands,9/9/2026 2:41 PM,chrishope,9/9/2026 10:48 AM,paulmclaughl
13444,(SH)Modelo Gold Cooler - DEALER LOADER,18152,Modelo Especial,,Hawthorne,8096903,9/9/2026,Modelo Especial,Constellation Brands,9/9/2026 2:41 PM,chrishope,9/9/2026 10:48 AM,paulmclaughl
13443,*SH* Pacifico SurfBoard,14048,Pacifico,,Hawthorne,8096902,9/9/2026,Pacifico,Constellation Brands,9/9/2026 2:41 PM,chrishope,9/9/2026 10:48 AM,paulmclaughl
13442,(CM)Miller Lite 16oz Plastic cups - PLASTIC CUPS,16986,Miller Lite,,Hawthorne,8096901,9/9/2026,Lite,MolsonCoors Beverage Company,9/9/2026 2:41 PM,chrishope,9/9/2026 10:42 AM,briansengebu
13441,(CM)Miller Lite 16oz Plastic cups - PLASTIC CUPS,16985,Miller Lite,,Hawthorne,8096900,9/9/2026,Lite,MolsonCoors Beverage Company,9/9/2026 2:41 PM,chrishope,9/9/2026 10:42 AM,briansengebu
13440,*DD* Coors Light Portable Grill,18209,Coors Light,,Hawthorne,8096831,9/9/2026,Coors Light,MolsonCoors Beverage Company,9/9/2026 2:41 PM,chrishope,9/9/2026 9:41 AM,nmicco
13439,Angry Orchard Rack - 6-Pack Rack,14499,Angry Orchard Crisp Apple,,Hawthorne,8096830,9/9/2026,Angry Orchard,Boston Beer Company,9/9/2026 2:41 PM,chrishope,9/9/2026 9:41 AM,nmicco
13438,*DM* Coors Light Golf Bag,15010,Coors Light,,Hawthorne,8096810,9/9/2026,Coors Light,MolsonCoors Beverage Company,9/9/2026 11:29 AM,chrishope,9/9/2026 8:50 AM,jheaney
13437,*DM* Miller Lite Golf Bag,15102,Miller Lite,,Hawthorne,8096809,9/9/2026,Lite,MolsonCoors Beverage Company,9/9/2026 11:29 AM,chrishope,9/9/2026 8:50 AM,jheaney
13436,Yuengling Flight Lake LED,15999,Yuengling Flight,,Hawthorne,8096807,9/9/2026,Yuengling Flight,DG Yuengling Inc,9/9/2026 2:41 PM,chrishope,9/9/2026 8:36 AM,nmicco
13435,Miller Lite 16oz shaker - Glasses,13027,Miller Lite,,Hawthorne,8089882,9/9/2026,Lite,MolsonCoors Beverage Company,9/9/2026 7:55 AM,chrishope,9/8/2026 5:04 PM,allisonscott
13434,(SH)Modelo Gold Cooler - DEALER LOADER,18151,Modelo Especial,,Hawthorne,8089572,9/9/2026,Modelo Especial,Constellation Brands,9/9/2026 7:55 AM,chrishope,9/8/2026 3:43 PM,klejdilamo
13433,(TG)Hofbrau Mug 0.5 Liter - GLASSES,15871,Hofbrau,,Hawthorne,8089567,9/11/2026,Hofbrau Usa,Hofbrauhaus USA,9/14/2026 8:07 AM,chrishope,9/8/2026 3:28 PM,aacciardi
13432,(TG)Hofbrau Mug 1 Liter - Glasses,15916,Hofbrau,,Hawthorne,8089566,9/11/2026,Hofbrau Usa,Hofbrauhaus USA,9/14/2026 8:08 AM,chrishope,9/8/2026 3:28 PM,aacciardi
13431,*DD* Coors Light Tailgate Chair,18088,Coors Light,,Hawthorne,8089562,9/9/2026,Coors Light,MolsonCoors Beverage Company,9/9/2026 7:55 AM,chrishope,9/8/2026 3:05 PM,jaysonromine
13430,*DD* Miller Lite Giant Backpack Cooler,18215,Miller Lite,,Hawthorne,8089561,9/9/2026,Lite,MolsonCoors Beverage Company,9/9/2026 7:55 AM,chrishope,9/8/2026 3:02 PM,jaysonromine
13429,*DD* Coors Light Portable Grill,18208,Coors Light,,Hawthorne,8089518,9/9/2026,Coors Light,MolsonCoors Beverage Company,9/9/2026 7:55 AM,chrishope,9/8/2026 2:54 PM,mobrien
13428,(TG)Hofbrau Mug 1 Liter - Glasses,15910,Hofbrau,,Hawthorne,8089507,9/9/2026,Hofbrau Usa,Hofbrauhaus USA,9/9/2026 7:55 AM,chrishope,9/8/2026 2:29 PM,jaimecolonna
13427,(TG)Hofbrau Mug 1 Liter - Glasses,15909,Hofbrau,,Hawthorne,8089506,9/9/2026,Hofbrau Usa,Hofbrauhaus USA,9/9/2026 7:55 AM,chrishope,9/8/2026 2:29 PM,jaimecolonna
13426,(TG)Hofbrau Mug 1 Liter - Glasses,15908,Hofbrau,,Hawthorne,8089505,9/9/2026,Hofbrau Usa,Hofbrauhaus USA,9/9/2026 7:55 AM,chrishope,9/8/2026 2:29 PM,jaimecolonna
13425,(TG)Hofbrau Mug 1 Liter - Glasses,15907,Hofbrau,,Hawthorne,8089504,9/9/2026,Hofbrau Usa,Hofbrauhaus USA,9/9/2026 7:55 AM,chrishope,9/8/2026 2:29 PM,jaimecolonna
13424,(TG)Hofbrau Mug 1 Liter - Glasses,15906,Hofbrau,,Hawthorne,8089503,9/9/2026,Hofbrau Usa,Hofbrauhaus USA,9/9/2026 7:55 AM,chrishope,9/8/2026 2:29 PM,jaimecolonna
13423,Modelo Chelada LED - LED,12802,Modelo Especial,,Hawthorne,8089444,9/9/2026,Modelo Especial,Constellation Brands,9/9/2026 7:55 AM,chrishope,9/8/2026 12:55 PM,anthonypalmi
13422,24 oz Glide racks,14034,Coors Light,,Hawthorne,8089433,9/11/2026,Coors Light,MolsonCoors Beverage Company,9/14/2026 8:08 AM,chrishope,9/8/2026 12:32 PM,aacciardi
13421,Southern Tier LED - LED,661,Southern Tier,,Hawthorne,8089432,9/9/2026,Southern Tier,Southern Tier Brewing Company,9/9/2026 7:55 AM,chrishope,9/8/2026 12:32 PM,hakansadik
13420,(CM)Coors Light 16oz Cups - PLASTIC CUPS,16846,Coors Light,,Hawthorne,8089355,9/9/2026,Coors Light,MolsonCoors Beverage Company,9/9/2026 7:55 AM,chrishope,9/8/2026 10:45 AM,nickmelissar
13419,Coors Light 16oz Shaker - Glasses,17753,Coors Light,,Hawthorne,8089354,9/9/2026,Coors Light,MolsonCoors Beverage Company,9/9/2026 7:55 AM,chrishope,9/8/2026 10:45 AM,nickmelissar
13418,Coors Light 16oz Shaker - Glasses,17752,Coors Light,,Hawthorne,8089353,9/9/2026,Coors Light,MolsonCoors Beverage Company,9/9/2026 7:55 AM,chrishope,9/8/2026 10:45 AM,nickmelissar
13417,Sam Adams 3 Foot Stein - DEALER LOADER,18108,Sam Adams,,Hawthorne,8089350,9/9/2026,Samuel Adams,Boston Beer Company,9/9/2026 7:55 AM,chrishope,9/8/2026 10:19 AM,mikeast
13416,Corona Metal Cooler - DEALER LOADER,18175,Corona Extra,,Hawthorne,8089340,9/9/2026,Corona Extra,Constellation Brands,9/9/2026 7:55 AM,chrishope,9/8/2026 9:52 AM,mikeast
13415,*SD* Garage Beer Eagle LED,16220,Garage,,Hawthorne,8089338,9/9/2026,Garage Beer,Garage Beer,9/9/2026 7:55 AM,chrishope,9/8/2026 9:34 AM,mikeast
13414,Corona Metal Cooler - DEALER LOADER,18174,Corona Extra,,Hawthorne,8089337,9/9/2026,Corona Extra,Constellation Brands,9/9/2026 7:55 AM,chrishope,9/8/2026 9:34 AM,mikeast
13413,Peroni 0.4L Glass - Glasses,5575,Peroni,,Hawthorne,8089331,9/8/2026,Peroni,MolsonCoors Beverage Company,9/8/2026 8:40 AM,chrishope,9/8/2026 8:40 AM,chrishope
13412,Peroni 0.4L Glass - Glasses,5574,Peroni,,Hawthorne,8089330,9/8/2026,Peroni,MolsonCoors Beverage Company,9/8/2026 8:40 AM,chrishope,9/8/2026 8:40 AM,chrishope
13411,Peroni 0.4L Glass - Glasses,5573,Peroni,,Hawthorne,8089329,9/8/2026,Peroni,MolsonCoors Beverage Company,9/8/2026 8:40 AM,chrishope,9/8/2026 8:40 AM,chrishope
13410,Peroni 0.4L Glass - Glasses,5572,Peroni,,Hawthorne,8089328,9/8/2026,Peroni,MolsonCoors Beverage Company,9/8/2026 8:40 AM,chrishope,9/8/2026 8:40 AM,chrishope
13409,Peroni 0.4L Glass - Glasses,5571,Peroni,,Hawthorne,8089327,9/8/2026,Peroni,MolsonCoors Beverage Company,9/8/2026 8:40 AM,chrishope,9/8/2026 8:40 AM,chrishope
13408,Peroni 0.4L Glass - Glasses,5570,Peroni,,Hawthorne,8089326,9/8/2026,Peroni,MolsonCoors Beverage Company,9/8/2026 8:40 AM,chrishope,9/8/2026 8:40 AM,chrishope
13407,Cape May 16oz Shaker - Glasses,13897,Cape May,,Hawthorne,8089302,9/8/2026,Cape May,Cape May,9/8/2026 8:40 AM,chrishope,9/8/2026 7:48 AM,robinfeldman
13406,Cape May 16oz Shaker - Glasses,13896,Cape May,,Hawthorne,8089301,9/8/2026,Cape May,Cape May,9/8/2026 8:40 AM,chrishope,9/8/2026 7:48 AM,robinfeldman
13405,(CM)Coors Light 16oz Cups - PLASTIC CUPS,16845,Coors Light,,Hawthorne,8085159,9/8/2026,Coors Light,MolsonCoors Beverage Company,9/8/2026 7:38 AM,chrishope,9/7/2026 2:15 PM,allisonscott
13404,Coors Light 16oz Shaker - Glasses,17751,Coors Light,,Hawthorne,8081305,9/8/2026,Coors Light,MolsonCoors Beverage Company,9/8/2026 7:38 AM,chrishope,9/6/2026 4:04 PM,allisonscott
13403,Coors Light 16oz Shaker - Glasses,17750,Coors Light,,Hawthorne,8081304,9/8/2026,Coors Light,MolsonCoors Beverage Company,9/8/2026 7:38 AM,chrishope,9/6/2026 4:04 PM,allisonscott
13402,Coors Light 22oz shaker - Glasses,12879,Coors Light,,Hawthorne,8075134,9/8/2026,Coors Light,MolsonCoors Beverage Company,9/8/2026 7:38 AM,chrishope,9/4/2026 3:04 PM,briansengebu
13401,Coors Light 22oz shaker - Glasses,12878,Coors Light,,Hawthorne,8075133,9/8/2026,Coors Light,MolsonCoors Beverage Company,9/8/2026 7:38 AM,chrishope,9/4/2026 3:04 PM,briansengebu
13400,Yuengling 16oz Shaker - Glasses,16254,Yuengling Lager,,Hawthorne,8075132,9/8/2026,Yuengling Lager,DG Yuengling Inc,9/8/2026 7:38 AM,chrishope,9/4/2026 3:04 PM,briansengebu
13399,Yuengling 16oz Shaker - Glasses,16253,Yuengling Lager,,Hawthorne,8075131,9/8/2026,Yuengling Lager,DG Yuengling Inc,9/8/2026 7:38 AM,chrishope,9/4/2026 3:04 PM,briansengebu
13398,Modelo 16oz Shaker - Glasses,12560,Modelo Especial,,Hawthorne,8075130,9/8/2026,Modelo Especial,Constellation Brands,9/8/2026 7:38 AM,chrishope,9/4/2026 3:04 PM,briansengebu
13397,Corona Metal Cooler - DEALER LOADER,18173,Corona Extra,,Hawthorne,8075103,9/8/2026,Corona Extra,Constellation Brands,9/8/2026 7:38 AM,chrishope,9/4/2026 1:35 PM,mattpowiersk
13396,Corona Metal Cooler - DEALER LOADER,18172,Corona Extra,,Hawthorne,8075050,9/4/2026,Corona Extra,Constellation Brands,9/4/2026 1:26 PM,chrishope,9/4/2026 9:27 AM,anthonypalmi
13395,*SH* Modelo Giants Tailgate Chair,18059,Modelo Especial,,Hawthorne,8075049,9/4/2026,Modelo Especial,Constellation Brands,9/4/2026 1:26 PM,chrishope,9/4/2026 9:27 AM,anthonypalmi
13394,(SH)Modelo Gold Cooler - DEALER LOADER,18150,Modelo Especial,,Hawthorne,8075046,9/4/2026,Modelo Especial,Constellation Brands,9/4/2026 8:00 AM,chrishope,9/4/2026 7:58 AM,chrispayton
13393,**DD** Athletic igloo cooler,12260,Athletic Run Wild IPA,,Hawthorne,8071577,9/4/2026,Athletic,Athletic Brewing Company,9/4/2026 8:00 AM,chrishope,9/3/2026 7:00 PM,jaysonromine
13392,*SD* Cape May Backpack Cooler,15681,Cape May,,Hawthorne,8071576,9/4/2026,Cape May,Cape May,9/4/2026 1:25 PM,chrishope,9/3/2026 7:00 PM,jaysonromine
13391,Coors Light Lake Inflate- Dealer Loader,4927,Coors Light,,Hawthorne,8071575,9/4/2026,Coors Light,MolsonCoors Beverage Company,9/4/2026 8:00 AM,chrishope,9/3/2026 7:00 PM,jaysonromine
13390,Corona Metal Cooler - DEALER LOADER,18171,Corona Extra,,Hawthorne,8071574,9/4/2026,Corona Extra,Constellation Brands,9/4/2026 8:00 AM,chrishope,9/3/2026 7:00 PM,jaysonromine
13389,*SH* Modelo Giants Tailgate Chair,18058,Modelo Especial,,Hawthorne,8071573,9/4/2026,Modelo Especial,Constellation Brands,9/4/2026 8:00 AM,chrishope,9/3/2026 7:00 PM,jaysonromine
13388,(PC)Yeungling Flight Golf Bag - DEALER LOADER,12785,Yuengling Flight,,Hawthorne,8071572,9/4/2026,Yuengling Flight,DG Yuengling Inc,9/4/2026 8:00 AM,chrishope,9/3/2026 7:00 PM,jaysonromine
13387,Corona Flex Bottle LED,16320,Corona Extra,,Hawthorne,8070991,9/4/2026,Corona Extra,Constellation Brands,9/4/2026 7:57 AM,chrishope,9/3/2026 4:43 PM,mobrien
13386,Cape May Beach Chair,15691,Cape May,,Hawthorne,8070976,9/4/2026,Cape May,Cape May,9/4/2026 1:26 PM,chrishope,9/3/2026 4:09 PM,jaysonromine
13385,*CP* Carbliss Cooler Backpack,17398,Carbliss Black Cherry,,Hawthorne,8070975,9/4/2026,Carbliss,SN Food & Beverage LLC,9/4/2026 8:00 AM,chrishope,9/3/2026 4:09 PM,jaysonromine
13384,Coors Light EGO Battery Blower/trimmer Combo,17570,Coors Light,,Hawthorne,8070974,9/4/2026,Coors Light,MolsonCoors Beverage Company,9/4/2026 8:00 AM,chrishope,9/3/2026 4:09 PM,jaysonromine
13383,Corona Metal Cooler - DEALER LOADER,18170,Corona Extra,,Hawthorne,8070973,9/4/2026,Corona Extra,Constellation Brands,9/4/2026 8:00 AM,chrishope,9/3/2026 4:09 PM,jaysonromine
13382,*SH* Corona Jets Cornhole,,Corona Extra,,Hawthorne,8070972,,Corona Extra,Constellation Brands,9/3/2026 4:09 PM,jaysonromine,9/3/2026 4:09 PM,jaysonromine
13381,Fever Tree Cooler Cart,12019,Fever Tree Club Soda,,Hawthorne,8070971,9/4/2026,Fever Tree,MolsonCoors Beverage Company,9/4/2026 8:00 AM,chrishope,9/3/2026 4:09 PM,jaysonromine
13380,*SH* Modelo Giants Cornhole,17940,Modelo Especial,,Hawthorne,8070970,9/4/2026,Modelo Especial,Constellation Brands,9/4/2026 8:00 AM,chrishope,9/3/2026 4:09 PM,jaysonromine
13379,*PC* Yuengling Flight Beach Chair,16355,Yuengling Flight,,Hawthorne,8070969,9/4/2026,Yuengling Flight,DG Yuengling Inc,9/4/2026 8:00 AM,chrishope,9/3/2026 4:09 PM,jaysonromine
13378,*CP* Twisted Tea BackPack Cooler,17462,Twisted Tea Original,,Hawthorne,8070968,9/4/2026,Twisted Tea,Boston Beer Company,9/4/2026 8:00 AM,chrishope,9/3/2026 4:09 PM,jaysonromine
13377,Pacifico Surf LED,16522,Pacifico,,Hawthorne,8070961,9/4/2026,Pacifico,Constellation Brands,9/4/2026 7:57 AM,chrishope,9/3/2026 3:43 PM,javiermelo
13376,*SD* Garage Beer Football Rubber mat 3x5,18132,Garage,,Hawthorne,8070940,9/4/2026,Garage Beer,Garage Beer,9/4/2026 1:25 PM,chrishope,9/3/2026 3:34 PM,jodonoghue
13375,Garage Beer 16oz Shaker - GLASSES,16234,Garage,,Hawthorne,8070939,9/4/2026,Garage Beer,Garage Beer,9/4/2026 1:26 PM,chrishope,9/3/2026 3:34 PM,jodonoghue
13374,Garage Beer 16oz Shaker - GLASSES,16233,Garage,,Hawthorne,8070938,9/4/2026,Garage Beer,Garage Beer,9/4/2026 1:26 PM,chrishope,9/3/2026 3:34 PM,jodonoghue
13373,Garage Beer 16oz Shaker - GLASSES,,Garage,,Hawthorne,8070937,,Garage Beer,Garage Beer,9/3/2026 3:34 PM,jodonoghue,9/3/2026 3:34 PM,jodonoghue
13372,*SD*Garage Beer 16oz Plastic Cups,,Garage,,Hawthorne,8070936,,Garage Beer,Garage Beer,9/3/2026 3:34 PM,jodonoghue,9/3/2026 3:34 PM,jodonoghue
13371,*SD*Garage Beer 16oz Plastic Cups,17864,Garage,,Hawthorne,8070935,9/4/2026,Garage Beer,Garage Beer,9/4/2026 1:25 PM,chrishope,9/3/2026 3:34 PM,jodonoghue
13370,Modelo 16oz Shaker - Glasses,12559,Modelo Especial,,Hawthorne,8070910,9/4/2026,Modelo Especial,Constellation Brands,9/4/2026 7:57 AM,chrishope,9/3/2026 3:13 PM,paulmclaughl
13369,Modelo 16oz Shaker - Glasses,12558,Modelo Especial,,Hawthorne,8070909,9/4/2026,Modelo Especial,Constellation Brands,9/4/2026 7:57 AM,chrishope,9/3/2026 3:13 PM,paulmclaughl
13368,*SD* Other Half 16oz Shaker,18256,Other Half All Everything,,Hawthorne,8070908,9/4/2026,Other Half,Other Half Brewing Co,9/4/2026 7:57 AM,chrishope,9/3/2026 3:13 PM,paulmclaughl
13367,SixPoint 16oz shaker - Glasses,4161,Sixpoint,,Hawthorne,8070907,9/4/2026,Sixpoint,Sixpoint Brewing,9/4/2026 7:57 AM,chrishope,9/3/2026 3:13 PM,paulmclaughl
13366,Pabst 16oz shaker - Glasses,11754,Pabst Blue Ribbon,,Hawthorne,8070884,9/4/2026,Pabst Blue Ribbon,Pabst Brewing Company,9/4/2026 1:26 PM,chrishope,9/3/2026 2:23 PM,aacciardi
13365,Montauk 16oz Shaker - Glasses,12298,Montauk Pilsner,,Hawthorne,8070883,9/4/2026,Montauk,Montauk Brewing Co,9/4/2026 1:26 PM,chrishope,9/3/2026 2:22 PM,aacciardi
13364,(SH)Modelo Gold Cooler - DEALER LOADER,18149,Modelo Especial,,Hawthorne,8070880,9/4/2026,Modelo Especial,Constellation Brands,9/4/2026 7:56 AM,chrishope,9/3/2026 1:59 PM,mattpowiersk
13363,Coors Light EGO Battery Blower/trimmer Combo,17569,Coors Light,,Hawthorne,8070821,9/4/2026,Coors Light,MolsonCoors Beverage Company,9/4/2026 7:57 AM,chrishope,9/3/2026 12:02 PM,chrishope
13362,Coors Light EGO Battery Blower/trimmer Combo,17568,Coors Light,,Hawthorne,8070820,9/4/2026,Coors Light,MolsonCoors Beverage Company,9/4/2026 7:57 AM,chrishope,9/3/2026 12:02 PM,chrishope
13361,(CM)Coors Light 16oz Cups - PLASTIC CUPS,16844,Coors Light,,Hawthorne,8070807,9/4/2026,Coors Light,MolsonCoors Beverage Company,9/4/2026 7:56 AM,chrishope,9/3/2026 11:21 AM,anthonypalmi
13360,Pacifico Surf LED,16523,Pacifico,,Hawthorne,8070796,9/4/2026,Pacifico,Constellation Brands,9/4/2026 7:57 AM,chrishope,9/3/2026 10:08 AM,jheaney
13359,Corona SunBrew LED - LED,16070,Corona Extra,,Hawthorne,8070795,9/4/2026,Corona Extra,Constellation Brands,9/4/2026 7:57 AM,chrishope,9/3/2026 10:08 AM,jheaney
13358,Heineken AFrame,11499,Heineken,,Hawthorne,8070789,9/4/2026,Heineken USA,Heineken USA,9/4/2026 7:57 AM,chrishope,9/3/2026 9:48 AM,mattpowiersk
13357,Corona Metal Cooler - DEALER LOADER,18168,Corona Extra,,Hawthorne,8066944,9/3/2026,Corona Extra,Constellation Brands,9/3/2026 8:41 AM,chrishope,9/2/2026 7:08 PM,robinfeldman
13356,Miller Lite America 250 Grizzly cooler,17394,Miller Lite,,Hawthorne,8066342,9/3/2026,Lite,MolsonCoors Beverage Company,9/3/2026 8:41 AM,chrishope,9/2/2026 3:42 PM,nmicco
13355,Modelo 16oz Shaker - Glasses,12557,Modelo Especial,,Hawthorne,8066329,9/3/2026,Modelo Especial,Constellation Brands,9/3/2026 8:41 AM,chrishope,9/2/2026 3:31 PM,allisonscott
13354,Modelo 16oz Shaker - Glasses,12556,Modelo Especial,,Hawthorne,8066328,9/3/2026,Modelo Especial,Constellation Brands,9/3/2026 8:41 AM,chrishope,9/2/2026 3:31 PM,allisonscott
13353,*DD* Coors Light Golf Bag,15036,Coors Light,,Hawthorne,8066272,9/3/2026,Coors Light,MolsonCoors Beverage Company,9/3/2026 8:41 AM,chrishope,9/2/2026 2:33 PM,anthonypalmi
13352,*DD* Coors Light Tailgate Chair,18087,Coors Light,,Hawthorne,8066271,9/3/2026,Coors Light,MolsonCoors Beverage Company,9/3/2026 8:41 AM,chrishope,9/2/2026 2:33 PM,anthonypalmi
13351,Corona Metal Cooler - DEALER LOADER,18169,Corona Extra,,Hawthorne,8066270,9/3/2026,Corona Extra,Constellation Brands,9/3/2026 8:41 AM,chrishope,9/2/2026 2:33 PM,anthonypalmi
13350,Yuengling Flight Kanga Cooler,17249,Yuengling Flight,,Hawthorne,8066269,9/3/2026,Yuengling Flight,DG Yuengling Inc,9/3/2026 8:41 AM,chrishope,9/2/2026 2:33 PM,anthonypalmi
13349,*SH* Corona Premier Golf Bag,15197,Corona Premier,,Hawthorne,8066268,9/3/2026,Corona Premier,Constellation Brands,9/3/2026 8:41 AM,chrishope,9/2/2026 2:33 PM,anthonypalmi
13348,*CP*SunCruiser Golf Bag,13369,Sun Cruiser Classic Iced Tea,,Hawthorne,8066267,9/3/2026,Sun Cruiser,Boston Beer Company,9/3/2026 8:41 AM,chrishope,9/2/2026 2:33 PM,anthonypalmi
13347,Yuengling Flight Kanga Cooler,17248,Yuengling Flight,,Hawthorne,8066266,9/3/2026,Yuengling Flight,DG Yuengling Inc,9/3/2026 8:41 AM,chrishope,9/2/2026 2:33 PM,anthonypalmi
13346,Sam Adams 3 Foot Stein - DEALER LOADER,18107,Sam Adams,,Hawthorne,8066163,9/3/2026,Samuel Adams,Boston Beer Company,9/3/2026 8:41 AM,chrishope,9/2/2026 1:28 PM,robinfeldman
13345,Sam Adams 3 Foot Stein - DEALER LOADER,18106,Sam Adams,,Hawthorne,8066162,9/3/2026,Samuel Adams,Boston Beer Company,9/3/2026 8:41 AM,chrishope,9/2/2026 1:28 PM,robinfeldman
13344,Modelo Draft LED,15394,Modelo Especial,,Hawthorne,8066158,9/3/2026,Modelo Especial,Constellation Brands,9/3/2026 8:41 AM,chrishope,9/2/2026 1:02 PM,mobrien
13343,Stone 16oz Shaker,10737,Stone,,Hawthorne,8066139,9/3/2026,Stone Brewing,Stone Brewing,9/3/2026 8:44 AM,chrishope,9/2/2026 11:59 AM,paulmclaughl
13342,Stone 16oz Shaker,10736,Stone,,Hawthorne,8066138,9/3/2026,Stone Brewing,Stone Brewing,9/3/2026 8:44 AM,chrishope,9/2/2026 11:59 AM,paulmclaughl
13341,*CP* Suncruiser Beach Wagon,15757,Sun Cruiser Classic Iced Tea,,Hawthorne,8066094,9/4/2026,Sun Cruiser,Boston Beer Company,9/4/2026 7:57 AM,chrishope,9/2/2026 10:51 AM,chrispayton
13340,*DD* Coors Light Golf Bag,15035,Coors Light,,Hawthorne,8066093,9/3/2026,Coors Light,MolsonCoors Beverage Company,9/3/2026 8:41 AM,chrishope,9/2/2026 10:16 AM,robinfeldman
13339,(TG)Hofbrau Mug 0.5 Liter - GLASSES,15850,Hofbrau,,Hawthorne,8066088,9/3/2026,Hofbrau Usa,Hofbrauhaus USA,9/3/2026 8:48 AM,chrishope,9/2/2026 9:48 AM,jaimecolonna
13338,(TG)Hofbrau Mug 0.5 Liter - GLASSES,15849,Hofbrau,,Hawthorne,8066087,9/3/2026,Hofbrau Usa,Hofbrauhaus USA,9/3/2026 8:48 AM,chrishope,9/2/2026 9:48 AM,jaimecolonna
13337,(TG)Hofbrau Mug 0.5 Liter - GLASSES,15848,Hofbrau,,Hawthorne,8066086,9/3/2026,Hofbrau Usa,Hofbrauhaus USA,9/3/2026 8:48 AM,chrishope,9/2/2026 9:48 AM,jaimecolonna
13336,(TG)Hofbrau Mug 0.5 Liter - GLASSES,15847,Hofbrau,,Hawthorne,8066085,9/3/2026,Hofbrau Usa,Hofbrauhaus USA,9/3/2026 8:48 AM,chrishope,9/2/2026 9:48 AM,jaimecolonna
13335,(TG)Hofbrau Mug 0.5 Liter - GLASSES,15846,Hofbrau,,Hawthorne,8066084,9/3/2026,Hofbrau Usa,Hofbrauhaus USA,9/3/2026 8:48 AM,chrishope,9/2/2026 9:48 AM,jaimecolonna
13334,(TG)Hofbrau Mug 0.5 Liter - GLASSES,15845,Hofbrau,,Hawthorne,8066083,9/3/2026,Hofbrau Usa,Hofbrauhaus USA,9/3/2026 8:48 AM,chrishope,9/2/2026 9:48 AM,jaimecolonna
13333,(TG)Hofbrau Mug 0.5 Liter - GLASSES,15844,Hofbrau,,Hawthorne,8066082,9/3/2026,Hofbrau Usa,Hofbrauhaus USA,9/3/2026 8:48 AM,chrishope,9/2/2026 9:48 AM,jaimecolonna
13332,(TG)Hofbrau Mug 0.5 Liter - GLASSES,15843,Hofbrau,,Hawthorne,8066081,9/3/2026,Hofbrau Usa,Hofbrauhaus USA,9/3/2026 8:48 AM,chrishope,9/2/2026 9:48 AM,jaimecolonna
13331,(TG)Hofbrau Mug 0.5 Liter - GLASSES,15842,Hofbrau,,Hawthorne,8066080,9/3/2026,Hofbrau Usa,Hofbrauhaus USA,9/3/2026 8:48 AM,chrishope,9/2/2026 9:48 AM,jaimecolonna
13330,(TG)Hofbrau Mug 0.5 Liter - GLASSES,15841,Hofbrau,,Hawthorne,8066079,9/3/2026,Hofbrau Usa,Hofbrauhaus USA,9/3/2026 8:48 AM,chrishope,9/2/2026 9:48 AM,jaimecolonna
13329,(TG)Hofbrau Mug 0.5 Liter - GLASSES,15840,Hofbrau,,Hawthorne,8066078,9/3/2026,Hofbrau Usa,Hofbrauhaus USA,9/3/2026 8:48 AM,chrishope,9/2/2026 9:48 AM,jaimecolonna
13328,(TG)Hofbrau Mug 0.5 Liter - GLASSES,15839,Hofbrau,,Hawthorne,8066077,9/3/2026,Hofbrau Usa,Hofbrauhaus USA,9/3/2026 8:48 AM,chrishope,9/2/2026 9:48 AM,jaimecolonna
13327,(TG)Hofbrau Mug 0.5 Liter - GLASSES,15838,Hofbrau,,Hawthorne,8066076,9/3/2026,Hofbrau Usa,Hofbrauhaus USA,9/3/2026 8:48 AM,chrishope,9/2/2026 9:48 AM,jaimecolonna
13326,(TG)Hofbrau Mug 0.5 Liter - GLASSES,15837,Hofbrau,,Hawthorne,8066075,9/3/2026,Hofbrau Usa,Hofbrauhaus USA,9/3/2026 8:48 AM,chrishope,9/2/2026 9:48 AM,jaimecolonna
13325,(TG)Hofbrau Mug 0.5 Liter - GLASSES,15836,Hofbrau,,Hawthorne,8066074,9/3/2026,Hofbrau Usa,Hofbrauhaus USA,9/3/2026 8:48 AM,chrishope,9/2/2026 9:48 AM,jaimecolonna
13324,(TG)Hofbrau Mug 0.5 Liter - GLASSES,15835,Hofbrau,,Hawthorne,8066073,9/3/2026,Hofbrau Usa,Hofbrauhaus USA,9/3/2026 8:48 AM,chrishope,9/2/2026 9:48 AM,jaimecolonna
13323,(TG)Hofbrau Mug 0.5 Liter - GLASSES,15834,Hofbrau,,Hawthorne,8066072,9/3/2026,Hofbrau Usa,Hofbrauhaus USA,9/3/2026 8:48 AM,chrishope,9/2/2026 9:48 AM,jaimecolonna
13322,(TG)Hofbrau Mug 0.5 Liter - GLASSES,15833,Hofbrau,,Hawthorne,8066071,9/3/2026,Hofbrau Usa,Hofbrauhaus USA,9/3/2026 8:48 AM,chrishope,9/2/2026 9:48 AM,jaimecolonna
13321,(TG)Hofbrau Mug 0.5 Liter - GLASSES,15832,Hofbrau,,Hawthorne,8066070,9/3/2026,Hofbrau Usa,Hofbrauhaus USA,9/3/2026 8:48 AM,chrishope,9/2/2026 9:48 AM,jaimecolonna
13320,(TG)Hofbrau Mug 0.5 Liter - GLASSES,15831,Hofbrau,,Hawthorne,8066069,9/3/2026,Hofbrau Usa,Hofbrauhaus USA,9/3/2026 8:48 AM,chrishope,9/2/2026 9:48 AM,jaimecolonna
13319,(TG)Hofbrau Mug 1 Liter - Glasses,15890,Hofbrau,,Hawthorne,8066068,9/3/2026,Hofbrau Usa,Hofbrauhaus USA,9/3/2026 8:48 AM,chrishope,9/2/2026 9:48 AM,jaimecolonna
13318,(TG)Hofbrau Mug 1 Liter - Glasses,15889,Hofbrau,,Hawthorne,8066067,9/3/2026,Hofbrau Usa,Hofbrauhaus USA,9/3/2026 8:48 AM,chrishope,9/2/2026 9:48 AM,jaimecolonna
13317,(TG)Hofbrau Mug 1 Liter - Glasses,15888,Hofbrau,,Hawthorne,8066066,9/3/2026,Hofbrau Usa,Hofbrauhaus USA,9/3/2026 8:48 AM,chrishope,9/2/2026 9:48 AM,jaimecolonna
13316,(TG)Hofbrau Mug 1 Liter - Glasses,15887,Hofbrau,,Hawthorne,8066065,9/3/2026,Hofbrau Usa,Hofbrauhaus USA,9/3/2026 8:48 AM,chrishope,9/2/2026 9:48 AM,jaimecolonna
13315,(TG)Hofbrau Mug 1 Liter - Glasses,15886,Hofbrau,,Hawthorne,8066064,9/3/2026,Hofbrau Usa,Hofbrauhaus USA,9/3/2026 8:48 AM,chrishope,9/2/2026 9:48 AM,jaimecolonna
13314,(TG)Hofbrau Mug 1 Liter - Glasses,15885,Hofbrau,,Hawthorne,8066063,9/3/2026,Hofbrau Usa,Hofbrauhaus USA,9/3/2026 8:48 AM,chrishope,9/2/2026 9:48 AM,jaimecolonna
13313,(TG)Hofbrau Mug 1 Liter - Glasses,15884,Hofbrau,,Hawthorne,8066062,9/3/2026,Hofbrau Usa,Hofbrauhaus USA,9/3/2026 8:48 AM,chrishope,9/2/2026 9:48 AM,jaimecolonna
13312,(TG)Hofbrau Mug 1 Liter - Glasses,15883,Hofbrau,,Hawthorne,8066061,9/3/2026,Hofbrau Usa,Hofbrauhaus USA,9/3/2026 8:48 AM,chrishope,9/2/2026 9:48 AM,jaimecolonna
13311,(TG)Hofbrau Mug 1 Liter - Glasses,15882,Hofbrau,,Hawthorne,8066060,9/3/2026,Hofbrau Usa,Hofbrauhaus USA,9/3/2026 8:48 AM,chrishope,9/2/2026 9:48 AM,jaimecolonna
13310,(TG)Hofbrau Mug 1 Liter - Glasses,15881,Hofbrau,,Hawthorne,8066059,9/3/2026,Hofbrau Usa,Hofbrauhaus USA,9/3/2026 8:48 AM,chrishope,9/2/2026 9:48 AM,jaimecolonna
13309,(TG)Hofbrau Mug 1 Liter - Glasses,15880,Hofbrau,,Hawthorne,8066058,9/3/2026,Hofbrau Usa,Hofbrauhaus USA,9/3/2026 8:48 AM,chrishope,9/2/2026 9:48 AM,jaimecolonna
13308,(TG)Hofbrau Mug 1 Liter - Glasses,15879,Hofbrau,,Hawthorne,8066057,9/3/2026,Hofbrau Usa,Hofbrauhaus USA,9/3/2026 8:48 AM,chrishope,9/2/2026 9:48 AM,jaimecolonna
13307,(TG)Hofbrau Mug 1 Liter - Glasses,15878,Hofbrau,,Hawthorne,8066056,9/3/2026,Hofbrau Usa,Hofbrauhaus USA,9/3/2026 8:48 AM,chrishope,9/2/2026 9:48 AM,jaimecolonna
13306,(TG)Hofbrau Mug 1 Liter - Glasses,11878,Hofbrau,,Hawthorne,8066055,9/3/2026,Hofbrau Usa,Hofbrauhaus USA,9/3/2026 8:48 AM,chrishope,9/2/2026 9:48 AM,jaimecolonna
13305,(TG)Hofbrau Mug 1 Liter - Glasses,11877,Hofbrau,,Hawthorne,8066054,9/3/2026,Hofbrau Usa,Hofbrauhaus USA,9/3/2026 8:48 AM,chrishope,9/2/2026 9:48 AM,jaimecolonna
13304,(TG)Hofbrau Mug 0.5 Liter - GLASSES,15865,Hofbrau,,Hawthorne,8066052,9/3/2026,Hofbrau Usa,Hofbrauhaus USA,9/3/2026 8:48 AM,chrishope,9/2/2026 9:43 AM,jaimecolonna
13303,(TG)Hofbrau Mug 0.5 Liter - GLASSES,15864,Hofbrau,,Hawthorne,8066051,9/3/2026,Hofbrau Usa,Hofbrauhaus USA,9/3/2026 8:48 AM,chrishope,9/2/2026 9:43 AM,jaimecolonna
13302,(TG)Hofbrau Mug 0.5 Liter - GLASSES,15863,Hofbrau,,Hawthorne,8066050,9/3/2026,Hofbrau Usa,Hofbrauhaus USA,9/3/2026 8:48 AM,chrishope,9/2/2026 9:43 AM,jaimecolonna
13301,(TG)Hofbrau Mug 0.5 Liter - GLASSES,15862,Hofbrau,,Hawthorne,8066049,9/3/2026,Hofbrau Usa,Hofbrauhaus USA,9/3/2026 8:48 AM,chrishope,9/2/2026 9:43 AM,jaimecolonna
13300,(TG)Hofbrau Mug 0.5 Liter - GLASSES,15861,Hofbrau,,Hawthorne,8066048,9/3/2026,Hofbrau Usa,Hofbrauhaus USA,9/3/2026 8:48 AM,chrishope,9/2/2026 9:43 AM,jaimecolonna
13299,(TG)Hofbrau Mug 0.5 Liter - GLASSES,15860,Hofbrau,,Hawthorne,8066047,9/3/2026,Hofbrau Usa,Hofbrauhaus USA,9/3/2026 8:48 AM,chrishope,9/2/2026 9:43 AM,jaimecolonna
13298,(TG)Hofbrau Mug 0.5 Liter - GLASSES,15859,Hofbrau,,Hawthorne,8066046,9/3/2026,Hofbrau Usa,Hofbrauhaus USA,9/3/2026 8:48 AM,chrishope,9/2/2026 9:43 AM,jaimecolonna
13297,(TG)Hofbrau Mug 0.5 Liter - GLASSES,15858,Hofbrau,,Hawthorne,8066045,9/3/2026,Hofbrau Usa,Hofbrauhaus USA,9/3/2026 8:48 AM,chrishope,9/2/2026 9:43 AM,jaimecolonna
13296,(TG)Hofbrau Mug 0.5 Liter - GLASSES,15857,Hofbrau,,Hawthorne,8066044,9/3/2026,Hofbrau Usa,Hofbrauhaus USA,9/3/2026 8:48 AM,chrishope,9/2/2026 9:43 AM,jaimecolonna
13295,(TG)Hofbrau Mug 0.5 Liter - GLASSES,15856,Hofbrau,,Hawthorne,8066043,9/3/2026,Hofbrau Usa,Hofbrauhaus USA,9/3/2026 8:48 AM,chrishope,9/2/2026 9:43 AM,jaimecolonna
13294,(TG)Hofbrau Mug 0.5 Liter - GLASSES,15855,Hofbrau,,Hawthorne,8066042,9/3/2026,Hofbrau Usa,Hofbrauhaus USA,9/3/2026 8:48 AM,chrishope,9/2/2026 9:43 AM,jaimecolonna
13293,(TG)Hofbrau Mug 0.5 Liter - GLASSES,15854,Hofbrau,,Hawthorne,8066041,9/3/2026,Hofbrau Usa,Hofbrauhaus USA,9/3/2026 8:48 AM,chrishope,9/2/2026 9:43 AM,jaimecolonna
13292,(TG)Hofbrau Mug 0.5 Liter - GLASSES,15853,Hofbrau,,Hawthorne,8066040,9/3/2026,Hofbrau Usa,Hofbrauhaus USA,9/3/2026 8:48 AM,chrishope,9/2/2026 9:43 AM,jaimecolonna
13291,(TG)Hofbrau Mug 0.5 Liter - GLASSES,15852,Hofbrau,,Hawthorne,8066039,9/3/2026,Hofbrau Usa,Hofbrauhaus USA,9/3/2026 8:48 AM,chrishope,9/2/2026 9:43 AM,jaimecolonna
13290,(TG)Hofbrau Mug 0.5 Liter - GLASSES,15851,Hofbrau,,Hawthorne,8066038,9/3/2026,Hofbrau Usa,Hofbrauhaus USA,9/3/2026 8:48 AM,chrishope,9/2/2026 9:43 AM,jaimecolonna
13289,(TG)Hofbrau Mug 0.5 Liter - GLASSES,15870,Hofbrau,,Hawthorne,8066037,9/3/2026,Hofbrau Usa,Hofbrauhaus USA,9/3/2026 8:50 AM,chrishope,9/2/2026 9:43 AM,jaimecolonna
13288,(TG)Hofbrau Mug 0.5 Liter - GLASSES,15869,Hofbrau,,Hawthorne,8066036,9/3/2026,Hofbrau Usa,Hofbrauhaus USA,9/3/2026 8:50 AM,chrishope,9/2/2026 9:43 AM,jaimecolonna
13287,(TG)Hofbrau Mug 0.5 Liter - GLASSES,15868,Hofbrau,,Hawthorne,8066035,9/3/2026,Hofbrau Usa,Hofbrauhaus USA,9/3/2026 8:50 AM,chrishope,9/2/2026 9:43 AM,jaimecolonna
13286,(TG)Hofbrau Mug 0.5 Liter - GLASSES,15867,Hofbrau,,Hawthorne,8066034,9/3/2026,Hofbrau Usa,Hofbrauhaus USA,9/3/2026 8:50 AM,chrishope,9/2/2026 9:43 AM,jaimecolonna
13285,(TG)Hofbrau Mug 0.5 Liter - GLASSES,15866,Hofbrau,,Hawthorne,8066033,9/3/2026,Hofbrau Usa,Hofbrauhaus USA,9/3/2026 8:50 AM,chrishope,9/2/2026 9:43 AM,jaimecolonna
13284,(TG)Hofbrau Mug 1 Liter - Glasses,15905,Hofbrau,,Hawthorne,8066032,9/3/2026,Hofbrau Usa,Hofbrauhaus USA,9/3/2026 8:50 AM,chrishope,9/2/2026 9:43 AM,jaimecolonna
13283,(TG)Hofbrau Mug 1 Liter - Glasses,15904,Hofbrau,,Hawthorne,8066031,9/3/2026,Hofbrau Usa,Hofbrauhaus USA,9/3/2026 8:50 AM,chrishope,9/2/2026 9:43 AM,jaimecolonna
13282,(TG)Hofbrau Mug 1 Liter - Glasses,15903,Hofbrau,,Hawthorne,8066030,9/3/2026,Hofbrau Usa,Hofbrauhaus USA,9/3/2026 8:50 AM,chrishope,9/2/2026 9:43 AM,jaimecolonna
13281,(TG)Hofbrau Mug 1 Liter - Glasses,15902,Hofbrau,,Hawthorne,8066029,9/3/2026,Hofbrau Usa,Hofbrauhaus USA,9/3/2026 8:50 AM,chrishope,9/2/2026 9:43 AM,jaimecolonna
13280,(TG)Hofbrau Mug 1 Liter - Glasses,15901,Hofbrau,,Hawthorne,8066028,9/3/2026,Hofbrau Usa,Hofbrauhaus USA,9/3/2026 8:50 AM,chrishope,9/2/2026 9:43 AM,jaimecolonna
13279,(TG)Hofbrau Mug 1 Liter - Glasses,15900,Hofbrau,,Hawthorne,8066027,9/3/2026,Hofbrau Usa,Hofbrauhaus USA,9/3/2026 8:50 AM,chrishope,9/2/2026 9:43 AM,jaimecolonna
13278,(TG)Hofbrau Mug 1 Liter - Glasses,15899,Hofbrau,,Hawthorne,8066026,9/3/2026,Hofbrau Usa,Hofbrauhaus USA,9/3/2026 8:50 AM,chrishope,9/2/2026 9:43 AM,jaimecolonna
13277,(TG)Hofbrau Mug 1 Liter - Glasses,15898,Hofbrau,,Hawthorne,8066025,9/3/2026,Hofbrau Usa,Hofbrauhaus USA,9/3/2026 8:50 AM,chrishope,9/2/2026 9:43 AM,jaimecolonna
13276,(TG)Hofbrau Mug 1 Liter - Glasses,15897,Hofbrau,,Hawthorne,8066024,9/3/2026,Hofbrau Usa,Hofbrauhaus USA,9/3/2026 8:50 AM,chrishope,9/2/2026 9:43 AM,jaimecolonna
13275,(TG)Hofbrau Mug 1 Liter - Glasses,15896,Hofbrau,,Hawthorne,8066023,9/3/2026,Hofbrau Usa,Hofbrauhaus USA,9/3/2026 8:50 AM,chrishope,9/2/2026 9:43 AM,jaimecolonna
13274,(TG)Hofbrau Mug 1 Liter - Glasses,15895,Hofbrau,,Hawthorne,8066022,9/3/2026,Hofbrau Usa,Hofbrauhaus USA,9/3/2026 8:50 AM,chrishope,9/2/2026 9:43 AM,jaimecolonna
13273,(TG)Hofbrau Mug 1 Liter - Glasses,15894,Hofbrau,,Hawthorne,8066021,9/3/2026,Hofbrau Usa,Hofbrauhaus USA,9/3/2026 8:50 AM,chrishope,9/2/2026 9:43 AM,jaimecolonna
13272,(TG)Hofbrau Mug 1 Liter - Glasses,15893,Hofbrau,,Hawthorne,8066020,9/3/2026,Hofbrau Usa,Hofbrauhaus USA,9/3/2026 8:50 AM,chrishope,9/2/2026 9:43 AM,jaimecolonna
13271,(TG)Hofbrau Mug 1 Liter - Glasses,15892,Hofbrau,,Hawthorne,8066019,9/3/2026,Hofbrau Usa,Hofbrauhaus USA,9/3/2026 8:50 AM,chrishope,9/2/2026 9:43 AM,jaimecolonna
13270,(TG)Hofbrau Mug 1 Liter - Glasses,15891,Hofbrau,,Hawthorne,8066018,9/3/2026,Hofbrau Usa,Hofbrauhaus USA,9/3/2026 8:50 AM,chrishope,9/2/2026 9:43 AM,jaimecolonna
13269,(PC)Yeungling Flight Golf Bag - DEALER LOADER,12784,Yuengling Flight,,Hawthorne,8066017,9/2/2026,Yuengling Flight,DG Yuengling Inc,9/2/2026 9:39 AM,chrishope,9/2/2026 9:39 AM,chrishope
13268,(PC)Yeungling Flight Golf Bag - DEALER LOADER,12783,Yuengling Flight,,Hawthorne,8066016,9/2/2026,Yuengling Flight,DG Yuengling Inc,9/2/2026 9:39 AM,chrishope,9/2/2026 9:39 AM,chrishope
13267,Miller Lite America 250 Grizzly cooler,17393,Miller Lite,,Hawthorne,8066015,9/2/2026,Lite,MolsonCoors Beverage Company,9/2/2026 9:40 AM,chrishope,9/2/2026 9:39 AM,chrishope
13266,Miller Lite America 250 Grizzly cooler,17392,Miller Lite,,Hawthorne,8066014,9/2/2026,Lite,MolsonCoors Beverage Company,9/2/2026 9:40 AM,chrishope,9/2/2026 9:39 AM,chrishope
13265,*CP* Truly Usa Cooler W/ Stand,16184,Truly Hard Seltzer,,Hawthorne,8066013,9/2/2026,Truly,Boston Beer Company,9/2/2026 9:39 AM,chrishope,9/2/2026 9:39 AM,chrishope
13264,*CP* Truly Usa Cooler W/ Stand,16183,Truly Hard Seltzer,,Hawthorne,8066012,9/2/2026,Truly,Boston Beer Company,9/2/2026 9:39 AM,chrishope,9/2/2026 9:39 AM,chrishope
13263,*DD* Coors Light Electric Beach Wagon,17551,Coors Light,,Hawthorne,8066011,9/2/2026,Coors Light,MolsonCoors Beverage Company,9/2/2026 9:40 AM,chrishope,9/2/2026 9:39 AM,chrishope
13262,*DD* Coors Light Electric Beach Wagon,17550,Coors Light,,Hawthorne,8066010,9/2/2026,Coors Light,MolsonCoors Beverage Company,9/2/2026 9:39 AM,chrishope,9/2/2026 9:39 AM,chrishope
13261,*PD* Coors Light Golf Bag,15007,Coors Light,,Hawthorne,8065997,9/2/2026,Coors Light,MolsonCoors Beverage Company,9/2/2026 9:01 AM,chrishope,9/2/2026 8:35 AM,pauldeady
13260,*SD* Cape May Bogg Bag,15672,Cape May,,Hawthorne,8065996,9/2/2026,Cape May,Cape May,9/2/2026 9:01 AM,chrishope,9/2/2026 8:35 AM,pauldeady
13259,*DD* Coors Light Tailgate Chair,18086,Coors Light,,Hawthorne,8065995,9/2/2026,Coors Light,MolsonCoors Beverage Company,9/2/2026 9:01 AM,chrishope,9/2/2026 8:35 AM,pauldeady
13258,Corona Metal Cooler - DEALER LOADER,18167,Corona Extra,,Hawthorne,8065994,9/2/2026,Corona Extra,Constellation Brands,9/2/2026 9:01 AM,chrishope,9/2/2026 8:35 AM,pauldeady
13257,*SH* Corona Premier Golf Bag,15196,Corona Premier,,Hawthorne,8065993,9/2/2026,Corona Premier,Constellation Brands,9/2/2026 9:01 AM,chrishope,9/2/2026 8:35 AM,pauldeady
13256,(PC)Yeungling Flight Golf Bag - DEALER LOADER,12782,Yuengling Flight,,Hawthorne,8065992,9/2/2026,Yuengling Flight,DG Yuengling Inc,9/2/2026 9:01 AM,chrishope,9/2/2026 8:35 AM,pauldeady
13255,(PC)Yuengling Flight Golf Umbrella - DEALER LOADER,13959,Yuengling Flight,,Hawthorne,8065991,9/2/2026,Yuengling Flight,DG Yuengling Inc,9/2/2026 9:01 AM,chrishope,9/2/2026 8:35 AM,pauldeady
13254,Hofbrau 16oz plastic cups - PLASTIC CUPS,14858,Hofbrau,,Hawthorne,8062176,9/2/2026,Hofbrau Usa,Hofbrauhaus USA,9/2/2026 10:08 AM,chrishope,9/1/2026 8:48 PM,briansengebu
13253,Hofbrau 16oz plastic cups - PLASTIC CUPS,14857,Hofbrau,,Hawthorne,8062175,9/2/2026,Hofbrau Usa,Hofbrauhaus USA,9/2/2026 10:08 AM,chrishope,9/1/2026 8:48 PM,briansengebu
13252,Hofbrau 16oz plastic cups - PLASTIC CUPS,14856,Hofbrau,,Hawthorne,8062174,9/2/2026,Hofbrau Usa,Hofbrauhaus USA,9/2/2026 10:08 AM,chrishope,9/1/2026 8:48 PM,briansengebu
13251,Hofbrau 16oz plastic cups - PLASTIC CUPS,14855,Hofbrau,,Hawthorne,8062173,9/2/2026,Hofbrau Usa,Hofbrauhaus USA,9/2/2026 10:08 AM,chrishope,9/1/2026 8:48 PM,briansengebu
13250,Hofbrau 16oz plastic cups - PLASTIC CUPS,14854,Hofbrau,,Hawthorne,8062172,9/2/2026,Hofbrau Usa,Hofbrauhaus USA,9/2/2026 10:08 AM,chrishope,9/1/2026 8:48 PM,briansengebu
13249,Miller Lite America 250 Grizzly cooler,17391,Miller Lite,,Hawthorne,8061532,9/2/2026,Lite,MolsonCoors Beverage Company,9/2/2026 8:32 AM,chrishope,9/1/2026 5:12 PM,allisonscott
13248,Miller Lite 16oz shaker - Glasses,13026,Miller Lite,,Hawthorne,8061531,9/2/2026,Lite,MolsonCoors Beverage Company,9/2/2026 8:31 AM,chrishope,9/1/2026 5:12 PM,allisonscott
13247,Miller Lite America 250 Grizzly cooler,17390,Miller Lite,,Hawthorne,8061530,9/2/2026,Lite,MolsonCoors Beverage Company,9/2/2026 8:31 AM,chrishope,9/1/2026 5:12 PM,allisonscott
13246,Lagunitas Mason Jar LED,11548,Lagunitas Hazy IPA,,Hawthorne,8061529,9/2/2026,Lagunitas,Lagunitas Brewing Co,9/2/2026 8:30 AM,chrishope,9/1/2026 5:06 PM,paulmclaughl
13245,Modelo Chelada LED - LED,12801,Modelo Especial,,Hawthorne,8061524,9/2/2026,Modelo Especial,Constellation Brands,9/2/2026 8:32 AM,chrishope,9/1/2026 4:44 PM,shanebarreca
13244,Pacifico Adventure Awaits LED,14912,Pacifico,,Hawthorne,8061523,9/2/2026,Pacifico,Constellation Brands,9/2/2026 8:32 AM,chrishope,9/1/2026 4:44 PM,shanebarreca
13243,Corona Familiar Value LED,,Corona Familiar,,Hawthorne,8061522,,Corona Familiar,Constellation Brands,9/1/2026 4:44 PM,shanebarreca,9/1/2026 4:44 PM,shanebarreca
13242,(CM)Coors Light 16oz Cups - PLASTIC CUPS,16843,Coors Light,,Hawthorne,8061513,9/2/2026,Coors Light,MolsonCoors Beverage Company,9/2/2026 8:29 AM,chrishope,9/1/2026 3:49 PM,paulmclaughl
13241,*DD* Coors Light Electric Beach Wagon,17549,Coors Light,,Hawthorne,8061508,9/2/2026,Coors Light,MolsonCoors Beverage Company,9/2/2026 8:31 AM,chrishope,9/1/2026 3:32 PM,robinfeldman
13240,White Claw Small LED,17504,White Claw,,Hawthorne,8061507,9/2/2026,White Claw,Mark Anthony,9/2/2026 8:32 AM,chrishope,9/1/2026 3:32 PM,robinfeldman
13239,Yuengling Flight LED,16692,Yuengling Flight,,Hawthorne,8061506,9/2/2026,Yuengling Flight,DG Yuengling Inc,9/2/2026 8:32 AM,chrishope,9/1/2026 3:32 PM,robinfeldman
13238,*SH* Modelo Giants Cornhole,17939,Modelo Especial,,Hawthorne,8061505,9/2/2026,Modelo Especial,Constellation Brands,9/2/2026 8:31 AM,chrishope,9/1/2026 3:27 PM,chrispayton
13237,(TG)Hofbrau LED - LED,,Hofbrau,,Hawthorne,8061489,,Hofbrau Usa,Hofbrauhaus USA,9/1/2026 3:03 PM,drubino,9/1/2026 3:03 PM,drubino
13236,*DD* Coors Light Tailgate Chair,18085,Coors Light,,Hawthorne,8061470,9/2/2026,Coors Light,MolsonCoors Beverage Company,9/2/2026 8:30 AM,chrishope,9/1/2026 1:37 PM,anthonypalmi
13235,Corona Metal Cooler - DEALER LOADER,18166,Corona Extra,,Hawthorne,8061469,9/2/2026,Corona Extra,Constellation Brands,9/2/2026 8:30 AM,chrishope,9/1/2026 1:33 PM,jaysonromine
13234,Miller Lite America 250 Grizzly cooler,17389,Miller Lite,,Hawthorne,8061468,9/2/2026,Lite,MolsonCoors Beverage Company,9/2/2026 8:30 AM,chrishope,9/1/2026 1:33 PM,jaysonromine
13233,*PC* Yuengling Flight Beach Chair,16354,Yuengling Flight,,Hawthorne,8061467,9/2/2026,Yuengling Flight,DG Yuengling Inc,9/2/2026 8:30 AM,chrishope,9/1/2026 1:33 PM,jaysonromine
13232,Coors Light Patio Umbrella - PATIO UMBRELLA,17811,Coors Light,,Hawthorne,8061466,9/2/2026,Coors Light,MolsonCoors Beverage Company,9/2/2026 8:30 AM,chrishope,9/1/2026 1:32 PM,chrispayton
13231,Coors Light Patio Umbrella - PATIO UMBRELLA,17810,Coors Light,,Hawthorne,8061465,9/2/2026,Coors Light,MolsonCoors Beverage Company,9/2/2026 8:30 AM,chrishope,9/1/2026 1:32 PM,chrispayton
13230,Miller Lite 16oz shaker - Glasses,13025,Miller Lite,,Hawthorne,8061422,9/2/2026,Lite,MolsonCoors Beverage Company,9/2/2026 8:30 AM,chrishope,9/1/2026 12:31 PM,anthonypalmi
13229,**CP** Suncruiser PaddleBoard,17260,Sun Cruiser Classic Iced Tea,,Hawthorne,8061421,9/1/2026,Sun Cruiser,Boston Beer Company,9/1/2026 12:28 PM,chrishope,9/1/2026 12:27 PM,chrishope
13228,**CP** Suncruiser PaddleBoard,17261,Sun Cruiser Classic Iced Tea,,Hawthorne,8061420,9/1/2026,Sun Cruiser,Boston Beer Company,9/1/2026 12:28 PM,chrishope,9/1/2026 12:27 PM,chrishope
13227,(CM)Miller Lite 16oz Plastic cups - PLASTIC CUPS,16984,Miller Lite,,Hawthorne,8061375,9/1/2026,Lite,MolsonCoors Beverage Company,9/1/2026 12:03 PM,chrishope,9/1/2026 12:00 PM,chrishope
13226,(CM)Miller Lite 16oz Plastic cups - PLASTIC CUPS,16983,Miller Lite,,Hawthorne,8061374,9/1/2026,Lite,MolsonCoors Beverage Company,9/1/2026 12:03 PM,chrishope,9/1/2026 12:00 PM,chrishope
13225,(CM)Miller Lite 16oz Plastic cups - PLASTIC CUPS,16982,Miller Lite,,Hawthorne,8061373,9/1/2026,Lite,MolsonCoors Beverage Company,9/1/2026 12:03 PM,chrishope,9/1/2026 12:00 PM,chrishope
13224,(CM)Miller Lite 16oz Plastic cups - PLASTIC CUPS,16981,Miller Lite,,Hawthorne,8061372,9/1/2026,Lite,MolsonCoors Beverage Company,9/1/2026 12:03 PM,chrishope,9/1/2026 12:00 PM,chrishope
13223,(CM)Miller Lite 16oz Plastic cups - PLASTIC CUPS,16980,Miller Lite,,Hawthorne,8061371,9/1/2026,Lite,MolsonCoors Beverage Company,9/1/2026 12:03 PM,chrishope,9/1/2026 12:00 PM,chrishope
13222,(CM)Miller Lite 16oz Plastic cups - PLASTIC CUPS,16979,Miller Lite,,Hawthorne,8061370,9/1/2026,Lite,MolsonCoors Beverage Company,9/1/2026 12:03 PM,chrishope,9/1/2026 12:00 PM,chrishope
13221,(CM)Miller Lite 16oz Plastic cups - PLASTIC CUPS,16978,Miller Lite,,Hawthorne,8061369,9/1/2026,Lite,MolsonCoors Beverage Company,9/1/2026 12:03 PM,chrishope,9/1/2026 12:00 PM,chrishope
13220,(CM)Miller Lite 16oz Plastic cups - PLASTIC CUPS,16977,Miller Lite,,Hawthorne,8061368,9/1/2026,Lite,MolsonCoors Beverage Company,9/1/2026 12:03 PM,chrishope,9/1/2026 12:00 PM,chrishope
13219,(CM)Miller Lite 16oz Plastic cups - PLASTIC CUPS,16976,Miller Lite,,Hawthorne,8061367,9/1/2026,Lite,MolsonCoors Beverage Company,9/1/2026 12:03 PM,chrishope,9/1/2026 12:00 PM,chrishope
13218,(CM)Miller Lite 16oz Plastic cups - PLASTIC CUPS,16975,Miller Lite,,Hawthorne,8061366,9/1/2026,Lite,MolsonCoors Beverage Company,9/1/2026 12:03 PM,chrishope,9/1/2026 12:00 PM,chrishope
13217,(CM)Miller Lite 16oz Plastic cups - PLASTIC CUPS,16974,Miller Lite,,Hawthorne,8061365,9/1/2026,Lite,MolsonCoors Beverage Company,9/1/2026 12:03 PM,chrishope,9/1/2026 12:00 PM,chrishope
13216,(CM)Miller Lite 16oz Plastic cups - PLASTIC CUPS,16973,Miller Lite,,Hawthorne,8061364,9/1/2026,Lite,MolsonCoors Beverage Company,9/1/2026 12:03 PM,chrishope,9/1/2026 12:00 PM,chrishope
13215,(CM)Miller Lite 16oz Plastic cups - PLASTIC CUPS,16972,Miller Lite,,Hawthorne,8061363,9/1/2026,Lite,MolsonCoors Beverage Company,9/1/2026 12:03 PM,chrishope,9/1/2026 12:00 PM,chrishope
13214,(CM)Miller Lite 16oz Plastic cups - PLASTIC CUPS,16971,Miller Lite,,Hawthorne,8061362,9/1/2026,Lite,MolsonCoors Beverage Company,9/1/2026 12:03 PM,chrishope,9/1/2026 12:00 PM,chrishope
13213,(CM)Miller Lite 16oz Plastic cups - PLASTIC CUPS,16970,Miller Lite,,Hawthorne,8061361,9/1/2026,Lite,MolsonCoors Beverage Company,9/1/2026 12:03 PM,chrishope,9/1/2026 12:00 PM,chrishope
13212,(CM)Miller Lite 16oz Plastic cups - PLASTIC CUPS,16969,Miller Lite,,Hawthorne,8061360,9/1/2026,Lite,MolsonCoors Beverage Company,9/1/2026 12:03 PM,chrishope,9/1/2026 12:00 PM,chrishope
13211,(CM)Miller Lite 16oz Plastic cups - PLASTIC CUPS,16968,Miller Lite,,Hawthorne,8061359,9/1/2026,Lite,MolsonCoors Beverage Company,9/1/2026 12:03 PM,chrishope,9/1/2026 12:00 PM,chrishope
13210,(CM)Miller Lite 16oz Plastic cups - PLASTIC CUPS,16967,Miller Lite,,Hawthorne,8061358,9/1/2026,Lite,MolsonCoors Beverage Company,9/1/2026 12:03 PM,chrishope,9/1/2026 12:00 PM,chrishope
13209,*DD* Coors Light Tailgate Chair,,Coors Light,,Hawthorne,8061343,,Coors Light,MolsonCoors Beverage Company,9/1/2026 11:38 AM,plopez,9/1/2026 11:38 AM,plopez
13208,*DD* Miller lite Jets Backpackb Cooler,,Miller Lite,,Hawthorne,8061342,,Lite,MolsonCoors Beverage Company,9/1/2026 11:38 AM,plopez,9/1/2026 11:38 AM,plopez
13207,Corona Metal Cooler - DEALER LOADER,18165,Corona Extra,,Hawthorne,8061341,9/2/2026,Corona Extra,Constellation Brands,9/2/2026 8:30 AM,chrishope,9/1/2026 11:36 AM,jaysonromine
13206,(TG)Hofbrau 0.5 Pilsner Glass - Glasses,3512,Hofbrau,,Hawthorne,8061279,9/2/2026,Hofbrau Usa,Hofbrauhaus USA,9/2/2026 8:30 AM,chrishope,9/1/2026 10:24 AM,paulmclaughl
13205,(TG)Hofbrau 0.5 Pilsner Glass - Glasses,3511,Hofbrau,,Hawthorne,8061278,9/2/2026,Hofbrau Usa,Hofbrauhaus USA,9/2/2026 8:30 AM,chrishope,9/1/2026 10:24 AM,paulmclaughl
13204,(TG)Hofbrau Mug 0.5 Liter - GLASSES,15830,Hofbrau,,Hawthorne,8061277,9/2/2026,Hofbrau Usa,Hofbrauhaus USA,9/2/2026 8:30 AM,chrishope,9/1/2026 10:24 AM,paulmclaughl
13203,(TG)Hofbrau Mug 0.5 Liter - GLASSES,15829,Hofbrau,,Hawthorne,8061276,9/2/2026,Hofbrau Usa,Hofbrauhaus USA,9/2/2026 8:30 AM,chrishope,9/1/2026 10:24 AM,paulmclaughl
13202,(TG)Hofbrau Mug 1 Liter - Glasses,11876,Hofbrau,,Hawthorne,8061275,9/2/2026,Hofbrau Usa,Hofbrauhaus USA,9/2/2026 8:30 AM,chrishope,9/1/2026 10:24 AM,paulmclaughl
13201,(TG)Hofbrau Mug 1 Liter - Glasses,11875,Hofbrau,,Hawthorne,8061274,9/2/2026,Hofbrau Usa,Hofbrauhaus USA,9/2/2026 8:30 AM,chrishope,9/1/2026 10:24 AM,paulmclaughl
13200,(TG)Hofbrau Mug 1 Liter - Glasses,11874,Hofbrau,,Hawthorne,8061273,9/2/2026,Hofbrau Usa,Hofbrauhaus USA,9/2/2026 8:30 AM,chrishope,9/1/2026 10:24 AM,paulmclaughl
13199,(TG)Hofbrau Mug 1 Liter - Glasses,11873,Hofbrau,,Hawthorne,8061272,9/2/2026,Hofbrau Usa,Hofbrauhaus USA,9/2/2026 8:30 AM,chrishope,9/1/2026 10:24 AM,paulmclaughl
13198,Coors Light 16oz Shaker - Glasses,17746,Coors Light,,Hawthorne,8061271,9/2/2026,Coors Light,MolsonCoors Beverage Company,9/2/2026 8:30 AM,chrishope,9/1/2026 10:21 AM,nickmelissar
13197,Coors Light 16oz Shaker - Glasses,17745,Coors Light,,Hawthorne,8061270,9/2/2026,Coors Light,MolsonCoors Beverage Company,9/2/2026 8:30 AM,chrishope,9/1/2026 10:21 AM,nickmelissar
13196,Coors Light 16oz Shaker - Glasses,17744,Coors Light,,Hawthorne,8061269,9/2/2026,Coors Light,MolsonCoors Beverage Company,9/2/2026 8:30 AM,chrishope,9/1/2026 10:21 AM,nickmelissar
13195,Coors Light 16oz Shaker - Glasses,17749,Coors Light,,Hawthorne,8061261,9/2/2026,Coors Light,MolsonCoors Beverage Company,9/2/2026 8:30 AM,chrishope,9/1/2026 9:37 AM,nickmelissar
13194,Coors Light 16oz Shaker - Glasses,17748,Coors Light,,Hawthorne,8061260,9/2/2026,Coors Light,MolsonCoors Beverage Company,9/2/2026 8:30 AM,chrishope,9/1/2026 9:37 AM,nickmelissar
13193,Coors Light 16oz Shaker - Glasses,17747,Coors Light,,Hawthorne,8061259,9/2/2026,Coors Light,MolsonCoors Beverage Company,9/2/2026 8:30 AM,chrishope,9/1/2026 9:37 AM,nickmelissar
13192,**CP** Suncruiser PaddleBoard,17259,Sun Cruiser Classic Iced Tea,,Hawthorne,8061237,9/1/2026,Sun Cruiser,Boston Beer Company,9/1/2026 7:52 AM,chrishope,9/1/2026 7:43 AM,pauldeady
13191,*DD* Coors Light Tailgate Chair,18084,Coors Light,,Hawthorne,8061236,9/1/2026,Coors Light,MolsonCoors Beverage Company,9/1/2026 7:52 AM,chrishope,9/1/2026 7:43 AM,pauldeady
13190,(SH)Modelo Gold Cooler - DEALER LOADER,18148,Modelo Especial,,Hawthorne,8061235,9/1/2026,Modelo Especial,Constellation Brands,9/1/2026 7:52 AM,chrishope,9/1/2026 7:43 AM,pauldeady
13189,*SD* Garage Beer Football Rubber mat 3x5,18131,Garage,,Hawthorne,8056023,9/1/2026,Garage Beer,Garage Beer,9/1/2026 7:52 AM,chrishope,8/31/2026 12:59 PM,paulmclaughl
13188,(CM)Coors Light 16oz Cups - PLASTIC CUPS,16842,Coors Light,,Hawthorne,8055972,9/1/2026,Coors Light,MolsonCoors Beverage Company,9/1/2026 7:52 AM,chrishope,8/31/2026 12:26 PM,nickmelissar
13187,Modelo 16oz Shaker - Glasses,12555,Modelo Especial,,Hawthorne,8055906,9/1/2026,Modelo Especial,Constellation Brands,9/1/2026 7:52 AM,chrishope,8/31/2026 9:50 AM,paulmclaughl
13186,Modelo 16oz Shaker - Glasses,12554,Modelo Especial,,Hawthorne,8055905,9/1/2026,Modelo Especial,Constellation Brands,9/1/2026 7:52 AM,chrishope,8/31/2026 9:50 AM,paulmclaughl
13185,**CP** Suncruiser PaddleBoard,17258,Sun Cruiser Classic Iced Tea,,Hawthorne,8055873,8/31/2026,Sun Cruiser,Boston Beer Company,8/31/2026 9:03 AM,chrishope,8/31/2026 9:03 AM,chrishope
13184,*CP* Twisted Tea BackPack Cooler,17461,Twisted Tea Original,,Hawthorne,8055865,8/31/2026,Twisted Tea,Boston Beer Company,8/31/2026 7:57 AM,chrishope,8/31/2026 7:36 AM,pauldeady
13183,*CP* Suncruiser Nautical Ring,15725,Sun Cruiser Classic Iced Tea,,Hawthorne,8055864,8/31/2026,Sun Cruiser,Boston Beer Company,8/31/2026 7:57 AM,chrishope,8/31/2026 7:36 AM,pauldeady
13182,Miller Lite America 250 Grizzly cooler,17388,Miller Lite,,Hawthorne,8055863,8/31/2026,Lite,MolsonCoors Beverage Company,8/31/2026 7:57 AM,chrishope,8/31/2026 7:36 AM,pauldeady
13181,Coors Light 16oz Shaker - Glasses,17743,Coors Light,,Hawthorne,8055842,8/31/2026,Coors Light,MolsonCoors Beverage Company,8/31/2026 7:40 AM,chrishope,8/31/2026 4:50 AM,allisonscott
13180,Coors Light 16oz Shaker - Glasses,17742,Coors Light,,Hawthorne,8055841,8/31/2026,Coors Light,MolsonCoors Beverage Company,8/31/2026 7:40 AM,chrishope,8/31/2026 4:49 AM,allisonscott
13179,Miller Lite 16oz shaker - Glasses,13024,Miller Lite,,Hawthorne,8055840,8/31/2026,Lite,MolsonCoors Beverage Company,8/31/2026 7:40 AM,chrishope,8/31/2026 4:49 AM,allisonscott
13178,Coors Light 16oz Shaker - Glasses,17737,Coors Light,,Hawthorne,8055839,8/31/2026,Coors Light,MolsonCoors Beverage Company,8/31/2026 7:40 AM,chrishope,8/31/2026 4:45 AM,allisonscott
13177,Coors Light 16oz Shaker - Glasses,17739,Coors Light,,Hawthorne,8055838,8/31/2026,Coors Light,MolsonCoors Beverage Company,8/31/2026 7:40 AM,chrishope,8/31/2026 4:45 AM,allisonscott
13176,Coors Light 16oz Shaker - Glasses,17738,Coors Light,,Hawthorne,8055837,8/31/2026,Coors Light,MolsonCoors Beverage Company,8/31/2026 7:40 AM,chrishope,8/31/2026 4:45 AM,allisonscott
13175,(CM)Coors Light 16oz Cups - PLASTIC CUPS,16841,Coors Light,,Hawthorne,8055836,8/31/2026,Coors Light,MolsonCoors Beverage Company,8/31/2026 7:40 AM,chrishope,8/31/2026 4:45 AM,allisonscott
13174,Coors Light 16oz Shaker - Glasses,17741,Coors Light,,Hawthorne,8055835,8/31/2026,Coors Light,MolsonCoors Beverage Company,8/31/2026 7:40 AM,chrishope,8/31/2026 4:45 AM,allisonscott
13173,Coors Light 16oz Shaker - Glasses,17740,Coors Light,,Hawthorne,8055834,8/31/2026,Coors Light,MolsonCoors Beverage Company,8/31/2026 7:40 AM,chrishope,8/31/2026 4:45 AM,allisonscott
13172,Coors Light 16oz Shaker - Glasses,17736,Coors Light,,Hawthorne,8055833,8/31/2026,Coors Light,MolsonCoors Beverage Company,8/31/2026 7:40 AM,chrishope,8/31/2026 4:42 AM,allisonscott
13171,Modelo 16oz Shaker - Glasses,12553,Modelo Especial,,Hawthorne,8051700,8/31/2026,Modelo Especial,Constellation Brands,8/31/2026 7:41 AM,chrishope,8/30/2026 4:06 PM,paulmclaughl
13170,Modelo 16oz Shaker - Glasses,12552,Modelo Especial,,Hawthorne,8051699,8/31/2026,Modelo Especial,Constellation Brands,8/31/2026 7:41 AM,chrishope,8/30/2026 4:06 PM,paulmclaughl
13169,*CP* Twisted Tea Tailgateb Speaker,17472,Twisted Tea Original,,Hawthorne,8045443,8/31/2026,Twisted Tea,Boston Beer Company,8/31/2026 7:40 AM,chrishope,8/28/2026 10:19 AM,derricklaws
13168,Corona Value LED,16417,Corona Extra,,Hawthorne,8045439,8/31/2026,Corona Extra,Constellation Brands,8/31/2026 7:40 AM,chrishope,8/28/2026 9:50 AM,nmicco
13167,White Claw Small LED,17503,White Claw,,Hawthorne,8045438,8/31/2026,White Claw,Mark Anthony,8/31/2026 7:41 AM,chrishope,8/28/2026 9:50 AM,nmicco
13166,(CM)Coors Light 16oz Cups - PLASTIC CUPS,16839,Coors Light,,Hawthorne,8045434,8/28/2026,Coors Light,MolsonCoors Beverage Company,8/28/2026 2:34 PM,chrishope,8/28/2026 9:15 AM,anthonypalmi
13165,*DD* Coors Light Tailgate Chair,18083,Coors Light,,Hawthorne,8045433,8/28/2026,Coors Light,MolsonCoors Beverage Company,8/28/2026 2:34 PM,chrishope,8/28/2026 9:15 AM,anthonypalmi
13164,Corona Metal Cooler - DEALER LOADER,18164,Corona Extra,,Hawthorne,8045432,8/28/2026,Corona Extra,Constellation Brands,8/31/2026 7:43 AM,chrishope,8/28/2026 9:15 AM,anthonypalmi
13163,(CM)Coors Light 16oz Cups - PLASTIC CUPS,16840,Coors Light,,Hawthorne,8045429,8/31/2026,Coors Light,MolsonCoors Beverage Company,8/31/2026 7:40 AM,chrishope,8/28/2026 8:56 AM,briansengebu
13162,Yuengling 16oz Shaker - Glasses,16252,Yuengling Lager,,Hawthorne,8045428,8/31/2026,Yuengling Lager,DG Yuengling Inc,8/31/2026 7:41 AM,chrishope,8/28/2026 8:55 AM,briansengebu
13161,Yuengling 16oz Shaker - Glasses,16251,Yuengling Lager,,Hawthorne,8045427,8/31/2026,Yuengling Lager,DG Yuengling Inc,8/31/2026 7:41 AM,chrishope,8/28/2026 8:55 AM,briansengebu
13160,*DD* Coors Light Electric Beach Wagon,17548,Coors Light,,Hawthorne,8045426,8/31/2026,Coors Light,MolsonCoors Beverage Company,8/31/2026 7:40 AM,chrishope,8/28/2026 8:55 AM,briansengebu
13159,Corona Metal Cooler - DEALER LOADER,18163,Corona Extra,,Hawthorne,8045425,8/31/2026,Corona Extra,Constellation Brands,8/31/2026 7:40 AM,chrishope,8/28/2026 8:55 AM,briansengebu
13158,*CM* Corona Premier Golf Bag,15145,Corona Premier,,Hawthorne,8045424,8/31/2026,Corona Premier,Constellation Brands,8/31/2026 7:40 AM,chrishope,8/28/2026 8:55 AM,briansengebu
13157,Miller Lite America 250 Grizzly cooler,17387,Miller Lite,,Hawthorne,8045423,8/31/2026,Lite,MolsonCoors Beverage Company,8/31/2026 7:40 AM,chrishope,8/28/2026 8:55 AM,briansengebu
13156,Miller Lite Mirror,13205,Miller Lite,,Hawthorne,8045422,8/31/2026,Lite,MolsonCoors Beverage Company,8/31/2026 7:40 AM,chrishope,8/28/2026 8:55 AM,briansengebu
13155,Yuengling Flight Kanga Cooler,17247,Yuengling Flight,,Hawthorne,8045421,8/31/2026,Yuengling Flight,DG Yuengling Inc,8/31/2026 7:41 AM,chrishope,8/28/2026 8:55 AM,briansengebu
13154,Blue Moon Patio Umbrella - PATIO UMBRELLA,17649,Blue Moon,,Hawthorne,8045420,8/31/2026,Blue Moon,MolsonCoors Beverage Company,8/31/2026 7:40 AM,chrishope,8/28/2026 8:55 AM,briansengebu
13153,(CM)Miller Lite 16oz Plastic cups - PLASTIC CUPS,16966,Miller Lite,,Hawthorne,8045419,8/31/2026,Lite,MolsonCoors Beverage Company,8/31/2026 7:40 AM,chrishope,8/28/2026 8:55 AM,briansengebu
13152,Coors Light 16oz Shaker - Glasses,17734,Coors Light,,Hawthorne,8045411,8/28/2026,Coors Light,MolsonCoors Beverage Company,8/28/2026 7:48 AM,chrishope,8/28/2026 7:40 AM,nickmelissar
13151,Coors Light 16oz Shaker - Glasses,17733,Coors Light,,Hawthorne,8045410,8/28/2026,Coors Light,MolsonCoors Beverage Company,8/28/2026 7:48 AM,chrishope,8/28/2026 7:40 AM,nickmelissar
13150,*SH* Corona Jets Cornhole,17931,Corona Extra,,Hawthorne,8042005,8/28/2026,Corona Extra,Constellation Brands,8/28/2026 7:48 AM,chrishope,8/27/2026 9:39 PM,anthonypalmi
13149,(SH)Modelo 16oz plastic cups - PLASTIC CUPS,16148,Modelo Especial,,Hawthorne,8042002,8/28/2026,Modelo Especial,Constellation Brands,8/28/2026 7:48 AM,chrishope,8/27/2026 7:28 PM,allisonscott
13148,Coors Light 16oz Shaker - Glasses,17732,Coors Light,,Hawthorne,8041363,8/28/2026,Coors Light,MolsonCoors Beverage Company,8/28/2026 7:48 AM,chrishope,8/27/2026 5:36 PM,nickmelissar
13147,Coors Light 16oz Shaker - Glasses,17731,Coors Light,,Hawthorne,8041362,8/28/2026,Coors Light,MolsonCoors Beverage Company,8/28/2026 7:48 AM,chrishope,8/27/2026 5:36 PM,nickmelissar
13146,Pacifico Value LED,16721,Pacifico,,Hawthorne,8041341,8/28/2026,Pacifico,Constellation Brands,8/28/2026 7:49 AM,chrishope,8/27/2026 3:30 PM,robinfeldman
13145,Coors Light EGO Battery Blower/trimmer Combo,17567,Coors Light,,Hawthorne,8041316,8/28/2026,Coors Light,MolsonCoors Beverage Company,8/28/2026 7:49 AM,chrishope,8/27/2026 2:41 PM,mobrien
13144,Coors Light AFrame,13219,Coors Light,,Hawthorne,8041311,8/28/2026,Coors Light,MolsonCoors Beverage Company,8/28/2026 7:48 AM,chrishope,8/27/2026 2:15 PM,allisonscott
13143,*SH* Modelo Giants Tailgate Chair,18057,Modelo Especial,,Hawthorne,8041308,8/28/2026,Modelo Especial,Constellation Brands,8/28/2026 7:48 AM,chrishope,8/27/2026 2:01 PM,plopez
13142,Angry Orchard Rack - 6-Pack Rack,14498,Angry Orchard Crisp Apple,,Hawthorne,8041246,8/28/2026,Angry Orchard,Boston Beer Company,8/28/2026 7:48 AM,chrishope,8/27/2026 12:58 PM,chrispayton
13141,(CM)Coors Light 16oz Cups - PLASTIC CUPS,16838,Coors Light,,Hawthorne,8041243,8/28/2026,Coors Light,MolsonCoors Beverage Company,8/28/2026 7:48 AM,chrishope,8/27/2026 12:46 PM,nickmelissar
13140,Dos Equis Picture Frame Most Interesting Man,14513,Dos Equis Amber Lager,,Hawthorne,8041226,8/28/2026,Dos Equis,Heineken USA,8/28/2026 7:49 AM,chrishope,8/27/2026 12:10 PM,paulmclaughl
13139,Corona Flex Bottle LED,16319,Corona Extra,,Hawthorne,8041225,8/28/2026,Corona Extra,Constellation Brands,8/28/2026 7:49 AM,chrishope,8/27/2026 12:09 PM,paulmclaughl
13138,Modelo Draft LED,15393,Modelo Especial,,Hawthorne,8041224,8/28/2026,Modelo Especial,Constellation Brands,8/28/2026 7:49 AM,chrishope,8/27/2026 12:09 PM,paulmclaughl
13137,Corona Metal Cooler - DEALER LOADER,18162,Corona Extra,,Hawthorne,8041207,8/28/2026,Corona Extra,Constellation Brands,8/28/2026 7:49 AM,chrishope,8/27/2026 11:38 AM,anthonypalmi
13136,*DD*Coors Light Olympus Cooler Backpack,,Coors Light,,Hawthorne,8041206,8/28/2026,Coors Light,MolsonCoors Beverage Company,8/28/2026 7:47 AM,chrishope,8/27/2026 11:38 AM,anthonypalmi
13135,Coors Light 16oz Shaker - Glasses,17735,Coors Light,,Hawthorne,8041201,8/28/2026,Coors Light,MolsonCoors Beverage Company,8/28/2026 7:48 AM,chrishope,8/27/2026 11:27 AM,chrispayton
13134,*DD* Coors Light Electric Beach Wagon,17547,Coors Light,,Hawthorne,8041200,8/28/2026,Coors Light,MolsonCoors Beverage Company,8/28/2026 8:09 AM,chrishope,8/27/2026 11:19 AM,chrishope
13133,*SH* Corona Large Tire Bike,17887,Corona Extra,,Hawthorne,8041191,8/28/2026,Corona Extra,Constellation Brands,8/28/2026 7:48 AM,chrishope,8/27/2026 10:06 AM,robinfeldman
13132,Heineken Keg Rack - RACKS,3457,Heineken,,Hawthorne,8041190,8/28/2026,Heineken USA,Heineken USA,8/28/2026 7:49 AM,chrishope,8/27/2026 9:59 AM,mobrien
13131,Miller Lite 16oz shaker - Glasses,13023,Miller Lite,,Hawthorne,8036979,8/27/2026,Lite,MolsonCoors Beverage Company,8/27/2026 7:49 AM,chrishope,8/26/2026 4:41 PM,anthonypalmi
13130,Miller Lite 16oz shaker - Glasses,13022,Miller Lite,,Hawthorne,8036978,8/27/2026,Lite,MolsonCoors Beverage Company,8/27/2026 7:49 AM,chrishope,8/26/2026 4:41 PM,anthonypalmi
13129,Miller Lite 16oz shaker - Glasses,13021,Miller Lite,,Hawthorne,8036977,8/27/2026,Lite,MolsonCoors Beverage Company,8/27/2026 7:49 AM,chrishope,8/26/2026 4:41 PM,anthonypalmi
13128,Miller Lite 16oz shaker - Glasses,13020,Miller Lite,,Hawthorne,8036976,8/27/2026,Lite,MolsonCoors Beverage Company,8/27/2026 7:49 AM,chrishope,8/26/2026 4:41 PM,anthonypalmi
13127,Miller Lite 16oz shaker - Glasses,13019,Miller Lite,,Hawthorne,8036975,8/27/2026,Lite,MolsonCoors Beverage Company,8/27/2026 7:49 AM,chrishope,8/26/2026 4:41 PM,anthonypalmi
13126,Corona Flex Bottle LED,16318,Corona Extra,,Hawthorne,8036954,8/27/2026,Corona Extra,Constellation Brands,8/27/2026 7:48 AM,chrishope,8/26/2026 4:10 PM,mobrien
13125,Montauk 16oz Shaker - Glasses,12297,Montauk Pilsner,,Hawthorne,8036951,8/27/2026,Montauk,Montauk Brewing Co,8/27/2026 7:49 AM,chrishope,8/26/2026 3:55 PM,jaimecolonna
13124,Montauk 16oz Shaker - Glasses,12296,Montauk Pilsner,,Hawthorne,8036950,8/27/2026,Montauk,Montauk Brewing Co,8/27/2026 7:49 AM,chrishope,8/26/2026 3:55 PM,jaimecolonna
13123,*SD* Flying Fish 30th Anniv. 16oz Shaker,15979,FLYING FISH,,Hawthorne,8036747,8/27/2026,Flying Fish,Flying Fish,8/27/2026 7:48 AM,chrishope,8/26/2026 2:40 PM,hakansadik
13122,*SD* Flying Fish 30th Anniv. 16oz Shaker,15978,FLYING FISH,,Hawthorne,8036746,8/27/2026,Flying Fish,Flying Fish,8/27/2026 7:48 AM,chrishope,8/26/2026 2:40 PM,hakansadik
13121,*SD* Flying Fish 30th Anniv. 16oz Shaker,15977,FLYING FISH,,Hawthorne,8036745,8/27/2026,Flying Fish,Flying Fish,8/27/2026 7:48 AM,chrishope,8/26/2026 2:40 PM,hakansadik
13120,*SD* Flying Fish 30th Anniv. 16oz Shaker,15973,FLYING FISH,,Hawthorne,8036744,8/27/2026,Flying Fish,Flying Fish,8/27/2026 7:48 AM,chrishope,8/26/2026 2:39 PM,hakansadik
13119,*SD* Flying Fish 30th Anniv. 16oz Shaker,15972,FLYING FISH,,Hawthorne,8036743,8/27/2026,Flying Fish,Flying Fish,8/27/2026 7:48 AM,chrishope,8/26/2026 2:39 PM,hakansadik
13118,*SD* Flying Fish 30th Anniv. 16oz Shaker,15971,FLYING FISH,,Hawthorne,8036742,8/27/2026,Flying Fish,Flying Fish,8/27/2026 7:48 AM,chrishope,8/26/2026 2:39 PM,hakansadik
13117,*SD*Garage Beer 16oz Plastic Cups,14483,Garage,,Hawthorne,8036741,8/27/2026,Garage Beer,Garage Beer,8/27/2026 7:48 AM,chrishope,8/26/2026 2:38 PM,hakansadik
13116,*SD* Flying Fish 30th Anniv. 16oz Shaker,15984,FLYING FISH,,Hawthorne,8036740,8/27/2026,Flying Fish,Flying Fish,8/27/2026 7:48 AM,chrishope,8/26/2026 2:38 PM,hakansadik
13115,*SD* Flying Fish 30th Anniv. 16oz Shaker,15983,FLYING FISH,,Hawthorne,8036739,8/27/2026,Flying Fish,Flying Fish,8/27/2026 7:48 AM,chrishope,8/26/2026 2:38 PM,hakansadik
13114,*SD* Flying Fish 30th Anniv. 16oz Shaker,15982,FLYING FISH,,Hawthorne,8036738,8/27/2026,Flying Fish,Flying Fish,8/27/2026 7:48 AM,chrishope,8/26/2026 2:38 PM,hakansadik
13113,*SD* Flying Fish 30th Anniv. 16oz Shaker,15981,FLYING FISH,,Hawthorne,8036737,8/27/2026,Flying Fish,Flying Fish,8/27/2026 7:48 AM,chrishope,8/26/2026 2:38 PM,hakansadik
13112,*SD* Flying Fish 30th Anniv. 16oz Shaker,15980,FLYING FISH,,Hawthorne,8036736,8/27/2026,Flying Fish,Flying Fish,8/27/2026 7:48 AM,chrishope,8/26/2026 2:38 PM,hakansadik
13111,Miller Lite 16oz shaker - Glasses,13018,Miller Lite,,Hawthorne,8036697,8/27/2026,Lite,MolsonCoors Beverage Company,8/27/2026 7:49 AM,chrishope,8/26/2026 1:44 PM,allisonscott
13110,Miller Lite 16oz shaker - Glasses,13017,Miller Lite,,Hawthorne,8036696,8/27/2026,Lite,MolsonCoors Beverage Company,8/27/2026 7:49 AM,chrishope,8/26/2026 1:44 PM,allisonscott
13109,*SD* Flying Fish 30th Anniv. 16oz Shaker,15976,FLYING FISH,,Hawthorne,8036695,8/27/2026,Flying Fish,Flying Fish,8/27/2026 7:48 AM,chrishope,8/26/2026 1:44 PM,paulmclaughl
13108,*SD* Flying Fish 30th Anniv. 16oz Shaker,15975,FLYING FISH,,Hawthorne,8036694,8/27/2026,Flying Fish,Flying Fish,8/27/2026 7:48 AM,chrishope,8/26/2026 1:44 PM,paulmclaughl
13107,*SD* Flying Fish 30th Anniv. 16oz Shaker,15974,FLYING FISH,,Hawthorne,8036693,8/27/2026,Flying Fish,Flying Fish,8/27/2026 7:48 AM,chrishope,8/26/2026 1:44 PM,paulmclaughl
13106,*DD* Coors Light Golf Bag,15033,Coors Light,,Hawthorne,8036679,8/27/2026,Coors Light,MolsonCoors Beverage Company,8/27/2026 7:48 AM,chrishope,8/26/2026 1:15 PM,anthonypalmi
13105,*CP* Twisted Tea Tailgate Cooler,17483,Twisted Tea Original,,Hawthorne,8036663,8/27/2026,Twisted Tea,Boston Beer Company,8/27/2026 7:48 AM,chrishope,8/26/2026 12:32 PM,shanebarreca
13104,*DD* Coors Light Electric Beach Wagon,17546,Coors Light,,Hawthorne,8036662,8/27/2026,Coors Light,MolsonCoors Beverage Company,8/27/2026 7:48 AM,chrishope,8/26/2026 12:23 PM,robinfeldman
13103,*SD* Flying Fish 30th Anniv. 16oz Shaker,15970,FLYING FISH,,Hawthorne,8036537,8/27/2026,Flying Fish,Flying Fish,8/27/2026 7:48 AM,chrishope,8/26/2026 11:59 AM,chrispayton
13102,*SD* Flying Fish 30th Anniv. 16oz Shaker,15969,FLYING FISH,,Hawthorne,8036536,8/27/2026,Flying Fish,Flying Fish,8/27/2026 7:48 AM,chrishope,8/26/2026 11:59 AM,chrispayton
13101,*SD* Flying Fish 30th Anniv. 16oz Shaker,15968,FLYING FISH,,Hawthorne,8036535,8/27/2026,Flying Fish,Flying Fish,8/27/2026 7:48 AM,chrishope,8/26/2026 11:59 AM,chrispayton
13100,*SD* Flying Fish 30th Anniv. 16oz Shaker,15967,FLYING FISH,,Hawthorne,8036534,8/27/2026,Flying Fish,Flying Fish,8/27/2026 7:48 AM,chrishope,8/26/2026 11:59 AM,chrispayton
13099,*SD* Flying Fish 30th Anniv. 16oz Shaker,15966,FLYING FISH,,Hawthorne,8036533,8/27/2026,Flying Fish,Flying Fish,8/27/2026 7:48 AM,chrishope,8/26/2026 11:59 AM,chrispayton
13098,Carbliss Black Raz Can LED,16739,Carbliss Black Raspberry,,Hawthorne,8036530,8/27/2026,Carbliss,SN Food & Beverage LLC,8/27/2026 7:48 AM,chrishope,8/26/2026 11:42 AM,chrispayton
13097,*CP* Carbliss 3 Can LED,17128,Carbliss Black Cherry,,Hawthorne,8036524,8/27/2026,Carbliss,SN Food & Beverage LLC,8/27/2026 7:48 AM,chrishope,8/26/2026 11:09 AM,chrispayton
13096,Sam Adams Okt 1L mug - Glasses,16881,Sam Adams,,Hawthorne,8036520,8/26/2026,Samuel Adams,Boston Beer Company,8/26/2026 10:37 AM,chrishope,8/26/2026 10:36 AM,chrishope
13095,Sam Adams Okt 1L mug - Glasses,16880,Sam Adams,,Hawthorne,8036519,8/26/2026,Samuel Adams,Boston Beer Company,8/26/2026 10:37 AM,chrishope,8/26/2026 10:36 AM,chrishope
13094,Sam Adams Okt 1L mug - Glasses,16879,Sam Adams,,Hawthorne,8036518,8/26/2026,Samuel Adams,Boston Beer Company,8/26/2026 10:37 AM,chrishope,8/26/2026 10:36 AM,chrishope
13093,Sam Adams Okt 1L mug - Glasses,16878,Sam Adams,,Hawthorne,8036517,8/26/2026,Samuel Adams,Boston Beer Company,8/26/2026 10:37 AM,chrishope,8/26/2026 10:36 AM,chrishope
13092,Sam Adams Okt 1L mug - Glasses,16877,Sam Adams,,Hawthorne,8036516,8/26/2026,Samuel Adams,Boston Beer Company,8/26/2026 10:37 AM,chrishope,8/26/2026 10:36 AM,chrishope
13091,Sam Adams Okt 1L mug - Glasses,16876,Sam Adams,,Hawthorne,8036515,8/26/2026,Samuel Adams,Boston Beer Company,8/26/2026 10:37 AM,chrishope,8/26/2026 10:36 AM,chrishope
13090,Sam Adams Okt 1L mug - Glasses,16875,Sam Adams,,Hawthorne,8036514,8/26/2026,Samuel Adams,Boston Beer Company,8/26/2026 10:37 AM,chrishope,8/26/2026 10:36 AM,chrishope
13089,Sam Adams Okt 1L mug - Glasses,16874,Sam Adams,,Hawthorne,8036513,8/26/2026,Samuel Adams,Boston Beer Company,8/26/2026 10:37 AM,chrishope,8/26/2026 10:36 AM,chrishope
13088,Sam Adams Okt 1L mug - Glasses,16873,Sam Adams,,Hawthorne,8036512,8/26/2026,Samuel Adams,Boston Beer Company,8/26/2026 10:37 AM,chrishope,8/26/2026 10:36 AM,chrishope
13087,*CP* Angry Orchard Scream 16oz shaker,18031,Angry Orchard Crisp Apple,,Hawthorne,8036505,8/26/2026,Angry Orchard,Boston Beer Company,8/26/2026 10:02 AM,chrishope,8/26/2026 10:00 AM,chrishope
13086,*CP* Angry Orchard Scream 16oz shaker,18030,Angry Orchard Crisp Apple,,Hawthorne,8036504,8/26/2026,Angry Orchard,Boston Beer Company,8/26/2026 10:02 AM,chrishope,8/26/2026 10:00 AM,chrishope
13085,*CP* Angry Orchard Scream 16oz shaker,18029,Angry Orchard Crisp Apple,,Hawthorne,8036503,8/26/2026,Angry Orchard,Boston Beer Company,8/26/2026 10:02 AM,chrishope,8/26/2026 10:00 AM,chrishope
13084,*CP* Angry Orchard Scream 16oz shaker,18028,Angry Orchard Crisp Apple,,Hawthorne,8036502,8/26/2026,Angry Orchard,Boston Beer Company,8/26/2026 10:02 AM,chrishope,8/26/2026 10:00 AM,chrishope
13083,*CP* Angry Orchard Scream 16oz shaker,18027,Angry Orchard Crisp Apple,,Hawthorne,8036501,8/26/2026,Angry Orchard,Boston Beer Company,8/26/2026 10:02 AM,chrishope,8/26/2026 10:00 AM,chrishope
13082,Sam Adams Oct Ceramic stein - MISCELLANEOUS,11671,Sam Adams,,Hawthorne,8036500,8/26/2026,Samuel Adams,Boston Beer Company,8/26/2026 10:02 AM,chrishope,8/26/2026 10:00 AM,chrishope
13081,Sam Adams Oct Ceramic stein - MISCELLANEOUS,11693,Sam Adams,,Hawthorne,8036499,8/26/2026,Samuel Adams,Boston Beer Company,8/26/2026 10:04 AM,chrishope,8/26/2026 10:00 AM,chrishope
13080,Sam Adams Oct Ceramic stein - MISCELLANEOUS,11692,Sam Adams,,Hawthorne,8036498,8/26/2026,Samuel Adams,Boston Beer Company,8/26/2026 10:04 AM,chrishope,8/26/2026 10:00 AM,chrishope
13079,Sam Adams Oct Ceramic stein - MISCELLANEOUS,11691,Sam Adams,,Hawthorne,8036497,8/26/2026,Samuel Adams,Boston Beer Company,8/26/2026 10:04 AM,chrishope,8/26/2026 10:00 AM,chrishope
13078,Sam Adams Oct Ceramic stein - MISCELLANEOUS,11690,Sam Adams,,Hawthorne,8036496,8/26/2026,Samuel Adams,Boston Beer Company,8/26/2026 10:04 AM,chrishope,8/26/2026 10:00 AM,chrishope
13077,Sam Adams Oct Ceramic stein - MISCELLANEOUS,11689,Sam Adams,,Hawthorne,8036495,8/26/2026,Samuel Adams,Boston Beer Company,8/26/2026 10:04 AM,chrishope,8/26/2026 10:00 AM,chrishope
13076,Sam Adams Oct Ceramic stein - MISCELLANEOUS,11688,Sam Adams,,Hawthorne,8036494,8/26/2026,Samuel Adams,Boston Beer Company,8/26/2026 10:04 AM,chrishope,8/26/2026 10:00 AM,chrishope
13075,Sam Adams Oct Ceramic stein - MISCELLANEOUS,11687,Sam Adams,,Hawthorne,8036493,8/26/2026,Samuel Adams,Boston Beer Company,8/26/2026 10:04 AM,chrishope,8/26/2026 10:00 AM,chrishope
13074,Sam Adams Oct Ceramic stein - MISCELLANEOUS,11686,Sam Adams,,Hawthorne,8036492,8/26/2026,Samuel Adams,Boston Beer Company,8/26/2026 10:04 AM,chrishope,8/26/2026 10:00 AM,chrishope
13073,Sam Adams Oct Ceramic stein - MISCELLANEOUS,11685,Sam Adams,,Hawthorne,8036491,8/26/2026,Samuel Adams,Boston Beer Company,8/26/2026 10:04 AM,chrishope,8/26/2026 10:00 AM,chrishope
13072,Sam Adams Oct Ceramic stein - MISCELLANEOUS,11684,Sam Adams,,Hawthorne,8036490,8/26/2026,Samuel Adams,Boston Beer Company,8/26/2026 10:04 AM,chrishope,8/26/2026 10:00 AM,chrishope
13071,Sam Adams Oct Ceramic stein - MISCELLANEOUS,11683,Sam Adams,,Hawthorne,8036489,8/26/2026,Samuel Adams,Boston Beer Company,8/26/2026 10:04 AM,chrishope,8/26/2026 10:00 AM,chrishope
13070,Sam Adams Oct Ceramic stein - MISCELLANEOUS,11682,Sam Adams,,Hawthorne,8036488,8/26/2026,Samuel Adams,Boston Beer Company,8/26/2026 10:04 AM,chrishope,8/26/2026 10:00 AM,chrishope
13069,Sam Adams Oct Ceramic stein - MISCELLANEOUS,11681,Sam Adams,,Hawthorne,8036487,8/26/2026,Samuel Adams,Boston Beer Company,8/26/2026 10:04 AM,chrishope,8/26/2026 10:00 AM,chrishope
13068,Sam Adams Oct Ceramic stein - MISCELLANEOUS,11680,Sam Adams,,Hawthorne,8036486,8/26/2026,Samuel Adams,Boston Beer Company,8/26/2026 10:04 AM,chrishope,8/26/2026 10:00 AM,chrishope
13067,Sam Adams Oct Ceramic stein - MISCELLANEOUS,11679,Sam Adams,,Hawthorne,8036485,8/26/2026,Samuel Adams,Boston Beer Company,8/26/2026 10:04 AM,chrishope,8/26/2026 10:00 AM,chrishope
13066,Sam Adams Oct Ceramic stein - MISCELLANEOUS,11678,Sam Adams,,Hawthorne,8036484,8/26/2026,Samuel Adams,Boston Beer Company,8/26/2026 10:04 AM,chrishope,8/26/2026 10:00 AM,chrishope
13065,Sam Adams Oct Ceramic stein - MISCELLANEOUS,11677,Sam Adams,,Hawthorne,8036483,8/26/2026,Samuel Adams,Boston Beer Company,8/26/2026 10:04 AM,chrishope,8/26/2026 10:00 AM,chrishope
13064,Sam Adams Oct Ceramic stein - MISCELLANEOUS,11676,Sam Adams,,Hawthorne,8036482,8/26/2026,Samuel Adams,Boston Beer Company,8/26/2026 10:04 AM,chrishope,8/26/2026 10:00 AM,chrishope
13063,Sam Adams Oct Ceramic stein - MISCELLANEOUS,11675,Sam Adams,,Hawthorne,8036481,8/26/2026,Samuel Adams,Boston Beer Company,8/26/2026 10:04 AM,chrishope,8/26/2026 10:00 AM,chrishope
13062,Sam Adams Oct Ceramic stein - MISCELLANEOUS,11674,Sam Adams,,Hawthorne,8036480,8/26/2026,Samuel Adams,Boston Beer Company,8/26/2026 10:04 AM,chrishope,8/26/2026 10:00 AM,chrishope
13061,Sam Adams Oct Ceramic stein - MISCELLANEOUS,11673,Sam Adams,,Hawthorne,8036479,8/26/2026,Samuel Adams,Boston Beer Company,8/26/2026 10:04 AM,chrishope,8/26/2026 10:00 AM,chrishope
13060,Sam Adams Oct Ceramic stein - MISCELLANEOUS,11672,Sam Adams,,Hawthorne,8036478,8/26/2026,Samuel Adams,Boston Beer Company,8/26/2026 10:04 AM,chrishope,8/26/2026 10:00 AM,chrishope
13059,Sam Adams Oct Ceramic stein - MISCELLANEOUS,11695,Sam Adams,,Hawthorne,8036477,8/26/2026,Samuel Adams,Boston Beer Company,8/26/2026 10:09 AM,chrishope,8/26/2026 10:00 AM,chrishope
13058,Sam Adams Oct Ceramic stein - MISCELLANEOUS,11694,Sam Adams,,Hawthorne,8036476,8/26/2026,Samuel Adams,Boston Beer Company,8/26/2026 10:09 AM,chrishope,8/26/2026 10:00 AM,chrishope
13057,Sam Adams Okt 1L mug - Glasses,16872,Sam Adams,,Hawthorne,8036475,8/26/2026,Samuel Adams,Boston Beer Company,8/26/2026 10:08 AM,chrishope,8/26/2026 10:00 AM,chrishope
13056,Sam Adams Okt 1L mug - Glasses,16871,Sam Adams,,Hawthorne,8036474,8/26/2026,Samuel Adams,Boston Beer Company,8/26/2026 10:08 AM,chrishope,8/26/2026 10:00 AM,chrishope
13055,Sam Adams Okt 1L mug - Glasses,16870,Sam Adams,,Hawthorne,8036473,8/26/2026,Samuel Adams,Boston Beer Company,8/26/2026 10:08 AM,chrishope,8/26/2026 10:00 AM,chrishope
13054,Sam Adams Okt 1L mug - Glasses,16869,Sam Adams,,Hawthorne,8036472,8/26/2026,Samuel Adams,Boston Beer Company,8/26/2026 10:08 AM,chrishope,8/26/2026 10:00 AM,chrishope
13053,Sam Adams Okt 1L mug - Glasses,16868,Sam Adams,,Hawthorne,8036471,8/26/2026,Samuel Adams,Boston Beer Company,8/26/2026 10:08 AM,chrishope,8/26/2026 10:00 AM,chrishope
13052,Sam Adams Okt 1L mug - Glasses,16867,Sam Adams,,Hawthorne,8036470,8/26/2026,Samuel Adams,Boston Beer Company,8/26/2026 10:08 AM,chrishope,8/26/2026 10:00 AM,chrishope
13051,Sam Adams Okt 1L mug - Glasses,16866,Sam Adams,,Hawthorne,8036469,8/26/2026,Samuel Adams,Boston Beer Company,8/26/2026 10:08 AM,chrishope,8/26/2026 10:00 AM,chrishope
13050,Sam Adams Okt 1L mug - Glasses,16865,Sam Adams,,Hawthorne,8036468,8/26/2026,Samuel Adams,Boston Beer Company,8/26/2026 10:08 AM,chrishope,8/26/2026 10:00 AM,chrishope
13049,Sam Adams Okt 1L mug - Glasses,16864,Sam Adams,,Hawthorne,8036467,8/26/2026,Samuel Adams,Boston Beer Company,8/26/2026 10:08 AM,chrishope,8/26/2026 10:00 AM,chrishope
13048,Sam Adams Okt 1L mug - Glasses,16863,Sam Adams,,Hawthorne,8036466,8/26/2026,Samuel Adams,Boston Beer Company,8/26/2026 10:08 AM,chrishope,8/26/2026 10:00 AM,chrishope
13047,Sam Adams Okt 1L mug - Glasses,16862,Sam Adams,,Hawthorne,8036465,8/26/2026,Samuel Adams,Boston Beer Company,8/26/2026 10:08 AM,chrishope,8/26/2026 10:00 AM,chrishope
13046,Sam Adams Okt 1L mug - Glasses,9536,Sam Adams,,Hawthorne,8036464,8/26/2026,Samuel Adams,Boston Beer Company,8/26/2026 10:08 AM,chrishope,8/26/2026 10:00 AM,chrishope
13045,Sam Adams Okt .5 Mug - Glasses,16861,Sam Adams,,Hawthorne,8036463,8/26/2026,Samuel Adams,Boston Beer Company,8/26/2026 10:08 AM,chrishope,8/26/2026 10:00 AM,chrishope
13044,Sam Adams Okt .5 Mug - Glasses,16860,Sam Adams,,Hawthorne,8036462,8/26/2026,Samuel Adams,Boston Beer Company,8/26/2026 10:08 AM,chrishope,8/26/2026 10:00 AM,chrishope
13043,Sam Adams Okt .5 Mug - Glasses,16859,Sam Adams,,Hawthorne,8036461,8/26/2026,Samuel Adams,Boston Beer Company,8/26/2026 10:08 AM,chrishope,8/26/2026 10:00 AM,chrishope
13042,Sam Adams Okt .5 Mug - Glasses,16858,Sam Adams,,Hawthorne,8036460,8/26/2026,Samuel Adams,Boston Beer Company,8/26/2026 10:08 AM,chrishope,8/26/2026 10:00 AM,chrishope
13041,Sam Adams Okt .5 Mug - Glasses,16857,Sam Adams,,Hawthorne,8036459,8/26/2026,Samuel Adams,Boston Beer Company,8/26/2026 10:08 AM,chrishope,8/26/2026 10:00 AM,chrishope
13040,Yuengling Stars ad Stripes 16oz Shaker,15580,Yuengling Lager,,Hawthorne,8036452,8/27/2026,Yuengling Lager,DG Yuengling Inc,8/26/2026 10:08 AM,chrishope,8/26/2026 9:34 AM,briansengebu
13039,Yuengling Stars ad Stripes 16oz Shaker,15579,Yuengling Lager,,Hawthorne,8036451,8/27/2026,Yuengling Lager,DG Yuengling Inc,8/26/2026 10:08 AM,chrishope,8/26/2026 9:34 AM,briansengebu
13038,(CM)Miller Lite 16oz Plastic cups - PLASTIC CUPS,16965,Miller Lite,,Hawthorne,8036450,8/27/2026,Lite,MolsonCoors Beverage Company,8/26/2026 10:08 AM,chrishope,8/26/2026 9:34 AM,briansengebu
13037,(CM)Miller Lite 16oz Plastic cups - PLASTIC CUPS,16964,Miller Lite,,Hawthorne,8036449,8/27/2026,Lite,MolsonCoors Beverage Company,8/26/2026 10:08 AM,chrishope,8/26/2026 9:34 AM,briansengebu
13036,Miller Lite 16oz shaker - Glasses,13016,Miller Lite,,Hawthorne,8036448,8/27/2026,Lite,MolsonCoors Beverage Company,8/26/2026 10:08 AM,chrishope,8/26/2026 9:34 AM,briansengebu
13035,Miller Lite 16oz shaker - Glasses,13015,Miller Lite,,Hawthorne,8036447,8/27/2026,Lite,MolsonCoors Beverage Company,8/26/2026 10:08 AM,chrishope,8/26/2026 9:34 AM,briansengebu
13034,Evil Genius 16oz shaker - Glasses,7935,EVIL GENIUS,,Hawthorne,8036446,8/27/2026,Evil Genius,Evil Genius,8/26/2026 10:08 AM,chrishope,8/26/2026 9:30 AM,briansengebu
13033,Modelo 16oz Shaker - Glasses,12551,Modelo Especial,,Hawthorne,8036445,8/27/2026,Modelo Especial,Constellation Brands,8/26/2026 10:08 AM,chrishope,8/26/2026 9:30 AM,briansengebu
13032,Corona Marquee LED,16697,Corona Extra,,Hawthorne,8036444,8/26/2026,Corona Extra,Constellation Brands,8/26/2026 10:08 AM,chrishope,8/26/2026 9:06 AM,anthonypalmi
13031,Modelo Menu Board,6961,Modelo Especial,,Hawthorne,8036443,8/26/2026,Modelo Especial,Constellation Brands,8/26/2026 10:08 AM,chrishope,8/26/2026 9:06 AM,anthonypalmi
13030,Coors Light AFrame,13218,Coors Light,,Hawthorne,8036442,8/26/2026,Coors Light,MolsonCoors Beverage Company,8/26/2026 10:08 AM,chrishope,8/26/2026 9:06 AM,anthonypalmi
13029,Corona Value LED,16416,Corona Extra,,Hawthorne,8036441,8/26/2026,Corona Extra,Constellation Brands,8/26/2026 10:08 AM,chrishope,8/26/2026 9:06 AM,anthonypalmi
13028,*DD* Coors Light Golf Bag,15034,Coors Light,,Hawthorne,8036435,8/27/2026,Coors Light,MolsonCoors Beverage Company,8/27/2026 7:48 AM,chrishope,8/26/2026 8:04 AM,robinfeldman
13027,*SH* Modelo Giants Cornhole,17938,Modelo Especial,,Hawthorne,8032006,9/4/2026,Modelo Especial,Constellation Brands,8/26/2026 7:57 AM,chrishope,8/25/2026 3:29 PM,mikeast
13026,Sapporo Round LED - LED,17351,Sapporo Premium,,Hawthorne,8032002,8/27/2026,Sapporo,Sapporo,8/27/2026 7:49 AM,chrishope,8/25/2026 3:12 PM,chrispayton
13025,**PC**Yuengling Firepit,12278,Yuengling Lager,,Hawthorne,8032001,8/27/2026,Yuengling Lager,DG Yuengling Inc,8/27/2026 7:48 AM,chrishope,8/25/2026 3:12 PM,chrispayton
13024,Corona sunset Dominator - LED,15296,Corona Extra,,Hawthorne,8031990,9/30/2026,Corona Extra,Constellation Brands,8/26/2026 7:57 AM,chrishope,8/25/2026 1:44 PM,plopez
13023,Coors Light 16oz Shaker - Glasses,17730,Coors Light,,Hawthorne,8031987,8/26/2026,Coors Light,MolsonCoors Beverage Company,8/26/2026 7:57 AM,chrishope,8/25/2026 1:39 PM,paulmclaughl
13022,Coors Light 16oz Shaker - Glasses,17729,Coors Light,,Hawthorne,8031986,8/26/2026,Coors Light,MolsonCoors Beverage Company,8/26/2026 7:57 AM,chrishope,8/25/2026 1:39 PM,paulmclaughl
13021,(TG)Hofbrau Mug 0.5 Liter - GLASSES,15828,Hofbrau,,Hawthorne,8031941,8/26/2026,Hofbrau Usa,Hofbrauhaus USA,8/26/2026 7:57 AM,chrishope,8/25/2026 12:31 PM,paulmclaughl
13020,(TG)Hofbrau Mug 0.5 Liter - GLASSES,11845,Hofbrau,,Hawthorne,8031940,8/26/2026,Hofbrau Usa,Hofbrauhaus USA,8/26/2026 7:57 AM,chrishope,8/25/2026 12:31 PM,paulmclaughl
13019,(TG)Hofbrau Mug 0.5 Liter - GLASSES,11844,Hofbrau,,Hawthorne,8031939,8/26/2026,Hofbrau Usa,Hofbrauhaus USA,8/26/2026 7:57 AM,chrishope,8/25/2026 12:31 PM,paulmclaughl
13018,(TG)Hofbrau Mug 0.5 Liter - GLASSES,11843,Hofbrau,,Hawthorne,8031938,8/26/2026,Hofbrau Usa,Hofbrauhaus USA,8/26/2026 7:57 AM,chrishope,8/25/2026 12:31 PM,paulmclaughl
13017,*SH* Corona 16oz Plastic cups,16889,Corona Extra,,Hawthorne,8031868,8/31/2026,Corona Extra,Constellation Brands,8/26/2026 7:57 AM,chrishope,8/25/2026 9:37 AM,mikeast
13016,*DD* Miller lite Jets Backpackb Cooler,17904,Miller Lite,,Hawthorne,8031863,8/26/2026,Lite,MolsonCoors Beverage Company,8/26/2026 7:57 AM,chrishope,8/25/2026 9:23 AM,jtabasco
13015,Corona Flex Bottle LED,16317,Corona Extra,,Hawthorne,8031825,8/25/2026,Corona Extra,Constellation Brands,8/25/2026 8:32 AM,chrishope,8/25/2026 8:29 AM,nmicco
13014,Pacifico Surf LED,16521,Pacifico,,Hawthorne,8031824,8/25/2026,Pacifico,Constellation Brands,8/25/2026 8:32 AM,chrishope,8/25/2026 8:29 AM,nmicco
13013,(CM)Coors Light 16oz Cups - PLASTIC CUPS,16837,Coors Light,,Hawthorne,8031823,8/25/2026,Coors Light,MolsonCoors Beverage Company,8/25/2026 8:23 AM,chrishope,8/25/2026 8:22 AM,jgallagher
13012,(CM)Coors Light 16oz Cups - PLASTIC CUPS,16836,Coors Light,,Hawthorne,8031822,8/25/2026,Coors Light,MolsonCoors Beverage Company,8/25/2026 8:23 AM,chrishope,8/25/2026 8:22 AM,jgallagher
13011,Corona sunset Dominator - LED,15295,Corona Extra,,Hawthorne,8031821,8/25/2026,Corona Extra,Constellation Brands,8/25/2026 8:23 AM,chrishope,8/25/2026 8:20 AM,dfletcher
13010,Heinken Mets 6pack Rack,15695,Heineken,,Hawthorne,8031820,8/25/2026,Heineken USA,Heineken USA,8/25/2026 8:23 AM,chrishope,8/25/2026 8:20 AM,mobrien
13009,Garag Beer Devils 16oz Shaker,13804,Garage,,Hawthorne,8028071,8/25/2026,Garage Beer,Garage Beer,8/25/2026 7:41 AM,chrishope,8/24/2026 8:35 PM,allisonscott
13008,(CM)Coors Light 16oz Cups - PLASTIC CUPS,16835,Coors Light,,Hawthorne,8028070,8/25/2026,Coors Light,MolsonCoors Beverage Company,8/25/2026 7:41 AM,chrishope,8/24/2026 8:33 PM,allisonscott
13007,Cape May 16oz Shaker - Glasses,13895,Cape May,,Hawthorne,8027627,8/25/2026,Cape May,Cape May,8/25/2026 7:41 AM,chrishope,8/24/2026 4:46 PM,jaysonromine
13006,Coors Light 16oz Shaker - Glasses,17728,Coors Light,,Hawthorne,8027626,8/25/2026,Coors Light,MolsonCoors Beverage Company,8/25/2026 7:41 AM,chrishope,8/24/2026 4:46 PM,jaysonromine
13005,Yuengling 16oz Shaker - Glasses,16250,Yuengling Lager,,Hawthorne,8027625,8/25/2026,Yuengling Lager,DG Yuengling Inc,8/25/2026 7:41 AM,chrishope,8/24/2026 4:46 PM,jaysonromine
13004,Yuengling 16oz Shaker - Glasses,16249,Yuengling Lager,,Hawthorne,8027624,8/25/2026,Yuengling Lager,DG Yuengling Inc,8/25/2026 7:41 AM,chrishope,8/24/2026 4:46 PM,jaysonromine
13003,*DD*Coors Light Olympus Cooler Backpack,,Coors Light,,Hawthorne,8027597,,Coors Light,MolsonCoors Beverage Company,8/24/2026 3:21 PM,jtabasco,8/24/2026 3:21 PM,jtabasco
13002,Pacifico 16oz Shaker - Glasses,11585,Pacifico,,Hawthorne,8027592,8/25/2026,Pacifico,Constellation Brands,8/25/2026 7:41 AM,chrishope,8/24/2026 2:42 PM,paulmclaughl
13001,Pacifico 16oz Shaker - Glasses,11584,Pacifico,,Hawthorne,8027591,8/25/2026,Pacifico,Constellation Brands,8/25/2026 7:41 AM,chrishope,8/24/2026 2:42 PM,paulmclaughl
13000,Pacifico 16oz Shaker - Glasses,11583,Pacifico,,Hawthorne,8027590,8/25/2026,Pacifico,Constellation Brands,8/25/2026 7:41 AM,chrishope,8/24/2026 2:42 PM,paulmclaughl
12999,Miller Lite America 250 Grizzly cooler,17386,Miller Lite,,Hawthorne,8027585,8/25/2026,Lite,MolsonCoors Beverage Company,8/25/2026 7:41 AM,chrishope,8/24/2026 2:19 PM,jtabasco
12998,Corona Value LED,16415,Corona Extra,,Hawthorne,8027584,8/25/2026,Corona Extra,Constellation Brands,8/25/2026 7:41 AM,chrishope,8/24/2026 2:19 PM,jtabasco
12997,Corona Value LED,16414,Corona Extra,,Hawthorne,8027583,8/25/2026,Corona Extra,Constellation Brands,8/25/2026 7:41 AM,chrishope,8/24/2026 2:19 PM,jtabasco
12996,*SH* Modelo Fooseball Table,17806,Modelo Especial,,Hawthorne,8027366,8/25/2026,Modelo Especial,Constellation Brands,8/25/2026 7:41 AM,chrishope,8/24/2026 10:55 AM,plopez
12995,*CP* Suncruiser Beach Wagon,15756,Sun Cruiser Classic Iced Tea,,Hawthorne,8027365,8/25/2026,Sun Cruiser,Boston Beer Company,8/25/2026 7:41 AM,chrishope,8/24/2026 10:52 AM,anthonypalmi
12994,(CM)Miller Lite 16oz Plastic cups - PLASTIC CUPS,16963,Miller Lite,,Hawthorne,8027361,8/25/2026,Lite,MolsonCoors Beverage Company,8/25/2026 7:41 AM,chrishope,8/24/2026 10:25 AM,paulmclaughl
12993,Sam Adams Okt .5 Mug - Glasses,16856,Sam Adams,,Hawthorne,8027357,8/25/2026,Samuel Adams,Boston Beer Company,8/25/2026 7:41 AM,chrishope,8/24/2026 10:24 AM,klejdilamo
12992,Sam Adams Okt .5 Mug - Glasses,16855,Sam Adams,,Hawthorne,8027356,8/25/2026,Samuel Adams,Boston Beer Company,8/25/2026 7:41 AM,chrishope,8/24/2026 10:24 AM,klejdilamo
12991,Sam Adams Okt .5 Mug - Glasses,16854,Sam Adams,,Hawthorne,8027355,8/25/2026,Samuel Adams,Boston Beer Company,8/25/2026 7:41 AM,chrishope,8/24/2026 10:24 AM,klejdilamo
12990,Sam Adams Okt .5 Mug - Glasses,16853,Sam Adams,,Hawthorne,8027354,8/25/2026,Samuel Adams,Boston Beer Company,8/25/2026 7:41 AM,chrishope,8/24/2026 10:24 AM,klejdilamo
12989,Sam Adams Okt .5 Mug - Glasses,16852,Sam Adams,,Hawthorne,8027353,8/25/2026,Samuel Adams,Boston Beer Company,8/25/2026 7:41 AM,chrishope,8/24/2026 10:24 AM,klejdilamo
12988,Sam Adams Okt .5 Mug - Glasses,16851,Sam Adams,,Hawthorne,8027352,8/25/2026,Samuel Adams,Boston Beer Company,8/25/2026 7:41 AM,chrishope,8/24/2026 10:24 AM,klejdilamo
12987,Sam Adams Okt .5 Mug - Glasses,16850,Sam Adams,,Hawthorne,8027351,8/25/2026,Samuel Adams,Boston Beer Company,8/25/2026 7:41 AM,chrishope,8/24/2026 10:24 AM,klejdilamo
12986,Sam Adams Okt .5 Mug - Glasses,16849,Sam Adams,,Hawthorne,8027350,8/25/2026,Samuel Adams,Boston Beer Company,8/25/2026 7:41 AM,chrishope,8/24/2026 10:24 AM,klejdilamo
12985,Sam Adams Okt .5 Mug - Glasses,16848,Sam Adams,,Hawthorne,8027349,8/25/2026,Samuel Adams,Boston Beer Company,8/25/2026 7:41 AM,chrishope,8/24/2026 10:24 AM,klejdilamo
12984,Sam Adams Okt .5 Mug - Glasses,16847,Sam Adams,,Hawthorne,8027348,8/25/2026,Samuel Adams,Boston Beer Company,8/25/2026 7:41 AM,chrishope,8/24/2026 10:24 AM,klejdilamo
12983,*DD* Coors Light Tailgate Chair,18082,Coors Light,,Hawthorne,8023250,8/24/2026,Coors Light,MolsonCoors Beverage Company,8/24/2026 7:48 AM,chrishope,8/23/2026 11:24 AM,plopez
12982,Corona sunset Dominator - LED,15294,Corona Extra,,Hawthorne,8017083,8/24/2026,Corona Extra,Constellation Brands,8/24/2026 7:48 AM,chrishope,8/21/2026 3:28 PM,mattpowiersk
12981,Corona Light A Frame,16080,Corona Light,,Hawthorne,8017082,8/24/2026,Corona Light,Constellation Brands,8/24/2026 7:48 AM,chrishope,8/21/2026 3:28 PM,mattpowiersk
12980,*DD* Coors Light Golf Bag,15032,Coors Light,,Hawthorne,8017061,8/24/2026,Coors Light,MolsonCoors Beverage Company,8/24/2026 7:48 AM,chrishope,8/21/2026 1:39 PM,robinfeldman
12979,Miller Lite America 250 Grizzly cooler,17383,Miller Lite,,Hawthorne,8017048,8/24/2026,Lite,MolsonCoors Beverage Company,8/24/2026 7:48 AM,chrishope,8/21/2026 12:26 PM,mattpowiersk
12978,*SH* White Claw Portable Rolling Speaker,17498,White Claw Blackberry,,Hawthorne,8017035,8/24/2026,White Claw,Mark Anthony,8/24/2026 7:48 AM,chrishope,8/21/2026 12:14 PM,mattpowiersk
12977,Miller Lite America 250 Grizzly cooler,17384,Miller Lite,,Hawthorne,8017034,8/24/2026,Lite,MolsonCoors Beverage Company,8/24/2026 7:48 AM,chrishope,8/21/2026 12:14 PM,mattpowiersk
12976,*DD* Miller Lite Golf Bag,15122,Miller Lite,,Hawthorne,8017015,8/21/2026,Lite,MolsonCoors Beverage Company,8/24/2026 7:49 AM,chrishope,8/21/2026 8:33 AM,chrishope
12975,Miller Lite America 250 Grizzly cooler,17385,Miller Lite,,Hawthorne,8017014,8/21/2026,Lite,MolsonCoors Beverage Company,8/24/2026 7:49 AM,chrishope,8/21/2026 8:33 AM,chrishope
12974,(PC)Yeungling Flight Golf Bag - DEALER LOADER,12781,Yuengling Flight,,Hawthorne,8017013,8/21/2026,Yuengling Flight,DG Yuengling Inc,8/24/2026 7:49 AM,chrishope,8/21/2026 8:33 AM,chrishope
12973,Yuengling Flight Kanga Cooler,17246,Yuengling Flight,,Hawthorne,8017012,8/21/2026,Yuengling Flight,DG Yuengling Inc,8/24/2026 7:49 AM,chrishope,8/21/2026 8:33 AM,chrishope
12972,*SH* Corona 16oz Plastic cups,16888,Corona Extra,,Hawthorne,8013514,8/21/2026,Corona Extra,Constellation Brands,8/24/2026 7:50 AM,chrishope,8/20/2026 6:50 PM,derricklaws
12971,Peroni 0.4L Glass - Glasses,5569,Peroni,,Hawthorne,8013461,8/24/2026,Peroni,MolsonCoors Beverage Company,8/24/2026 7:48 AM,chrishope,8/20/2026 6:31 PM,robinfeldman
12970,Peroni 0.4L Glass - Glasses,5568,Peroni,,Hawthorne,8013460,8/24/2026,Peroni,MolsonCoors Beverage Company,8/24/2026 7:48 AM,chrishope,8/20/2026 6:31 PM,robinfeldman
12969,Peroni 0.4L Glass - Glasses,5567,Peroni,,Hawthorne,8013459,8/24/2026,Peroni,MolsonCoors Beverage Company,8/24/2026 7:48 AM,chrishope,8/20/2026 6:31 PM,robinfeldman
12968,Peroni 0.4L Glass - Glasses,5566,Peroni,,Hawthorne,8013458,8/24/2026,Peroni,MolsonCoors Beverage Company,8/24/2026 7:48 AM,chrishope,8/20/2026 6:31 PM,robinfeldman
12967,Coors Light EGO Battery Blower/trimmer Combo,17566,Coors Light,,Hawthorne,8012838,8/20/2026,Coors Light,MolsonCoors Beverage Company,8/20/2026 10:29 AM,chrishope,8/20/2026 9:06 AM,klejdilamo
12966,*FP* Blue Moon Golf Bag,,Blue Moon,,Hawthorne,8012834,,Blue Moon,MolsonCoors Beverage Company,8/20/2026 8:47 AM,robinfeldman,8/20/2026 8:47 AM,robinfeldman
12965,*DD* Coors Light Golf Bag,15031,Coors Light,,Hawthorne,8008616,8/20/2026,Coors Light,MolsonCoors Beverage Company,8/20/2026 7:45 AM,chrishope,8/19/2026 5:50 PM,mikeast
12964,*SH* Corona Premier Golf Bag,15195,Corona Premier,,Hawthorne,8008615,8/20/2026,Corona Premier,Constellation Brands,8/20/2026 7:45 AM,chrishope,8/19/2026 5:50 PM,mikeast
12963,*SD* Cape May Bogg Bag,15671,Cape May,,Hawthorne,8008614,8/20/2026,Cape May,Cape May,8/20/2026 7:45 AM,chrishope,8/19/2026 5:50 PM,mikeast
12962,Coors Light 16oz Shaker - Glasses,17727,Coors Light,,Hawthorne,8008553,8/20/2026,Coors Light,MolsonCoors Beverage Company,8/20/2026 7:45 AM,chrishope,8/19/2026 5:46 PM,mikeast
12961,Miller High Life 16oz Shaker,8022,Miller High Life,,Hawthorne,8008552,8/20/2026,Miller High Life,MolsonCoors Beverage Company,8/20/2026 7:45 AM,chrishope,8/19/2026 5:46 PM,mikeast
12960,Cape May 16oz Shaker - Glasses,13894,Cape May,,Hawthorne,8008459,8/20/2026,Cape May,Cape May,8/20/2026 12:07 PM,chrishope,8/19/2026 5:13 PM,robinfeldman
12959,Cape May 16oz Shaker - Glasses,13893,Cape May,,Hawthorne,8008458,8/20/2026,Cape May,Cape May,8/20/2026 12:07 PM,chrishope,8/19/2026 5:13 PM,robinfeldman
12958,(TG)Great Lakes 16oz shaker - Glasses,,Great Lakes,,Hawthorne,8008457,,Great Lakes,Great Lakes,8/19/2026 5:13 PM,robinfeldman,8/19/2026 5:13 PM,robinfeldman
12957,(TG)Great Lakes 16oz shaker - Glasses,,Great Lakes,,Hawthorne,8008456,,Great Lakes,Great Lakes,8/19/2026 5:13 PM,robinfeldman,8/19/2026 5:13 PM,robinfeldman
12956,Modelo Draft LED,15392,Modelo Especial,,Hawthorne,8008449,8/20/2026,Modelo Especial,Constellation Brands,8/20/2026 7:45 AM,chrishope,8/19/2026 4:52 PM,plopez
12955,Corona Light 16oz Shaker,11988,Corona Light,,Hawthorne,8008448,8/20/2026,Corona Light,Constellation Brands,8/20/2026 7:45 AM,chrishope,8/19/2026 4:52 PM,plopez
12954,Corona Light 16oz Shaker,11987,Corona Light,,Hawthorne,8008447,8/20/2026,Corona Light,Constellation Brands,8/20/2026 7:45 AM,chrishope,8/19/2026 4:52 PM,plopez
12953,Blue Moon Animated LED,14479,Blue Moon,,Hawthorne,8008382,8/20/2026,Blue Moon,MolsonCoors Beverage Company,8/20/2026 7:45 AM,chrishope,8/19/2026 2:45 PM,nickmelissar
12952,Miller Lite 16oz shaker - Glasses,13014,Miller Lite,,Hawthorne,8008359,8/20/2026,Lite,MolsonCoors Beverage Company,8/20/2026 7:45 AM,chrishope,8/19/2026 1:15 PM,briansengebu
12951,Miller Lite 16oz shaker - Glasses,13013,Miller Lite,,Hawthorne,8008358,8/20/2026,Lite,MolsonCoors Beverage Company,8/20/2026 7:45 AM,chrishope,8/19/2026 1:15 PM,briansengebu
12950,Yuengling 16oz Shaker - Glasses,16248,Yuengling Lager,,Hawthorne,8008357,8/20/2026,Yuengling Lager,DG Yuengling Inc,8/20/2026 7:45 AM,chrishope,8/19/2026 1:15 PM,briansengebu
12949,*TG* PBR Jason 16oz shaker,,Pabst Blue Ribbon,,Hawthorne,8008344,,Pabst Blue Ribbon,Pabst Brewing Company,8/19/2026 12:14 PM,aacciardi,8/19/2026 12:14 PM,aacciardi
12948,Pacifico Value LED,16720,Pacifico,,Hawthorne,8008296,8/20/2026,Pacifico,Constellation Brands,8/20/2026 7:45 AM,chrishope,8/19/2026 10:29 AM,jheaney
12947,Corona Flex Bottle LED,16316,Corona Extra,,Hawthorne,8008295,8/20/2026,Corona Extra,Constellation Brands,8/20/2026 7:45 AM,chrishope,8/19/2026 10:29 AM,jheaney
12946,Miller Lite America 250 Grizzly cooler,17382,Miller Lite,,Hawthorne,8008287,8/20/2026,Lite,MolsonCoors Beverage Company,8/20/2026 7:45 AM,chrishope,8/19/2026 9:46 AM,mikeast
12945,Corona sunset Dominator - LED,15293,Corona Extra,,Hawthorne,8004489,8/19/2026,Corona Extra,Constellation Brands,8/19/2026 8:28 AM,chrishope,8/18/2026 8:42 PM,allisonscott
12944,Corona Light A Frame,16079,Corona Light,,Hawthorne,8004488,8/19/2026,Corona Light,Constellation Brands,8/19/2026 8:27 AM,chrishope,8/18/2026 8:42 PM,allisonscott
12943,Modelo Menu Board,6960,Modelo Especial,,Hawthorne,8004487,8/19/2026,Modelo Especial,Constellation Brands,8/19/2026 8:28 AM,chrishope,8/18/2026 8:42 PM,allisonscott
12942,*SH* White Claw Portable Rolling Speaker,17497,White Claw Blackberry,,Hawthorne,8004318,8/18/2026,White Claw,Mark Anthony,8/18/2026 7:17 PM,chrishope,8/18/2026 6:31 PM,klejdilamo
12941,*SH* Modelo Fooseball Table,17805,Modelo Especial,,Hawthorne,8003970,8/18/2026,Modelo Especial,Constellation Brands,8/18/2026 7:17 PM,chrishope,8/18/2026 4:35 PM,javiermelo
12940,Corona Value LED,16413,Corona Extra,,Hawthorne,8003928,8/18/2026,Corona Extra,Constellation Brands,8/18/2026 7:17 PM,chrishope,8/18/2026 3:25 PM,mikeast
12939,Corona Premier 16oz Shaker - Glasses,10949,Corona Premier,,Hawthorne,8003927,8/18/2026,Corona Premier,Constellation Brands,8/18/2026 7:17 PM,chrishope,8/18/2026 3:25 PM,mikeast
12938,Modelo 16oz Shaker - Glasses,12549,Modelo Especial,,Hawthorne,8003926,8/18/2026,Modelo Especial,Constellation Brands,8/18/2026 7:17 PM,chrishope,8/18/2026 3:25 PM,mikeast
12937,*DD* Coors Light Electric Beach Wagon,17545,Coors Light,,Hawthorne,8003925,8/18/2026,Coors Light,MolsonCoors Beverage Company,8/18/2026 7:17 PM,chrishope,8/18/2026 3:14 PM,plopez
12936,*DD* Coors Light Inflatable Floating Ring,16359,Coors Light,,Hawthorne,8003880,8/18/2026,Coors Light,MolsonCoors Beverage Company,8/18/2026 7:17 PM,chrishope,8/18/2026 2:16 PM,mikeast
12935,Modelo 16oz Shaker - Glasses,12550,Modelo Especial,,Hawthorne,8003756,8/18/2026,Modelo Especial,Constellation Brands,8/18/2026 7:17 PM,chrishope,8/18/2026 12:09 PM,chrispayton
12934,*SH* Corona Jets Cornhole,17930,Corona Extra,,Hawthorne,8003743,8/19/2026,Corona Extra,Constellation Brands,8/19/2026 8:27 AM,chrishope,8/18/2026 11:36 AM,jheaney
12933,Miller Lite America 250 Grizzly cooler,17381,Miller Lite,,Hawthorne,8003729,8/18/2026,Lite,MolsonCoors Beverage Company,8/18/2026 7:17 PM,chrishope,8/18/2026 9:47 AM,mikeast
12932,Miller Lite America 250 Grizzly cooler,17380,Miller Lite,,Hawthorne,8003721,8/18/2026,Lite,MolsonCoors Beverage Company,8/18/2026 8:57 AM,chrishope,8/18/2026 8:48 AM,jheaney
12931,Cayman Jack Canvas Clock,12709,Cayman Jack Margarita,,Hawthorne,8003657,8/18/2026,Cayman Jack,Mark Anthony,8/18/2026 6:09 AM,chrishope,8/18/2026 4:39 AM,allisonscott
12930,Coors Light 16oz Shaker - Glasses,17719,Coors Light,,Hawthorne,8003656,8/18/2026,Coors Light,MolsonCoors Beverage Company,8/18/2026 6:10 AM,chrishope,8/18/2026 4:36 AM,allisonscott
12929,Coors Light 16oz Shaker - Glasses,17718,Coors Light,,Hawthorne,8003655,8/18/2026,Coors Light,MolsonCoors Beverage Company,8/18/2026 6:10 AM,chrishope,8/18/2026 4:36 AM,allisonscott
12928,Coors Light 16oz Shaker - Glasses,17726,Coors Light,,Hawthorne,8003654,8/18/2026,Coors Light,MolsonCoors Beverage Company,8/18/2026 6:10 AM,chrishope,8/18/2026 4:36 AM,allisonscott
12927,Coors Light 16oz Shaker - Glasses,17725,Coors Light,,Hawthorne,8003653,8/18/2026,Coors Light,MolsonCoors Beverage Company,8/18/2026 6:10 AM,chrishope,8/18/2026 4:36 AM,allisonscott
12926,Coors Light 16oz Shaker - Glasses,17722,Coors Light,,Hawthorne,8003652,8/18/2026,Coors Light,MolsonCoors Beverage Company,8/18/2026 6:10 AM,chrishope,8/18/2026 4:36 AM,allisonscott
12925,Coors Light 16oz Shaker - Glasses,17724,Coors Light,,Hawthorne,8003651,8/18/2026,Coors Light,MolsonCoors Beverage Company,8/18/2026 6:10 AM,chrishope,8/18/2026 4:31 AM,allisonscott
12924,Coors Light 16oz Shaker - Glasses,17723,Coors Light,,Hawthorne,8003650,8/18/2026,Coors Light,MolsonCoors Beverage Company,8/18/2026 6:10 AM,chrishope,8/18/2026 4:31 AM,allisonscott
12923,Garag Beer Devils 16oz Shaker,13803,Garage,,Hawthorne,7999265,8/18/2026,Garage Beer,Garage Beer,8/18/2026 6:10 AM,chrishope,8/17/2026 4:05 PM,allisonscott
12922,Coors Light 16oz Shaker - Glasses,17721,Coors Light,,Hawthorne,7999264,8/18/2026,Coors Light,MolsonCoors Beverage Company,8/18/2026 6:10 AM,chrishope,8/17/2026 4:05 PM,allisonscott
12921,Coors Light 16oz Shaker - Glasses,17720,Coors Light,,Hawthorne,7999263,8/18/2026,Coors Light,MolsonCoors Beverage Company,8/18/2026 6:10 AM,chrishope,8/17/2026 4:05 PM,allisonscott
12920,Modelo 16oz Shaker - Glasses,12546,Modelo Especial,,Hawthorne,7999262,8/18/2026,Modelo Especial,Constellation Brands,8/18/2026 6:10 AM,chrishope,8/17/2026 4:05 PM,allisonscott
12919,(CM)Coors Light 16oz Cups - PLASTIC CUPS,16833,Coors Light,,Hawthorne,7999261,8/18/2026,Coors Light,MolsonCoors Beverage Company,8/18/2026 6:09 AM,chrishope,8/17/2026 4:05 PM,allisonscott
12918,1911 LED - LED,2892,1911,,Hawthorne,7999260,8/18/2026,1911 Hard Cider,Beak & Skiff,8/18/2026 6:09 AM,chrishope,8/17/2026 4:05 PM,allisonscott
12917,(CM)Coors Light 16oz Cups - PLASTIC CUPS,16834,Coors Light,,Hawthorne,7999247,8/18/2026,Coors Light,MolsonCoors Beverage Company,8/18/2026 6:09 AM,chrishope,8/17/2026 3:00 PM,nickmelissar
12916,Cape May 16oz Shaker - Glasses,13892,Cape May,,Hawthorne,7999195,8/18/2026,Cape May,Cape May,8/18/2026 6:09 AM,chrishope,8/17/2026 12:49 PM,nickmelissar
12915,Cape May 16oz Shaker - Glasses,13891,Cape May,,Hawthorne,7999194,8/18/2026,Cape May,Cape May,8/18/2026 6:09 AM,chrishope,8/17/2026 12:49 PM,nickmelissar
12914,Miller Lite 16oz shaker - Glasses,13012,Miller Lite,,Hawthorne,7999193,8/18/2026,Lite,MolsonCoors Beverage Company,8/18/2026 6:10 AM,chrishope,8/17/2026 12:49 PM,nickmelissar
12913,Miller Lite 16oz shaker - Glasses,13011,Miller Lite,,Hawthorne,7999192,8/18/2026,Lite,MolsonCoors Beverage Company,8/18/2026 6:10 AM,chrishope,8/17/2026 12:49 PM,nickmelissar
12912,Modelo 16oz Shaker - Glasses,12548,Modelo Especial,,Hawthorne,7999191,8/18/2026,Modelo Especial,Constellation Brands,8/18/2026 6:10 AM,chrishope,8/17/2026 12:49 PM,nickmelissar
12911,Modelo 16oz Shaker - Glasses,12547,Modelo Especial,,Hawthorne,7999190,8/18/2026,Modelo Especial,Constellation Brands,8/18/2026 6:10 AM,chrishope,8/17/2026 12:49 PM,nickmelissar
12910,Montauk Beach Wagon - DEALER LOADER,17142,Montauk Pilsner,,Hawthorne,7999159,8/18/2026,Montauk,Montauk Brewing Co,8/18/2026 8:55 AM,chrishope,8/17/2026 11:17 AM,aacciardi
12909,*SH* Corona Large Tire Bike,17886,Corona Extra,,Hawthorne,7999158,8/18/2026,Corona Extra,Constellation Brands,8/18/2026 6:09 AM,chrishope,8/17/2026 11:16 AM,mikeast
12908,Coors Light EGO Battery Blower/trimmer Combo,17565,Coors Light,,Hawthorne,7999157,8/18/2026,Coors Light,MolsonCoors Beverage Company,8/18/2026 6:10 AM,chrishope,8/17/2026 11:16 AM,mikeast
12907,Miller Lite America 250 Grizzly cooler,17379,Miller Lite,,Hawthorne,7999149,8/17/2026,Lite,MolsonCoors Beverage Company,8/17/2026 10:36 AM,chrishope,8/17/2026 10:36 AM,JohnNeukum
12906,White Claw Rolling cooler - DEALER LOADER,17782,White Claw,,Hawthorne,7999146,8/17/2026,White Claw,Mark Anthony,8/17/2026 10:35 AM,chrishope,8/17/2026 10:29 AM,JohnNeukum
12905,(PC)Yeungling Flight Golf Bag - DEALER LOADER,12780,Yuengling Flight,,Hawthorne,7999145,8/17/2026,Yuengling Flight,DG Yuengling Inc,8/17/2026 10:35 AM,chrishope,8/17/2026 10:27 AM,JohnNeukum
12904,*DD* Coors Light Electric Beach Wagon,17544,Coors Light,,Hawthorne,7999143,8/17/2026,Coors Light,MolsonCoors Beverage Company,8/17/2026 10:35 AM,chrishope,8/17/2026 10:22 AM,JohnNeukum
12903,*SH* Corona Premier Golf Bag,15194,Corona Premier,,Hawthorne,7999142,8/17/2026,Corona Premier,Constellation Brands,8/17/2026 10:35 AM,chrishope,8/17/2026 10:22 AM,JohnNeukum
12902,Truly Soccer Plinko Game,17084,Truly Hard Seltzer,,Hawthorne,7995008,8/16/2026,Truly,Boston Beer Company,8/16/2026 5:36 PM,chrishope,8/16/2026 12:13 PM,mikeast
12901,*CP* Carbliss Cornhole,,Carbliss Black Cherry,,Hawthorne,7995007,,Carbliss,SN Food & Beverage LLC,8/16/2026 12:13 PM,mikeast,8/16/2026 12:13 PM,mikeast
12900,*SH* Corona Jets Cornhole,17929,Corona Extra,,Hawthorne,7995006,8/16/2026,Corona Extra,Constellation Brands,8/16/2026 5:36 PM,chrishope,8/16/2026 12:13 PM,mikeast
12899,Miller Lite America 250 Grizzly cooler,17376,Miller Lite,,Hawthorne,7995005,8/16/2026,Lite,MolsonCoors Beverage Company,8/16/2026 5:36 PM,chrishope,8/16/2026 12:13 PM,mikeast
12898,*CP* Suncruiser Beach Wagon,15754,Sun Cruiser Classic Iced Tea,,Hawthorne,7995004,8/16/2026,Sun Cruiser,Boston Beer Company,8/16/2026 5:35 PM,chrishope,8/16/2026 12:13 PM,mikeast
12897,(SH)Modelo Gold Cooler - DEALER LOADER,17625,Modelo Especial,,Hawthorne,7995003,8/16/2026,Modelo Especial,Constellation Brands,8/16/2026 5:35 PM,chrishope,8/16/2026 12:13 PM,mikeast
12896,Magners 16oz Glass - GLASSES,3767,MAGNERS,,Hawthorne,7991763,8/16/2026,Magners,Total Beverage Solutions,8/16/2026 5:36 PM,chrishope,8/15/2026 2:13 PM,chrispayton
12895,(CM)Coors Light 16oz Cups - PLASTIC CUPS,16831,Coors Light,,Hawthorne,7991762,8/16/2026,Coors Light,MolsonCoors Beverage Company,8/16/2026 5:35 PM,chrishope,8/15/2026 10:59 AM,allisonscott
12894,Coors Light 16oz Shaker - Glasses,17717,Coors Light,,Hawthorne,7991761,8/16/2026,Coors Light,MolsonCoors Beverage Company,8/16/2026 5:36 PM,chrishope,8/15/2026 10:59 AM,allisonscott
12893,Coors Light 16oz Shaker - Glasses,17716,Coors Light,,Hawthorne,7991760,8/16/2026,Coors Light,MolsonCoors Beverage Company,8/16/2026 5:36 PM,chrishope,8/15/2026 10:59 AM,allisonscott
12892,*CP* Suncruiser Nautical Ring,15722,Sun Cruiser Classic Iced Tea,,Hawthorne,7991759,8/16/2026,Sun Cruiser,Boston Beer Company,8/16/2026 5:35 PM,chrishope,8/15/2026 10:59 AM,allisonscott
12891,*CP* Suncruiser Nautical Ring,15721,Sun Cruiser Classic Iced Tea,,Hawthorne,7991758,8/16/2026,Sun Cruiser,Boston Beer Company,8/16/2026 5:35 PM,chrishope,8/15/2026 10:59 AM,allisonscott
12890,*CP* Suncruiser Nautical Ring,15720,Sun Cruiser Classic Iced Tea,,Hawthorne,7991757,8/16/2026,Sun Cruiser,Boston Beer Company,8/16/2026 5:35 PM,chrishope,8/15/2026 10:59 AM,allisonscott
12889,**CP** Suncruiser PaddleBoard,17257,Sun Cruiser Classic Iced Tea,,Hawthorne,7991756,8/16/2026,Sun Cruiser,Boston Beer Company,8/16/2026 5:35 PM,chrishope,8/15/2026 10:59 AM,allisonscott
12888,*CP* Suncruiser Beach Wagon,15755,Sun Cruiser Classic Iced Tea,,Hawthorne,7991755,8/16/2026,Sun Cruiser,Boston Beer Company,8/16/2026 5:35 PM,chrishope,8/15/2026 10:59 AM,allisonscott
12887,*CP* Suncruiser Beach Chair,15785,Sun Cruiser Classic Iced Tea,,Hawthorne,7991754,8/16/2026,Sun Cruiser,Boston Beer Company,8/16/2026 5:35 PM,chrishope,8/15/2026 10:59 AM,allisonscott
12886,(CM)Coors Light 16oz Cups - PLASTIC CUPS,16832,Coors Light,,Hawthorne,7991753,8/16/2026,Coors Light,MolsonCoors Beverage Company,8/16/2026 5:35 PM,chrishope,8/15/2026 10:56 AM,allisonscott
12885,*CM* Corona Premier Golf Bag,15144,Corona Premier,,Hawthorne,7991752,8/16/2026,Corona Premier,Constellation Brands,8/16/2026 5:35 PM,chrishope,8/15/2026 10:56 AM,allisonscott
12884,Heineken AFrame,11498,Heineken,,Hawthorne,7991751,8/16/2026,Heineken USA,Heineken USA,8/16/2026 5:36 PM,chrishope,8/15/2026 10:56 AM,allisonscott
12883,(PC)Yuengling Flight Golf Umbrella - DEALER LOADER,13958,Yuengling Flight,,Hawthorne,7991750,8/16/2026,Yuengling Flight,DG Yuengling Inc,8/16/2026 5:35 PM,chrishope,8/15/2026 10:56 AM,allisonscott
12882,*CP* Suncruiser Nautical Ring,15724,Sun Cruiser Classic Iced Tea,,Hawthorne,7991749,8/16/2026,Sun Cruiser,Boston Beer Company,8/16/2026 5:35 PM,chrishope,8/15/2026 10:56 AM,allisonscott
12881,*CP* Suncruiser Nautical Ring,15723,Sun Cruiser Classic Iced Tea,,Hawthorne,7991748,8/16/2026,Sun Cruiser,Boston Beer Company,8/16/2026 5:35 PM,chrishope,8/15/2026 10:56 AM,allisonscott
12880,*CP*SunCruiser Golf Bag,13368,Sun Cruiser Classic Iced Tea,,Hawthorne,7991747,8/16/2026,Sun Cruiser,Boston Beer Company,8/16/2026 5:35 PM,chrishope,8/15/2026 10:56 AM,allisonscott
12879,Miller Lite America 250 Grizzly cooler,17378,Miller Lite,,Hawthorne,7991746,8/16/2026,Lite,MolsonCoors Beverage Company,8/16/2026 5:36 PM,chrishope,8/15/2026 10:56 AM,allisonscott
12878,*CM* Corona Premier Golf Bag,15143,Corona Premier,,Hawthorne,7988581,8/16/2026,Corona Premier,Constellation Brands,8/16/2026 5:35 PM,chrishope,8/14/2026 8:29 PM,allisonscott
12877,*CM* Miller Lite Golf Bag,15080,Miller Lite,,Hawthorne,7988580,8/16/2026,Lite,MolsonCoors Beverage Company,8/16/2026 5:35 PM,chrishope,8/14/2026 8:29 PM,allisonscott
12876,Miller Lite America 250 Grizzly cooler,17377,Miller Lite,,Hawthorne,7988579,8/16/2026,Lite,MolsonCoors Beverage Company,8/16/2026 5:36 PM,chrishope,8/14/2026 8:29 PM,allisonscott
12875,White Claw Rolling cooler - DEALER LOADER,17781,White Claw,,Hawthorne,7988578,8/16/2026,White Claw,Mark Anthony,8/16/2026 5:36 PM,chrishope,8/14/2026 8:29 PM,allisonscott
12874,*CP* Truly World Cup Cooler,,Truly Hard Seltzer,,Hawthorne,7988577,,Truly,Boston Beer Company,8/14/2026 8:29 PM,allisonscott,8/14/2026 8:29 PM,allisonscott
12873,Corona Sunbrew Patio Umbrella,17851,Corona Sunbrew,,Hawthorne,7988524,8/14/2026,Corona Sunbrew,Constellation Brands,8/14/2026 11:55 AM,chrishope,8/14/2026 10:40 AM,plopez
12872,Corona Sunbrew Patio Umbrella,17850,Corona Sunbrew,,Hawthorne,7988523,8/14/2026,Corona Sunbrew,Constellation Brands,8/14/2026 11:55 AM,chrishope,8/14/2026 10:40 AM,plopez
12871,Corona Sunbrew Patio Umbrella,17849,Corona Sunbrew,,Hawthorne,7988522,8/14/2026,Corona Sunbrew,Constellation Brands,8/14/2026 11:55 AM,chrishope,8/14/2026 10:29 AM,plopez
12870,Corona Sunbrew Patio Umbrella,17848,Corona Sunbrew,,Hawthorne,7988521,8/14/2026,Corona Sunbrew,Constellation Brands,8/14/2026 11:55 AM,chrishope,8/14/2026 10:29 AM,plopez
12869,*CP* Suncruiser Beach Wagon,15753,Sun Cruiser Classic Iced Tea,,Hawthorne,7988520,8/14/2026,Sun Cruiser,Boston Beer Company,8/14/2026 11:55 AM,chrishope,8/14/2026 10:29 AM,plopez
12868,Miller Lite Patio Umbrella - PATIO UMBRELLA,17847,Miller Lite,,Hawthorne,7988512,8/14/2026,Lite,MolsonCoors Beverage Company,8/14/2026 12:08 PM,chrishope,8/14/2026 9:59 AM,mobrien
12867,Miller Lite Patio Umbrella - PATIO UMBRELLA,17846,Miller Lite,,Hawthorne,7988511,8/14/2026,Lite,MolsonCoors Beverage Company,8/14/2026 12:08 PM,chrishope,8/14/2026 9:59 AM,mobrien
12866,Miller Lite Patio Umbrella - PATIO UMBRELLA,17845,Miller Lite,,Hawthorne,7988510,8/14/2026,Lite,MolsonCoors Beverage Company,8/14/2026 12:08 PM,chrishope,8/14/2026 9:59 AM,mobrien
12865,Blue Moon Animated LED,14478,Blue Moon,,Hawthorne,7984659,8/14/2026,Blue Moon,MolsonCoors Beverage Company,8/14/2026 7:39 AM,chrishope,8/13/2026 6:11 PM,nickmelissar
12864,Coors Light EGO Battery Blower/trimmer Combo,17564,Coors Light,,Hawthorne,7984468,8/14/2026,Coors Light,MolsonCoors Beverage Company,8/14/2026 7:40 AM,chrishope,8/13/2026 3:33 PM,briansengebu
12863,24 oz Glide racks,,Coors Light,,Hawthorne,7984457,,Coors Light,MolsonCoors Beverage Company,8/13/2026 2:36 PM,javiermelo,8/13/2026 2:36 PM,javiermelo
12862,24 oz Glide racks,,Coors Light,,Hawthorne,7984456,,Coors Light,MolsonCoors Beverage Company,8/13/2026 2:36 PM,javiermelo,8/13/2026 2:36 PM,javiermelo
12861,*DD*Coors Light Olympus Cooler Backpack,,Coors Light,,Hawthorne,7984451,,Coors Light,MolsonCoors Beverage Company,8/13/2026 1:59 PM,paulmclaughl,8/13/2026 1:59 PM,paulmclaughl
12860,Miller Lite 16oz shaker - Glasses,13010,Miller Lite,,Hawthorne,7984422,8/14/2026,Lite,MolsonCoors Beverage Company,8/14/2026 7:39 AM,chrishope,8/13/2026 11:56 AM,nickmelissar
12859,Miller Lite 16oz shaker - Glasses,13009,Miller Lite,,Hawthorne,7984421,8/14/2026,Lite,MolsonCoors Beverage Company,8/14/2026 7:39 AM,chrishope,8/13/2026 11:56 AM,nickmelissar
12858,Miller Lite 16oz shaker - Glasses,13008,Miller Lite,,Hawthorne,7984420,8/14/2026,Lite,MolsonCoors Beverage Company,8/14/2026 7:39 AM,chrishope,8/13/2026 11:56 AM,nickmelissar
12857,Miller Lite 16oz shaker - Glasses,13007,Miller Lite,,Hawthorne,7984419,8/14/2026,Lite,MolsonCoors Beverage Company,8/14/2026 7:39 AM,chrishope,8/13/2026 11:56 AM,nickmelissar
12856,Miller Lite 16oz shaker - Glasses,13006,Miller Lite,,Hawthorne,7984418,8/14/2026,Lite,MolsonCoors Beverage Company,8/14/2026 7:39 AM,chrishope,8/13/2026 11:56 AM,nickmelissar
12855,32oz Glide Racks,,Coors Light,,Hawthorne,7979927,,Coors Light,MolsonCoors Beverage Company,8/12/2026 3:41 PM,javiermelo,8/12/2026 3:41 PM,javiermelo
12854,Pacifico Yappy Hour 16oz shaker,18008,Pacifico,,Hawthorne,7979878,8/13/2026,Pacifico,Constellation Brands,8/13/2026 8:03 AM,chrishope,8/12/2026 12:28 PM,paulmclaughl
12853,Pacifico Yappy Hour 16oz shaker,18007,Pacifico,,Hawthorne,7979877,8/13/2026,Pacifico,Constellation Brands,8/13/2026 8:03 AM,chrishope,8/12/2026 12:28 PM,paulmclaughl
12852,(SH)Modelo Gold Cooler - DEALER LOADER,17624,Modelo Especial,,Hawthorne,7979876,8/13/2026,Modelo Especial,Constellation Brands,8/13/2026 8:03 AM,chrishope,8/12/2026 12:28 PM,paulmclaughl
12851,Corona sunset Dominator - LED,15292,Corona Extra,,Hawthorne,7979863,8/13/2026,Corona Extra,Constellation Brands,8/13/2026 8:03 AM,chrishope,8/12/2026 11:48 AM,shanebarreca
12850,(SH)Modelo Gold Cooler - DEALER LOADER,17623,Modelo Especial,,Hawthorne,7979862,8/13/2026,Modelo Especial,Constellation Brands,8/13/2026 8:03 AM,chrishope,8/12/2026 11:48 AM,shanebarreca
12849,Heineken AFrame,11497,Heineken,,Hawthorne,7979861,8/13/2026,Heineken USA,Heineken USA,8/13/2026 8:03 AM,chrishope,8/12/2026 11:48 AM,shanebarreca
12848,Pacifico A-Frame - A-FRAME,4984,Pacifico,,Hawthorne,7979860,8/13/2026,Pacifico,Constellation Brands,8/13/2026 8:03 AM,chrishope,8/12/2026 11:48 AM,shanebarreca
12847,*DD* Coors Light Electric Beach Wagon,17543,Coors Light,,Hawthorne,7979709,8/12/2026,Coors Light,MolsonCoors Beverage Company,8/12/2026 9:37 AM,chrishope,8/12/2026 9:36 AM,chrishope
12846,*DD* Coors Light Electric Beach Wagon,17542,Coors Light,,Hawthorne,7979708,8/12/2026,Coors Light,MolsonCoors Beverage Company,8/12/2026 9:37 AM,chrishope,8/12/2026 9:36 AM,chrishope
12845,Coors Light 16oz Shaker - Glasses,17715,Coors Light,,Hawthorne,7979691,8/12/2026,Coors Light,MolsonCoors Beverage Company,8/12/2026 9:29 AM,chrishope,8/12/2026 8:07 AM,jtabasco
12844,*SH* Modelo Giants Cornhole,17937,Modelo Especial,,Hawthorne,7972614,8/13/2026,Modelo Especial,Constellation Brands,8/13/2026 8:03 AM,chrishope,8/11/2026 3:06 PM,chrispayton
12843,Corona Metal Cooler - DEALER LOADER,,Corona Extra,,Hawthorne,7972589,,Corona Extra,Constellation Brands,8/11/2026 2:17 PM,briansengebu,8/11/2026 2:17 PM,briansengebu
12842,Yuengling Flight Kanga Cooler,17245,Yuengling Flight,,Hawthorne,7972588,8/11/2026,Yuengling Flight,DG Yuengling Inc,8/11/2026 2:44 PM,chrishope,8/11/2026 2:17 PM,briansengebu
12841,(SH)Modelo 16oz plastic cups - PLASTIC CUPS,16147,Modelo Especial,,Hawthorne,7972573,8/11/2026,Modelo Especial,Constellation Brands,8/11/2026 2:44 PM,chrishope,8/11/2026 2:05 PM,nickmelissar
12840,Corona Metal Cooler - DEALER LOADER,,Corona Extra,,Hawthorne,7972562,,Corona Extra,Constellation Brands,8/11/2026 1:13 PM,mattpowiersk,8/11/2026 1:13 PM,mattpowiersk
12839,Miller Lite America 250 Grizzly cooler,17375,Miller Lite,,Hawthorne,7972521,8/11/2026,Lite,MolsonCoors Beverage Company,8/11/2026 12:01 PM,chrishope,8/11/2026 11:50 AM,mattpowiersk
12838,Miller Lite 16oz shaker - Glasses,13005,Miller Lite,,Hawthorne,7972520,8/11/2026,Lite,MolsonCoors Beverage Company,8/11/2026 12:01 PM,chrishope,8/11/2026 11:50 AM,mattpowiersk
12837,(SH)Modelo Gold Cooler - DEALER LOADER,17622,Modelo Especial,,Hawthorne,7972519,8/11/2026,Modelo Especial,Constellation Brands,8/11/2026 12:01 PM,chrishope,8/11/2026 11:50 AM,mattpowiersk
12836,*CP* Suncruiser Beach Chair,15783,Sun Cruiser Classic Iced Tea,,Hawthorne,7972488,8/11/2026,Sun Cruiser,Boston Beer Company,8/11/2026 12:01 PM,chrishope,8/11/2026 9:52 AM,shanebarreca
12835,*FP* Coors Light Golf Bag,15015,Coors Light,,Hawthorne,7972482,8/11/2026,Coors Light,MolsonCoors Beverage Company,8/11/2026 9:18 AM,chrishope,8/11/2026 9:17 AM,chrishope
12834,*FP* Miller Lite Golf Bag,15110,Miller Lite,,Hawthorne,7972481,8/11/2026,Lite,MolsonCoors Beverage Company,8/11/2026 9:18 AM,chrishope,8/11/2026 9:17 AM,chrishope
12833,(PC)Yeungling Flight Golf Bag - DEALER LOADER,12779,Yuengling Flight,,Hawthorne,7972480,8/11/2026,Yuengling Flight,DG Yuengling Inc,8/11/2026 9:17 AM,chrishope,8/11/2026 9:17 AM,chrishope
12832,*FP* Corona Premier Golf Bag,15177,Corona Premier,,Hawthorne,7972479,8/11/2026,Corona Premier,Constellation Brands,8/11/2026 9:18 AM,chrishope,8/11/2026 9:17 AM,chrishope
12831,*CP*SunCruiser Golf Bag,13367,Sun Cruiser Classic Iced Tea,,Hawthorne,7972478,8/11/2026,Sun Cruiser,Boston Beer Company,8/11/2026 9:17 AM,chrishope,8/11/2026 9:17 AM,chrishope
12830,(CP)DFH Grateful Dead Record Player - Dealer,12762,Dogfish Head,,Hawthorne,7972477,8/11/2026,Dogfish Head Beer,Boston Beer Company,8/11/2026 9:17 AM,chrishope,8/11/2026 9:17 AM,chrishope
12829,Miller Lite America 250 Grizzly cooler,17374,Miller Lite,,Hawthorne,7972476,8/11/2026,Lite,MolsonCoors Beverage Company,8/11/2026 9:18 AM,chrishope,8/11/2026 9:17 AM,chrishope
12828,**CP** Suncruiser PaddleBoard,17256,Sun Cruiser Classic Iced Tea,,Hawthorne,7972475,8/11/2026,Sun Cruiser,Boston Beer Company,8/11/2026 9:17 AM,chrishope,8/11/2026 9:17 AM,chrishope
12827,Yuengling Flight Kanga Cooler,17244,Yuengling Flight,,Hawthorne,7972474,8/11/2026,Yuengling Flight,DG Yuengling Inc,8/11/2026 9:18 AM,chrishope,8/11/2026 9:17 AM,chrishope
12826,*DD*Coors Light Golf Cooler Bag,13910,Coors Light,,Hawthorne,7972473,8/11/2026,Coors Light,MolsonCoors Beverage Company,8/11/2026 9:18 AM,chrishope,8/11/2026 9:17 AM,chrishope
12825,*CP* Twisted Tea Tailgate Firepit,17476,Twisted Tea Original,,Hawthorne,7972472,8/11/2026,Twisted Tea,Boston Beer Company,8/11/2026 9:17 AM,chrishope,8/11/2026 9:17 AM,chrishope
12824,*CP* Suncruiser Beach Chair,15782,Sun Cruiser Classic Iced Tea,,Hawthorne,7972471,8/11/2026,Sun Cruiser,Boston Beer Company,8/11/2026 9:17 AM,chrishope,8/11/2026 9:17 AM,chrishope
12823,*DD* Coors Light Electric Beach Wagon,17541,Coors Light,,Hawthorne,7972470,8/11/2026,Coors Light,MolsonCoors Beverage Company,8/11/2026 9:18 AM,chrishope,8/11/2026 9:17 AM,chrishope
12822,Corona Value LED,16412,Corona Extra,,Hawthorne,7968031,8/11/2026,Corona Extra,Constellation Brands,8/11/2026 8:05 AM,chrishope,8/10/2026 11:17 AM,jodonoghue
12821,Modelo Draft LED,15391,Modelo Especial,,Hawthorne,7968030,8/11/2026,Modelo Especial,Constellation Brands,8/11/2026 8:05 AM,chrishope,8/10/2026 11:17 AM,jodonoghue
12820,White Claw Illum Menu Board,7848,White Claw,,Hawthorne,7968027,8/11/2026,White Claw,Mark Anthony,8/11/2026 8:05 AM,chrishope,8/10/2026 10:46 AM,anthonypalmi
12819,White Claw Illum Menu Board,7847,White Claw,,Hawthorne,7968026,8/11/2026,White Claw,Mark Anthony,8/11/2026 8:05 AM,chrishope,8/10/2026 10:46 AM,anthonypalmi
12818,White Claw Illum Menu Board,7846,White Claw,,Hawthorne,7968025,8/11/2026,White Claw,Mark Anthony,8/11/2026 8:05 AM,chrishope,8/10/2026 10:46 AM,anthonypalmi
12817,*CP* Suncruiser Beach Chair,15784,Sun Cruiser Classic Iced Tea,,Hawthorne,7967996,8/11/2026,Sun Cruiser,Boston Beer Company,8/11/2026 12:01 PM,chrishope,8/10/2026 9:56 AM,plopez
12816,Cape May 16oz Shaker - Glasses,13890,Cape May,,Hawthorne,7963886,8/10/2026,Cape May,Cape May,8/10/2026 7:43 AM,chrishope,8/9/2026 12:19 PM,paulmclaughl
12815,Coors Light 16oz Shaker - Glasses,17714,Coors Light,,Hawthorne,7963885,8/10/2026,Coors Light,MolsonCoors Beverage Company,8/10/2026 7:43 AM,chrishope,8/9/2026 12:19 PM,paulmclaughl
12814,Yuengling Stars ad Stripes 16oz Shaker,15578,Yuengling Lager,,Hawthorne,7963884,8/10/2026,Yuengling Lager,DG Yuengling Inc,8/10/2026 7:43 AM,chrishope,8/9/2026 12:19 PM,paulmclaughl
12813,*SH* Pacifico Yappy Hour Bobbehead,16713,Pacifico,,Hawthorne,7957761,8/6/2026,Pacifico,Constellation Brands,8/10/2026 7:42 AM,chrishope,8/7/2026 4:51 PM,mobrien
12812,Pacifico Inflatable Surfboard,17696,Pacifico,,Hawthorne,7957688,8/7/2026,Pacifico,Constellation Brands,8/7/2026 11:00 AM,chrishope,8/7/2026 10:09 AM,briansengebu
12811,Blue Moon Patio Umbrella - PATIO UMBRELLA,17648,Blue Moon,,Hawthorne,7957677,8/7/2026,Blue Moon,MolsonCoors Beverage Company,8/7/2026 10:58 AM,chrishope,8/7/2026 8:51 AM,briansengebu
12810,Blue Moon Patio Umbrella - PATIO UMBRELLA,17647,Blue Moon,,Hawthorne,7957676,8/7/2026,Blue Moon,MolsonCoors Beverage Company,8/7/2026 10:58 AM,chrishope,8/7/2026 8:51 AM,briansengebu
12809,Blue Moon Animated LED,14477,Blue Moon,,Hawthorne,7957675,8/7/2026,Blue Moon,MolsonCoors Beverage Company,8/7/2026 10:58 AM,chrishope,8/7/2026 8:51 AM,briansengebu
12808,Blue Moon Animated LED,14476,Blue Moon,,Hawthorne,7957674,8/7/2026,Blue Moon,MolsonCoors Beverage Company,8/7/2026 10:58 AM,chrishope,8/7/2026 8:51 AM,briansengebu
12807,Yuengling Flight Kanga Cooler,17243,Yuengling Flight,,Hawthorne,7957673,8/7/2026,Yuengling Flight,DG Yuengling Inc,8/7/2026 10:58 AM,chrishope,8/7/2026 8:49 AM,briansengebu
12806,Miller Lite America 250 Grizzly cooler,17372,Miller Lite,,Hawthorne,7957672,8/7/2026,Lite,MolsonCoors Beverage Company,8/7/2026 10:58 AM,chrishope,8/7/2026 8:49 AM,briansengebu
12805,Cape May Beach Chair,15690,Cape May,,Hawthorne,7957671,8/7/2026,Cape May,Cape May,8/7/2026 10:58 AM,chrishope,8/7/2026 8:47 AM,briansengebu
12804,*DD* Coors Light Electric Beach Wagon,17540,Coors Light,,Hawthorne,7957670,8/7/2026,Coors Light,MolsonCoors Beverage Company,8/7/2026 10:58 AM,chrishope,8/7/2026 8:47 AM,briansengebu
12803,Miller Lite America 250 Grizzly cooler,17373,Miller Lite,,Hawthorne,7957669,8/7/2026,Lite,MolsonCoors Beverage Company,8/7/2026 10:58 AM,chrishope,8/7/2026 8:47 AM,briansengebu
12802,Yuengling 16oz Shaker - Glasses,16247,Yuengling Lager,,Hawthorne,7957666,8/7/2026,Yuengling Lager,DG Yuengling Inc,8/7/2026 10:58 AM,chrishope,8/7/2026 8:39 AM,briansengebu
12801,Yuengling 16oz Shaker - Glasses,12844,Yuengling Lager,,Hawthorne,7957665,8/7/2026,Yuengling Lager,DG Yuengling Inc,8/7/2026 10:58 AM,chrishope,8/7/2026 8:39 AM,briansengebu
12800,Yuengling 16oz Shaker - Glasses,12843,Yuengling Lager,,Hawthorne,7957664,8/7/2026,Yuengling Lager,DG Yuengling Inc,8/7/2026 10:58 AM,chrishope,8/7/2026 8:37 AM,briansengebu
12799,Yuengling 16oz Shaker - Glasses,12842,Yuengling Lager,,Hawthorne,7957663,8/7/2026,Yuengling Lager,DG Yuengling Inc,8/7/2026 10:58 AM,chrishope,8/7/2026 8:37 AM,briansengebu
12798,Yuengling 16oz Shaker - Glasses,12841,Yuengling Lager,,Hawthorne,7957662,8/7/2026,Yuengling Lager,DG Yuengling Inc,8/7/2026 10:58 AM,chrishope,8/7/2026 8:35 AM,briansengebu
12797,*SH* Corona 16oz Plastic cups,16887,Corona Extra,,Hawthorne,7957661,8/7/2026,Corona Extra,Constellation Brands,8/7/2026 10:58 AM,chrishope,8/7/2026 8:25 AM,anthonypalmi
12796,Corona Light 16oz Shaker,,Corona Light,,Hawthorne,7957660,,Corona Light,Constellation Brands,8/7/2026 8:14 AM,robinfeldman,8/7/2026 8:14 AM,robinfeldman
12795,Corona Light 16oz Shaker,,Corona Light,,Hawthorne,7957659,,Corona Light,Constellation Brands,8/7/2026 8:14 AM,robinfeldman,8/7/2026 8:14 AM,robinfeldman
12794,Pacifico Adventure Awaits LED,14911,Pacifico,,Hawthorne,7957642,8/7/2026,Pacifico,Constellation Brands,8/7/2026 7:51 AM,chrishope,8/7/2026 4:09 AM,dfletcher
12793,Corona/Corona light Patio Umbrella - PATIO UMBRELL,,Corona Extra,,Hawthorne,7953487,,Corona Extra,Constellation Brands,8/6/2026 2:27 PM,allisonscott,8/6/2026 2:27 PM,allisonscott
12792,Corona/Corona light Patio Umbrella - PATIO UMBRELL,,Corona Extra,,Hawthorne,7953486,,Corona Extra,Constellation Brands,8/6/2026 2:27 PM,allisonscott,8/6/2026 2:27 PM,allisonscott
12791,Corona/Corona light Patio Umbrella - PATIO UMBRELL,,Corona Extra,,Hawthorne,7953485,,Corona Extra,Constellation Brands,8/6/2026 2:27 PM,allisonscott,8/6/2026 2:27 PM,allisonscott
12790,Corona/Corona light Patio Umbrella - PATIO UMBRELL,,Corona Extra,,Hawthorne,7953484,,Corona Extra,Constellation Brands,8/6/2026 2:27 PM,allisonscott,8/6/2026 2:27 PM,allisonscott
12789,Yuengling Flight Kanga Cooler,17242,Yuengling Flight,,Hawthorne,7953400,8/6/2026,Yuengling Flight,DG Yuengling Inc,8/6/2026 8:58 AM,chrishope,8/6/2026 8:58 AM,chrishope
12788,Yuengling Flight Kanga Cooler,17241,Yuengling Flight,,Hawthorne,7953399,8/6/2026,Yuengling Flight,DG Yuengling Inc,8/6/2026 8:58 AM,chrishope,8/6/2026 8:58 AM,chrishope
12787,Corona Flex Bottle LED,16315,Corona Extra,,Hawthorne,7948921,8/6/2026,Corona Extra,Constellation Brands,8/6/2026 7:57 AM,chrishope,8/5/2026 3:54 PM,plopez
12786,CoroNa NA LED,11537,Corona Non-Alcoholic,,Hawthorne,7948908,8/6/2026,Corona NA,Constellation Brands,8/6/2026 7:57 AM,chrishope,8/5/2026 3:16 PM,javiermelo
12785,(CM)Coors Light 16oz Cups - PLASTIC CUPS,16830,Coors Light,,Hawthorne,7948905,8/6/2026,Coors Light,MolsonCoors Beverage Company,8/6/2026 7:57 AM,chrishope,8/5/2026 2:56 PM,paulmclaughl
12784,*SH* Corona Large Tire Bike,17885,Corona Extra,,Hawthorne,7948898,8/6/2026,Corona Extra,Constellation Brands,8/6/2026 7:57 AM,chrishope,8/5/2026 1:59 PM,javiermelo
12783,*SH* Modelo Fooseball Table,17804,Modelo Especial,,Hawthorne,7948897,8/6/2026,Modelo Especial,Constellation Brands,8/6/2026 7:57 AM,chrishope,8/5/2026 1:59 PM,javiermelo
12782,*SH* Corona Golf Bag,17799,Corona Extra,,Hawthorne,7948875,8/6/2026,Corona Extra,Constellation Brands,8/6/2026 7:57 AM,chrishope,8/5/2026 1:12 PM,anthonypalmi
12781,24 oz Glide racks,14033,Coors Light,,Hawthorne,7948827,8/6/2026,Coors Light,MolsonCoors Beverage Company,8/6/2026 8:58 AM,chrishope,8/5/2026 8:23 AM,pryan
12780,*PD* Corona Premier Golf Bag,15170,Corona Premier,,Hawthorne,7948825,8/5/2026,Corona Premier,Constellation Brands,8/5/2026 7:48 AM,chrishope,8/5/2026 7:02 AM,mikeast
12779,*ME* Blue Moon Golf Bag,,Blue Moon,,Hawthorne,7944347,,Blue Moon,MolsonCoors Beverage Company,8/4/2026 3:51 PM,robinfeldman,8/4/2026 3:51 PM,robinfeldman
12778,(CM)Miller Lite 16oz Plastic cups - PLASTIC CUPS,16962,Miller Lite,,Hawthorne,7944346,8/5/2026,Lite,MolsonCoors Beverage Company,8/5/2026 7:47 AM,chrishope,8/4/2026 3:50 PM,paulmclaughl
12777,(CM)Miller Lite 16oz Plastic cups - PLASTIC CUPS,16961,Miller Lite,,Hawthorne,7944345,8/5/2026,Lite,MolsonCoors Beverage Company,8/5/2026 7:47 AM,chrishope,8/4/2026 3:50 PM,paulmclaughl
12776,*SH* Corona Golf Bag,17798,Corona Extra,,Hawthorne,7944344,8/5/2026,Corona Extra,Constellation Brands,8/5/2026 7:48 AM,chrishope,8/4/2026 3:50 PM,paulmclaughl
12775,*CM* Miller Lite Golf Bag,15079,Miller Lite,,Hawthorne,7944343,8/5/2026,Lite,MolsonCoors Beverage Company,8/5/2026 7:47 AM,chrishope,8/4/2026 3:50 PM,paulmclaughl
12774,*SH* Corona Jets Cornhole,17928,Corona Extra,,Hawthorne,7944328,8/5/2026,Corona Extra,Constellation Brands,8/5/2026 7:48 AM,chrishope,8/4/2026 2:51 PM,jaysonromine
12773,Miller Lite 16oz shaker - Glasses,13004,Miller Lite,,Hawthorne,7944301,8/5/2026,Lite,MolsonCoors Beverage Company,8/5/2026 7:48 AM,chrishope,8/4/2026 1:00 PM,nickmelissar
12772,Miller Lite 16oz shaker - Glasses,13003,Miller Lite,,Hawthorne,7944300,8/5/2026,Lite,MolsonCoors Beverage Company,8/5/2026 7:48 AM,chrishope,8/4/2026 1:00 PM,nickmelissar
12771,Miller Lite 16oz shaker - Glasses,13002,Miller Lite,,Hawthorne,7944299,8/5/2026,Lite,MolsonCoors Beverage Company,8/5/2026 7:48 AM,chrishope,8/4/2026 1:00 PM,nickmelissar
12770,Coors Light Patio Umbrella - PATIO UMBRELLA,17809,Coors Light,,Hawthorne,7944296,8/5/2026,Coors Light,MolsonCoors Beverage Company,8/5/2026 7:48 AM,chrishope,8/4/2026 12:46 PM,chrispayton
12769,White Claw Rolling cooler - DEALER LOADER,17779,White Claw,,Hawthorne,7944295,8/5/2026,White Claw,Mark Anthony,8/5/2026 7:48 AM,chrishope,8/4/2026 12:46 PM,chrispayton
12768,Miller Lite America 250 Grizzly cooler,17371,Miller Lite,,Hawthorne,7944294,8/5/2026,Lite,MolsonCoors Beverage Company,8/5/2026 7:48 AM,chrishope,8/4/2026 12:46 PM,chrispayton
12767,*ME* Coors Light Golf Bag,14989,Coors Light,,Hawthorne,7944293,8/5/2026,Coors Light,MolsonCoors Beverage Company,8/5/2026 7:47 AM,chrishope,8/4/2026 12:46 PM,chrispayton
12766,(SH)Corona Pub Table,17680,Corona Extra,,Hawthorne,7944292,8/5/2026,Corona Extra,Constellation Brands,8/5/2026 7:47 AM,chrishope,8/4/2026 12:46 PM,chrispayton
12765,(SH)Corona Pub Table,17679,Corona Extra,,Hawthorne,7944291,8/5/2026,Corona Extra,Constellation Brands,8/5/2026 7:47 AM,chrishope,8/4/2026 12:46 PM,chrispayton
12764,(SH)Corona Pub Table,17678,Corona Extra,,Hawthorne,7944290,8/5/2026,Corona Extra,Constellation Brands,8/5/2026 7:47 AM,chrishope,8/4/2026 12:46 PM,chrispayton
12763,(SH)Corona Pub Table,17677,Corona Extra,,Hawthorne,7944289,8/5/2026,Corona Extra,Constellation Brands,8/5/2026 7:47 AM,chrishope,8/4/2026 12:46 PM,chrispayton
12762,Coors Light 16oz Shaker - Glasses,17713,Coors Light,,Hawthorne,7944288,8/5/2026,Coors Light,MolsonCoors Beverage Company,8/5/2026 7:48 AM,chrishope,8/4/2026 12:41 PM,nickmelissar
12761,Coors Light 16oz Shaker - Glasses,17712,Coors Light,,Hawthorne,7944287,8/5/2026,Coors Light,MolsonCoors Beverage Company,8/5/2026 7:48 AM,chrishope,8/4/2026 12:41 PM,nickmelissar
12760,Coors Light 16oz Shaker - Glasses,17711,Coors Light,,Hawthorne,7944286,8/5/2026,Coors Light,MolsonCoors Beverage Company,8/5/2026 7:48 AM,chrishope,8/4/2026 12:41 PM,nickmelissar
12759,Carbliss Guitar LED,16732,Carbliss Black Cherry,,Hawthorne,7944283,8/5/2026,Carbliss,SN Food & Beverage LLC,8/5/2026 7:48 AM,chrishope,8/4/2026 12:35 PM,nickmelissar
12758,Pacifico Surf LED,16520,Pacifico,,Hawthorne,7944278,8/5/2026,Pacifico,Constellation Brands,8/5/2026 7:48 AM,chrishope,8/4/2026 11:58 AM,mattpowiersk
12757,Twisted Tea Outdoors LED,17509,Twisted Tea Original,,Hawthorne,7944277,8/5/2026,Twisted Tea,Boston Beer Company,8/5/2026 7:48 AM,chrishope,8/4/2026 11:58 AM,mattpowiersk
12756,*SH* Pacifico Yappy Hour Bobbehead,16712,Pacifico,,Hawthorne,7944276,8/5/2026,Pacifico,Constellation Brands,8/5/2026 7:48 AM,chrishope,8/4/2026 11:44 AM,paulmclaughl
12755,Coors Light AFrame,13217,Coors Light,,Hawthorne,7944275,8/5/2026,Coors Light,MolsonCoors Beverage Company,8/5/2026 7:48 AM,chrishope,8/4/2026 11:44 AM,paulmclaughl
12754,*PD* Corona Premier Golf Bag,15171,Corona Premier,,Hawthorne,7944274,8/5/2026,Corona Premier,Constellation Brands,8/5/2026 7:48 AM,chrishope,8/4/2026 11:42 AM,jaysonromine
12753,*SH* Modelo Giants Cornhole,17936,Modelo Especial,,Hawthorne,7944273,8/5/2026,Modelo Especial,Constellation Brands,8/5/2026 7:48 AM,chrishope,8/4/2026 11:42 AM,jaysonromine
12752,*PC* Yuengling Flight Beach Chair,16353,Yuengling Flight,,Hawthorne,7944272,8/5/2026,Yuengling Flight,DG Yuengling Inc,8/5/2026 7:48 AM,chrishope,8/4/2026 11:42 AM,jaysonromine
12751,*CP* Suncruiser Beach Wagon,15752,Sun Cruiser Classic Iced Tea,,Hawthorne,7944271,8/5/2026,Sun Cruiser,Boston Beer Company,8/5/2026 7:47 AM,chrishope,8/4/2026 11:42 AM,jaysonromine
12750,White Claw Rolling cooler - DEALER LOADER,17780,White Claw,,Hawthorne,7944270,8/5/2026,White Claw,Mark Anthony,8/5/2026 7:48 AM,chrishope,8/4/2026 11:42 AM,jaysonromine
12749,White Claw Rolling cooler - DEALER LOADER,17778,White Claw,,Hawthorne,7944244,8/5/2026,White Claw,Mark Anthony,8/5/2026 7:48 AM,chrishope,8/4/2026 10:32 AM,chrispayton
12748,*CP* Twisted Tea Tailgate Cooler,17482,Twisted Tea Original,,Hawthorne,7944243,8/5/2026,Twisted Tea,Boston Beer Company,8/5/2026 7:47 AM,chrishope,8/4/2026 10:32 AM,chrispayton
12747,Coors Light 16oz Shaker - Glasses,17710,Coors Light,,Hawthorne,7944214,8/4/2026,Coors Light,MolsonCoors Beverage Company,8/4/2026 7:48 AM,chrishope,8/4/2026 4:09 AM,allisonscott
12746,Coors Light 16oz Shaker - Glasses,17709,Coors Light,,Hawthorne,7944213,8/4/2026,Coors Light,MolsonCoors Beverage Company,8/4/2026 7:48 AM,chrishope,8/4/2026 4:09 AM,allisonscott
12745,Coors Light 16oz Shaker - Glasses,17706,Coors Light,,Hawthorne,7944211,8/4/2026,Coors Light,MolsonCoors Beverage Company,8/4/2026 7:48 AM,chrishope,8/4/2026 4:06 AM,allisonscott
12744,Coors Light 16oz Shaker - Glasses,17705,Coors Light,,Hawthorne,7944210,8/4/2026,Coors Light,MolsonCoors Beverage Company,8/4/2026 7:48 AM,chrishope,8/4/2026 4:06 AM,allisonscott
12743,*TG* PBR Jason 16oz shaker,,Pabst Blue Ribbon,,Hawthorne,7939211,,Pabst Blue Ribbon,Pabst Brewing Company,8/3/2026 4:38 PM,allisonscott,8/3/2026 4:38 PM,allisonscott
12742,Coors Light 16oz Shaker - Glasses,17707,Coors Light,,Hawthorne,7939210,8/4/2026,Coors Light,MolsonCoors Beverage Company,8/4/2026 7:48 AM,chrishope,8/3/2026 4:38 PM,allisonscott
12741,*CM* Corona Premier Golf Bag,15142,Corona Premier,,Hawthorne,7939133,8/4/2026,Corona Premier,Constellation Brands,8/4/2026 7:48 AM,chrishope,8/3/2026 4:36 PM,allisonscott
12740,Miller Lite America 250 Grizzly cooler,17370,Miller Lite,,Hawthorne,7939132,8/4/2026,Lite,MolsonCoors Beverage Company,8/4/2026 7:48 AM,chrishope,8/3/2026 4:36 PM,allisonscott
12739,(SH)Modelo Gold Cooler - DEALER LOADER,17621,Modelo Especial,,Hawthorne,7939131,8/4/2026,Modelo Especial,Constellation Brands,8/4/2026 7:48 AM,chrishope,8/3/2026 4:36 PM,allisonscott
12738,White Claw Rolling cooler - DEALER LOADER,17777,White Claw,,Hawthorne,7939130,8/4/2026,White Claw,Mark Anthony,8/4/2026 7:49 AM,chrishope,8/3/2026 4:36 PM,allisonscott
12737,*CP* Twisted Tea Tailgate Chair,17452,Twisted Tea Original,,Hawthorne,7939129,8/4/2026,Twisted Tea,Boston Beer Company,8/4/2026 7:48 AM,chrishope,8/3/2026 4:36 PM,allisonscott
12736,*CP* Suncruiser Beach Chair,15781,Sun Cruiser Classic Iced Tea,,Hawthorne,7939128,8/4/2026,Sun Cruiser,Boston Beer Company,8/4/2026 7:48 AM,chrishope,8/3/2026 4:36 PM,allisonscott
12735,*CP* Suncruiser Nautical Ring,15719,Sun Cruiser Classic Iced Tea,,Hawthorne,7939127,8/4/2026,Sun Cruiser,Boston Beer Company,8/4/2026 7:48 AM,chrishope,8/3/2026 4:36 PM,allisonscott
12734,*CP* Suncruiser Nautical Ring,15718,Sun Cruiser Classic Iced Tea,,Hawthorne,7939126,8/4/2026,Sun Cruiser,Boston Beer Company,8/4/2026 7:48 AM,chrishope,8/3/2026 4:36 PM,allisonscott
12733,Coors Light 16oz Shaker - Glasses,17708,Coors Light,,Hawthorne,7939059,8/4/2026,Coors Light,MolsonCoors Beverage Company,8/4/2026 7:48 AM,chrishope,8/3/2026 4:28 PM,allisonscott
12732,Corona MLB Logo LED,17125,Corona Extra,,Hawthorne,7939058,8/4/2026,Corona Extra,Constellation Brands,8/4/2026 7:48 AM,chrishope,8/3/2026 4:28 PM,allisonscott
12731,Coors Light AFrame,13216,Coors Light,,Hawthorne,7939057,8/4/2026,Coors Light,MolsonCoors Beverage Company,8/4/2026 7:48 AM,chrishope,8/3/2026 4:28 PM,allisonscott
12730,*SH* Modelo Giants Cornhole,17935,Modelo Especial,,Hawthorne,7938983,8/4/2026,Modelo Especial,Constellation Brands,8/4/2026 7:52 AM,chrishope,8/3/2026 3:49 PM,chrispayton
12729,*DD* Coors Light Electric Beach Wagon,17539,Coors Light,,Hawthorne,7938982,8/4/2026,Coors Light,MolsonCoors Beverage Company,8/4/2026 7:48 AM,chrishope,8/3/2026 3:49 PM,chrispayton
12728,*SH* Corona Jets Cornhole,17927,Corona Extra,,Hawthorne,7938975,8/4/2026,Corona Extra,Constellation Brands,8/4/2026 7:52 AM,chrishope,8/3/2026 3:02 PM,jaysonromine
12727,Modelo DDLM LED - LED,15318,Modelo Especial,,Hawthorne,7938970,8/4/2026,Modelo Especial,Constellation Brands,8/4/2026 7:48 AM,chrishope,8/3/2026 2:35 PM,plopez
12726,(CM)Coors Light 16oz Cups - PLASTIC CUPS,16829,Coors Light,,Hawthorne,7938959,8/4/2026,Coors Light,MolsonCoors Beverage Company,8/4/2026 7:48 AM,chrishope,8/3/2026 1:50 PM,paulmclaughl
12725,*SH* White Claw Portable Rolling Speaker,17496,White Claw Blackberry,,Hawthorne,7938909,8/4/2026,White Claw,Mark Anthony,8/4/2026 7:48 AM,chrishope,8/3/2026 10:38 AM,anthonypalmi
12724,Sapporo Round LED - LED,17350,Sapporo Premium,,Hawthorne,7938906,8/5/2026,Sapporo,Sapporo,8/5/2026 7:48 AM,chrishope,8/3/2026 10:09 AM,dfletcher
12723,(CM)Coors Light 16oz Cups - PLASTIC CUPS,16828,Coors Light,,Hawthorne,7938899,8/3/2026,Coors Light,MolsonCoors Beverage Company,8/3/2026 8:39 AM,chrishope,8/3/2026 8:38 AM,chrishope
12722,(CM)Coors Light 16oz Cups - PLASTIC CUPS,16827,Coors Light,,Hawthorne,7938898,8/3/2026,Coors Light,MolsonCoors Beverage Company,8/3/2026 8:39 AM,chrishope,8/3/2026 8:38 AM,chrishope
12721,(CM)Coors Light 16oz Cups - PLASTIC CUPS,16826,Coors Light,,Hawthorne,7938897,8/3/2026,Coors Light,MolsonCoors Beverage Company,8/3/2026 8:39 AM,chrishope,8/3/2026 8:38 AM,chrishope
12720,(CM)Coors Light 16oz Cups - PLASTIC CUPS,16825,Coors Light,,Hawthorne,7938896,8/3/2026,Coors Light,MolsonCoors Beverage Company,8/3/2026 8:39 AM,chrishope,8/3/2026 8:38 AM,chrishope
12719,(CM)Coors Light 16oz Cups - PLASTIC CUPS,16824,Coors Light,,Hawthorne,7938895,8/3/2026,Coors Light,MolsonCoors Beverage Company,8/3/2026 8:39 AM,chrishope,8/3/2026 8:38 AM,chrishope
12718,(CM)Coors Light 16oz Cups - PLASTIC CUPS,16823,Coors Light,,Hawthorne,7938894,8/3/2026,Coors Light,MolsonCoors Beverage Company,8/3/2026 8:39 AM,chrishope,8/3/2026 8:38 AM,chrishope
12717,(CM)Coors Light 16oz Cups - PLASTIC CUPS,16822,Coors Light,,Hawthorne,7938893,8/3/2026,Coors Light,MolsonCoors Beverage Company,8/3/2026 8:39 AM,chrishope,8/3/2026 8:38 AM,chrishope
12716,(CM)Miller Lite 16oz Plastic cups - PLASTIC CUPS,14639,Miller Lite,,Hawthorne,7938892,8/3/2026,Lite,MolsonCoors Beverage Company,8/3/2026 8:39 AM,chrishope,8/3/2026 8:38 AM,chrishope
12715,(CM)Miller Lite 16oz Plastic cups - PLASTIC CUPS,14638,Miller Lite,,Hawthorne,7938891,8/3/2026,Lite,MolsonCoors Beverage Company,8/3/2026 8:39 AM,chrishope,8/3/2026 8:38 AM,chrishope
12714,(CM)Miller Lite 16oz Plastic cups - PLASTIC CUPS,14637,Miller Lite,,Hawthorne,7938890,8/3/2026,Lite,MolsonCoors Beverage Company,8/3/2026 8:39 AM,chrishope,8/3/2026 8:38 AM,chrishope
12713,(CM)Miller Lite 16oz Plastic cups - PLASTIC CUPS,14636,Miller Lite,,Hawthorne,7938889,8/3/2026,Lite,MolsonCoors Beverage Company,8/3/2026 8:39 AM,chrishope,8/3/2026 8:38 AM,chrishope
12712,(CM)Miller Lite 16oz Plastic cups - PLASTIC CUPS,14635,Miller Lite,,Hawthorne,7938888,8/3/2026,Lite,MolsonCoors Beverage Company,8/3/2026 8:39 AM,chrishope,8/3/2026 8:38 AM,chrishope
12711,(CM)Miller Lite 16oz Plastic cups - PLASTIC CUPS,14634,Miller Lite,,Hawthorne,7938887,8/3/2026,Lite,MolsonCoors Beverage Company,8/3/2026 8:39 AM,chrishope,8/3/2026 8:38 AM,chrishope
12710,(CM)Miller Lite 16oz Plastic cups - PLASTIC CUPS,14633,Miller Lite,,Hawthorne,7938886,8/3/2026,Lite,MolsonCoors Beverage Company,8/3/2026 8:39 AM,chrishope,8/3/2026 8:38 AM,chrishope
12709,(CM)Coors Light 16oz Cups - PLASTIC CUPS,16821,Coors Light,,Hawthorne,7934745,8/3/2026,Coors Light,MolsonCoors Beverage Company,8/3/2026 7:54 AM,chrishope,8/2/2026 4:13 PM,paulmclaughl
12708,Cape May 16oz Shaker - Glasses,13889,Cape May,,Hawthorne,7934744,8/3/2026,Cape May,Cape May,8/3/2026 7:54 AM,chrishope,8/2/2026 1:27 PM,chrispayton
12707,Cape May 16oz Shaker - Glasses,13888,Cape May,,Hawthorne,7934743,8/3/2026,Cape May,Cape May,8/3/2026 7:54 AM,chrishope,8/2/2026 1:27 PM,chrispayton
12706,Yuengling Stars ad Stripes 16oz Shaker,15577,Yuengling Lager,,Hawthorne,7934742,8/3/2026,Yuengling Lager,DG Yuengling Inc,8/3/2026 7:55 AM,chrishope,8/2/2026 12:01 PM,briansengebu
12705,*CP* Twisted Tea Tailgate Chair,17451,Twisted Tea Original,,Hawthorne,7934741,8/3/2026,Twisted Tea,Boston Beer Company,8/3/2026 7:54 AM,chrishope,8/2/2026 12:01 PM,briansengebu
12704,Yuengling Flight Kanga Cooler,17240,Yuengling Flight,,Hawthorne,7934740,8/3/2026,Yuengling Flight,DG Yuengling Inc,8/3/2026 7:55 AM,chrishope,8/2/2026 12:01 PM,briansengebu
12703,White Claw Beach Chair - DEALER LOADER,17488,White Claw,,Hawthorne,7934739,8/3/2026,White Claw,Mark Anthony,8/3/2026 7:54 AM,chrishope,8/2/2026 12:01 PM,briansengebu
12702,*DD* Coors Light Electric Beach Wagon,17538,Coors Light,,Hawthorne,7934738,8/3/2026,Coors Light,MolsonCoors Beverage Company,8/3/2026 7:54 AM,chrishope,8/2/2026 12:01 PM,briansengebu
12701,(CM)Coors Light 16oz Cups - PLASTIC CUPS,16820,Coors Light,,Hawthorne,7934737,8/3/2026,Coors Light,MolsonCoors Beverage Company,8/3/2026 7:54 AM,chrishope,8/2/2026 11:51 AM,briansengebu
12700,(CM)Coors Light 16oz Cups - PLASTIC CUPS,16819,Coors Light,,Hawthorne,7934736,8/3/2026,Coors Light,MolsonCoors Beverage Company,8/3/2026 7:54 AM,chrishope,8/2/2026 11:51 AM,briansengebu
12699,Cape May Beach Chair,15689,Cape May,,Hawthorne,7934735,8/3/2026,Cape May,Cape May,8/3/2026 7:54 AM,chrishope,8/2/2026 11:51 AM,briansengebu
12698,Coors Light Lake Inflate- Dealer Loader,4926,Coors Light,,Hawthorne,7934734,8/3/2026,Coors Light,MolsonCoors Beverage Company,8/3/2026 7:54 AM,chrishope,8/2/2026 11:51 AM,briansengebu
12697,*SH* Pacifico Yappy Hour Bobbehead,16711,Pacifico,,Hawthorne,7934733,8/3/2026,Pacifico,Constellation Brands,8/3/2026 7:54 AM,chrishope,8/2/2026 11:51 AM,briansengebu
12696,*DD*Coors Light Golf Cooler Bag,13327,Coors Light,,Hawthorne,7934732,8/3/2026,Coors Light,MolsonCoors Beverage Company,8/3/2026 7:54 AM,chrishope,8/2/2026 11:43 AM,briansengebu
12695,*SH* Corona Golf Bag,17797,Corona Extra,,Hawthorne,7934731,8/3/2026,Corona Extra,Constellation Brands,8/3/2026 7:54 AM,chrishope,8/2/2026 11:43 AM,briansengebu
12694,Yuengling Flight Kanga Cooler,17239,Yuengling Flight,,Hawthorne,7934730,8/3/2026,Yuengling Flight,DG Yuengling Inc,8/3/2026 7:55 AM,chrishope,8/2/2026 11:43 AM,briansengebu
12693,White Claw Beach Wagon-Dealer Loader,17492,White Claw,,Hawthorne,7934729,8/3/2026,White Claw,Mark Anthony,8/3/2026 7:55 AM,chrishope,8/2/2026 11:43 AM,briansengebu
12692,(CM)Coors Light 16oz Cups - PLASTIC CUPS,16818,Coors Light,,Hawthorne,7931510,8/3/2026,Coors Light,MolsonCoors Beverage Company,8/3/2026 7:54 AM,chrishope,8/1/2026 9:49 AM,allisonscott
12691,(SH)Corona Pub Table,17676,Corona Extra,,Hawthorne,7931509,8/3/2026,Corona Extra,Constellation Brands,8/3/2026 7:54 AM,chrishope,8/1/2026 9:49 AM,allisonscott
12690,(SH)Corona Pub Table,17675,Corona Extra,,Hawthorne,7931508,8/3/2026,Corona Extra,Constellation Brands,8/3/2026 7:54 AM,chrishope,8/1/2026 9:49 AM,allisonscott
12689,(TG)Famosa LED - LED,8562,FAMOSA,,Hawthorne,7928500,7/31/2026,Famosa,Famosa,7/31/2026 9:43 AM,chrishope,7/31/2026 9:38 AM,aacciardi
12688,Sapporo Round LED - LED,17349,Sapporo Premium,,Hawthorne,7928499,7/31/2026,Sapporo,Sapporo,7/31/2026 9:43 AM,chrishope,7/31/2026 9:38 AM,aacciardi
12687,*SD* Cape May Backpack Cooler,15680,Cape May,,Hawthorne,7924425,7/31/2026,Cape May,Cape May,7/31/2026 9:42 AM,chrishope,7/30/2026 3:51 PM,mattpowiersk
12686,*FP* Coors Light Golf Bag,,Coors Light,,Hawthorne,7924424,,Coors Light,MolsonCoors Beverage Company,7/30/2026 3:51 PM,mattpowiersk,7/30/2026 3:51 PM,mattpowiersk
12685,*SD* Montauk Folding Lawn Chair,,Montauk Pilsner,,Hawthorne,7924423,,Montauk,Montauk Brewing Co,7/30/2026 3:51 PM,mattpowiersk,7/30/2026 3:51 PM,mattpowiersk
12684,*CP* Twisted Tea Tailgateb Speaker,17471,Twisted Tea Original,,Hawthorne,7924422,7/31/2026,Twisted Tea,Boston Beer Company,7/31/2026 9:42 AM,chrishope,7/30/2026 3:51 PM,mattpowiersk
12683,Garage Beer 16oz Shaker - GLASSES,16232,Garage,,Hawthorne,7924408,7/31/2026,Garage Beer,Garage Beer,7/31/2026 7:37 AM,chrishope,7/30/2026 1:51 PM,jodonoghue
12682,Garage Beer 16oz Shaker - GLASSES,16231,Garage,,Hawthorne,7924407,7/31/2026,Garage Beer,Garage Beer,7/31/2026 7:37 AM,chrishope,7/30/2026 1:51 PM,jodonoghue
12681,Evil Genius 16oz shaker - Glasses,7934,EVIL GENIUS,,Hawthorne,7924406,7/31/2026,Evil Genius,Evil Genius,7/31/2026 7:37 AM,chrishope,7/30/2026 1:51 PM,jodonoghue
12680,Evil Genius 16oz shaker - Glasses,7933,EVIL GENIUS,,Hawthorne,7924405,7/31/2026,Evil Genius,Evil Genius,7/31/2026 7:37 AM,chrishope,7/30/2026 1:51 PM,jodonoghue
12679,Garage Beer 16oz Shaker - GLASSES,16230,Garage,,Hawthorne,7924404,7/31/2026,Garage Beer,Garage Beer,7/31/2026 7:37 AM,chrishope,7/30/2026 1:51 PM,jodonoghue
12678,Garage Beer 16oz Shaker - GLASSES,16229,Garage,,Hawthorne,7924403,7/31/2026,Garage Beer,Garage Beer,7/31/2026 7:37 AM,chrishope,7/30/2026 1:51 PM,jodonoghue
12677,Corona/Corona light Patio Umbrella - PATIO UMBRELL,17836,Corona Extra,,Hawthorne,7924372,7/31/2026,Corona Extra,Constellation Brands,7/31/2026 7:37 AM,chrishope,7/30/2026 12:33 PM,allisonscott
12676,Corona/Corona light Patio Umbrella - PATIO UMBRELL,17835,Corona Extra,,Hawthorne,7924371,7/31/2026,Corona Extra,Constellation Brands,7/31/2026 7:37 AM,chrishope,7/30/2026 12:33 PM,allisonscott
12675,(SH)Corona Pub Table,17674,Corona Extra,,Hawthorne,7924370,7/31/2026,Corona Extra,Constellation Brands,7/31/2026 7:37 AM,chrishope,7/30/2026 12:33 PM,allisonscott
12674,(SH)Corona Pub Table,17673,Corona Extra,,Hawthorne,7924369,7/31/2026,Corona Extra,Constellation Brands,7/31/2026 7:37 AM,chrishope,7/30/2026 12:33 PM,allisonscott
12673,Corona Light A Frame,16078,Corona Light,,Hawthorne,7924368,7/31/2026,Corona Light,Constellation Brands,7/31/2026 7:37 AM,chrishope,7/30/2026 12:33 PM,allisonscott
12672,Corona Light 16oz Shaker,11986,Corona Light,,Hawthorne,7924367,7/31/2026,Corona Light,Constellation Brands,7/31/2026 7:37 AM,chrishope,7/30/2026 12:33 PM,allisonscott
12671,Corona Light 16oz Shaker,11985,Corona Light,,Hawthorne,7924366,7/31/2026,Corona Light,Constellation Brands,7/31/2026 7:37 AM,chrishope,7/30/2026 12:33 PM,allisonscott
12670,*CP* Twisted Tea Tailgate Cooler,17481,Twisted Tea Original,,Hawthorne,7924271,7/31/2026,Twisted Tea,Boston Beer Company,7/31/2026 7:37 AM,chrishope,7/30/2026 10:49 AM,shanebarreca
12669,*SH* White Claw Portable Rolling Speaker,17495,White Claw Blackberry,,Hawthorne,7924270,7/30/2026,White Claw,Mark Anthony,7/30/2026 10:47 AM,chrishope,7/30/2026 10:27 AM,mikeast
12668,*SD* Montauk Grizzly Cooler,15551,Montauk Pilsner,,Hawthorne,7924265,8/7/2026,Montauk,Montauk Brewing Co,8/7/2026 11:00 AM,chrishope,7/30/2026 9:46 AM,alundy
12667,Corona sunset Dominator - LED,15291,Corona Extra,,Hawthorne,7924247,7/30/2026,Corona Extra,Constellation Brands,7/30/2026 10:47 AM,chrishope,7/30/2026 9:06 AM,pinfante
12666,Peroni 0.4L Glass - Glasses,5565,Peroni,,Hawthorne,7920387,7/30/2026,Peroni,MolsonCoors Beverage Company,7/30/2026 7:46 AM,chrishope,7/29/2026 7:56 PM,allisonscott
12665,Peroni 0.4L Glass - Glasses,5564,Peroni,,Hawthorne,7920386,7/30/2026,Peroni,MolsonCoors Beverage Company,7/30/2026 7:46 AM,chrishope,7/29/2026 7:56 PM,allisonscott
12664,Peroni 0.4L Glass - Glasses,5563,Peroni,,Hawthorne,7920385,7/30/2026,Peroni,MolsonCoors Beverage Company,7/30/2026 7:46 AM,chrishope,7/29/2026 7:56 PM,allisonscott
12663,Peroni 0.4L Glass - Glasses,5562,Peroni,,Hawthorne,7920384,7/30/2026,Peroni,MolsonCoors Beverage Company,7/30/2026 7:46 AM,chrishope,7/29/2026 7:56 PM,allisonscott
12662,Yuengling Stars ad Stripes 16oz Shaker,15576,Yuengling Lager,,Hawthorne,7920383,7/30/2026,Yuengling Lager,DG Yuengling Inc,7/30/2026 7:46 AM,chrishope,7/29/2026 7:56 PM,allisonscott
12661,Miller Lite 16oz shaker - Glasses,13001,Miller Lite,,Hawthorne,7920382,7/30/2026,Lite,MolsonCoors Beverage Company,7/30/2026 7:46 AM,chrishope,7/29/2026 7:50 PM,allisonscott
12660,Peroni 0.4L Glass - Glasses,5561,Peroni,,Hawthorne,7920381,7/30/2026,Peroni,MolsonCoors Beverage Company,7/30/2026 7:46 AM,chrishope,7/29/2026 7:50 PM,allisonscott
12659,Peroni 0.4L Glass - Glasses,5560,Peroni,,Hawthorne,7920380,7/30/2026,Peroni,MolsonCoors Beverage Company,7/30/2026 7:46 AM,chrishope,7/29/2026 7:50 PM,allisonscott
12658,Peroni 0.4L Glass - Glasses,5559,Peroni,,Hawthorne,7920379,7/30/2026,Peroni,MolsonCoors Beverage Company,7/30/2026 7:46 AM,chrishope,7/29/2026 7:50 PM,allisonscott
12657,Peroni 0.4L Glass - Glasses,5558,Peroni,,Hawthorne,7920378,7/30/2026,Peroni,MolsonCoors Beverage Company,7/30/2026 7:46 AM,chrishope,7/29/2026 7:50 PM,allisonscott
12656,Corona Metal Cooler - DEALER LOADER,17794,Corona Extra,,Hawthorne,7919824,7/30/2026,Corona Extra,Constellation Brands,7/30/2026 7:45 AM,chrishope,7/29/2026 2:51 PM,anthonypalmi
12655,*SH* Corona Golf Bag,15253,Corona Extra,,Hawthorne,7919823,7/30/2026,Corona Extra,Constellation Brands,7/30/2026 7:45 AM,chrishope,7/29/2026 2:51 PM,anthonypalmi
12654,*DD*Coors Light Golf Cooler Bag,13326,Coors Light,,Hawthorne,7919822,7/30/2026,Coors Light,MolsonCoors Beverage Company,7/30/2026 7:45 AM,chrishope,7/29/2026 2:51 PM,anthonypalmi
12653,(CM)Miller Lite 16oz Plastic cups - PLASTIC CUPS,14629,Miller Lite,,Hawthorne,7919813,7/30/2026,Lite,MolsonCoors Beverage Company,7/30/2026 7:45 AM,chrishope,7/29/2026 2:18 PM,anthonypalmi
12652,*CP* Suncruiser Beach Chair,15780,Sun Cruiser Classic Iced Tea,,Hawthorne,7919812,7/30/2026,Sun Cruiser,Boston Beer Company,7/30/2026 7:45 AM,chrishope,7/29/2026 2:00 PM,shanebarreca
12651,Miller Lite America 250 Grizzly cooler,17369,Miller Lite,,Hawthorne,7919791,7/30/2026,Lite,MolsonCoors Beverage Company,7/30/2026 7:46 AM,chrishope,7/29/2026 12:43 PM,mattpowiersk
12650,Montauk Beach Wagon - DEALER LOADER,17141,Montauk Pilsner,,Hawthorne,7919790,8/7/2026,Montauk,Montauk Brewing Co,8/7/2026 11:00 AM,chrishope,7/29/2026 12:43 PM,alundy
12649,Modelo Chelada LED - LED,12800,Modelo Especial,,Hawthorne,7919778,7/30/2026,Modelo Especial,Constellation Brands,7/30/2026 7:46 AM,chrishope,7/29/2026 12:20 PM,jheaney
12648,Pacifico Value LED,16719,Pacifico,,Hawthorne,7919777,7/30/2026,Pacifico,Constellation Brands,7/30/2026 7:46 AM,chrishope,7/29/2026 12:20 PM,jheaney
12647,Twisted Tea Outdoors LED,17508,Twisted Tea Original,,Hawthorne,7919766,7/30/2026,Twisted Tea,Boston Beer Company,7/30/2026 7:46 AM,chrishope,7/29/2026 11:45 AM,mattpowiersk
12646,Corona MLB Logo LED,17124,Corona Extra,,Hawthorne,7919765,7/30/2026,Corona Extra,Constellation Brands,7/30/2026 7:45 AM,chrishope,7/29/2026 11:45 AM,mattpowiersk
12645,Corona Open sign,12680,Corona Extra,,Hawthorne,7919737,7/30/2026,Corona Extra,Constellation Brands,7/30/2026 7:46 AM,chrishope,7/29/2026 11:34 AM,paulmclaughl
12644,Twisted Tea Outdoors LED,17507,Twisted Tea Original,,Hawthorne,7919736,7/30/2026,Twisted Tea,Boston Beer Company,7/30/2026 7:46 AM,chrishope,7/29/2026 11:34 AM,paulmclaughl
12643,(CM)Coors Light 16oz Cups - PLASTIC CUPS,16817,Coors Light,,Hawthorne,7919676,7/29/2026,Coors Light,MolsonCoors Beverage Company,7/30/2026 7:46 AM,chrishope,7/29/2026 9:52 AM,chrishope
12642,(CM)Coors Light 16oz Cups - PLASTIC CUPS,16816,Coors Light,,Hawthorne,7919675,7/29/2026,Coors Light,MolsonCoors Beverage Company,7/30/2026 7:46 AM,chrishope,7/29/2026 9:52 AM,chrishope
12641,(CM)Coors Light 16oz Cups - PLASTIC CUPS,16815,Coors Light,,Hawthorne,7919674,7/29/2026,Coors Light,MolsonCoors Beverage Company,7/30/2026 7:46 AM,chrishope,7/29/2026 9:52 AM,chrishope
12640,(CM)Miller Lite 16oz Plastic cups - PLASTIC CUPS,14632,Miller Lite,,Hawthorne,7919673,7/29/2026,Lite,MolsonCoors Beverage Company,7/30/2026 7:46 AM,chrishope,7/29/2026 9:52 AM,chrishope
12639,(CM)Miller Lite 16oz Plastic cups - PLASTIC CUPS,14631,Miller Lite,,Hawthorne,7919672,7/29/2026,Lite,MolsonCoors Beverage Company,7/30/2026 7:46 AM,chrishope,7/29/2026 9:52 AM,chrishope
12638,(CM)Miller Lite 16oz Plastic cups - PLASTIC CUPS,14630,Miller Lite,,Hawthorne,7919671,7/29/2026,Lite,MolsonCoors Beverage Company,7/30/2026 7:46 AM,chrishope,7/29/2026 9:52 AM,chrishope
12637,Coors Light Grill,17924,Coors Light,,Hawthorne,7919670,7/29/2026,Coors Light,MolsonCoors Beverage Company,7/29/2026 9:50 AM,chrishope,7/29/2026 9:49 AM,chrishope
12636,Coors Light Grill,17925,Coors Light,,Hawthorne,7919669,7/29/2026,Coors Light,MolsonCoors Beverage Company,7/29/2026 9:50 AM,chrishope,7/29/2026 9:49 AM,chrishope
12635,*CP*SunCruiser Golf Bag,13366,Sun Cruiser Classic Iced Tea,,Hawthorne,7919668,7/30/2026,Sun Cruiser,Boston Beer Company,7/30/2026 7:45 AM,chrishope,7/29/2026 9:47 AM,shanebarreca
12634,*CP* SunCruiser Golf Game,16502,Sun Cruiser Classic Iced Tea,,Hawthorne,7919667,7/30/2026,Sun Cruiser,Boston Beer Company,7/30/2026 7:45 AM,chrishope,7/29/2026 9:47 AM,shanebarreca
12633,Corona Metal Cooler - DEALER LOADER,17795,Corona Extra,,Hawthorne,7919666,7/30/2026,Corona Extra,Constellation Brands,7/30/2026 7:45 AM,chrishope,7/29/2026 9:42 AM,mikeast
12632,*DD* Coors Light Speaker Cooler,17926,Coors Light,,Hawthorne,7919646,7/29/2026,Coors Light,MolsonCoors Beverage Company,7/30/2026 7:58 AM,chrishope,7/29/2026 9:12 AM,pinfante
12631,*DD* Coors Light Speaker Cooler,17560,Coors Light,,Hawthorne,7919645,7/29/2026,Coors Light,MolsonCoors Beverage Company,7/29/2026 9:19 AM,chrishope,7/29/2026 9:09 AM,pinfante
12630,*DD* Coors Light Electric Beach Wagon,17537,Coors Light,,Hawthorne,7919640,7/29/2026,Coors Light,MolsonCoors Beverage Company,7/29/2026 9:19 AM,chrishope,7/29/2026 8:52 AM,nmicco
12629,*SH* Corona Large Tire Bike,17884,Corona Extra,,Hawthorne,7919565,7/30/2026,Corona Extra,Constellation Brands,7/30/2026 7:45 AM,chrishope,7/29/2026 7:47 AM,mattpowiersk
12628,Corona MLB Logo LED,17123,Corona Extra,,Hawthorne,7919564,7/29/2026,Corona Extra,Constellation Brands,7/29/2026 7:41 AM,chrishope,7/29/2026 7:07 AM,javiermelo
12627,Yuengling Stars ad Stripes 16oz Shaker,15575,Yuengling Lager,,Hawthorne,7915642,7/29/2026,Yuengling Lager,DG Yuengling Inc,7/29/2026 7:41 AM,chrishope,7/28/2026 6:21 PM,allisonscott
12626,Yuengling Stars ad Stripes 16oz Shaker,15574,Yuengling Lager,,Hawthorne,7915641,7/29/2026,Yuengling Lager,DG Yuengling Inc,7/29/2026 7:41 AM,chrishope,7/28/2026 6:21 PM,allisonscott
12625,(CM)Coors Light 16oz Cups - PLASTIC CUPS,16814,Coors Light,,Hawthorne,7915146,7/29/2026,Coors Light,MolsonCoors Beverage Company,7/29/2026 7:40 AM,chrishope,7/28/2026 12:34 PM,chrispayton
12623,White Claw Small LED,17502,White Claw,,Hawthorne,7915100,7/29/2026,White Claw,Mark Anthony,7/29/2026 7:41 AM,chrishope,7/28/2026 11:14 AM,mattpowiersk
12622,Coors Light Patio Umbrella - PATIO UMBRELLA,17808,Coors Light,,Hawthorne,7915099,7/29/2026,Coors Light,MolsonCoors Beverage Company,7/29/2026 7:40 AM,chrishope,7/28/2026 11:14 AM,mattpowiersk
12621,Corona Parrot/Flamingo LED - LED,16616,Corona Extra,,Hawthorne,7915065,7/29/2026,Corona Extra,Constellation Brands,7/29/2026 7:41 AM,chrishope,7/28/2026 10:42 AM,javiermelo
12620,Modelo 16oz Shaker - Glasses,12545,Modelo Especial,,Hawthorne,7915064,7/29/2026,Modelo Especial,Constellation Brands,7/29/2026 7:41 AM,chrishope,7/28/2026 10:42 AM,javiermelo
12619,Modelo 16oz Shaker - Glasses,12544,Modelo Especial,,Hawthorne,7915063,7/29/2026,Modelo Especial,Constellation Brands,7/29/2026 7:41 AM,chrishope,7/28/2026 10:42 AM,javiermelo
12618,Heineken Keg Rack - RACKS,3456,Heineken,,Hawthorne,7915061,7/30/2026,Heineken USA,Heineken USA,7/30/2026 7:46 AM,chrishope,7/28/2026 10:37 AM,jheaney
12617,Carbliss LED,16734,Carbliss Black Cherry,,Hawthorne,7915026,7/29/2026,Carbliss,SN Food & Beverage LLC,7/29/2026 7:40 AM,chrishope,7/28/2026 9:33 AM,anthonypalmi
12616,*SD* Garage Beer Eagle LED,16219,Garage,,Hawthorne,7915025,7/29/2026,Garage Beer,Garage Beer,7/29/2026 7:40 AM,chrishope,7/28/2026 9:33 AM,anthonypalmi
12615,*SD*Garage Beer 16oz Plastic Cups,14482,Garage,,Hawthorne,7915024,7/29/2026,Garage Beer,Garage Beer,7/29/2026 7:40 AM,chrishope,7/28/2026 9:33 AM,anthonypalmi
12614,24 oz Glide racks,,Coors Light,,Hawthorne,7915019,,Coors Light,MolsonCoors Beverage Company,7/28/2026 9:15 AM,pinfante,7/28/2026 9:15 AM,pinfante
12613,Coors Light Grill,17533,Coors Light,,Hawthorne,7914984,7/28/2026,Coors Light,MolsonCoors Beverage Company,7/28/2026 8:35 AM,chrishope,7/28/2026 8:34 AM,chrishope
12612,Heinken Mets 6pack Rack,15694,Heineken,,Hawthorne,7914982,7/28/2026,Heineken USA,Heineken USA,7/28/2026 8:17 AM,chrishope,7/28/2026 8:15 AM,mobrien
12611,(SH)Corona Pub Table,17672,Corona Extra,,Hawthorne,7910650,7/28/2026,Corona Extra,Constellation Brands,7/28/2026 7:43 AM,chrishope,7/27/2026 4:24 PM,allisonscott
12610,(SH)Corona Pub Table,17671,Corona Extra,,Hawthorne,7910649,7/28/2026,Corona Extra,Constellation Brands,7/28/2026 7:43 AM,chrishope,7/27/2026 4:24 PM,allisonscott
12609,(SH)Corona Pub Table,17670,Corona Extra,,Hawthorne,7910648,7/28/2026,Corona Extra,Constellation Brands,7/28/2026 7:43 AM,chrishope,7/27/2026 4:24 PM,allisonscott
12608,(SH)Corona Pub Table,17669,Corona Extra,,Hawthorne,7910647,7/28/2026,Corona Extra,Constellation Brands,7/28/2026 7:43 AM,chrishope,7/27/2026 4:24 PM,allisonscott
12607,(SH)Corona Pub Table,17668,Corona Extra,,Hawthorne,7910646,7/28/2026,Corona Extra,Constellation Brands,7/28/2026 7:43 AM,chrishope,7/27/2026 4:24 PM,allisonscott
12606,(SH)Corona Pub Table,17667,Corona Extra,,Hawthorne,7910645,7/28/2026,Corona Extra,Constellation Brands,7/28/2026 7:43 AM,chrishope,7/27/2026 4:24 PM,allisonscott
12605,(SH)Corona Pub Table,17666,Corona Extra,,Hawthorne,7910644,7/28/2026,Corona Extra,Constellation Brands,7/28/2026 7:43 AM,chrishope,7/27/2026 4:24 PM,allisonscott
12604,(SH)Corona Pub Table,17665,Corona Extra,,Hawthorne,7910643,7/28/2026,Corona Extra,Constellation Brands,7/28/2026 7:43 AM,chrishope,7/27/2026 4:24 PM,allisonscott
12603,Coors Light 16oz Shaker - Glasses,17703,Coors Light,,Hawthorne,7910642,7/28/2026,Coors Light,MolsonCoors Beverage Company,7/28/2026 7:44 AM,chrishope,7/27/2026 4:24 PM,allisonscott
12602,Coors Light 16oz Shaker - Glasses,17702,Coors Light,,Hawthorne,7910641,7/28/2026,Coors Light,MolsonCoors Beverage Company,7/28/2026 7:44 AM,chrishope,7/27/2026 4:24 PM,allisonscott
12601,*CP* Carbliss Patio Umbrella,17602,Carbliss Black Cherry,,Hawthorne,7910630,7/28/2026,Carbliss,SN Food & Beverage LLC,7/28/2026 7:44 AM,chrishope,7/27/2026 3:40 PM,allisonscott
12600,*CP* Carbliss Patio Umbrella,17601,Carbliss Black Cherry,,Hawthorne,7910629,7/28/2026,Carbliss,SN Food & Beverage LLC,7/28/2026 7:44 AM,chrishope,7/27/2026 3:40 PM,allisonscott
12599,*CP* Carbliss Patio Umbrella,17600,Carbliss Black Cherry,,Hawthorne,7910628,7/28/2026,Carbliss,SN Food & Beverage LLC,7/28/2026 7:44 AM,chrishope,7/27/2026 3:40 PM,allisonscott
12598,*CP* Carbliss Patio Umbrella,17599,Carbliss Black Cherry,,Hawthorne,7910627,7/28/2026,Carbliss,SN Food & Beverage LLC,7/28/2026 7:44 AM,chrishope,7/27/2026 3:40 PM,allisonscott
12597,*CP* Carbliss Cornhole,17659,Carbliss Black Cherry,,Hawthorne,7910626,7/28/2026,Carbliss,SN Food & Beverage LLC,7/28/2026 7:43 AM,chrishope,7/27/2026 3:40 PM,allisonscott
12596,Corona Light A Frame,16077,Corona Light,,Hawthorne,7910625,7/28/2026,Corona Light,Constellation Brands,7/28/2026 7:44 AM,chrishope,7/27/2026 3:37 PM,allisonscott
12595,Miller Lite 16oz shaker - Glasses,13000,Miller Lite,,Hawthorne,7910618,7/28/2026,Lite,MolsonCoors Beverage Company,7/28/2026 7:45 AM,chrishope,7/27/2026 3:24 PM,allisonscott
12594,Miller Lite 16oz shaker - Glasses,12999,Miller Lite,,Hawthorne,7910617,7/28/2026,Lite,MolsonCoors Beverage Company,7/28/2026 7:45 AM,chrishope,7/27/2026 3:24 PM,allisonscott
12593,Modelo 16oz Shaker - Glasses,12543,Modelo Especial,,Hawthorne,7910616,7/28/2026,Modelo Especial,Constellation Brands,7/28/2026 7:45 AM,chrishope,7/27/2026 3:24 PM,allisonscott
12592,Modelo 16oz Shaker - Glasses,12542,Modelo Especial,,Hawthorne,7910615,7/28/2026,Modelo Especial,Constellation Brands,7/28/2026 7:45 AM,chrishope,7/27/2026 3:24 PM,allisonscott
12591,(CM)Coors Light 16oz Cups - PLASTIC CUPS,16813,Coors Light,,Hawthorne,7910604,7/28/2026,Coors Light,MolsonCoors Beverage Company,7/28/2026 7:43 AM,chrishope,7/27/2026 3:13 PM,anthonypalmi
12590,Miller Lite 16oz shaker - Glasses,12995,Miller Lite,,Hawthorne,7910603,7/28/2026,Lite,MolsonCoors Beverage Company,7/28/2026 7:45 AM,chrishope,7/27/2026 3:13 PM,anthonypalmi
12589,Corona sunset Dominator - LED,15290,Corona Extra,,Hawthorne,7910600,7/28/2026,Corona Extra,Constellation Brands,7/28/2026 7:45 AM,chrishope,7/27/2026 2:51 PM,plopez
12588,Coors Light Small LED,13297,Coors Light,,Hawthorne,7910599,7/28/2026,Coors Light,MolsonCoors Beverage Company,7/28/2026 7:44 AM,chrishope,7/27/2026 2:51 PM,plopez
12587,Modelo DDLM LED - LED,15317,Modelo Especial,,Hawthorne,7910598,7/28/2026,Modelo Especial,Constellation Brands,7/28/2026 7:45 AM,chrishope,7/27/2026 2:51 PM,plopez
12586,Modelo 16oz Shaker - Glasses,12540,Modelo Especial,,Hawthorne,7910587,7/27/2026,Modelo Especial,Constellation Brands,7/28/2026 7:43 AM,chrishope,7/27/2026 2:10 PM,chrispayton
12585,Garage Beer 16oz Shaker - GLASSES,16228,Garage,,Hawthorne,7910570,7/28/2026,Garage Beer,Garage Beer,7/28/2026 7:45 AM,chrishope,7/27/2026 12:29 PM,mharboy
12584,Cape May 16oz Shaker - Glasses,,Cape May,,Hawthorne,7910565,7/28/2026,Cape May,Cape May,7/28/2026 7:39 AM,chrishope,7/27/2026 12:22 PM,paulmclaughl
12583,Pacifico 16oz Shaker - Glasses,,Pacifico,,Hawthorne,7910564,7/28/2026,Pacifico,Constellation Brands,7/28/2026 7:39 AM,chrishope,7/27/2026 12:22 PM,paulmclaughl
12582,Modelo 16oz Shaker - Glasses,,Modelo Especial,,Hawthorne,7910563,7/28/2026,Modelo Especial,Constellation Brands,7/28/2026 7:39 AM,chrishope,7/27/2026 12:22 PM,paulmclaughl
12581,Cape May 16oz Shaker - Glasses,13888,Cape May,,Hawthorne,7910565,7/28/2026,Cape May,Cape May,7/28/2026 7:44 AM,chrishope,7/27/2026 12:22 PM,paulmclaughl
12580,Pacifico 16oz Shaker - Glasses,11583,Pacifico,,Hawthorne,7910564,7/28/2026,Pacifico,Constellation Brands,7/28/2026 7:45 AM,chrishope,7/27/2026 12:22 PM,paulmclaughl
12579,Modelo 16oz Shaker - Glasses,12542,Modelo Especial,,Hawthorne,7910563,7/28/2026,Modelo Especial,Constellation Brands,7/28/2026 7:45 AM,chrishope,7/27/2026 12:22 PM,paulmclaughl
12578,(TG)Famosa LED - LED,8561,FAMOSA,,Hawthorne,7910562,7/28/2026,Famosa,Famosa,7/28/2026 7:43 AM,chrishope,7/27/2026 12:19 PM,plopez
12577,Coors Light Small LED,13298,Coors Light,,Hawthorne,7910561,7/28/2026,Coors Light,MolsonCoors Beverage Company,7/28/2026 7:44 AM,chrishope,7/27/2026 12:19 PM,plopez
12576,Corona Metal Cooler - DEALER LOADER,17793,Corona Extra,,Hawthorne,7910537,7/28/2026,Corona Extra,Constellation Brands,7/28/2026 7:44 AM,chrishope,7/27/2026 11:53 AM,mikeast
12575,Corona Metal Cooler - DEALER LOADER,17792,Corona Extra,,Hawthorne,7910534,7/28/2026,Corona Extra,Constellation Brands,7/28/2026 7:44 AM,chrishope,7/27/2026 11:45 AM,mikeast
12574,Corona MLB Logo LED,17122,Corona Extra,,Hawthorne,7910533,7/28/2026,Corona Extra,Constellation Brands,7/28/2026 7:44 AM,chrishope,7/27/2026 11:45 AM,mikeast
12573,Modelo Chelada LED - LED,12799,Modelo Especial,,Hawthorne,7910532,7/28/2026,Modelo Especial,Constellation Brands,7/28/2026 7:45 AM,chrishope,7/27/2026 11:45 AM,mikeast
12572,*DD* Coors Light Speaker Cooler,17559,Coors Light,,Hawthorne,7910474,7/28/2026,Coors Light,MolsonCoors Beverage Company,7/28/2026 7:44 AM,chrishope,7/27/2026 11:16 AM,mharboy
12571,Crescent 9 LED,16186,Crescent 9 THC Sour Watermelon 10MG,,Hawthorne,7910473,7/30/2026,Crescent 9,Crescent Canna,7/30/2026 7:46 AM,chrishope,7/27/2026 11:09 AM,jheaney
12570,Coors Light 16oz Shaker - Glasses,17704,Coors Light,,Hawthorne,7910470,7/28/2026,Coors Light,MolsonCoors Beverage Company,7/28/2026 7:44 AM,chrishope,7/27/2026 10:45 AM,mikeast
12569,Sam Summer 16oz shaker,13147,Sam Adams,,Hawthorne,7910469,7/28/2026,Samuel Adams,Boston Beer Company,7/28/2026 7:45 AM,chrishope,7/27/2026 10:45 AM,mikeast
12568,(SH)Modelo Gold Cooler - DEALER LOADER,17620,Modelo Especial,,Hawthorne,7910468,7/28/2026,Modelo Especial,Constellation Brands,7/28/2026 7:43 AM,chrishope,7/27/2026 10:42 AM,mattpowiersk
12567,*DD* Coors Light Speaker Cooler,17558,Coors Light,,Hawthorne,7910467,7/28/2026,Coors Light,MolsonCoors Beverage Company,7/28/2026 7:44 AM,chrishope,7/27/2026 10:42 AM,mattpowiersk
12566,Miller Lite 16oz shaker - Glasses,12998,Miller Lite,,Hawthorne,7910465,7/28/2026,Lite,MolsonCoors Beverage Company,7/28/2026 7:45 AM,chrishope,7/27/2026 10:39 AM,mikeast
12565,Miller Lite 16oz shaker - Glasses,12997,Miller Lite,,Hawthorne,7910464,7/28/2026,Lite,MolsonCoors Beverage Company,7/28/2026 7:45 AM,chrishope,7/27/2026 10:39 AM,mikeast
12564,Miller Lite 16oz shaker - Glasses,12996,Miller Lite,,Hawthorne,7910463,7/28/2026,Lite,MolsonCoors Beverage Company,7/28/2026 7:45 AM,chrishope,7/27/2026 10:39 AM,mikeast
12563,**CP** Suncruiser PaddleBoard,17255,Sun Cruiser Classic Iced Tea,,Hawthorne,7910460,7/28/2026,Sun Cruiser,Boston Beer Company,7/28/2026 7:43 AM,chrishope,7/27/2026 10:31 AM,mikeast
12562,*CP* Suncruiser Nautical Ring,15717,Sun Cruiser Classic Iced Tea,,Hawthorne,7910459,7/28/2026,Sun Cruiser,Boston Beer Company,7/28/2026 7:44 AM,chrishope,7/27/2026 10:31 AM,mikeast
12561,*CM* Miller Lite Golf Bag,15078,Miller Lite,,Hawthorne,7910458,7/28/2026,Lite,MolsonCoors Beverage Company,7/28/2026 7:43 AM,chrishope,7/27/2026 10:25 AM,briansengebu
12560,*DD*Coors Light Golf Cooler Bag,13325,Coors Light,,Hawthorne,7910457,7/28/2026,Coors Light,MolsonCoors Beverage Company,7/28/2026 7:44 AM,chrishope,7/27/2026 10:25 AM,briansengebu
12559,Yuengling 16oz Shaker - Glasses,12840,Yuengling Lager,,Hawthorne,7910456,7/28/2026,Yuengling Lager,DG Yuengling Inc,7/28/2026 7:45 AM,chrishope,7/27/2026 10:20 AM,briansengebu
12558,Yuengling 16oz Shaker - Glasses,12839,Yuengling Lager,,Hawthorne,7910455,7/28/2026,Yuengling Lager,DG Yuengling Inc,7/28/2026 7:45 AM,chrishope,7/27/2026 10:20 AM,briansengebu
12557,(CM)Coors Light 16oz Cups - PLASTIC CUPS,16812,Coors Light,,Hawthorne,7906345,7/27/2026,Coors Light,MolsonCoors Beverage Company,7/27/2026 7:43 AM,chrishope,7/26/2026 4:54 PM,allisonscott
12556,*SH* Corona Golf Bag,15252,Corona Extra,,Hawthorne,7906344,7/27/2026,Corona Extra,Constellation Brands,7/27/2026 7:43 AM,chrishope,7/26/2026 4:54 PM,allisonscott
12555,Corona Metal Cooler - DEALER LOADER,17791,Corona Extra,,Hawthorne,7906343,7/27/2026,Corona Extra,Constellation Brands,7/27/2026 7:43 AM,chrishope,7/26/2026 4:54 PM,allisonscott
12554,*CM* Corona Premier Golf Bag,15141,Corona Premier,,Hawthorne,7906342,7/27/2026,Corona Premier,Constellation Brands,7/27/2026 7:43 AM,chrishope,7/26/2026 4:54 PM,allisonscott
12553,*CM* Miller Lite Golf Bag,15077,Miller Lite,,Hawthorne,7906341,7/27/2026,Lite,MolsonCoors Beverage Company,7/27/2026 7:43 AM,chrishope,7/26/2026 4:54 PM,allisonscott
12552,Miller Lite America 250 Grizzly cooler,17368,Miller Lite,,Hawthorne,7906340,7/27/2026,Lite,MolsonCoors Beverage Company,7/27/2026 7:43 AM,chrishope,7/26/2026 4:54 PM,allisonscott
12551,(SH)Modelo Gold Cooler - DEALER LOADER,17619,Modelo Especial,,Hawthorne,7906339,7/27/2026,Modelo Especial,Constellation Brands,7/27/2026 7:43 AM,chrishope,7/26/2026 4:54 PM,allisonscott
12550,White Claw Beach Chair - DEALER LOADER,17487,White Claw,,Hawthorne,7906338,7/27/2026,White Claw,Mark Anthony,7/27/2026 7:44 AM,chrishope,7/26/2026 4:54 PM,allisonscott
12549,White Claw Rolling cooler - DEALER LOADER,17776,White Claw,,Hawthorne,7906337,7/27/2026,White Claw,Mark Anthony,7/27/2026 7:44 AM,chrishope,7/26/2026 4:54 PM,allisonscott
12548,(PC)Yuengling Flight Golf Umbrella - DEALER LOADER,13957,Yuengling Flight,,Hawthorne,7906336,7/27/2026,Yuengling Flight,DG Yuengling Inc,7/27/2026 7:43 AM,chrishope,7/26/2026 4:54 PM,allisonscott
12547,White Claw Beach Wagon-Dealer Loader,17491,White Claw,,Hawthorne,7906335,7/27/2026,White Claw,Mark Anthony,7/27/2026 7:44 AM,chrishope,7/26/2026 4:54 PM,allisonscott
12546,Corona sunset Dominator - LED,15289,Corona Extra,,Hawthorne,7900149,7/28/2026,Corona Extra,Constellation Brands,7/28/2026 7:45 AM,chrishope,7/24/2026 6:14 PM,mobrien
12545,Miller Lite America 250 Grizzly cooler,17367,Miller Lite,,Hawthorne,7896571,7/24/2026,Lite,MolsonCoors Beverage Company,7/24/2026 8:41 AM,chrishope,7/23/2026 7:03 PM,mobrien
12544,Corona Light 16oz Shaker,11984,Corona Light,,Hawthorne,7896556,7/24/2026,Corona Light,Constellation Brands,7/24/2026 9:36 AM,chrishope,7/23/2026 6:45 PM,robinfeldman
12543,Peroni 0.4L Glass - Glasses,5557,Peroni,,Hawthorne,7896555,7/24/2026,Peroni,MolsonCoors Beverage Company,7/24/2026 9:36 AM,chrishope,7/23/2026 6:45 PM,robinfeldman
12542,Peroni 0.4L Glass - Glasses,5556,Peroni,,Hawthorne,7896554,7/24/2026,Peroni,MolsonCoors Beverage Company,7/24/2026 9:36 AM,chrishope,7/23/2026 6:45 PM,robinfeldman
12541,Yuengling Flight Lake LED,15998,Yuengling Flight,,Hawthorne,7896181,7/24/2026,Yuengling Flight,DG Yuengling Inc,7/24/2026 8:41 AM,chrishope,7/23/2026 5:21 PM,nickmelissar
12540,Twisted Tea Outdoors LED,17506,Twisted Tea Original,,Hawthorne,7896180,7/24/2026,Twisted Tea,Boston Beer Company,7/24/2026 8:41 AM,chrishope,7/23/2026 5:21 PM,nickmelissar
12539,Modelo DDLM LED - LED,15316,Modelo Especial,,Hawthorne,7896179,7/24/2026,Modelo Especial,Constellation Brands,7/24/2026 8:41 AM,chrishope,7/23/2026 5:21 PM,nickmelissar
12538,Coors Light Fishing LED,14779,Coors Light,,Hawthorne,7896177,7/24/2026,Coors Light,MolsonCoors Beverage Company,7/24/2026 8:40 AM,chrishope,7/23/2026 5:15 PM,mattpowiersk
12537,*SH* White Claw Portable Rolling Speaker,17494,White Claw Blackberry,,Hawthorne,7896102,7/24/2026,White Claw,Mark Anthony,7/24/2026 8:40 AM,chrishope,7/23/2026 3:58 PM,mharboy
12536,Coors Light Grill,17531,Coors Light,,Hawthorne,7896090,7/24/2026,Coors Light,MolsonCoors Beverage Company,7/24/2026 8:41 AM,chrishope,7/23/2026 3:24 PM,javiermelo
12535,Coors Light Small LED,13296,Coors Light,,Hawthorne,7896089,7/24/2026,Coors Light,MolsonCoors Beverage Company,7/24/2026 8:41 AM,chrishope,7/23/2026 3:24 PM,javiermelo
12534,Corona MLB Logo LED,17121,Corona Extra,,Hawthorne,7896088,7/24/2026,Corona Extra,Constellation Brands,7/24/2026 8:41 AM,chrishope,7/23/2026 3:24 PM,javiermelo
12533,Mikes Harder LED,14809,Mike's Harder Lemonade,,Hawthorne,7896087,7/24/2026,Mike's Harder,Mark Anthony,7/24/2026 8:41 AM,chrishope,7/23/2026 3:24 PM,javiermelo
12532,Modelo Chelada LED - LED,12798,Modelo Especial,,Hawthorne,7896086,7/24/2026,Modelo Especial,Constellation Brands,7/24/2026 8:41 AM,chrishope,7/23/2026 3:24 PM,javiermelo
12531,24 oz Glide racks,14032,Coors Light,,Hawthorne,7896085,7/24/2026,Coors Light,MolsonCoors Beverage Company,7/24/2026 9:37 AM,chrishope,7/23/2026 3:14 PM,hakansadik
12530,Coors Light Grill,17530,Coors Light,,Hawthorne,7896066,7/24/2026,Coors Light,MolsonCoors Beverage Company,7/24/2026 8:40 AM,chrishope,7/23/2026 2:00 PM,mattpowiersk
12529,*SH* Modelo Fooseball Table,17803,Modelo Especial,,Hawthorne,7895995,7/23/2026,Modelo Especial,Constellation Brands,7/24/2026 9:36 AM,chrishope,7/23/2026 12:04 PM,chrishope
12528,*SH* Modelo Fooseball Table,17802,Modelo Especial,,Hawthorne,7895994,7/23/2026,Modelo Especial,Constellation Brands,7/24/2026 9:36 AM,chrishope,7/23/2026 12:04 PM,chrishope
12527,Coors Light Grill,17532,Coors Light,,Hawthorne,7895957,7/24/2026,Coors Light,MolsonCoors Beverage Company,7/24/2026 9:37 AM,chrishope,7/23/2026 10:56 AM,plopez
12526,Stone 16oz Shaker,10735,Stone,,Hawthorne,7895952,7/23/2026,Stone Brewing,Stone Brewing,7/23/2026 11:15 AM,chrishope,7/23/2026 10:25 AM,jaimecolonna
12525,(TG)Great Lakes 16oz shaker - Glasses,1400,Great Lakes,,Hawthorne,7895951,7/23/2026,Great Lakes,Great Lakes,7/23/2026 11:15 AM,chrishope,7/23/2026 10:25 AM,jaimecolonna
12524,Peroni 0.4L Glass - Glasses,5555,Peroni,,Hawthorne,7895942,7/24/2026,Peroni,MolsonCoors Beverage Company,7/24/2026 8:41 AM,chrishope,7/23/2026 9:43 AM,mattpowiersk
12523,Blue Moon Patio Umbrella - PATIO UMBRELLA,17646,Blue Moon,,Hawthorne,7891524,7/23/2026,Blue Moon,MolsonCoors Beverage Company,7/23/2026 7:49 AM,chrishope,7/22/2026 3:36 PM,nickmelissar
12522,Blue Moon Patio Umbrella - PATIO UMBRELLA,17645,Blue Moon,,Hawthorne,7891523,7/23/2026,Blue Moon,MolsonCoors Beverage Company,7/23/2026 7:49 AM,chrishope,7/22/2026 3:36 PM,nickmelissar
12521,Blue Moon Patio Umbrella - PATIO UMBRELLA,17644,Blue Moon,,Hawthorne,7891522,7/23/2026,Blue Moon,MolsonCoors Beverage Company,7/23/2026 7:49 AM,chrishope,7/22/2026 3:36 PM,nickmelissar
12520,*DD*Coors Light Olympus Cooler Backpack,14756,Coors Light,,Hawthorne,7891517,7/23/2026,Coors Light,MolsonCoors Beverage Company,7/23/2026 7:49 AM,chrishope,7/22/2026 3:19 PM,briansengebu
12519,*SH* Corona Golf Bag,15251,Corona Extra,,Hawthorne,7891516,7/23/2026,Corona Extra,Constellation Brands,7/23/2026 7:49 AM,chrishope,7/22/2026 3:19 PM,briansengebu
12518,White Claw Beach Wagon-Dealer Loader,17490,White Claw,,Hawthorne,7891515,7/23/2026,White Claw,Mark Anthony,7/23/2026 7:49 AM,chrishope,7/22/2026 3:19 PM,briansengebu
12517,Yuengling Flight Kanga Cooler,17238,Yuengling Flight,,Hawthorne,7891514,7/23/2026,Yuengling Flight,DG Yuengling Inc,7/23/2026 7:49 AM,chrishope,7/22/2026 3:19 PM,briansengebu
12516,*TG* Clausthauler Bike,,Clausthaler Non Alcoholic,,Hawthorne,7891477,,Clausthaler,Radeberger USA,7/22/2026 2:11 PM,robinfeldman,7/22/2026 2:11 PM,robinfeldman
12515,*FP* Coors Light Golf Bag,15014,Coors Light,,Hawthorne,7891460,7/22/2026,Coors Light,MolsonCoors Beverage Company,7/23/2026 8:00 AM,chrishope,7/22/2026 1:36 PM,chrishope
12514,*CP*SunCruiser Golf Bag,13365,Sun Cruiser Classic Iced Tea,,Hawthorne,7891459,7/22/2026,Sun Cruiser,Boston Beer Company,7/23/2026 8:00 AM,chrishope,7/22/2026 1:36 PM,chrishope
12513,(SH)Modelo Gold Cooler - DEALER LOADER,17618,Modelo Especial,,Hawthorne,7891458,7/22/2026,Modelo Especial,Constellation Brands,7/23/2026 8:00 AM,chrishope,7/22/2026 1:36 PM,chrishope
12512,Coors Light EGO Battery Blower/trimmer Combo,17563,Coors Light,,Hawthorne,7891456,7/23/2026,Coors Light,MolsonCoors Beverage Company,7/22/2026 1:28 PM,chrishope,7/22/2026 1:19 PM,jheaney
12511,White Claw Beach Chair - DEALER LOADER,17486,White Claw,,Hawthorne,7891455,7/22/2026,White Claw,Mark Anthony,7/22/2026 1:28 PM,chrishope,7/22/2026 1:15 PM,mattpowiersk
12510,*CP* Suncruiser Beach Chair,15779,Sun Cruiser Classic Iced Tea,,Hawthorne,7891454,7/22/2026,Sun Cruiser,Boston Beer Company,7/22/2026 1:28 PM,chrishope,7/22/2026 1:15 PM,mattpowiersk
12509,SixPoint 16oz shaker - Glasses,4160,Sixpoint,,Hawthorne,7891407,7/22/2026,Sixpoint,Sixpoint Brewing,7/22/2026 1:28 PM,chrishope,7/22/2026 11:42 AM,mharboy
12508,Cayman Jack Canvas Clock,12708,Cayman Jack Margarita,,Hawthorne,7891374,7/22/2026,Cayman Jack,Mark Anthony,7/22/2026 1:28 PM,chrishope,7/22/2026 10:25 AM,mattpowiersk
12507,(SH)Modelo 16oz plastic cups - PLASTIC CUPS,16146,Modelo Especial,,Hawthorne,7887059,7/22/2026,Modelo Especial,Constellation Brands,7/22/2026 7:45 AM,chrishope,7/21/2026 5:38 PM,paulmclaughl
12506,Coors Light 16oz Shaker - Glasses,17701,Coors Light,,Hawthorne,7886968,7/22/2026,Coors Light,MolsonCoors Beverage Company,7/22/2026 7:46 AM,chrishope,7/21/2026 4:02 PM,nickmelissar
12505,Coors Light 16oz Shaker - Glasses,13131,Coors Light,,Hawthorne,7886967,7/22/2026,Coors Light,MolsonCoors Beverage Company,7/22/2026 7:46 AM,chrishope,7/21/2026 4:02 PM,nickmelissar
12504,Montauk Patio Umbrella - PATIO UMBRELLA,14878,Montauk Pilsner,,Hawthorne,7886952,7/22/2026,Montauk,Montauk Brewing Co,7/22/2026 7:46 AM,chrishope,7/21/2026 3:32 PM,nickmelissar
12503,Montauk Patio Umbrella - PATIO UMBRELLA,14877,Montauk Pilsner,,Hawthorne,7886951,7/22/2026,Montauk,Montauk Brewing Co,7/22/2026 7:46 AM,chrishope,7/21/2026 3:32 PM,nickmelissar
12502,Montauk Patio Umbrella - PATIO UMBRELLA,14876,Montauk Pilsner,,Hawthorne,7886950,7/22/2026,Montauk,Montauk Brewing Co,7/22/2026 7:46 AM,chrishope,7/21/2026 3:32 PM,nickmelissar
12501,Montauk Patio Umbrella - PATIO UMBRELLA,14875,Montauk Pilsner,,Hawthorne,7886949,7/22/2026,Montauk,Montauk Brewing Co,7/22/2026 7:46 AM,chrishope,7/21/2026 3:32 PM,nickmelissar
12500,Montauk Patio Umbrella - PATIO UMBRELLA,14874,Montauk Pilsner,,Hawthorne,7886948,7/22/2026,Montauk,Montauk Brewing Co,7/22/2026 7:46 AM,chrishope,7/21/2026 3:32 PM,nickmelissar
12499,Montauk Patio Umbrella - PATIO UMBRELLA,14873,Montauk Pilsner,,Hawthorne,7886947,7/22/2026,Montauk,Montauk Brewing Co,7/22/2026 7:46 AM,chrishope,7/21/2026 3:32 PM,nickmelissar
12498,(CM)Miller Lite 16oz Plastic cups - PLASTIC CUPS,14628,Miller Lite,,Hawthorne,7886942,7/22/2026,Lite,MolsonCoors Beverage Company,7/22/2026 7:45 AM,chrishope,7/21/2026 3:03 PM,briansengebu
12497,(CM)Miller Lite 16oz Plastic cups - PLASTIC CUPS,14627,Miller Lite,,Hawthorne,7886941,7/22/2026,Lite,MolsonCoors Beverage Company,7/22/2026 7:45 AM,chrishope,7/21/2026 3:03 PM,briansengebu
12496,(TG)Famosa LED - LED,8560,FAMOSA,,Hawthorne,7886940,7/22/2026,Famosa,Famosa,7/22/2026 1:28 PM,chrishope,7/21/2026 2:49 PM,aacciardi
12495,Sapporo Round LED - LED,17348,Sapporo Premium,,Hawthorne,7886939,7/22/2026,Sapporo,Sapporo,7/22/2026 1:28 PM,chrishope,7/21/2026 2:49 PM,aacciardi
12494,Miller Lite America 250 Grizzly cooler,17366,Miller Lite,,Hawthorne,7886938,7/22/2026,Lite,MolsonCoors Beverage Company,7/22/2026 7:46 AM,chrishope,7/21/2026 2:46 PM,mharboy
12493,Blue Moon Animated LED,14475,Blue Moon,,Hawthorne,7886937,7/22/2026,Blue Moon,MolsonCoors Beverage Company,7/22/2026 7:46 AM,chrishope,7/21/2026 2:45 PM,nickmelissar
12492,Coors Light Fishing LED,14778,Coors Light,,Hawthorne,7886936,7/22/2026,Coors Light,MolsonCoors Beverage Company,7/22/2026 7:46 AM,chrishope,7/21/2026 2:45 PM,nickmelissar
12491,Modelo Draft LED,15390,Modelo Especial,,Hawthorne,7886935,7/22/2026,Modelo Especial,Constellation Brands,7/22/2026 7:46 AM,chrishope,7/21/2026 2:45 PM,nickmelissar
12490,Yuengling Stars ad Stripes 16oz Shaker,15573,Yuengling Lager,,Hawthorne,7886890,7/21/2026,Yuengling Lager,DG Yuengling Inc,7/21/2026 2:29 PM,chrishope,7/21/2026 1:59 PM,briansengebu
12489,Yuengling Stars ad Stripes 16oz Shaker,15572,Yuengling Lager,,Hawthorne,7886889,7/21/2026,Yuengling Lager,DG Yuengling Inc,7/21/2026 2:29 PM,chrishope,7/21/2026 1:59 PM,briansengebu
12488,Coors Light AFrame,13215,Coors Light,,Hawthorne,7886875,7/21/2026,Coors Light,MolsonCoors Beverage Company,7/21/2026 2:27 PM,chrishope,7/21/2026 1:20 PM,chrispayton
12487,1911 rack - MISCELLANEOUS,14484,1911,,Hawthorne,7886834,7/21/2026,1911 Hard Cider,Beak & Skiff,7/21/2026 2:27 PM,chrishope,7/21/2026 11:40 AM,mikeast
12486,*DD* Peroni Bike,15387,Peroni,,Hawthorne,7886829,7/22/2026,Peroni,MolsonCoors Beverage Company,7/22/2026 7:46 AM,chrishope,7/21/2026 11:28 AM,paulmclaughl
12485,*CM* Coors Light Golf Bag,14987,Coors Light,,Hawthorne,7886828,7/22/2026,Coors Light,MolsonCoors Beverage Company,7/22/2026 7:46 AM,chrishope,7/21/2026 11:28 AM,paulmclaughl
12484,*CM* Miller Lite Golf Bag,15076,Miller Lite,,Hawthorne,7886827,7/22/2026,Lite,MolsonCoors Beverage Company,7/22/2026 7:46 AM,chrishope,7/21/2026 11:28 AM,paulmclaughl
12483,(SH)Modelo Gold Cooler - DEALER LOADER,17617,Modelo Especial,,Hawthorne,7886826,7/22/2026,Modelo Especial,Constellation Brands,7/22/2026 7:45 AM,chrishope,7/21/2026 11:28 AM,paulmclaughl
12482,Modelo Futbol 16oz Shaker,17341,Modelo Especial,,Hawthorne,7886776,7/21/2026,Modelo Especial,Constellation Brands,7/21/2026 9:36 AM,chrishope,7/21/2026 9:26 AM,chrishope
12481,Modelo Futbol 16oz Shaker,17340,Modelo Especial,,Hawthorne,7886775,7/21/2026,Modelo Especial,Constellation Brands,7/21/2026 9:36 AM,chrishope,7/21/2026 9:26 AM,chrishope
12480,Modelo Futbol 16oz Shaker,17339,Modelo Especial,,Hawthorne,7886774,7/21/2026,Modelo Especial,Constellation Brands,7/21/2026 9:36 AM,chrishope,7/21/2026 9:26 AM,chrishope
12479,Modelo Futbol 16oz Shaker,17338,Modelo Especial,,Hawthorne,7886773,7/21/2026,Modelo Especial,Constellation Brands,7/21/2026 9:36 AM,chrishope,7/21/2026 9:26 AM,chrishope
12478,Modelo Futbol 16oz Shaker,17337,Modelo Especial,,Hawthorne,7886772,7/21/2026,Modelo Especial,Constellation Brands,7/21/2026 9:36 AM,chrishope,7/21/2026 9:26 AM,chrishope
12477,Modelo Futbol 16oz Shaker,17336,Modelo Especial,,Hawthorne,7886771,7/21/2026,Modelo Especial,Constellation Brands,7/21/2026 9:36 AM,chrishope,7/21/2026 9:26 AM,chrishope
12476,Modelo Futbol 16oz Shaker,17335,Modelo Especial,,Hawthorne,7886770,7/21/2026,Modelo Especial,Constellation Brands,7/21/2026 9:36 AM,chrishope,7/21/2026 9:26 AM,chrishope
12475,Modelo Futbol 16oz Shaker,17334,Modelo Especial,,Hawthorne,7886769,7/21/2026,Modelo Especial,Constellation Brands,7/21/2026 9:36 AM,chrishope,7/21/2026 9:26 AM,chrishope
12474,Modelo Futbol 16oz Shaker,17333,Modelo Especial,,Hawthorne,7886768,7/21/2026,Modelo Especial,Constellation Brands,7/21/2026 9:36 AM,chrishope,7/21/2026 9:26 AM,chrishope
12473,Modelo Futbol 16oz Shaker,17332,Modelo Especial,,Hawthorne,7886767,7/21/2026,Modelo Especial,Constellation Brands,7/21/2026 9:36 AM,chrishope,7/21/2026 9:26 AM,chrishope
12472,Modelo Futbol 16oz Shaker,17331,Modelo Especial,,Hawthorne,7886766,7/21/2026,Modelo Especial,Constellation Brands,7/21/2026 9:36 AM,chrishope,7/21/2026 9:26 AM,chrishope
12471,Modelo Futbol 16oz Shaker,17330,Modelo Especial,,Hawthorne,7886765,7/21/2026,Modelo Especial,Constellation Brands,7/21/2026 9:36 AM,chrishope,7/21/2026 9:26 AM,chrishope
12470,Modelo Futbol 16oz Shaker,17329,Modelo Especial,,Hawthorne,7886764,7/21/2026,Modelo Especial,Constellation Brands,7/21/2026 9:36 AM,chrishope,7/21/2026 9:26 AM,chrishope
12469,Modelo Futbol 16oz Shaker,17328,Modelo Especial,,Hawthorne,7886763,7/21/2026,Modelo Especial,Constellation Brands,7/21/2026 9:36 AM,chrishope,7/21/2026 9:26 AM,chrishope
12468,Modelo Futbol 16oz Shaker,17327,Modelo Especial,,Hawthorne,7886762,7/21/2026,Modelo Especial,Constellation Brands,7/21/2026 9:36 AM,chrishope,7/21/2026 9:26 AM,chrishope
12467,Modelo Futbol 16oz Shaker,17326,Modelo Especial,,Hawthorne,7886761,7/21/2026,Modelo Especial,Constellation Brands,7/21/2026 9:36 AM,chrishope,7/21/2026 9:26 AM,chrishope
12466,Modelo Futbol 16oz Shaker,17325,Modelo Especial,,Hawthorne,7886760,7/21/2026,Modelo Especial,Constellation Brands,7/21/2026 9:36 AM,chrishope,7/21/2026 9:26 AM,chrishope
12465,Modelo Futbol 16oz Shaker,17324,Modelo Especial,,Hawthorne,7886759,7/21/2026,Modelo Especial,Constellation Brands,7/21/2026 9:36 AM,chrishope,7/21/2026 9:26 AM,chrishope
12464,Corona Light A Frame,16076,Corona Light,,Hawthorne,7886712,7/21/2026,Corona Light,Constellation Brands,7/21/2026 2:28 PM,chrishope,7/21/2026 8:51 AM,jheaney
12463,Pacifico Patio Umbrella - PATIO UMBRELLA,14442,Pacifico,,Hawthorne,7886711,7/21/2026,Pacifico,Constellation Brands,7/21/2026 2:28 PM,chrishope,7/21/2026 8:51 AM,jheaney
12462,Pacifico Patio Umbrella - PATIO UMBRELLA,14441,Pacifico,,Hawthorne,7886710,7/21/2026,Pacifico,Constellation Brands,7/21/2026 2:28 PM,chrishope,7/21/2026 8:51 AM,jheaney
12461,Pacifico Patio Umbrella - PATIO UMBRELLA,14440,Pacifico,,Hawthorne,7886709,7/21/2026,Pacifico,Constellation Brands,7/21/2026 2:28 PM,chrishope,7/21/2026 8:51 AM,jheaney
12460,Pacifico Patio Umbrella - PATIO UMBRELLA,14439,Pacifico,,Hawthorne,7886708,7/21/2026,Pacifico,Constellation Brands,7/21/2026 2:28 PM,chrishope,7/21/2026 8:51 AM,jheaney
12459,Pacifico Patio Umbrella - PATIO UMBRELLA,14438,Pacifico,,Hawthorne,7886707,7/21/2026,Pacifico,Constellation Brands,7/21/2026 2:28 PM,chrishope,7/21/2026 8:51 AM,jheaney
12458,Pacifico Patio Umbrella - PATIO UMBRELLA,14437,Pacifico,,Hawthorne,7886706,7/21/2026,Pacifico,Constellation Brands,7/21/2026 2:28 PM,chrishope,7/21/2026 8:51 AM,jheaney
12457,Pacifico Patio Umbrella - PATIO UMBRELLA,14436,Pacifico,,Hawthorne,7886705,7/21/2026,Pacifico,Constellation Brands,7/21/2026 2:28 PM,chrishope,7/21/2026 8:51 AM,jheaney
12456,(SH)Modelo Gold Cooler - DEALER LOADER,17616,Modelo Especial,,Hawthorne,7886699,7/21/2026,Modelo Especial,Constellation Brands,7/21/2026 9:36 AM,chrishope,7/21/2026 8:04 AM,pauldeady
12455,*DD* Coors Light Speaker Cooler,17557,Coors Light,,Hawthorne,7886698,7/21/2026,Coors Light,MolsonCoors Beverage Company,7/21/2026 9:36 AM,chrishope,7/21/2026 8:04 AM,pauldeady
12454,White Claw Beach Chair - DEALER LOADER,17485,White Claw,,Hawthorne,7886697,7/21/2026,White Claw,Mark Anthony,7/21/2026 9:36 AM,chrishope,7/21/2026 8:04 AM,pauldeady
12453,Sapporo Round LED - LED,17347,Sapporo Premium,,Hawthorne,7886691,7/21/2026,Sapporo,Sapporo,7/21/2026 9:36 AM,chrishope,7/21/2026 1:24 AM,mobrien
12452,Modelo DDLM LED - LED,15315,Modelo Especial,,Hawthorne,7886690,7/21/2026,Modelo Especial,Constellation Brands,7/21/2026 9:36 AM,chrishope,7/21/2026 1:24 AM,mobrien
12451,Miller Lite 16oz shaker - Glasses,12994,Miller Lite,,Hawthorne,7882953,7/21/2026,Lite,MolsonCoors Beverage Company,7/21/2026 7:51 AM,chrishope,7/20/2026 8:01 PM,allisonscott
12450,Miller Lite 16oz shaker - Glasses,12993,Miller Lite,,Hawthorne,7882952,7/21/2026,Lite,MolsonCoors Beverage Company,7/21/2026 7:51 AM,chrishope,7/20/2026 8:01 PM,allisonscott
12449,*CP* Suncruiser Beach Chair,15778,Sun Cruiser Classic Iced Tea,,Hawthorne,7882542,7/21/2026,Sun Cruiser,Boston Beer Company,7/21/2026 7:50 AM,chrishope,7/20/2026 4:56 PM,mikeast
12448,Yuengling Stars ad Stripes 16oz Shaker,15571,Yuengling Lager,,Hawthorne,7882507,7/21/2026,Yuengling Lager,DG Yuengling Inc,7/21/2026 7:51 AM,chrishope,7/20/2026 3:51 PM,briansengebu
12447,Yuengling Stars ad Stripes 16oz Shaker,15570,Yuengling Lager,,Hawthorne,7882506,7/21/2026,Yuengling Lager,DG Yuengling Inc,7/21/2026 7:51 AM,chrishope,7/20/2026 3:51 PM,briansengebu
12446,Cape May Beach Chair,15688,Cape May,,Hawthorne,7882505,7/21/2026,Cape May,Cape May,7/21/2026 7:51 AM,chrishope,7/20/2026 3:51 PM,briansengebu
12445,*DD*Coors Light Olympus Cooler Backpack,14755,Coors Light,,Hawthorne,7882504,7/21/2026,Coors Light,MolsonCoors Beverage Company,7/21/2026 7:50 AM,chrishope,7/20/2026 3:51 PM,briansengebu
12444,Coors Light Lake Inflate- Dealer Loader,4925,Coors Light,,Hawthorne,7882503,7/21/2026,Coors Light,MolsonCoors Beverage Company,7/21/2026 7:51 AM,chrishope,7/20/2026 3:51 PM,briansengebu
12443,Montauk Beach Wagon - DEALER LOADER,17140,Montauk Pilsner,,Hawthorne,7882502,7/21/2026,Montauk,Montauk Brewing Co,7/21/2026 7:51 AM,chrishope,7/20/2026 3:51 PM,briansengebu
12442,(SH)Corona Pub Table,17664,Corona Extra,,Hawthorne,7882497,7/21/2026,Corona Extra,Constellation Brands,7/21/2026 7:50 AM,chrishope,7/20/2026 3:48 PM,briansengebu
12441,(SH)Corona Pub Table,17663,Corona Extra,,Hawthorne,7882496,7/21/2026,Corona Extra,Constellation Brands,7/21/2026 7:50 AM,chrishope,7/20/2026 3:48 PM,briansengebu
12440,(SH)Corona Pub Table,17662,Corona Extra,,Hawthorne,7882495,7/21/2026,Corona Extra,Constellation Brands,7/21/2026 7:50 AM,chrishope,7/20/2026 3:48 PM,briansengebu
12439,(SH)Corona Pub Table,17661,Corona Extra,,Hawthorne,7882494,7/21/2026,Corona Extra,Constellation Brands,7/21/2026 7:50 AM,chrishope,7/20/2026 3:48 PM,briansengebu
12438,(CM)Coors Light 16oz Cups - PLASTIC CUPS,16811,Coors Light,,Hawthorne,7882489,7/21/2026,Coors Light,MolsonCoors Beverage Company,7/21/2026 7:49 AM,chrishope,7/20/2026 3:39 PM,nickmelissar
12437,Miller Lite 16oz shaker - Glasses,12991,Miller Lite,,Hawthorne,7882488,7/21/2026,Lite,MolsonCoors Beverage Company,7/21/2026 7:51 AM,chrishope,7/20/2026 3:34 PM,allisonscott
12436,Miller Lite 16oz shaker - Glasses,12990,Miller Lite,,Hawthorne,7882487,7/21/2026,Lite,MolsonCoors Beverage Company,7/21/2026 7:51 AM,chrishope,7/20/2026 3:34 PM,allisonscott
12435,Modelo Futbol 16oz Shaker,17323,Modelo Especial,,Hawthorne,7882486,7/21/2026,Modelo Especial,Constellation Brands,7/21/2026 7:51 AM,chrishope,7/20/2026 3:34 PM,allisonscott
12434,Modelo Futbol 16oz Shaker,17322,Modelo Especial,,Hawthorne,7882485,7/21/2026,Modelo Especial,Constellation Brands,7/21/2026 7:51 AM,chrishope,7/20/2026 3:34 PM,allisonscott
12433,Cape May 16oz Shaker - Glasses,13886,Cape May,,Hawthorne,7882447,7/21/2026,Cape May,Cape May,7/21/2026 7:50 AM,chrishope,7/20/2026 2:59 PM,robinfeldman
12432,Cape May 16oz Shaker - Glasses,13885,Cape May,,Hawthorne,7882446,7/21/2026,Cape May,Cape May,7/21/2026 7:50 AM,chrishope,7/20/2026 2:59 PM,robinfeldman
12431,Blue Moon Patio Umbrella - PATIO UMBRELLA,17643,Blue Moon,,Hawthorne,7882371,7/21/2026,Blue Moon,MolsonCoors Beverage Company,7/21/2026 7:50 AM,chrishope,7/20/2026 12:02 PM,allisonscott
12430,Blue Moon Patio Umbrella - PATIO UMBRELLA,17642,Blue Moon,,Hawthorne,7882370,7/21/2026,Blue Moon,MolsonCoors Beverage Company,7/21/2026 7:50 AM,chrishope,7/20/2026 12:02 PM,allisonscott
12429,Blue Moon Patio Umbrella - PATIO UMBRELLA,17641,Blue Moon,,Hawthorne,7882369,7/21/2026,Blue Moon,MolsonCoors Beverage Company,7/21/2026 7:50 AM,chrishope,7/20/2026 12:01 PM,allisonscott
12428,Blue Moon Patio Umbrella - PATIO UMBRELLA,17640,Blue Moon,,Hawthorne,7882368,7/21/2026,Blue Moon,MolsonCoors Beverage Company,7/21/2026 7:50 AM,chrishope,7/20/2026 12:01 PM,allisonscott
12427,Corona MLB Logo LED,17120,Corona Extra,,Hawthorne,7882367,7/21/2026,Corona Extra,Constellation Brands,7/21/2026 7:51 AM,chrishope,7/20/2026 11:59 AM,robinfeldman
12426,*CP*SunCruiser Golf Bag,13364,Sun Cruiser Classic Iced Tea,,Hawthorne,7882344,7/21/2026,Sun Cruiser,Boston Beer Company,7/21/2026 7:50 AM,chrishope,7/20/2026 11:31 AM,jtabasco
12425,Paulaner .5 Octoberfest MUgs - Glasses,4410,PAULANER,,Hawthorne,7882323,7/21/2026,Paulaner,Paulaner,7/21/2026 7:51 AM,chrishope,7/20/2026 11:21 AM,aacciardi
12424,**CP**Forged Golf Umbrella,11442,Forged Irish Stout,,Hawthorne,7882278,7/21/2026,Forged Irish Stout,Forged Irish Stout,7/21/2026 7:50 AM,chrishope,7/20/2026 10:54 AM,mikeast
12423,Miller Lite America 250 Grizzly cooler,17365,Miller Lite,,Hawthorne,7882277,7/21/2026,Lite,MolsonCoors Beverage Company,7/21/2026 7:51 AM,chrishope,7/20/2026 10:54 AM,mikeast
12422,*DD* Peroni Bike,15386,Peroni,,Hawthorne,7882276,7/21/2026,Peroni,MolsonCoors Beverage Company,7/21/2026 7:50 AM,chrishope,7/20/2026 10:54 AM,mikeast
12421,(SH)Modelo Gold Cooler - DEALER LOADER,17615,Modelo Especial,,Hawthorne,7882275,7/21/2026,Modelo Especial,Constellation Brands,7/21/2026 7:50 AM,chrishope,7/20/2026 10:54 AM,mikeast
12420,Blue Moon Animated LED,14474,Blue Moon,,Hawthorne,7882264,7/21/2026,Blue Moon,MolsonCoors Beverage Company,7/21/2026 7:50 AM,chrishope,7/20/2026 10:34 AM,derricklaws
12419,*CP* Carbliss Cornhole,,Carbliss Black Cherry,,Hawthorne,7882255,,Carbliss,SN Food & Beverage LLC,7/20/2026 10:24 AM,allisonscott,7/20/2026 10:24 AM,allisonscott
12418,Carbliss Guitar LED,16731,Carbliss Black Cherry,,Hawthorne,7882254,7/21/2026,Carbliss,SN Food & Beverage LLC,7/21/2026 7:51 AM,chrishope,7/20/2026 10:24 AM,allisonscott
12417,Miller Lite 16oz shaker - Glasses,12992,Miller Lite,,Hawthorne,7882253,7/21/2026,Lite,MolsonCoors Beverage Company,7/21/2026 7:51 AM,chrishope,7/20/2026 10:24 AM,allisonscott
12416,Modelo Futbol 16oz Shaker,17321,Modelo Especial,,Hawthorne,7878446,7/20/2026,Modelo Especial,Constellation Brands,7/20/2026 8:00 AM,chrishope,7/19/2026 8:25 PM,allisonscott
12415,Modelo Futbol 16oz Shaker,17320,Modelo Especial,,Hawthorne,7878445,7/20/2026,Modelo Especial,Constellation Brands,7/20/2026 8:00 AM,chrishope,7/19/2026 8:25 PM,allisonscott
12414,*CP* Carbliss Cooler Backpack,17397,Carbliss Black Cherry,,Hawthorne,7878345,7/20/2026,Carbliss,SN Food & Beverage LLC,7/20/2026 7:59 AM,chrishope,7/19/2026 6:37 PM,allisonscott
12413,(CM)Coors Light 16oz Cups - PLASTIC CUPS,16810,Coors Light,,Hawthorne,7878344,7/20/2026,Coors Light,MolsonCoors Beverage Company,7/20/2026 7:59 AM,chrishope,7/19/2026 6:37 PM,allisonscott
12412,Blue Moon Patio Umbrella - PATIO UMBRELLA,17637,Blue Moon,,Hawthorne,7878343,7/20/2026,Blue Moon,MolsonCoors Beverage Company,7/20/2026 8:00 AM,chrishope,7/19/2026 6:35 PM,allisonscott
12411,Blue Moon Patio Umbrella - PATIO UMBRELLA,17636,Blue Moon,,Hawthorne,7878342,7/20/2026,Blue Moon,MolsonCoors Beverage Company,7/20/2026 8:00 AM,chrishope,7/19/2026 6:35 PM,allisonscott
12410,Blue Moon Patio Umbrella - PATIO UMBRELLA,17635,Blue Moon,,Hawthorne,7878341,7/20/2026,Blue Moon,MolsonCoors Beverage Company,7/20/2026 8:00 AM,chrishope,7/19/2026 6:35 PM,allisonscott
12409,Blue Moon Patio Umbrella - PATIO UMBRELLA,17634,Blue Moon,,Hawthorne,7878340,7/20/2026,Blue Moon,MolsonCoors Beverage Company,7/20/2026 8:00 AM,chrishope,7/19/2026 6:35 PM,allisonscott
12408,Peroni 0.4L Glass - Glasses,5554,Peroni,,Hawthorne,7878339,7/20/2026,Peroni,MolsonCoors Beverage Company,7/20/2026 8:00 AM,chrishope,7/19/2026 6:35 PM,allisonscott
12407,Peroni 0.4L Glass - Glasses,5553,Peroni,,Hawthorne,7878338,7/20/2026,Peroni,MolsonCoors Beverage Company,7/20/2026 8:00 AM,chrishope,7/19/2026 6:35 PM,allisonscott
12406,Peroni 0.4L Glass - Glasses,5552,Peroni,,Hawthorne,7878337,7/20/2026,Peroni,MolsonCoors Beverage Company,7/20/2026 8:00 AM,chrishope,7/19/2026 6:35 PM,allisonscott
12405,Peroni 0.4L Glass - Glasses,5551,Peroni,,Hawthorne,7878336,7/20/2026,Peroni,MolsonCoors Beverage Company,7/20/2026 8:00 AM,chrishope,7/19/2026 6:35 PM,allisonscott
12404,Corona Flex Bottle LED,16314,Corona Extra,,Hawthorne,7878155,7/20/2026,Corona Extra,Constellation Brands,7/20/2026 8:00 AM,chrishope,7/19/2026 5:49 PM,jtabasco
12403,*DD* Coors Light Electric Beach Wagon,17536,Coors Light,,Hawthorne,7871637,7/20/2026,Coors Light,MolsonCoors Beverage Company,7/20/2026 8:00 AM,chrishope,7/17/2026 10:56 AM,klejdilamo
12402,*PD* Coors Light Golf Bag,15006,Coors Light,,Hawthorne,7871636,7/20/2026,Coors Light,MolsonCoors Beverage Company,7/20/2026 8:00 AM,chrishope,7/17/2026 10:56 AM,klejdilamo
12401,*DD* Blue Moon Golf Bag,15061,Blue Moon,,Hawthorne,7871635,7/20/2026,Blue Moon,MolsonCoors Beverage Company,7/20/2026 8:00 AM,chrishope,7/17/2026 10:56 AM,klejdilamo
12400,Blue Moon Patio Umbrella - PATIO UMBRELLA,17639,Blue Moon,,Hawthorne,7871634,7/20/2026,Blue Moon,MolsonCoors Beverage Company,7/20/2026 8:00 AM,chrishope,7/17/2026 10:56 AM,klejdilamo
12399,Blue Moon Patio Umbrella - PATIO UMBRELLA,17638,Blue Moon,,Hawthorne,7871633,7/20/2026,Blue Moon,MolsonCoors Beverage Company,7/20/2026 8:00 AM,chrishope,7/17/2026 10:56 AM,klejdilamo
12398,*DD*Coors Light Olympus Cooler Backpack,14754,Coors Light,,Hawthorne,7871632,7/20/2026,Coors Light,MolsonCoors Beverage Company,7/20/2026 8:00 AM,chrishope,7/17/2026 10:56 AM,klejdilamo
12397,Corona Metal Cooler - DEALER LOADER,17231,Corona Extra,,Hawthorne,7871631,7/20/2026,Corona Extra,Constellation Brands,7/20/2026 8:00 AM,chrishope,7/17/2026 10:56 AM,klejdilamo
12396,Corona MLB Logo LED,17119,Corona Extra,,Hawthorne,7871630,7/20/2026,Corona Extra,Constellation Brands,7/20/2026 8:00 AM,chrishope,7/17/2026 10:56 AM,klejdilamo
12395,*PD* Corona Premier Golf Bag,15169,Corona Premier,,Hawthorne,7871629,7/20/2026,Corona Premier,Constellation Brands,7/20/2026 8:00 AM,chrishope,7/17/2026 10:56 AM,klejdilamo
12394,Corona Premier Value LED,15435,Corona Premier,,Hawthorne,7871628,7/20/2026,Corona Premier,Constellation Brands,7/20/2026 8:00 AM,chrishope,7/17/2026 10:56 AM,klejdilamo
12393,*PD* Miller Lite Golf Bag,15100,Miller Lite,,Hawthorne,7871627,7/20/2026,Lite,MolsonCoors Beverage Company,7/20/2026 8:00 AM,chrishope,7/17/2026 10:56 AM,klejdilamo
12392,Miller Lite America 250 Grizzly cooler,17364,Miller Lite,,Hawthorne,7871626,7/20/2026,Lite,MolsonCoors Beverage Company,7/20/2026 8:00 AM,chrishope,7/17/2026 10:56 AM,klejdilamo
12391,(SH)Modelo Gold Cooler - DEALER LOADER,17614,Modelo Especial,,Hawthorne,7871625,7/20/2026,Modelo Especial,Constellation Brands,7/20/2026 7:59 AM,chrishope,7/17/2026 10:56 AM,klejdilamo
12390,(PC)Yeungling Flight Golf Bag - DEALER LOADER,12778,Yuengling Flight,,Hawthorne,7871624,7/20/2026,Yuengling Flight,DG Yuengling Inc,7/20/2026 7:59 AM,chrishope,7/17/2026 10:56 AM,klejdilamo
12389,(PC)Yuengling Flight Golf Umbrella - DEALER LOADER,13956,Yuengling Flight,,Hawthorne,7871623,7/20/2026,Yuengling Flight,DG Yuengling Inc,7/20/2026 7:59 AM,chrishope,7/17/2026 10:56 AM,klejdilamo
12388,(PC)Yuengling Flight Golf Umbrella - DEALER LOADER,13955,Yuengling Flight,,Hawthorne,7871622,7/20/2026,Yuengling Flight,DG Yuengling Inc,7/20/2026 7:59 AM,chrishope,7/17/2026 10:56 AM,klejdilamo
12387,*PC* Yuengling Flight Beach Chair,16352,Yuengling Flight,,Hawthorne,7871621,7/20/2026,Yuengling Flight,DG Yuengling Inc,7/20/2026 8:00 AM,chrishope,7/17/2026 10:56 AM,klejdilamo
12386,*CP*SunCruiser Golf Bag,13362,Sun Cruiser Classic Iced Tea,,Hawthorne,7871620,7/20/2026,Sun Cruiser,Boston Beer Company,7/20/2026 7:59 AM,chrishope,7/17/2026 10:56 AM,klejdilamo
12385,*CP* Twisted Tea Tailgate Chair,17449,Twisted Tea Original,,Hawthorne,7871619,7/20/2026,Twisted Tea,Boston Beer Company,7/20/2026 7:59 AM,chrishope,7/17/2026 10:56 AM,klejdilamo
12384,Corona Metal Cooler - DEALER LOADER,17230,Corona Extra,,Hawthorne,7871618,7/20/2026,Corona Extra,Constellation Brands,7/20/2026 8:00 AM,chrishope,7/17/2026 10:56 AM,mattpowiersk
12383,Coors Light EGO Battery Blower/trimmer Combo,17562,Coors Light,,Hawthorne,7871614,7/20/2026,Coors Light,MolsonCoors Beverage Company,7/20/2026 8:00 AM,chrishope,7/17/2026 10:38 AM,pauldeady
12382,*DD* Peroni Foosball Cooler,,Peroni,,Hawthorne,7871613,7/20/2026,Peroni,MolsonCoors Beverage Company,7/20/2026 7:58 AM,chrishope,7/17/2026 10:38 AM,pauldeady
12381,*CP* Truly Usa Cooler W/ Stand,16181,Truly Hard Seltzer,,Hawthorne,7871612,7/20/2026,Truly,Boston Beer Company,7/20/2026 7:59 AM,chrishope,7/17/2026 10:38 AM,pauldeady
12380,*CP* Twisted Tea Tailgate Chair,17450,Twisted Tea Original,,Hawthorne,7871611,7/20/2026,Twisted Tea,Boston Beer Company,7/20/2026 7:59 AM,chrishope,7/17/2026 10:38 AM,pauldeady
12379,*CP*SunCruiser Golf Bag,13363,Sun Cruiser Classic Iced Tea,,Hawthorne,7871610,7/20/2026,Sun Cruiser,Boston Beer Company,7/20/2026 7:59 AM,chrishope,7/17/2026 10:38 AM,pauldeady
12378,**CP** Suncruiser PaddleBoard,17254,Sun Cruiser Classic Iced Tea,,Hawthorne,7871603,7/17/2026,Sun Cruiser,Boston Beer Company,7/17/2026 10:53 AM,chrishope,7/17/2026 9:41 AM,briansengebu
12377,*CP* Suncruiser Beach Wagon,15751,Sun Cruiser Classic Iced Tea,,Hawthorne,7871602,7/17/2026,Sun Cruiser,Boston Beer Company,7/17/2026 10:53 AM,chrishope,7/17/2026 9:41 AM,briansengebu
12376,32oz Glide Racks,13974,Coors Light,,Hawthorne,7871601,7/17/2026,Coors Light,MolsonCoors Beverage Company,7/17/2026 10:53 AM,chrishope,7/17/2026 9:39 AM,jheaney
12375,Corona DDLM LED - LED,15278,Corona Extra,,Hawthorne,7871600,7/17/2026,Corona Extra,Constellation Brands,7/17/2026 10:53 AM,chrishope,7/17/2026 9:37 AM,mattpowiersk
12374,(SH)Modelo 16oz plastic cups - PLASTIC CUPS,16145,Modelo Especial,,Hawthorne,7871599,7/17/2026,Modelo Especial,Constellation Brands,7/17/2026 10:53 AM,chrishope,7/17/2026 9:26 AM,plopez
12373,Corona Open sign,12679,Corona Extra,,Hawthorne,7871582,7/17/2026,Corona Extra,Constellation Brands,7/17/2026 9:13 AM,chrishope,7/17/2026 9:12 AM,plopez
12372,Modelo Futbol 16oz Shaker,17319,Modelo Especial,,Hawthorne,7871580,7/17/2026,Modelo Especial,Constellation Brands,7/17/2026 9:14 AM,chrishope,7/17/2026 8:59 AM,paulmclaughl
12371,Modelo Futbol 16oz Shaker,17318,Modelo Especial,,Hawthorne,7871579,7/17/2026,Modelo Especial,Constellation Brands,7/17/2026 9:14 AM,chrishope,7/17/2026 8:59 AM,paulmclaughl
12370,Modelo Futbol 16oz Shaker,17317,Modelo Especial,,Hawthorne,7871578,7/17/2026,Modelo Especial,Constellation Brands,7/17/2026 9:14 AM,chrishope,7/17/2026 8:59 AM,paulmclaughl
12369,Sam Summer 16oz shaker,13146,Sam Adams,,Hawthorne,7871577,7/17/2026,Samuel Adams,Boston Beer Company,7/17/2026 9:14 AM,chrishope,7/17/2026 8:59 AM,paulmclaughl
12368,Sam Summer 16oz shaker,13145,Sam Adams,,Hawthorne,7871576,7/17/2026,Samuel Adams,Boston Beer Company,7/17/2026 9:14 AM,chrishope,7/17/2026 8:59 AM,paulmclaughl
12367,Coors Light 16oz Signature Shaker,12930,Coors Light,,Hawthorne,7871575,7/17/2026,Coors Light,MolsonCoors Beverage Company,7/17/2026 9:14 AM,chrishope,7/17/2026 8:59 AM,paulmclaughl
12366,Coors Light 16oz Signature Shaker,12929,Coors Light,,Hawthorne,7871574,7/17/2026,Coors Light,MolsonCoors Beverage Company,7/17/2026 9:14 AM,chrishope,7/17/2026 8:59 AM,paulmclaughl
12365,Yuengling Stars ad Stripes 16oz Shaker,15569,Yuengling Lager,,Hawthorne,7867621,7/17/2026,Yuengling Lager,DG Yuengling Inc,7/17/2026 8:04 AM,chrishope,7/16/2026 5:16 PM,briansengebu
12364,24 oz Glide racks,,Coors Light,,Hawthorne,7867405,,Coors Light,MolsonCoors Beverage Company,7/16/2026 10:25 AM,derricklaws,7/16/2026 10:25 AM,derricklaws
12363,24 oz Glide racks,,Coors Light,,Hawthorne,7867404,,Coors Light,MolsonCoors Beverage Company,7/16/2026 10:25 AM,derricklaws,7/16/2026 10:25 AM,derricklaws
12362,24 oz Glide racks,,Coors Light,,Hawthorne,7867403,,Coors Light,MolsonCoors Beverage Company,7/16/2026 10:25 AM,derricklaws,7/16/2026 10:25 AM,derricklaws
12361,24 oz Glide racks,,Coors Light,,Hawthorne,7867402,,Coors Light,MolsonCoors Beverage Company,7/16/2026 10:25 AM,derricklaws,7/16/2026 10:25 AM,derricklaws
12360,24 oz Glide racks,14031,Coors Light,,Hawthorne,7867401,7/17/2026,Coors Light,MolsonCoors Beverage Company,7/17/2026 9:13 AM,chrishope,7/16/2026 10:25 AM,derricklaws
12359,(CP)DFH Grateful Dead Record Player - Dealer,12761,Dogfish Head,,Hawthorne,7867309,7/16/2026,Dogfish Head Beer,Boston Beer Company,7/16/2026 10:19 AM,chrishope,7/16/2026 9:23 AM,allisonscott
12358,(TG)Hofbrau Mug 0.5 Liter - GLASSES,11842,Hofbrau,,Hawthorne,7867307,7/16/2026,Hofbrau Usa,Hofbrauhaus USA,7/16/2026 9:16 AM,chrishope,7/16/2026 9:16 AM,chrishope
12357,(TG)Hofbrau Mug 0.5 Liter - GLASSES,11841,Hofbrau,,Hawthorne,7867306,7/16/2026,Hofbrau Usa,Hofbrauhaus USA,7/16/2026 9:16 AM,chrishope,7/16/2026 9:16 AM,chrishope
12356,(TG)Hofbrau Mug 0.5 Liter - GLASSES,11840,Hofbrau,,Hawthorne,7867305,7/16/2026,Hofbrau Usa,Hofbrauhaus USA,7/16/2026 9:16 AM,chrishope,7/16/2026 9:16 AM,chrishope
12355,(TG)Hofbrau Mug 0.5 Liter - GLASSES,11839,Hofbrau,,Hawthorne,7867304,7/16/2026,Hofbrau Usa,Hofbrauhaus USA,7/16/2026 9:16 AM,chrishope,7/16/2026 9:16 AM,chrishope
12354,(TG)Hofbrau Mug 0.5 Liter - GLASSES,11838,Hofbrau,,Hawthorne,7867303,7/16/2026,Hofbrau Usa,Hofbrauhaus USA,7/16/2026 9:16 AM,chrishope,7/16/2026 9:16 AM,chrishope
12353,*TG*HofBrau 16oz Soccer Shaker,16201,Hofbrau,,Hawthorne,7867302,7/16/2026,Hofbrau Usa,Hofbrauhaus USA,7/16/2026 9:16 AM,chrishope,7/16/2026 9:14 AM,chrishope
12352,*TG*HofBrau 16oz Soccer Shaker,16200,Hofbrau,,Hawthorne,7867301,7/16/2026,Hofbrau Usa,Hofbrauhaus USA,7/16/2026 9:16 AM,chrishope,7/16/2026 9:14 AM,chrishope
12351,*TG*HofBrau 16oz Soccer Shaker,16199,Hofbrau,,Hawthorne,7867300,7/16/2026,Hofbrau Usa,Hofbrauhaus USA,7/16/2026 9:16 AM,chrishope,7/16/2026 9:14 AM,chrishope
12350,*TG*HofBrau 16oz Soccer Shaker,16198,Hofbrau,,Hawthorne,7867299,7/16/2026,Hofbrau Usa,Hofbrauhaus USA,7/16/2026 9:16 AM,chrishope,7/16/2026 9:14 AM,chrishope
12349,*TG*HofBrau 16oz Soccer Shaker,16197,Hofbrau,,Hawthorne,7867298,7/16/2026,Hofbrau Usa,Hofbrauhaus USA,7/16/2026 9:16 AM,chrishope,7/16/2026 9:14 AM,chrishope
12348,*TG*HofBrau 16oz Soccer Shaker,16196,Hofbrau,,Hawthorne,7867297,7/16/2026,Hofbrau Usa,Hofbrauhaus USA,7/16/2026 9:16 AM,chrishope,7/16/2026 9:14 AM,chrishope
12347,*TG*HofBrau 16oz Soccer Shaker,16195,Hofbrau,,Hawthorne,7867296,7/16/2026,Hofbrau Usa,Hofbrauhaus USA,7/16/2026 9:16 AM,chrishope,7/16/2026 9:14 AM,chrishope
12346,*TG*HofBrau 16oz Soccer Shaker,16194,Hofbrau,,Hawthorne,7867295,7/16/2026,Hofbrau Usa,Hofbrauhaus USA,7/16/2026 9:16 AM,chrishope,7/16/2026 9:14 AM,chrishope
12345,*TG*HofBrau 16oz Soccer Shaker,16193,Hofbrau,,Hawthorne,7867294,7/16/2026,Hofbrau Usa,Hofbrauhaus USA,7/16/2026 9:16 AM,chrishope,7/16/2026 9:14 AM,chrishope
12344,*TG*HofBrau 16oz Soccer Shaker,16192,Hofbrau,,Hawthorne,7867293,7/16/2026,Hofbrau Usa,Hofbrauhaus USA,7/16/2026 9:16 AM,chrishope,7/16/2026 9:14 AM,chrishope
12343,(TG)Hofbrau Mug 1 Liter - Glasses,11872,Hofbrau,,Hawthorne,7867292,7/16/2026,Hofbrau Usa,Hofbrauhaus USA,7/16/2026 9:16 AM,chrishope,7/16/2026 9:14 AM,chrishope
12342,(TG)Hofbrau Mug 1 Liter - Glasses,11871,Hofbrau,,Hawthorne,7867291,7/16/2026,Hofbrau Usa,Hofbrauhaus USA,7/16/2026 9:16 AM,chrishope,7/16/2026 9:14 AM,chrishope
12341,(TG)Hofbrau Mug 1 Liter - Glasses,11870,Hofbrau,,Hawthorne,7867290,7/16/2026,Hofbrau Usa,Hofbrauhaus USA,7/16/2026 9:16 AM,chrishope,7/16/2026 9:14 AM,chrishope
12340,(TG)Hofbrau Mug 1 Liter - Glasses,11869,Hofbrau,,Hawthorne,7867289,7/16/2026,Hofbrau Usa,Hofbrauhaus USA,7/16/2026 9:16 AM,chrishope,7/16/2026 9:14 AM,chrishope
12339,(TG)Hofbrau Mug 1 Liter - Glasses,11868,Hofbrau,,Hawthorne,7867288,7/16/2026,Hofbrau Usa,Hofbrauhaus USA,7/16/2026 9:16 AM,chrishope,7/16/2026 9:14 AM,chrishope
12338,*DD* Coors Light Speaker Cooler,17556,Coors Light,,Hawthorne,7867286,7/16/2026,Coors Light,MolsonCoors Beverage Company,7/16/2026 10:19 AM,chrishope,7/16/2026 9:13 AM,anthonypalmi
12337,Modelo Draft LED,15389,Modelo Especial,,Hawthorne,7867281,7/16/2026,Modelo Especial,Constellation Brands,7/16/2026 10:19 AM,chrishope,7/16/2026 9:03 AM,mobrien
12336,Miller Lite 16oz shaker - Glasses,12989,Miller Lite,,Hawthorne,7867274,7/16/2026,Lite,MolsonCoors Beverage Company,7/16/2026 8:34 AM,chrishope,7/16/2026 8:11 AM,nickmelissar
12335,Miller Lite 16oz shaker - Glasses,12988,Miller Lite,,Hawthorne,7867273,7/16/2026,Lite,MolsonCoors Beverage Company,7/16/2026 8:34 AM,chrishope,7/16/2026 8:11 AM,nickmelissar
12334,Cape May 16oz Shaker - Glasses,13884,Cape May,,Hawthorne,7867272,7/16/2026,Cape May,Cape May,7/16/2026 8:33 AM,chrishope,7/16/2026 8:11 AM,nickmelissar
12333,Cape May 16oz Shaker - Glasses,13883,Cape May,,Hawthorne,7867271,7/16/2026,Cape May,Cape May,7/16/2026 8:33 AM,chrishope,7/16/2026 8:11 AM,nickmelissar
12332,Modelo Futbol 16oz Shaker,17316,Modelo Especial,,Hawthorne,7867270,7/16/2026,Modelo Especial,Constellation Brands,7/16/2026 8:34 AM,chrishope,7/16/2026 8:11 AM,nickmelissar
12331,Modelo Futbol 16oz Shaker,17315,Modelo Especial,,Hawthorne,7867269,7/16/2026,Modelo Especial,Constellation Brands,7/16/2026 8:34 AM,chrishope,7/16/2026 8:11 AM,nickmelissar
12330,Modelo Futbol 16oz Shaker,17314,Modelo Especial,,Hawthorne,7867268,7/16/2026,Modelo Especial,Constellation Brands,7/16/2026 8:34 AM,chrishope,7/16/2026 8:11 AM,nickmelissar
12329,Peroni 0.4L Glass - Glasses,5550,Peroni,,Hawthorne,7867267,7/16/2026,Peroni,MolsonCoors Beverage Company,7/16/2026 8:34 AM,chrishope,7/16/2026 8:11 AM,nickmelissar
12328,Peroni 0.4L Glass - Glasses,3992,Peroni,,Hawthorne,7867266,7/16/2026,Peroni,MolsonCoors Beverage Company,7/16/2026 8:34 AM,chrishope,7/16/2026 8:11 AM,nickmelissar
12327,Peroni 0.4L Glass - Glasses,3991,Peroni,,Hawthorne,7867265,7/16/2026,Peroni,MolsonCoors Beverage Company,7/16/2026 8:34 AM,chrishope,7/16/2026 8:11 AM,nickmelissar
12326,Peroni 0.4L Glass - Glasses,3990,Peroni,,Hawthorne,7867264,7/16/2026,Peroni,MolsonCoors Beverage Company,7/16/2026 8:34 AM,chrishope,7/16/2026 8:11 AM,nickmelissar
12325,*DD* Peroni Foosball Cooler,15962,Peroni,,Hawthorne,7867263,7/16/2026,Peroni,MolsonCoors Beverage Company,7/16/2026 8:33 AM,chrishope,7/16/2026 8:05 AM,chrishope
12324,*DD* Peroni Foosball Cooler,15961,Peroni,,Hawthorne,7867262,7/16/2026,Peroni,MolsonCoors Beverage Company,7/16/2026 8:33 AM,chrishope,7/16/2026 8:05 AM,chrishope
12323,*DD* Peroni Foosball Cooler,15960,Peroni,,Hawthorne,7867261,7/16/2026,Peroni,MolsonCoors Beverage Company,7/16/2026 8:33 AM,chrishope,7/16/2026 8:05 AM,chrishope
12322,*DD* Peroni Foosball Cooler,15959,Peroni,,Hawthorne,7867260,7/16/2026,Peroni,MolsonCoors Beverage Company,7/16/2026 8:33 AM,chrishope,7/16/2026 8:05 AM,chrishope
12321,*DD* Peroni Foosball Cooler,15958,Peroni,,Hawthorne,7867259,7/16/2026,Peroni,MolsonCoors Beverage Company,7/16/2026 8:33 AM,chrishope,7/16/2026 8:05 AM,chrishope
12320,*DD* Peroni Foosball Cooler,15957,Peroni,,Hawthorne,7867258,7/16/2026,Peroni,MolsonCoors Beverage Company,7/16/2026 8:33 AM,chrishope,7/16/2026 8:05 AM,chrishope
12319,*DD* Peroni Foosball Cooler,15956,Peroni,,Hawthorne,7867257,7/16/2026,Peroni,MolsonCoors Beverage Company,7/16/2026 8:33 AM,chrishope,7/16/2026 8:05 AM,chrishope
12318,*DD* Peroni Foosball Cooler,15955,Peroni,,Hawthorne,7867256,7/16/2026,Peroni,MolsonCoors Beverage Company,7/16/2026 8:33 AM,chrishope,7/16/2026 8:05 AM,chrishope
12317,*DD* Peroni Foosball Cooler,15954,Peroni,,Hawthorne,7867255,7/16/2026,Peroni,MolsonCoors Beverage Company,7/16/2026 8:33 AM,chrishope,7/16/2026 8:05 AM,chrishope
12316,*DD* Peroni Foosball Cooler,15953,Peroni,,Hawthorne,7867254,7/16/2026,Peroni,MolsonCoors Beverage Company,7/16/2026 8:33 AM,chrishope,7/16/2026 8:05 AM,chrishope
12315,*DD* Peroni Foosball Cooler,15952,Peroni,,Hawthorne,7867253,7/16/2026,Peroni,MolsonCoors Beverage Company,7/16/2026 8:33 AM,chrishope,7/16/2026 8:05 AM,chrishope
12314,*DD* Peroni Foosball Cooler,15951,Peroni,,Hawthorne,7867252,7/16/2026,Peroni,MolsonCoors Beverage Company,7/16/2026 8:33 AM,chrishope,7/16/2026 8:05 AM,chrishope
12313,*DD* Peroni Foosball Cooler,15950,Peroni,,Hawthorne,7867251,7/16/2026,Peroni,MolsonCoors Beverage Company,7/16/2026 8:33 AM,chrishope,7/16/2026 8:05 AM,chrishope
12312,*DD* Peroni Foosball Cooler,15949,Peroni,,Hawthorne,7867250,7/16/2026,Peroni,MolsonCoors Beverage Company,7/16/2026 8:33 AM,chrishope,7/16/2026 8:05 AM,chrishope
12311,*DD* Peroni Foosball Cooler,15948,Peroni,,Hawthorne,7867249,7/16/2026,Peroni,MolsonCoors Beverage Company,7/16/2026 8:33 AM,chrishope,7/16/2026 8:05 AM,chrishope
12310,*DD* Peroni Foosball Cooler,15947,Peroni,,Hawthorne,7867248,7/16/2026,Peroni,MolsonCoors Beverage Company,7/16/2026 8:33 AM,chrishope,7/16/2026 8:05 AM,chrishope
12309,*DD* Peroni Foosball Cooler,15946,Peroni,,Hawthorne,7867247,7/16/2026,Peroni,MolsonCoors Beverage Company,7/16/2026 8:33 AM,chrishope,7/16/2026 8:05 AM,chrishope
12308,*DD* Peroni Foosball Cooler,15945,Peroni,,Hawthorne,7867246,7/16/2026,Peroni,MolsonCoors Beverage Company,7/16/2026 8:33 AM,chrishope,7/16/2026 8:05 AM,chrishope
12307,*DD* Peroni Foosball Cooler,15944,Peroni,,Hawthorne,7867245,7/16/2026,Peroni,MolsonCoors Beverage Company,7/16/2026 8:33 AM,chrishope,7/16/2026 8:05 AM,chrishope
12306,Garag Beer Devils 16oz Shaker,13802,Garage,,Hawthorne,7863444,7/16/2026,Garage Beer,Garage Beer,7/16/2026 8:00 AM,chrishope,7/15/2026 7:32 PM,mobrien
12305,Garage Beer 16oz Shaker - GLASSES,10766,Garage,,Hawthorne,7863443,7/16/2026,Garage Beer,Garage Beer,7/16/2026 8:00 AM,chrishope,7/15/2026 7:32 PM,mobrien
12304,Modelo Futbol 16oz Shaker,17309,Modelo Especial,,Hawthorne,7863442,7/16/2026,Modelo Especial,Constellation Brands,7/16/2026 8:00 AM,chrishope,7/15/2026 7:31 PM,allisonscott
12303,Coors Light Small LED,13295,Coors Light,,Hawthorne,7863439,7/16/2026,Coors Light,MolsonCoors Beverage Company,7/16/2026 8:00 AM,chrishope,7/15/2026 7:26 PM,jtabasco
12302,Corona DDLM LED - LED,15277,Corona Extra,,Hawthorne,7863438,7/16/2026,Corona Extra,Constellation Brands,7/16/2026 8:00 AM,chrishope,7/15/2026 7:26 PM,jtabasco
12301,Modelo Chelada LED - LED,12797,Modelo Especial,,Hawthorne,7863437,7/16/2026,Modelo Especial,Constellation Brands,7/16/2026 8:00 AM,chrishope,7/15/2026 7:26 PM,jtabasco
12300,Pacifico Adventure Awaits LED,14910,Pacifico,,Hawthorne,7863436,7/16/2026,Pacifico,Constellation Brands,7/16/2026 8:01 AM,chrishope,7/15/2026 7:26 PM,jtabasco
12299,Twisted Tea Outdoors LED,17505,Twisted Tea Original,,Hawthorne,7863435,7/16/2026,Twisted Tea,Boston Beer Company,7/16/2026 8:01 AM,chrishope,7/15/2026 7:26 PM,jtabasco
12298,Yuengling Lager Glass LED,17511,Yuengling Lager,,Hawthorne,7863434,7/16/2026,Yuengling Lager,DG Yuengling Inc,7/16/2026 8:01 AM,chrishope,7/15/2026 7:26 PM,jtabasco
12297,Corona Flex Bottle LED,16313,Corona Extra,,Hawthorne,7863119,7/16/2026,Corona Extra,Constellation Brands,7/16/2026 8:00 AM,chrishope,7/15/2026 6:12 PM,mobrien
12296,Coors Light 16oz Shaker - Glasses,13130,Coors Light,,Hawthorne,7862824,7/16/2026,Coors Light,MolsonCoors Beverage Company,7/16/2026 8:00 AM,chrishope,7/15/2026 5:33 PM,anthonypalmi
12295,Coors Light 16oz Shaker - Glasses,13129,Coors Light,,Hawthorne,7862823,7/16/2026,Coors Light,MolsonCoors Beverage Company,7/16/2026 8:00 AM,chrishope,7/15/2026 5:33 PM,anthonypalmi
12294,Modelo Futbol 16oz Shaker,17311,Modelo Especial,,Hawthorne,7862773,7/16/2026,Modelo Especial,Constellation Brands,7/16/2026 8:01 AM,chrishope,7/15/2026 5:18 PM,allisonscott
12293,Modelo Futbol 16oz Shaker,17310,Modelo Especial,,Hawthorne,7862772,7/16/2026,Modelo Especial,Constellation Brands,7/16/2026 8:01 AM,chrishope,7/15/2026 5:18 PM,allisonscott
12292,Modelo Futbol 16oz Shaker,17313,Modelo Especial,,Hawthorne,7862771,7/16/2026,Modelo Especial,Constellation Brands,7/16/2026 8:01 AM,chrishope,7/15/2026 5:18 PM,allisonscott
12291,Modelo Futbol 16oz Shaker,17312,Modelo Especial,,Hawthorne,7862770,7/16/2026,Modelo Especial,Constellation Brands,7/16/2026 8:01 AM,chrishope,7/15/2026 5:18 PM,allisonscott
12290,Corona Light A Frame,16075,Corona Light,,Hawthorne,7862765,7/16/2026,Corona Light,Constellation Brands,7/16/2026 8:00 AM,chrishope,7/15/2026 5:17 PM,allisonscott
12289,Blue Moon Patio Umbrella - PATIO UMBRELLA,17631,Blue Moon,,Hawthorne,7862764,7/16/2026,Blue Moon,MolsonCoors Beverage Company,7/16/2026 8:00 AM,chrishope,7/15/2026 5:17 PM,allisonscott
12288,Blue Moon Patio Umbrella - PATIO UMBRELLA,17630,Blue Moon,,Hawthorne,7862763,7/16/2026,Blue Moon,MolsonCoors Beverage Company,7/16/2026 8:00 AM,chrishope,7/15/2026 5:17 PM,allisonscott
12287,Miller Lite 16oz shaker - Glasses,12987,Miller Lite,,Hawthorne,7862740,7/16/2026,Lite,MolsonCoors Beverage Company,7/16/2026 8:00 AM,chrishope,7/15/2026 4:46 PM,briansengebu
12286,Miller Lite 16oz shaker - Glasses,12986,Miller Lite,,Hawthorne,7862739,7/16/2026,Lite,MolsonCoors Beverage Company,7/16/2026 8:00 AM,chrishope,7/15/2026 4:46 PM,briansengebu
12285,Miller Lite America 250 Grizzly cooler,17363,Miller Lite,,Hawthorne,7862738,7/16/2026,Lite,MolsonCoors Beverage Company,7/16/2026 8:00 AM,chrishope,7/15/2026 4:46 PM,briansengebu
12284,Garage Beer 16oz Shaker - GLASSES,16227,Garage,,Hawthorne,7862736,7/16/2026,Garage Beer,Garage Beer,7/16/2026 9:16 AM,chrishope,7/15/2026 4:37 PM,jaimecolonna
12283,Garage Beer 16oz Shaker - GLASSES,10768,Garage,,Hawthorne,7862735,7/16/2026,Garage Beer,Garage Beer,7/16/2026 9:16 AM,chrishope,7/15/2026 4:37 PM,jaimecolonna
12282,(TG)Hofbrau Mug 0.5 Liter - GLASSES,,Hofbrau,,Hawthorne,7862734,,Hofbrau Usa,Hofbrauhaus USA,7/15/2026 4:37 PM,jaimecolonna,7/15/2026 4:37 PM,jaimecolonna
12281,(TG)Hofbrau Mug 0.5 Liter - GLASSES,,Hofbrau,,Hawthorne,7862733,,Hofbrau Usa,Hofbrauhaus USA,7/15/2026 4:37 PM,jaimecolonna,7/15/2026 4:37 PM,jaimecolonna
12280,(TG)Hofbrau Mug 0.5 Liter - GLASSES,,Hofbrau,,Hawthorne,7862732,,Hofbrau Usa,Hofbrauhaus USA,7/15/2026 4:37 PM,jaimecolonna,7/15/2026 4:37 PM,jaimecolonna
12279,(TG)Hofbrau Mug 0.5 Liter - GLASSES,,Hofbrau,,Hawthorne,7862731,,Hofbrau Usa,Hofbrauhaus USA,7/15/2026 4:37 PM,jaimecolonna,7/15/2026 4:37 PM,jaimecolonna
12278,(TG)Hofbrau Mug 0.5 Liter - GLASSES,,Hofbrau,,Hawthorne,7862730,,Hofbrau Usa,Hofbrauhaus USA,7/15/2026 4:37 PM,jaimecolonna,7/15/2026 4:37 PM,jaimecolonna
12277,(TG)Hofbrau Mug 0.5 Liter - GLASSES,,Hofbrau,,Hawthorne,7862729,,Hofbrau Usa,Hofbrauhaus USA,7/15/2026 4:37 PM,jaimecolonna,7/15/2026 4:37 PM,jaimecolonna
12276,(TG)Hofbrau Mug 0.5 Liter - GLASSES,,Hofbrau,,Hawthorne,7862728,,Hofbrau Usa,Hofbrauhaus USA,7/15/2026 4:37 PM,jaimecolonna,7/15/2026 4:37 PM,jaimecolonna
12275,(TG)Hofbrau Mug 0.5 Liter - GLASSES,,Hofbrau,,Hawthorne,7862727,,Hofbrau Usa,Hofbrauhaus USA,7/15/2026 4:37 PM,jaimecolonna,7/15/2026 4:37 PM,jaimecolonna
12274,(TG)Hofbrau Mug 1 Liter - Glasses,,Hofbrau,,Hawthorne,7862726,,Hofbrau Usa,Hofbrauhaus USA,7/15/2026 4:37 PM,jaimecolonna,7/15/2026 4:37 PM,jaimecolonna
12273,(TG)Hofbrau Mug 1 Liter - Glasses,,Hofbrau,,Hawthorne,7862725,,Hofbrau Usa,Hofbrauhaus USA,7/15/2026 4:37 PM,jaimecolonna,7/15/2026 4:37 PM,jaimecolonna
12272,(TG)Hofbrau Mug 1 Liter - Glasses,,Hofbrau,,Hawthorne,7862724,,Hofbrau Usa,Hofbrauhaus USA,7/15/2026 4:37 PM,jaimecolonna,7/15/2026 4:37 PM,jaimecolonna
12271,(TG)Hofbrau Mug 1 Liter - Glasses,,Hofbrau,,Hawthorne,7862723,,Hofbrau Usa,Hofbrauhaus USA,7/15/2026 4:37 PM,jaimecolonna,7/15/2026 4:37 PM,jaimecolonna
12270,(TG)Hofbrau Mug 1 Liter - Glasses,,Hofbrau,,Hawthorne,7862722,,Hofbrau Usa,Hofbrauhaus USA,7/15/2026 4:37 PM,jaimecolonna,7/15/2026 4:37 PM,jaimecolonna
12269,(TG)Hofbrau Mug 1 Liter - Glasses,,Hofbrau,,Hawthorne,7862721,,Hofbrau Usa,Hofbrauhaus USA,7/15/2026 4:37 PM,jaimecolonna,7/15/2026 4:37 PM,jaimecolonna
12268,(TG)Hofbrau Mug 1 Liter - Glasses,,Hofbrau,,Hawthorne,7862720,,Hofbrau Usa,Hofbrauhaus USA,7/15/2026 4:37 PM,jaimecolonna,7/15/2026 4:37 PM,jaimecolonna
12267,(TG)Hofbrau Mug 1 Liter - Glasses,,Hofbrau,,Hawthorne,7862719,,Hofbrau Usa,Hofbrauhaus USA,7/15/2026 4:37 PM,jaimecolonna,7/15/2026 4:37 PM,jaimecolonna
12266,(TG)Hofbrau Mug 0.5 Liter - GLASSES,,Hofbrau,,Hawthorne,7862718,,Hofbrau Usa,Hofbrauhaus USA,7/15/2026 4:27 PM,jaimecolonna,7/15/2026 4:27 PM,jaimecolonna
12265,(TG)Hofbrau Mug 0.5 Liter - GLASSES,,Hofbrau,,Hawthorne,7862717,,Hofbrau Usa,Hofbrauhaus USA,7/15/2026 4:27 PM,jaimecolonna,7/15/2026 4:27 PM,jaimecolonna
12264,(TG)Hofbrau Mug 0.5 Liter - GLASSES,,Hofbrau,,Hawthorne,7862716,,Hofbrau Usa,Hofbrauhaus USA,7/15/2026 4:27 PM,jaimecolonna,7/15/2026 4:27 PM,jaimecolonna
12263,(TG)Hofbrau Mug 0.5 Liter - GLASSES,,Hofbrau,,Hawthorne,7862715,,Hofbrau Usa,Hofbrauhaus USA,7/15/2026 4:27 PM,jaimecolonna,7/15/2026 4:27 PM,jaimecolonna
12262,(TG)Hofbrau Mug 0.5 Liter - GLASSES,,Hofbrau,,Hawthorne,7862714,,Hofbrau Usa,Hofbrauhaus USA,7/15/2026 4:27 PM,jaimecolonna,7/15/2026 4:27 PM,jaimecolonna
12261,(TG)Hofbrau Mug 0.5 Liter - GLASSES,,Hofbrau,,Hawthorne,7862713,,Hofbrau Usa,Hofbrauhaus USA,7/15/2026 4:27 PM,jaimecolonna,7/15/2026 4:27 PM,jaimecolonna
12260,(TG)Hofbrau Mug 0.5 Liter - GLASSES,,Hofbrau,,Hawthorne,7862712,,Hofbrau Usa,Hofbrauhaus USA,7/15/2026 4:27 PM,jaimecolonna,7/15/2026 4:27 PM,jaimecolonna
12259,(TG)Hofbrau Mug 0.5 Liter - GLASSES,,Hofbrau,,Hawthorne,7862711,,Hofbrau Usa,Hofbrauhaus USA,7/15/2026 4:27 PM,jaimecolonna,7/15/2026 4:27 PM,jaimecolonna
12258,(TG)Hofbrau Mug 0.5 Liter - GLASSES,,Hofbrau,,Hawthorne,7862710,,Hofbrau Usa,Hofbrauhaus USA,7/15/2026 4:27 PM,jaimecolonna,7/15/2026 4:27 PM,jaimecolonna
12257,(TG)Hofbrau Mug 0.5 Liter - GLASSES,,Hofbrau,,Hawthorne,7862709,,Hofbrau Usa,Hofbrauhaus USA,7/15/2026 4:27 PM,jaimecolonna,7/15/2026 4:27 PM,jaimecolonna
12256,(TG)Hofbrau Mug 1 Liter - Glasses,,Hofbrau,,Hawthorne,7862708,,Hofbrau Usa,Hofbrauhaus USA,7/15/2026 4:27 PM,jaimecolonna,7/15/2026 4:27 PM,jaimecolonna
12255,(TG)Hofbrau Mug 1 Liter - Glasses,,Hofbrau,,Hawthorne,7862707,,Hofbrau Usa,Hofbrauhaus USA,7/15/2026 4:27 PM,jaimecolonna,7/15/2026 4:27 PM,jaimecolonna
12254,(TG)Hofbrau Mug 1 Liter - Glasses,,Hofbrau,,Hawthorne,7862706,,Hofbrau Usa,Hofbrauhaus USA,7/15/2026 4:27 PM,jaimecolonna,7/15/2026 4:27 PM,jaimecolonna
12253,(TG)Hofbrau Mug 1 Liter - Glasses,,Hofbrau,,Hawthorne,7862705,,Hofbrau Usa,Hofbrauhaus USA,7/15/2026 4:27 PM,jaimecolonna,7/15/2026 4:27 PM,jaimecolonna
12252,(TG)Hofbrau Mug 1 Liter - Glasses,,Hofbrau,,Hawthorne,7862704,,Hofbrau Usa,Hofbrauhaus USA,7/15/2026 4:27 PM,jaimecolonna,7/15/2026 4:27 PM,jaimecolonna
12251,(TG)Hofbrau Mug 1 Liter - Glasses,,Hofbrau,,Hawthorne,7862703,,Hofbrau Usa,Hofbrauhaus USA,7/15/2026 4:27 PM,jaimecolonna,7/15/2026 4:27 PM,jaimecolonna
12250,(TG)Hofbrau Mug 1 Liter - Glasses,,Hofbrau,,Hawthorne,7862702,,Hofbrau Usa,Hofbrauhaus USA,7/15/2026 4:27 PM,jaimecolonna,7/15/2026 4:27 PM,jaimecolonna
12249,(TG)Hofbrau Mug 1 Liter - Glasses,,Hofbrau,,Hawthorne,7862701,,Hofbrau Usa,Hofbrauhaus USA,7/15/2026 4:27 PM,jaimecolonna,7/15/2026 4:27 PM,jaimecolonna
12248,(TG)Hofbrau Mug 1 Liter - Glasses,,Hofbrau,,Hawthorne,7862700,,Hofbrau Usa,Hofbrauhaus USA,7/15/2026 4:27 PM,jaimecolonna,7/15/2026 4:27 PM,jaimecolonna
12247,(TG)Hofbrau Mug 1 Liter - Glasses,,Hofbrau,,Hawthorne,7862699,,Hofbrau Usa,Hofbrauhaus USA,7/15/2026 4:27 PM,jaimecolonna,7/15/2026 4:27 PM,jaimecolonna
12246,Evil Genius 16oz shaker - Glasses,,EVIL GENIUS,,Hawthorne,7862698,,Evil Genius,Evil Genius,7/15/2026 4:27 PM,jaimecolonna,7/15/2026 4:27 PM,jaimecolonna
12245,Evil Genius 16oz shaker - Glasses,,EVIL GENIUS,,Hawthorne,7862697,,Evil Genius,Evil Genius,7/15/2026 4:27 PM,jaimecolonna,7/15/2026 4:27 PM,jaimecolonna
12244,*CP* Suncruiser Nautical Ring,15716,Sun Cruiser Classic Iced Tea,,Hawthorne,7862696,7/16/2026,Sun Cruiser,Boston Beer Company,7/16/2026 8:00 AM,chrishope,7/15/2026 3:47 PM,allisonscott
12243,*CP* Suncruiser Nautical Ring,15715,Sun Cruiser Classic Iced Tea,,Hawthorne,7862695,7/16/2026,Sun Cruiser,Boston Beer Company,7/16/2026 8:00 AM,chrishope,7/15/2026 3:47 PM,allisonscott
12242,*CP* Suncruiser Beach Chair,15777,Sun Cruiser Classic Iced Tea,,Hawthorne,7862694,7/16/2026,Sun Cruiser,Boston Beer Company,7/16/2026 8:00 AM,chrishope,7/15/2026 3:47 PM,allisonscott
12241,Modelo Futbol 16oz Shaker,17308,Modelo Especial,,Hawthorne,7862693,7/16/2026,Modelo Especial,Constellation Brands,7/16/2026 8:00 AM,chrishope,7/15/2026 3:47 PM,allisonscott
12240,Modelo Futbol 16oz Shaker,17307,Modelo Especial,,Hawthorne,7862692,7/16/2026,Modelo Especial,Constellation Brands,7/16/2026 8:00 AM,chrishope,7/15/2026 3:47 PM,allisonscott
12239,24 oz Glide racks,,Coors Light,,Hawthorne,7862686,,Coors Light,MolsonCoors Beverage Company,7/15/2026 3:15 PM,plopez,7/15/2026 3:15 PM,plopez
12238,*SD* Montauk Grizzly Cooler,15550,Montauk Pilsner,,Hawthorne,7862685,7/16/2026,Montauk,Montauk Brewing Co,7/16/2026 8:35 AM,chrishope,7/15/2026 2:52 PM,mharboy
12237,Montauk Beach Wagon - DEALER LOADER,17139,Montauk Pilsner,,Hawthorne,7862684,7/16/2026,Montauk,Montauk Brewing Co,7/16/2026 8:35 AM,chrishope,7/15/2026 2:52 PM,mharboy
12236,Montauk LED - LED,12712,Montauk Pilsner,,Hawthorne,7862683,7/16/2026,Montauk,Montauk Brewing Co,7/16/2026 8:01 AM,chrishope,7/15/2026 2:52 PM,mharboy
12235,*DD* Peroni Foosball Cooler,15943,Peroni,,Hawthorne,7862680,7/16/2026,Peroni,MolsonCoors Beverage Company,7/16/2026 8:05 AM,chrishope,7/15/2026 2:46 PM,robinfeldman
12234,**CP** Suncruiser PaddleBoard,17253,Sun Cruiser Classic Iced Tea,,Hawthorne,7862671,7/16/2026,Sun Cruiser,Boston Beer Company,7/16/2026 8:00 AM,chrishope,7/15/2026 2:27 PM,shanebarreca
12233,(CM)Coors Light 16oz Cups - PLASTIC CUPS,16809,Coors Light,,Hawthorne,7862664,7/16/2026,Coors Light,MolsonCoors Beverage Company,7/16/2026 8:00 AM,chrishope,7/15/2026 2:24 PM,nickmelissar
12232,Garage Beer 16oz Shaker - GLASSES,10767,Garage,,Hawthorne,7862657,7/16/2026,Garage Beer,Garage Beer,7/16/2026 8:00 AM,chrishope,7/15/2026 1:40 PM,mharboy
12231,Montauk LED - LED,12713,Montauk Pilsner,,Hawthorne,7862656,7/16/2026,Montauk,Montauk Brewing Co,7/16/2026 8:01 AM,chrishope,7/15/2026 1:39 PM,mharboy
12230,*SD* Garage Beer Eagle LED,16218,Garage,,Hawthorne,7862655,7/16/2026,Garage Beer,Garage Beer,7/16/2026 8:00 AM,chrishope,7/15/2026 1:36 PM,mharboy
12229,*DD* Coors Light Speaker Cooler,17555,Coors Light,,Hawthorne,7862645,7/16/2026,Coors Light,MolsonCoors Beverage Company,7/16/2026 8:00 AM,chrishope,7/15/2026 1:12 PM,anthonypalmi
12228,*SH* Corona Golf Bag,15250,Corona Extra,,Hawthorne,7862644,7/16/2026,Corona Extra,Constellation Brands,7/16/2026 8:00 AM,chrishope,7/15/2026 1:12 PM,anthonypalmi
12227,*SH* Corona Golf Bag,15249,Corona Extra,,Hawthorne,7862643,7/16/2026,Corona Extra,Constellation Brands,7/16/2026 8:00 AM,chrishope,7/15/2026 1:12 PM,anthonypalmi
12226,Blue Moon Patio Umbrella - PATIO UMBRELLA,17629,Blue Moon,,Hawthorne,7862638,7/16/2026,Blue Moon,MolsonCoors Beverage Company,7/16/2026 8:00 AM,chrishope,7/15/2026 12:50 PM,briansengebu
12225,Blue Moon Patio Umbrella - PATIO UMBRELLA,17628,Blue Moon,,Hawthorne,7862637,7/16/2026,Blue Moon,MolsonCoors Beverage Company,7/16/2026 8:00 AM,chrishope,7/15/2026 12:50 PM,briansengebu
12224,Blue Moon Patio Umbrella - PATIO UMBRELLA,17627,Blue Moon,,Hawthorne,7862636,7/16/2026,Blue Moon,MolsonCoors Beverage Company,7/16/2026 8:00 AM,chrishope,7/15/2026 12:50 PM,briansengebu
12223,*DD* Coors Light Golf Bag,15030,Coors Light,,Hawthorne,7862635,7/16/2026,Coors Light,MolsonCoors Beverage Company,7/16/2026 8:05 AM,chrishope,7/15/2026 12:45 PM,robinfeldman
12222,Blue Moon Patio Umbrella - PATIO UMBRELLA,17633,Blue Moon,,Hawthorne,7862626,7/16/2026,Blue Moon,MolsonCoors Beverage Company,7/16/2026 8:36 AM,chrishope,7/15/2026 12:12 PM,plopez
12221,Blue Moon Patio Umbrella - PATIO UMBRELLA,17632,Blue Moon,,Hawthorne,7862625,7/16/2026,Blue Moon,MolsonCoors Beverage Company,7/16/2026 8:36 AM,chrishope,7/15/2026 12:12 PM,plopez
12220,(SH)Modelo 16oz plastic cups - PLASTIC CUPS,16144,Modelo Especial,,Hawthorne,7862624,7/16/2026,Modelo Especial,Constellation Brands,7/16/2026 8:36 AM,chrishope,7/15/2026 12:09 PM,plopez
12219,*SD* Garage Beer Eagle LED,16217,Garage,,Hawthorne,7862560,7/15/2026,Garage Beer,Garage Beer,7/15/2026 11:44 AM,chrishope,7/15/2026 11:19 AM,shanebarreca
12218,Modelo Chelada LED - LED,12796,Modelo Especial,,Hawthorne,7862551,7/15/2026,Modelo Especial,Constellation Brands,7/15/2026 11:44 AM,chrishope,7/15/2026 10:43 AM,mattpowiersk
12217,*CP* Twisted Tea Inflatable Chair,15533,Twisted Tea Original,,Hawthorne,7862470,7/15/2026,Twisted Tea,Boston Beer Company,7/15/2026 9:04 AM,chrishope,7/15/2026 9:03 AM,chrishope
12216,White Claw Beach Wagon-Dealer Loader,17489,White Claw,,Hawthorne,7862469,7/15/2026,White Claw,Mark Anthony,7/15/2026 9:04 AM,chrishope,7/15/2026 9:03 AM,chrishope
12215,(SH)Modelo Gold Cooler - DEALER LOADER,17613,Modelo Especial,,Hawthorne,7862468,7/15/2026,Modelo Especial,Constellation Brands,7/15/2026 9:04 AM,chrishope,7/15/2026 9:03 AM,chrishope
12214,Yuengling Flight Kanga Cooler,17237,Yuengling Flight,,Hawthorne,7862467,7/15/2026,Yuengling Flight,DG Yuengling Inc,7/15/2026 9:05 AM,chrishope,7/15/2026 9:03 AM,chrishope
12213,*SH* Corona Premier Golf Bag,15193,Corona Premier,,Hawthorne,7862466,7/15/2026,Corona Premier,Constellation Brands,7/15/2026 9:04 AM,chrishope,7/15/2026 9:03 AM,chrishope
12212,*CP* Carbliss Cornhole,17657,Carbliss Black Cherry,,Hawthorne,7862463,7/15/2026,Carbliss,SN Food & Beverage LLC,7/15/2026 9:04 AM,chrishope,7/15/2026 8:53 AM,paulmclaughl
12211,Modelo Futbol 16oz Shaker,17306,Modelo Especial,,Hawthorne,7862460,7/15/2026,Modelo Especial,Constellation Brands,7/15/2026 9:07 AM,chrishope,7/15/2026 8:34 AM,nmicco
12210,*CP* Suncruiser Beach Wagon,15750,Sun Cruiser Classic Iced Tea,,Hawthorne,7855433,7/15/2026,Sun Cruiser,Boston Beer Company,7/15/2026 7:49 AM,chrishope,7/14/2026 3:30 PM,mikeast
12209,1911 rack - MISCELLANEOUS,2056,1911,,Hawthorne,7855432,7/15/2026,1911 Hard Cider,Beak & Skiff,7/15/2026 7:49 AM,chrishope,7/14/2026 3:28 PM,klejdilamo
12208,*CP* Carbliss Cornhole,,Carbliss Black Cherry,,Hawthorne,7855431,,Carbliss,SN Food & Beverage LLC,7/14/2026 3:27 PM,allisonscott,7/14/2026 3:27 PM,allisonscott
12207,*CP* Carbliss Cornhole,17658,Carbliss Black Cherry,,Hawthorne,7855430,7/15/2026,Carbliss,SN Food & Beverage LLC,7/15/2026 9:04 AM,chrishope,7/14/2026 3:27 PM,allisonscott
12206,*CP* Carbliss Patio Umbrella,17598,Carbliss Black Cherry,,Hawthorne,7855429,7/15/2026,Carbliss,SN Food & Beverage LLC,7/15/2026 7:49 AM,chrishope,7/14/2026 3:27 PM,allisonscott
12205,*CP* Carbliss Patio Umbrella,17597,Carbliss Black Cherry,,Hawthorne,7855428,7/15/2026,Carbliss,SN Food & Beverage LLC,7/15/2026 7:49 AM,chrishope,7/14/2026 3:27 PM,allisonscott
12204,*CP* Carbliss Patio Umbrella,17596,Carbliss Black Cherry,,Hawthorne,7855427,7/15/2026,Carbliss,SN Food & Beverage LLC,7/15/2026 7:49 AM,chrishope,7/14/2026 3:27 PM,allisonscott
12203,*CP* Carbliss Patio Umbrella,17595,Carbliss Black Cherry,,Hawthorne,7855426,7/15/2026,Carbliss,SN Food & Beverage LLC,7/15/2026 7:49 AM,chrishope,7/14/2026 3:27 PM,allisonscott
12202,*DD* Coors Light Speaker Cooler,17554,Coors Light,,Hawthorne,7855395,7/15/2026,Coors Light,MolsonCoors Beverage Company,7/15/2026 7:49 AM,chrishope,7/14/2026 2:37 PM,anthonypalmi
12201,Coors Light Fishing LED,14777,Coors Light,,Hawthorne,7855360,7/15/2026,Coors Light,MolsonCoors Beverage Company,7/15/2026 7:49 AM,chrishope,7/14/2026 1:09 PM,mattpowiersk
12200,Corona DDLM LED - LED,15276,Corona Extra,,Hawthorne,7855359,7/15/2026,Corona Extra,Constellation Brands,7/15/2026 7:49 AM,chrishope,7/14/2026 1:09 PM,mattpowiersk
12199,Pacifico Surf LED,16519,Pacifico,,Hawthorne,7855358,7/15/2026,Pacifico,Constellation Brands,7/15/2026 7:50 AM,chrishope,7/14/2026 1:09 PM,mattpowiersk
12198,Sapporo Round LED - LED,17346,Sapporo Premium,,Hawthorne,7855357,7/15/2026,Sapporo,Sapporo,7/15/2026 7:50 AM,chrishope,7/14/2026 1:09 PM,mattpowiersk
12197,*CP* Carbliss Cornhole,17656,Carbliss Black Cherry,,Hawthorne,7855350,7/15/2026,Carbliss,SN Food & Beverage LLC,7/15/2026 9:04 AM,chrishope,7/14/2026 12:31 PM,nickmelissar
12196,24 oz Glide racks,14030,Coors Light,,Hawthorne,7855347,7/14/2026,Coors Light,MolsonCoors Beverage Company,7/15/2026 7:52 AM,chrishope,7/14/2026 12:20 PM,pryan
12195,24 oz Glide racks,14029,Coors Light,,Hawthorne,7855346,7/14/2026,Coors Light,MolsonCoors Beverage Company,7/15/2026 7:52 AM,chrishope,7/14/2026 12:20 PM,pryan
12194,24 oz Glide racks,14028,Coors Light,,Hawthorne,7855345,7/14/2026,Coors Light,MolsonCoors Beverage Company,7/15/2026 7:52 AM,chrishope,7/14/2026 12:20 PM,pryan
12193,Corona Metal Cooler - DEALER LOADER,17229,Corona Extra,,Hawthorne,7855292,7/15/2026,Corona Extra,Constellation Brands,7/15/2026 10:55 AM,chrishope,7/14/2026 12:05 PM,jaysonromine
12192,(SH)Modelo Gold Cooler - DEALER LOADER,17612,Modelo Especial,,Hawthorne,7855274,7/14/2026,Modelo Especial,Constellation Brands,7/14/2026 11:52 AM,chrishope,7/14/2026 11:10 AM,mattpowiersk
12191,*CP* Carbliss Patio Umbrella,17594,Carbliss Black Cherry,,Hawthorne,7855256,7/15/2026,Carbliss,SN Food & Beverage LLC,7/15/2026 7:49 AM,chrishope,7/14/2026 10:42 AM,paulmclaughl
12190,*CP* Carbliss Patio Umbrella,17593,Carbliss Black Cherry,,Hawthorne,7855255,7/15/2026,Carbliss,SN Food & Beverage LLC,7/15/2026 7:49 AM,chrishope,7/14/2026 10:42 AM,paulmclaughl
12189,*CP* Carbliss Patio Umbrella,17592,Carbliss Black Cherry,,Hawthorne,7855254,7/15/2026,Carbliss,SN Food & Beverage LLC,7/15/2026 7:49 AM,chrishope,7/14/2026 10:42 AM,paulmclaughl
12188,*CP* Carbliss Patio Umbrella,17591,Carbliss Black Cherry,,Hawthorne,7855253,7/15/2026,Carbliss,SN Food & Beverage LLC,7/15/2026 7:49 AM,chrishope,7/14/2026 10:42 AM,paulmclaughl
12187,*CP* Carbliss Patio Umbrella,17590,Carbliss Black Cherry,,Hawthorne,7855252,7/15/2026,Carbliss,SN Food & Beverage LLC,7/15/2026 7:49 AM,chrishope,7/14/2026 10:42 AM,paulmclaughl
12186,*CP* Carbliss Patio Umbrella,17589,Carbliss Black Cherry,,Hawthorne,7855251,7/15/2026,Carbliss,SN Food & Beverage LLC,7/15/2026 7:49 AM,chrishope,7/14/2026 10:42 AM,paulmclaughl
12185,*CP* Carbliss Patio Umbrella,17588,Carbliss Black Cherry,,Hawthorne,7855250,7/15/2026,Carbliss,SN Food & Beverage LLC,7/15/2026 7:49 AM,chrishope,7/14/2026 10:42 AM,paulmclaughl
12184,*CP* Carbliss Patio Umbrella,17587,Carbliss Black Cherry,,Hawthorne,7855249,7/15/2026,Carbliss,SN Food & Beverage LLC,7/15/2026 7:49 AM,chrishope,7/14/2026 10:42 AM,paulmclaughl
12183,*CP* Carbliss Patio Umbrella,17586,Carbliss Black Cherry,,Hawthorne,7855248,7/15/2026,Carbliss,SN Food & Beverage LLC,7/15/2026 7:49 AM,chrishope,7/14/2026 10:42 AM,paulmclaughl
12182,*CP* Carbliss Patio Umbrella,17585,Carbliss Black Cherry,,Hawthorne,7855247,7/15/2026,Carbliss,SN Food & Beverage LLC,7/15/2026 7:49 AM,chrishope,7/14/2026 10:42 AM,paulmclaughl
12181,*CP* Carbliss Patio Umbrella,17584,Carbliss Black Cherry,,Hawthorne,7855246,7/15/2026,Carbliss,SN Food & Beverage LLC,7/15/2026 7:49 AM,chrishope,7/14/2026 10:42 AM,paulmclaughl
12180,*CP* Carbliss Patio Umbrella,17583,Carbliss Black Cherry,,Hawthorne,7855245,7/15/2026,Carbliss,SN Food & Beverage LLC,7/15/2026 7:49 AM,chrishope,7/14/2026 10:42 AM,paulmclaughl
12179,*CP* Carbliss Patio Umbrella,17582,Carbliss Black Cherry,,Hawthorne,7855244,7/15/2026,Carbliss,SN Food & Beverage LLC,7/15/2026 7:49 AM,chrishope,7/14/2026 10:42 AM,paulmclaughl
12178,*CP* Carbliss Patio Umbrella,17581,Carbliss Black Cherry,,Hawthorne,7855243,7/15/2026,Carbliss,SN Food & Beverage LLC,7/15/2026 7:49 AM,chrishope,7/14/2026 10:42 AM,paulmclaughl
12177,*CP* Carbliss Patio Umbrella,17580,Carbliss Black Cherry,,Hawthorne,7855242,7/15/2026,Carbliss,SN Food & Beverage LLC,7/15/2026 7:49 AM,chrishope,7/14/2026 10:42 AM,paulmclaughl
12176,*CP* Carbliss Patio Umbrella,17579,Carbliss Black Cherry,,Hawthorne,7855241,7/15/2026,Carbliss,SN Food & Beverage LLC,7/15/2026 7:49 AM,chrishope,7/14/2026 10:42 AM,paulmclaughl
12175,*CP* Carbliss Patio Umbrella,17578,Carbliss Black Cherry,,Hawthorne,7855240,7/15/2026,Carbliss,SN Food & Beverage LLC,7/15/2026 7:49 AM,chrishope,7/14/2026 10:42 AM,paulmclaughl
12174,*CP* Carbliss Patio Umbrella,17577,Carbliss Black Cherry,,Hawthorne,7855239,7/15/2026,Carbliss,SN Food & Beverage LLC,7/15/2026 7:49 AM,chrishope,7/14/2026 10:42 AM,paulmclaughl
12173,*CP* Carbliss Patio Umbrella,17576,Carbliss Black Cherry,,Hawthorne,7855238,7/15/2026,Carbliss,SN Food & Beverage LLC,7/15/2026 7:49 AM,chrishope,7/14/2026 10:42 AM,paulmclaughl
12172,*CP* Carbliss Patio Umbrella,17575,Carbliss Black Cherry,,Hawthorne,7855237,7/15/2026,Carbliss,SN Food & Beverage LLC,7/15/2026 7:49 AM,chrishope,7/14/2026 10:42 AM,paulmclaughl
12171,Corona DDLM LED - LED,15275,Corona Extra,,Hawthorne,7855235,7/14/2026,Corona Extra,Constellation Brands,7/14/2026 11:52 AM,chrishope,7/14/2026 10:32 AM,mattpowiersk
12170,*PD* Coors Light Golf Bag,15005,Coors Light,,Hawthorne,7855181,7/14/2026,Coors Light,MolsonCoors Beverage Company,7/14/2026 11:52 AM,chrishope,7/14/2026 10:12 AM,jaysonromine
12169,Blue Moon Patio Umbrella - PATIO UMBRELLA,17626,Blue Moon,,Hawthorne,7855180,7/14/2026,Blue Moon,MolsonCoors Beverage Company,7/14/2026 11:52 AM,chrishope,7/14/2026 10:12 AM,jaysonromine
12168,*DD* Coors Light Electric Beach Wagon,17535,Coors Light,,Hawthorne,7855179,7/14/2026,Coors Light,MolsonCoors Beverage Company,7/14/2026 11:52 AM,chrishope,7/14/2026 10:12 AM,jaysonromine
12167,Corona Metal Cooler - DEALER LOADER,17228,Corona Extra,,Hawthorne,7855178,7/14/2026,Corona Extra,Constellation Brands,7/14/2026 11:52 AM,chrishope,7/14/2026 10:12 AM,jaysonromine
12166,Miller Lite America 250 Grizzly cooler,17362,Miller Lite,,Hawthorne,7855177,7/14/2026,Lite,MolsonCoors Beverage Company,7/14/2026 11:52 AM,chrishope,7/14/2026 10:12 AM,jaysonromine
12165,(PC)Yeungling Flight Golf Bag - DEALER LOADER,12777,Yuengling Flight,,Hawthorne,7855176,7/14/2026,Yuengling Flight,DG Yuengling Inc,7/14/2026 11:52 AM,chrishope,7/14/2026 10:12 AM,jaysonromine
12164,*FP* Coors Light Golf Bag,15013,Coors Light,,Hawthorne,7855173,7/14/2026,Coors Light,MolsonCoors Beverage Company,7/14/2026 11:52 AM,chrishope,7/14/2026 10:10 AM,chrishope
12163,*FP* Miller Lite Golf Bag,15109,Miller Lite,,Hawthorne,7855172,7/14/2026,Lite,MolsonCoors Beverage Company,7/14/2026 11:52 AM,chrishope,7/14/2026 10:10 AM,chrishope
12162,(CM)Coors Light 16oz Cups - PLASTIC CUPS,16808,Coors Light,,Hawthorne,7855162,7/14/2026,Coors Light,MolsonCoors Beverage Company,7/14/2026 11:52 AM,chrishope,7/14/2026 9:32 AM,briansengebu
12161,*DD* Coors Light Speaker Cooler,17553,Coors Light,,Hawthorne,7855111,7/14/2026,Coors Light,MolsonCoors Beverage Company,7/14/2026 7:59 AM,chrishope,7/14/2026 7:43 AM,anthonypalmi
12160,Corona Metal Cooler - DEALER LOADER,17227,Corona Extra,,Hawthorne,7855110,7/14/2026,Corona Extra,Constellation Brands,7/14/2026 8:00 AM,chrishope,7/14/2026 7:43 AM,anthonypalmi
12159,*SH* Corona Golf Bag,15248,Corona Extra,,Hawthorne,7855109,7/14/2026,Corona Extra,Constellation Brands,7/14/2026 7:59 AM,chrishope,7/14/2026 7:43 AM,anthonypalmi
12158,*PC* Yuengling Flight Beach Chair,16351,Yuengling Flight,,Hawthorne,7855108,7/14/2026,Yuengling Flight,DG Yuengling Inc,7/14/2026 7:59 AM,chrishope,7/14/2026 7:43 AM,anthonypalmi
12157,Sam Adams 22oz Perfect Pint - Glasses,12031,Sam Adams,,Hawthorne,7855104,7/14/2026,Samuel Adams,Boston Beer Company,7/14/2026 8:00 AM,chrishope,7/14/2026 6:48 AM,robinfeldman
12156,Sam Adams 22oz Perfect Pint - Glasses,12030,Sam Adams,,Hawthorne,7855103,7/14/2026,Samuel Adams,Boston Beer Company,7/14/2026 8:00 AM,chrishope,7/14/2026 6:48 AM,robinfeldman
12155,Miller Lite 16oz shaker - Glasses,12983,Miller Lite,,Hawthorne,7851357,7/14/2026,Lite,MolsonCoors Beverage Company,7/14/2026 7:52 AM,chrishope,7/13/2026 7:55 PM,allisonscott
12154,Miller Lite 16oz shaker - Glasses,12982,Miller Lite,,Hawthorne,7851356,7/14/2026,Lite,MolsonCoors Beverage Company,7/14/2026 7:52 AM,chrishope,7/13/2026 7:55 PM,allisonscott
12153,(CM)Coors Light 16oz Cups - PLASTIC CUPS,16807,Coors Light,,Hawthorne,7851355,7/14/2026,Coors Light,MolsonCoors Beverage Company,7/14/2026 7:51 AM,chrishope,7/13/2026 7:55 PM,allisonscott
12152,*CP* Carbliss Patio Umbrella,17574,Carbliss Black Cherry,,Hawthorne,7851354,7/14/2026,Carbliss,SN Food & Beverage LLC,7/14/2026 11:52 AM,chrishope,7/13/2026 7:51 PM,allisonscott
12151,*CP* Carbliss Patio Umbrella,17573,Carbliss Black Cherry,,Hawthorne,7851353,7/14/2026,Carbliss,SN Food & Beverage LLC,7/14/2026 11:52 AM,chrishope,7/13/2026 7:51 PM,allisonscott
12150,*CP* Carbliss Patio Umbrella,17572,Carbliss Black Cherry,,Hawthorne,7851352,7/14/2026,Carbliss,SN Food & Beverage LLC,7/14/2026 11:52 AM,chrishope,7/13/2026 7:51 PM,allisonscott
12149,*CP* Carbliss Patio Umbrella,17571,Carbliss Black Cherry,,Hawthorne,7851351,7/14/2026,Carbliss,SN Food & Beverage LLC,7/14/2026 11:52 AM,chrishope,7/13/2026 7:51 PM,allisonscott
12148,Coors Light 16oz Shaker - Glasses,13128,Coors Light,,Hawthorne,7851350,7/14/2026,Coors Light,MolsonCoors Beverage Company,7/14/2026 7:52 AM,chrishope,7/13/2026 7:51 PM,allisonscott
12147,Coors Light 16oz Shaker - Glasses,13127,Coors Light,,Hawthorne,7851349,7/14/2026,Coors Light,MolsonCoors Beverage Company,7/14/2026 7:52 AM,chrishope,7/13/2026 7:51 PM,allisonscott
12146,*CP* Suncruiser Beach Chair,15776,Sun Cruiser Classic Iced Tea,,Hawthorne,7851348,7/14/2026,Sun Cruiser,Boston Beer Company,7/14/2026 7:51 AM,chrishope,7/13/2026 7:51 PM,allisonscott
12145,Modelo 16oz Shaker - Glasses,12539,Modelo Especial,,Hawthorne,7851347,7/14/2026,Modelo Especial,Constellation Brands,7/14/2026 7:52 AM,chrishope,7/13/2026 7:51 PM,allisonscott
12144,Modelo 16oz Shaker - Glasses,12538,Modelo Especial,,Hawthorne,7851346,7/14/2026,Modelo Especial,Constellation Brands,7/14/2026 7:52 AM,chrishope,7/13/2026 7:51 PM,allisonscott
12143,Modelo 16oz Shaker - Glasses,12537,Modelo Especial,,Hawthorne,7851345,7/14/2026,Modelo Especial,Constellation Brands,7/14/2026 7:52 AM,chrishope,7/13/2026 7:47 PM,allisonscott
12142,Modelo 16oz Shaker - Glasses,12536,Modelo Especial,,Hawthorne,7851344,7/14/2026,Modelo Especial,Constellation Brands,7/14/2026 7:52 AM,chrishope,7/13/2026 7:47 PM,allisonscott
12141,Miller Lite 16oz shaker - Glasses,12985,Miller Lite,,Hawthorne,7850751,7/14/2026,Lite,MolsonCoors Beverage Company,7/14/2026 7:52 AM,chrishope,7/13/2026 4:37 PM,allisonscott
12140,Miller Lite 16oz shaker - Glasses,12984,Miller Lite,,Hawthorne,7850750,7/14/2026,Lite,MolsonCoors Beverage Company,7/14/2026 7:52 AM,chrishope,7/13/2026 4:37 PM,allisonscott
12139,(CM)Coors Light 16oz Cups - PLASTIC CUPS,16806,Coors Light,,Hawthorne,7850745,7/14/2026,Coors Light,MolsonCoors Beverage Company,7/14/2026 7:51 AM,chrishope,7/13/2026 3:48 PM,allisonscott
12138,*CP* Suncruiser Beach Wagon,15749,Sun Cruiser Classic Iced Tea,,Hawthorne,7850718,7/14/2026,Sun Cruiser,Boston Beer Company,7/14/2026 7:51 AM,chrishope,7/13/2026 3:29 PM,chrispayton
12137,Miller Lite America 250 Grizzly cooler,17361,Miller Lite,,Hawthorne,7850581,7/14/2026,Lite,MolsonCoors Beverage Company,7/14/2026 7:52 AM,chrishope,7/13/2026 11:44 AM,nickmelissar
12136,*DD* Peroni Foosball Cooler,15942,Peroni,,Hawthorne,7850580,7/14/2026,Peroni,MolsonCoors Beverage Company,7/14/2026 7:51 AM,chrishope,7/13/2026 11:44 AM,nickmelissar
12135,Modelo Soccer 16oz Shaker,,Modelo Especial,,Hawthorne,7850579,7/14/2026,Modelo Especial,Constellation Brands,7/14/2026 7:49 AM,chrishope,7/13/2026 11:44 AM,nickmelissar
12134,Modelo Soccer 16oz Shaker,,Modelo Especial,,Hawthorne,7850578,7/14/2026,Modelo Especial,Constellation Brands,7/14/2026 7:49 AM,chrishope,7/13/2026 11:44 AM,nickmelissar
12133,Modelo Futbol 16oz Shaker,17305,Modelo Especial,,Hawthorne,7850577,7/14/2026,Modelo Especial,Constellation Brands,7/14/2026 7:52 AM,chrishope,7/13/2026 11:44 AM,nickmelissar
12132,Modelo Futbol 16oz Shaker,17304,Modelo Especial,,Hawthorne,7850576,7/14/2026,Modelo Especial,Constellation Brands,7/14/2026 7:52 AM,chrishope,7/13/2026 11:44 AM,nickmelissar
12131,*DD* Peroni Foosball Cooler,15941,Peroni,,Hawthorne,7850575,7/14/2026,Peroni,MolsonCoors Beverage Company,7/14/2026 7:51 AM,chrishope,7/13/2026 11:44 AM,nickmelissar
12130,Coors Light 16oz Signature Shaker,12928,Coors Light,,Hawthorne,7850572,7/14/2026,Coors Light,MolsonCoors Beverage Company,7/14/2026 7:59 AM,chrishope,7/13/2026 11:29 AM,robinfeldman
12129,Coors Light 16oz Signature Shaker,12927,Coors Light,,Hawthorne,7850571,7/14/2026,Coors Light,MolsonCoors Beverage Company,7/14/2026 7:59 AM,chrishope,7/13/2026 11:29 AM,robinfeldman
12128,*CP* Carbliss Patio Umbrella,,Carbliss Black Cherry,,Hawthorne,7850568,,Carbliss,SN Food & Beverage LLC,7/13/2026 10:56 AM,chrishope,7/13/2026 10:56 AM,chrishope
12127,Modelo Soccer 16oz Shaker,13867,Modelo Especial,,Hawthorne,7850567,7/13/2026,Modelo Especial,Constellation Brands,7/13/2026 10:57 AM,chrishope,7/13/2026 10:56 AM,chrishope
12126,Modelo Soccer 16oz Shaker,13866,Modelo Especial,,Hawthorne,7850566,7/13/2026,Modelo Especial,Constellation Brands,7/13/2026 10:57 AM,chrishope,7/13/2026 10:56 AM,chrishope
12125,Modelo Soccer 16oz Shaker,13865,Modelo Especial,,Hawthorne,7850565,7/13/2026,Modelo Especial,Constellation Brands,7/13/2026 10:57 AM,chrishope,7/13/2026 10:56 AM,chrishope
12124,Modelo Soccer 16oz Shaker,13864,Modelo Especial,,Hawthorne,7850564,7/13/2026,Modelo Especial,Constellation Brands,7/13/2026 10:57 AM,chrishope,7/13/2026 10:56 AM,chrishope
12123,Modelo Soccer 16oz Shaker,13863,Modelo Especial,,Hawthorne,7850563,7/13/2026,Modelo Especial,Constellation Brands,7/13/2026 10:57 AM,chrishope,7/13/2026 10:56 AM,chrishope
12122,Modelo Soccer 16oz Shaker,13862,Modelo Especial,,Hawthorne,7850562,7/13/2026,Modelo Especial,Constellation Brands,7/13/2026 10:57 AM,chrishope,7/13/2026 10:56 AM,chrishope
12121,Modelo Soccer 16oz Shaker,13861,Modelo Especial,,Hawthorne,7850561,7/13/2026,Modelo Especial,Constellation Brands,7/13/2026 10:57 AM,chrishope,7/13/2026 10:56 AM,chrishope
12120,Modelo Soccer 16oz Shaker,13860,Modelo Especial,,Hawthorne,7850560,7/13/2026,Modelo Especial,Constellation Brands,7/13/2026 10:57 AM,chrishope,7/13/2026 10:56 AM,chrishope
12119,Modelo Soccer 16oz Shaker,13859,Modelo Especial,,Hawthorne,7850559,7/13/2026,Modelo Especial,Constellation Brands,7/13/2026 10:57 AM,chrishope,7/13/2026 10:56 AM,chrishope
12118,Modelo Soccer 16oz Shaker,13858,Modelo Especial,,Hawthorne,7850558,7/13/2026,Modelo Especial,Constellation Brands,7/13/2026 10:57 AM,chrishope,7/13/2026 10:56 AM,chrishope
12117,Modelo Soccer 16oz Shaker,13857,Modelo Especial,,Hawthorne,7850557,7/13/2026,Modelo Especial,Constellation Brands,7/13/2026 10:57 AM,chrishope,7/13/2026 10:56 AM,chrishope
12116,Modelo Soccer 16oz Shaker,13856,Modelo Especial,,Hawthorne,7850556,7/13/2026,Modelo Especial,Constellation Brands,7/13/2026 10:57 AM,chrishope,7/13/2026 10:56 AM,chrishope
12115,Modelo Soccer 16oz Shaker,13855,Modelo Especial,,Hawthorne,7850555,7/13/2026,Modelo Especial,Constellation Brands,7/13/2026 10:57 AM,chrishope,7/13/2026 10:56 AM,chrishope
12114,Modelo Soccer 16oz Shaker,13854,Modelo Especial,,Hawthorne,7850554,7/13/2026,Modelo Especial,Constellation Brands,7/13/2026 10:57 AM,chrishope,7/13/2026 10:56 AM,chrishope
12113,*DD* Coors Light Golf Bag,15029,Coors Light,,Hawthorne,7850547,7/14/2026,Coors Light,MolsonCoors Beverage Company,7/14/2026 7:59 AM,chrishope,7/13/2026 10:46 AM,robinfeldman
12112,Modelo Futbol 16oz Shaker,17303,Modelo Especial,,Hawthorne,7850546,7/13/2026,Modelo Especial,Constellation Brands,7/13/2026 10:57 AM,chrishope,7/13/2026 10:40 AM,chrispayton
12111,(SH)Modelo Gold Cooler - DEALER LOADER,17611,Modelo Especial,,Hawthorne,7850525,7/13/2026,Modelo Especial,Constellation Brands,7/13/2026 10:57 AM,chrishope,7/13/2026 9:43 AM,anthonypalmi
12110,Corona Metal Cooler - DEALER LOADER,17226,Corona Extra,,Hawthorne,7850524,7/13/2026,Corona Extra,Constellation Brands,7/13/2026 10:57 AM,chrishope,7/13/2026 9:37 AM,mattpowiersk
12109,Coors Light EGO Battery Blower/trimmer Combo,17561,Coors Light,,Hawthorne,7850522,7/13/2026,Coors Light,MolsonCoors Beverage Company,7/13/2026 9:10 AM,chrishope,7/13/2026 9:09 AM,chrishope
12108,*DD* Peroni Foosball Cooler,15940,Peroni,,Hawthorne,7850504,7/13/2026,Peroni,MolsonCoors Beverage Company,7/13/2026 8:20 AM,chrishope,7/13/2026 8:20 AM,pinfante
12107,*DD* Peroni Foosball Cooler,15939,Peroni,,Hawthorne,7850503,7/13/2026,Peroni,MolsonCoors Beverage Company,7/13/2026 8:20 AM,chrishope,7/13/2026 8:20 AM,pinfante
12106,*DD* Peroni Foosball Cooler,15938,Peroni,,Hawthorne,7850502,7/13/2026,Peroni,MolsonCoors Beverage Company,7/13/2026 8:20 AM,chrishope,7/13/2026 8:20 AM,pinfante
12105,*DD* Peroni Foosball Cooler,15937,Peroni,,Hawthorne,7850501,7/13/2026,Peroni,MolsonCoors Beverage Company,7/13/2026 8:20 AM,chrishope,7/13/2026 8:20 AM,pinfante
12104,*CM* Coors Light Golf Bag,14986,Coors Light,,Hawthorne,7846777,7/13/2026,Coors Light,MolsonCoors Beverage Company,7/13/2026 8:13 AM,chrishope,7/12/2026 8:18 PM,allisonscott
12103,*CM* Corona Premier Golf Bag,15140,Corona Premier,,Hawthorne,7846776,7/13/2026,Corona Premier,Constellation Brands,7/13/2026 8:13 AM,chrishope,7/12/2026 8:18 PM,allisonscott
12102,*CM* Miller Lite Golf Bag,15075,Miller Lite,,Hawthorne,7846775,7/13/2026,Lite,MolsonCoors Beverage Company,7/13/2026 8:13 AM,chrishope,7/12/2026 8:18 PM,allisonscott
12101,Miller Lite America 250 Grizzly cooler,17360,Miller Lite,,Hawthorne,7846774,7/13/2026,Lite,MolsonCoors Beverage Company,7/13/2026 8:13 AM,chrishope,7/12/2026 8:18 PM,allisonscott
12100,(PC)Yuengling Flight Golf Umbrella - DEALER LOADER,13954,Yuengling Flight,,Hawthorne,7846773,7/13/2026,Yuengling Flight,DG Yuengling Inc,7/13/2026 8:13 AM,chrishope,7/12/2026 8:18 PM,allisonscott
12099,*CP*SunCruiser Golf Bag,13361,Sun Cruiser Classic Iced Tea,,Hawthorne,7846772,7/13/2026,Sun Cruiser,Boston Beer Company,7/13/2026 8:13 AM,chrishope,7/12/2026 8:18 PM,allisonscott
12098,24 oz Glide racks,,Coors Light,,Hawthorne,7846449,,Coors Light,MolsonCoors Beverage Company,7/12/2026 5:06 PM,jaysonromine,7/12/2026 5:06 PM,jaysonromine
12097,Yuengling Stars ad Stripes 16oz Shaker,15568,Yuengling Lager,,Hawthorne,7846381,7/13/2026,Yuengling Lager,DG Yuengling Inc,7/13/2026 8:13 AM,chrishope,7/12/2026 10:51 AM,briansengebu
12096,Yuengling Stars ad Stripes 16oz Shaker,15567,Yuengling Lager,,Hawthorne,7846380,7/13/2026,Yuengling Lager,DG Yuengling Inc,7/13/2026 8:13 AM,chrishope,7/12/2026 10:51 AM,briansengebu
12095,Modelo Soccer 16oz Shaker,13853,Modelo Especial,,Hawthorne,7846379,7/13/2026,Modelo Especial,Constellation Brands,7/13/2026 8:13 AM,chrishope,7/12/2026 10:50 AM,briansengebu
12094,Modelo Soccer 16oz Shaker,13852,Modelo Especial,,Hawthorne,7846378,7/13/2026,Modelo Especial,Constellation Brands,7/13/2026 8:13 AM,chrishope,7/12/2026 10:50 AM,briansengebu
12093,Modelo Soccer 16oz Shaker,13851,Modelo Especial,,Hawthorne,7846377,7/13/2026,Modelo Especial,Constellation Brands,7/13/2026 8:13 AM,chrishope,7/12/2026 10:49 AM,briansengebu
12092,Modelo Soccer 16oz Shaker,13850,Modelo Especial,,Hawthorne,7846376,7/13/2026,Modelo Especial,Constellation Brands,7/13/2026 8:13 AM,chrishope,7/12/2026 10:49 AM,briansengebu
12091,Heinken Mets 6pack Rack,15693,Heineken,,Hawthorne,7840211,7/13/2026,Heineken USA,Heineken USA,7/13/2026 8:13 AM,chrishope,7/10/2026 1:06 PM,mobrien
12090,Corona Metal Cooler - DEALER LOADER,17225,Corona Extra,,Hawthorne,7840175,7/13/2026,Corona Extra,Constellation Brands,7/13/2026 8:52 AM,chrishope,7/10/2026 11:39 AM,chrishope
12089,*CP* Suncruiser Beach Chair,15775,Sun Cruiser Classic Iced Tea,,Hawthorne,7840174,7/10/2026,Sun Cruiser,Boston Beer Company,7/10/2026 11:18 AM,chrishope,7/10/2026 11:17 AM,chrishope
12088,Montauk Surfboard A-Frame - A-FRAME,3859,Montauk Pilsner,,Hawthorne,7840166,7/10/2026,Montauk,Montauk Brewing Co,7/10/2026 11:02 AM,chrishope,7/10/2026 10:29 AM,jaimecolonna
12087,Montauk Surfboard A-Frame - A-FRAME,3858,Montauk Pilsner,,Hawthorne,7840165,7/10/2026,Montauk,Montauk Brewing Co,7/10/2026 11:02 AM,chrishope,7/10/2026 10:29 AM,jaimecolonna
12086,Montauk Surfboard A-Frame - A-FRAME,3857,Montauk Pilsner,,Hawthorne,7840164,7/10/2026,Montauk,Montauk Brewing Co,7/10/2026 11:02 AM,chrishope,7/10/2026 10:29 AM,jaimecolonna
12085,Corona Metal Cooler - DEALER LOADER,17224,Corona Extra,,Hawthorne,7840156,7/10/2026,Corona Extra,Constellation Brands,7/10/2026 11:02 AM,chrishope,7/10/2026 9:14 AM,robinfeldman
12084,*CP* Carbliss 3 Can LED,17127,Carbliss Black Cherry,,Hawthorne,7840155,7/10/2026,Carbliss,SN Food & Beverage LLC,7/10/2026 11:02 AM,chrishope,7/10/2026 9:05 AM,briansengebu
12083,Corona Light 16oz Shaker,11983,Corona Light,,Hawthorne,7840149,7/10/2026,Corona Light,Constellation Brands,7/10/2026 11:02 AM,chrishope,7/10/2026 8:18 AM,nickmelissar
12082,Corona Light 16oz Shaker,11982,Corona Light,,Hawthorne,7840148,7/10/2026,Corona Light,Constellation Brands,7/10/2026 11:02 AM,chrishope,7/10/2026 8:18 AM,nickmelissar
12081,Modelo 16oz Shaker - Glasses,12532,Modelo Especial,,Hawthorne,7836751,7/10/2026,Modelo Especial,Constellation Brands,7/10/2026 7:46 AM,chrishope,7/9/2026 8:37 PM,javiermelo
12080,Modelo 16oz Shaker - Glasses,12531,Modelo Especial,,Hawthorne,7836750,7/10/2026,Modelo Especial,Constellation Brands,7/10/2026 7:46 AM,chrishope,7/9/2026 8:37 PM,javiermelo
12079,24 oz Glide racks,14027,Coors Light,,Hawthorne,7836747,7/10/2026,Coors Light,MolsonCoors Beverage Company,7/10/2026 7:46 AM,chrishope,7/9/2026 7:58 PM,javiermelo
12078,32oz Glide Racks,13973,Coors Light,,Hawthorne,7836746,7/10/2026,Coors Light,MolsonCoors Beverage Company,7/10/2026 7:46 AM,chrishope,7/9/2026 7:58 PM,javiermelo
12077,*SH* Modelo Futbol Team Color Changing LED,16533,Modelo Especial,,Hawthorne,7836701,7/10/2026,Modelo Especial,Constellation Brands,7/10/2026 7:46 AM,chrishope,7/9/2026 7:45 PM,javiermelo
12076,Cape May 16oz Shaker - Glasses,13882,Cape May,,Hawthorne,7836690,7/10/2026,Cape May,Cape May,7/10/2026 7:46 AM,chrishope,7/9/2026 7:11 PM,nickmelissar
12075,Cape May 16oz Shaker - Glasses,13881,Cape May,,Hawthorne,7836689,7/10/2026,Cape May,Cape May,7/10/2026 7:46 AM,chrishope,7/9/2026 7:11 PM,nickmelissar
12074,Modelo 16oz Shaker - Glasses,12535,Modelo Especial,,Hawthorne,7836688,7/10/2026,Modelo Especial,Constellation Brands,7/10/2026 7:46 AM,chrishope,7/9/2026 7:11 PM,nickmelissar
12073,Modelo 16oz Shaker - Glasses,12534,Modelo Especial,,Hawthorne,7836687,7/10/2026,Modelo Especial,Constellation Brands,7/10/2026 7:46 AM,chrishope,7/9/2026 7:11 PM,nickmelissar
12072,Modelo 16oz Shaker - Glasses,12533,Modelo Especial,,Hawthorne,7836686,7/10/2026,Modelo Especial,Constellation Brands,7/10/2026 7:46 AM,chrishope,7/9/2026 7:11 PM,nickmelissar
12071,Modelo Futbol 16oz Shaker,17299,Modelo Especial,,Hawthorne,7836685,7/10/2026,Modelo Especial,Constellation Brands,7/10/2026 7:46 AM,chrishope,7/9/2026 7:11 PM,nickmelissar
12070,Modelo Futbol 16oz Shaker,17298,Modelo Especial,,Hawthorne,7836684,7/10/2026,Modelo Especial,Constellation Brands,7/10/2026 7:46 AM,chrishope,7/9/2026 7:11 PM,nickmelissar
12069,Modelo Futbol 16oz Shaker,17297,Modelo Especial,,Hawthorne,7836683,7/10/2026,Modelo Especial,Constellation Brands,7/10/2026 7:46 AM,chrishope,7/9/2026 7:11 PM,nickmelissar
12068,Cape May 16oz Shaker - Glasses,13880,Cape May,,Hawthorne,7836682,7/10/2026,Cape May,Cape May,7/10/2026 7:46 AM,chrishope,7/9/2026 7:11 PM,nickmelissar
12067,Cape May 16oz Shaker - Glasses,13879,Cape May,,Hawthorne,7836681,7/10/2026,Cape May,Cape May,7/10/2026 7:46 AM,chrishope,7/9/2026 7:11 PM,nickmelissar
12066,Modelo Futbol 16oz Shaker,17302,Modelo Especial,,Hawthorne,7836410,7/10/2026,Modelo Especial,Constellation Brands,7/10/2026 7:46 AM,chrishope,7/9/2026 5:58 PM,nickmelissar
12065,Modelo Futbol 16oz Shaker,17301,Modelo Especial,,Hawthorne,7836409,7/10/2026,Modelo Especial,Constellation Brands,7/10/2026 7:46 AM,chrishope,7/9/2026 5:58 PM,nickmelissar
12064,Modelo Futbol 16oz Shaker,17300,Modelo Especial,,Hawthorne,7836408,7/10/2026,Modelo Especial,Constellation Brands,7/10/2026 7:46 AM,chrishope,7/9/2026 5:58 PM,nickmelissar
12063,Sixpoint A-Frame - A-FRAME,4174,Sixpoint,,Hawthorne,7836019,7/10/2026,Sixpoint,Sixpoint Brewing,7/10/2026 7:46 AM,chrishope,7/9/2026 2:03 PM,nickmelissar
12062,Stone 16oz Shaker,10734,Stone,,Hawthorne,7836018,7/10/2026,Stone Brewing,Stone Brewing,7/10/2026 7:46 AM,chrishope,7/9/2026 2:03 PM,nickmelissar
12061,Stone 16oz Shaker,10733,Stone,,Hawthorne,7836017,7/10/2026,Stone Brewing,Stone Brewing,7/10/2026 7:46 AM,chrishope,7/9/2026 2:03 PM,nickmelissar
12060,*CP* Carbliss Cooler Backpack,17396,Carbliss Black Cherry,,Hawthorne,7836001,7/13/2026,Carbliss,SN Food & Beverage LLC,7/13/2026 8:13 AM,chrishope,7/9/2026 12:46 PM,allisonscott
12059,Corona Light 16oz Shaker,11981,Corona Light,,Hawthorne,7836000,7/10/2026,Corona Light,Constellation Brands,7/10/2026 7:46 AM,chrishope,7/9/2026 12:44 PM,allisonscott
12058,Corona Light 16oz Shaker,11980,Corona Light,,Hawthorne,7835999,7/10/2026,Corona Light,Constellation Brands,7/10/2026 7:46 AM,chrishope,7/9/2026 12:44 PM,allisonscott
12057,Corona Light 16oz Shaker,11979,Corona Light,,Hawthorne,7835998,7/10/2026,Corona Light,Constellation Brands,7/10/2026 7:46 AM,chrishope,7/9/2026 12:44 PM,allisonscott
12056,Heinken Mets 6pack Rack,15692,Heineken,,Hawthorne,7835995,7/10/2026,Heineken USA,Heineken USA,7/10/2026 7:46 AM,chrishope,7/9/2026 12:20 PM,chrispayton
12055,*SH* White Claw 50in TV,16956,White Claw,,Hawthorne,7835922,7/10/2026,White Claw,Mark Anthony,7/10/2026 11:18 AM,chrishope,7/9/2026 9:39 AM,chrishope
12054,*DD* Coors Light Golf Bag,15028,Coors Light,,Hawthorne,7835898,7/9/2026,Coors Light,MolsonCoors Beverage Company,7/9/2026 8:14 AM,chrishope,7/9/2026 7:36 AM,nickmelissar
12053,Yuengling Lager Glass LED,17510,Yuengling Lager,,Hawthorne,7835897,7/9/2026,Yuengling Lager,DG Yuengling Inc,7/9/2026 8:18 AM,chrishope,7/9/2026 7:36 AM,nickmelissar
12052,(PC)Yeungling Flight Golf Bag - DEALER LOADER,12776,Yuengling Flight,,Hawthorne,7835896,7/9/2026,Yuengling Flight,DG Yuengling Inc,7/9/2026 8:14 AM,chrishope,7/9/2026 7:36 AM,nickmelissar
12051,Yuengling Flight Kanga Cooler,17236,Yuengling Flight,,Hawthorne,7835895,7/9/2026,Yuengling Flight,DG Yuengling Inc,7/9/2026 8:18 AM,chrishope,7/9/2026 7:36 AM,nickmelissar
12050,White Claw Beach Chair - DEALER LOADER,17484,White Claw,,Hawthorne,7835894,7/9/2026,White Claw,Mark Anthony,7/9/2026 8:18 AM,chrishope,7/9/2026 7:36 AM,nickmelissar
12049,Sam Adams Oct Ceramic stein - MISCELLANEOUS,11670,Sam Adams,,Hawthorne,7835893,7/9/2026,Samuel Adams,Boston Beer Company,7/9/2026 8:18 AM,chrishope,7/9/2026 7:36 AM,nickmelissar
12048,Sam Adams Oct Ceramic stein - MISCELLANEOUS,11669,Sam Adams,,Hawthorne,7835892,7/9/2026,Samuel Adams,Boston Beer Company,7/9/2026 8:18 AM,chrishope,7/9/2026 7:36 AM,nickmelissar
12047,Coors Light Fishing LED,14776,Coors Light,,Hawthorne,7835891,7/9/2026,Coors Light,MolsonCoors Beverage Company,7/9/2026 8:15 AM,chrishope,7/9/2026 7:36 AM,nickmelissar
12046,*SH* Corona Golf Bag,15247,Corona Extra,,Hawthorne,7835890,7/9/2026,Corona Extra,Constellation Brands,7/9/2026 8:15 AM,chrishope,7/9/2026 7:36 AM,nickmelissar
12045,Corona Metal Cooler - DEALER LOADER,17223,Corona Extra,,Hawthorne,7835889,7/9/2026,Corona Extra,Constellation Brands,7/9/2026 8:15 AM,chrishope,7/9/2026 7:36 AM,nickmelissar
12044,Corona MLB Logo LED,17118,Corona Extra,,Hawthorne,7835888,7/9/2026,Corona Extra,Constellation Brands,7/9/2026 8:15 AM,chrishope,7/9/2026 7:36 AM,nickmelissar
12043,Dos Equis Picture Frame Most Interesting Man,14512,Dos Equis Amber Lager,,Hawthorne,7835887,7/9/2026,Dos Equis,Heineken USA,7/9/2026 8:15 AM,chrishope,7/9/2026 7:36 AM,nickmelissar
12042,Leinenkugel Lake LED,12858,Leinenkugel's Summer Shandy,,Hawthorne,7835886,7/9/2026,Leinenkugel,MolsonCoors Beverage Company,7/9/2026 8:15 AM,chrishope,7/9/2026 7:36 AM,nickmelissar
12041,Miller Lite America 250 Grizzly cooler,17359,Miller Lite,,Hawthorne,7835885,7/9/2026,Lite,MolsonCoors Beverage Company,7/9/2026 8:15 AM,chrishope,7/9/2026 7:36 AM,nickmelissar
12040,*DD* Peroni Foosball Cooler,15936,Peroni,,Hawthorne,7835884,7/9/2026,Peroni,MolsonCoors Beverage Company,7/9/2026 8:15 AM,chrishope,7/9/2026 7:36 AM,nickmelissar
12039,Modelo Soccer Illuminated Sign,15422,Modelo Especial,,Hawthorne,7831622,7/16/2026,Modelo Especial,Constellation Brands,7/16/2026 8:36 AM,chrishope,7/8/2026 3:53 PM,plopez
12038,24 oz Glide racks,,Coors Light,,Hawthorne,7831609,,Coors Light,MolsonCoors Beverage Company,7/8/2026 2:49 PM,plopez,7/8/2026 2:49 PM,plopez
12037,Corona DDLM LED - LED,15274,Corona Extra,,Hawthorne,7831518,7/9/2026,Corona Extra,Constellation Brands,7/9/2026 8:15 AM,chrishope,7/8/2026 2:13 PM,anthonypalmi
12036,Modelo Soccer Illuminated Sign,15421,Modelo Especial,,Hawthorne,7831517,7/9/2026,Modelo Especial,Constellation Brands,7/9/2026 8:18 AM,chrishope,7/8/2026 2:13 PM,anthonypalmi
12035,Coors Light Fishing LED,14775,Coors Light,,Hawthorne,7831516,7/9/2026,Coors Light,MolsonCoors Beverage Company,7/9/2026 8:15 AM,chrishope,7/8/2026 2:13 PM,anthonypalmi
12034,White Claw Small LED,17501,White Claw,,Hawthorne,7831447,7/9/2026,White Claw,Mark Anthony,7/9/2026 8:18 AM,chrishope,7/8/2026 11:39 AM,mattpowiersk
12033,*CP*SunCruiser Golf Bag,13360,Sun Cruiser Classic Iced Tea,,Hawthorne,7831427,7/9/2026,Sun Cruiser,Boston Beer Company,7/9/2026 8:14 AM,chrishope,7/8/2026 11:14 AM,shanebarreca
12032,Montauk 16oz Shaker - Glasses,12295,Montauk Pilsner,,Hawthorne,7831405,7/9/2026,Montauk,Montauk Brewing Co,7/9/2026 8:18 AM,chrishope,7/8/2026 9:51 AM,jaimecolonna
12031,Corona Palm Tree - DEALER LOADER,16578,Corona Extra,,Hawthorne,7831402,7/8/2026,Corona Extra,Constellation Brands,7/8/2026 9:45 AM,chrishope,7/8/2026 9:45 AM,chrishope
12030,Corona Palm Tree - DEALER LOADER,16577,Corona Extra,,Hawthorne,7831401,7/8/2026,Corona Extra,Constellation Brands,7/8/2026 9:45 AM,chrishope,7/8/2026 9:45 AM,chrishope
12029,Corona Palm Tree - DEALER LOADER,16576,Corona Extra,,Hawthorne,7831400,7/8/2026,Corona Extra,Constellation Brands,7/8/2026 9:45 AM,chrishope,7/8/2026 9:45 AM,chrishope
12028,Coors Light Small LED,13294,Coors Light,,Hawthorne,7831334,7/8/2026,Coors Light,MolsonCoors Beverage Company,7/8/2026 8:42 AM,chrishope,7/8/2026 8:24 AM,nmicco
12027,Corona Value LED,16411,Corona Extra,,Hawthorne,7831333,7/8/2026,Corona Extra,Constellation Brands,7/8/2026 8:42 AM,chrishope,7/8/2026 8:24 AM,nmicco
12026,*PD* Coors Light Golf Bag,15004,Coors Light,,Hawthorne,7831330,7/8/2026,Coors Light,MolsonCoors Beverage Company,7/8/2026 8:42 AM,chrishope,7/8/2026 8:14 AM,pauldeady
12025,*ME* Blue Moon Golf Bag,15046,Blue Moon,,Hawthorne,7831329,7/8/2026,Blue Moon,MolsonCoors Beverage Company,7/8/2026 8:42 AM,chrishope,7/8/2026 8:14 AM,pauldeady
12024,Corona MLB Logo LED,17117,Corona Extra,,Hawthorne,7831328,7/8/2026,Corona Extra,Constellation Brands,7/8/2026 8:42 AM,chrishope,7/8/2026 8:14 AM,pauldeady
12023,*PD* Corona Premier Golf Bag,15168,Corona Premier,,Hawthorne,7831327,7/8/2026,Corona Premier,Constellation Brands,7/8/2026 8:42 AM,chrishope,7/8/2026 8:14 AM,pauldeady
12022,(PC)Yeungling Flight Golf Bag - DEALER LOADER,12775,Yuengling Flight,,Hawthorne,7831326,7/8/2026,Yuengling Flight,DG Yuengling Inc,7/8/2026 8:42 AM,chrishope,7/8/2026 8:14 AM,pauldeady
12021,Coors Light 16oz Signature Shaker,12926,Coors Light,,Hawthorne,7827108,7/8/2026,Coors Light,MolsonCoors Beverage Company,7/8/2026 8:28 AM,chrishope,7/7/2026 5:33 PM,allisonscott
12020,Coors Light 16oz Signature Shaker,12925,Coors Light,,Hawthorne,7827107,7/8/2026,Coors Light,MolsonCoors Beverage Company,7/8/2026 8:28 AM,chrishope,7/7/2026 5:33 PM,allisonscott
12019,(CM)Miller Lite 16oz Plastic cups - PLASTIC CUPS,14626,Miller Lite,,Hawthorne,7827080,7/8/2026,Lite,MolsonCoors Beverage Company,7/8/2026 8:26 AM,chrishope,7/7/2026 4:02 PM,briansengebu
12018,(PC)Yeungling Flight Golf Bag - DEALER LOADER,12774,Yuengling Flight,,Hawthorne,7827067,7/8/2026,Yuengling Flight,DG Yuengling Inc,7/8/2026 8:26 AM,chrishope,7/7/2026 3:45 PM,paulmclaughl
12017,White Claw Beach Chair - DEALER LOADER,16513,White Claw,,Hawthorne,7827066,7/8/2026,White Claw,Mark Anthony,7/8/2026 8:29 AM,chrishope,7/7/2026 3:45 PM,paulmclaughl
12016,Montauk Beach Wagon - DEALER LOADER,17138,Montauk Pilsner,,Hawthorne,7827059,7/8/2026,Montauk,Montauk Brewing Co,7/8/2026 8:28 AM,chrishope,7/7/2026 3:26 PM,mikeast
12015,Montauk Patio Umbrella - PATIO UMBRELLA,14872,Montauk Pilsner,,Hawthorne,7827050,7/8/2026,Montauk,Montauk Brewing Co,7/8/2026 8:28 AM,chrishope,7/7/2026 2:46 PM,anthonypalmi
12014,Montauk Patio Umbrella - PATIO UMBRELLA,14871,Montauk Pilsner,,Hawthorne,7827049,7/8/2026,Montauk,Montauk Brewing Co,7/8/2026 8:28 AM,chrishope,7/7/2026 2:46 PM,anthonypalmi
12013,Montauk Patio Umbrella - PATIO UMBRELLA,14870,Montauk Pilsner,,Hawthorne,7827048,7/8/2026,Montauk,Montauk Brewing Co,7/8/2026 8:28 AM,chrishope,7/7/2026 2:46 PM,anthonypalmi
12012,Montauk Patio Umbrella - PATIO UMBRELLA,14869,Montauk Pilsner,,Hawthorne,7827047,7/8/2026,Montauk,Montauk Brewing Co,7/8/2026 8:28 AM,chrishope,7/7/2026 2:46 PM,anthonypalmi
12011,Montauk Patio Umbrella - PATIO UMBRELLA,14868,Montauk Pilsner,,Hawthorne,7827046,7/8/2026,Montauk,Montauk Brewing Co,7/8/2026 8:28 AM,chrishope,7/7/2026 2:46 PM,anthonypalmi
12010,Montauk Patio Umbrella - PATIO UMBRELLA,14867,Montauk Pilsner,,Hawthorne,7827045,7/8/2026,Montauk,Montauk Brewing Co,7/8/2026 8:28 AM,chrishope,7/7/2026 2:46 PM,anthonypalmi
12009,Montauk Patio Umbrella - PATIO UMBRELLA,14866,Montauk Pilsner,,Hawthorne,7827044,7/8/2026,Montauk,Montauk Brewing Co,7/8/2026 8:28 AM,chrishope,7/7/2026 2:46 PM,anthonypalmi
12008,Montauk Patio Umbrella - PATIO UMBRELLA,14865,Montauk Pilsner,,Hawthorne,7827043,7/8/2026,Montauk,Montauk Brewing Co,7/8/2026 8:28 AM,chrishope,7/7/2026 2:46 PM,anthonypalmi
12007,Montauk Patio Umbrella - PATIO UMBRELLA,14864,Montauk Pilsner,,Hawthorne,7827042,7/8/2026,Montauk,Montauk Brewing Co,7/8/2026 8:28 AM,chrishope,7/7/2026 2:46 PM,anthonypalmi
12006,Montauk Patio Umbrella - PATIO UMBRELLA,14863,Montauk Pilsner,,Hawthorne,7827041,7/8/2026,Montauk,Montauk Brewing Co,7/8/2026 8:28 AM,chrishope,7/7/2026 2:46 PM,anthonypalmi
12005,Montauk Patio Umbrella - PATIO UMBRELLA,14862,Montauk Pilsner,,Hawthorne,7827040,7/8/2026,Montauk,Montauk Brewing Co,7/8/2026 8:28 AM,chrishope,7/7/2026 2:46 PM,anthonypalmi
12004,Montauk Patio Umbrella - PATIO UMBRELLA,14861,Montauk Pilsner,,Hawthorne,7827039,7/8/2026,Montauk,Montauk Brewing Co,7/8/2026 8:28 AM,chrishope,7/7/2026 2:46 PM,anthonypalmi
12003,Coors Light Fishing LED,14774,Coors Light,,Hawthorne,7827038,7/8/2026,Coors Light,MolsonCoors Beverage Company,7/8/2026 8:28 AM,chrishope,7/7/2026 2:46 PM,anthonypalmi
12002,Corona Parrot/Flamingo LED - LED,16615,Corona Extra,,Hawthorne,7827037,7/8/2026,Corona Extra,Constellation Brands,7/8/2026 8:28 AM,chrishope,7/7/2026 2:46 PM,anthonypalmi
12001,*DD* Fever Tree LED,17268,Fever Tree Blood Orange Ginger Beer,,Hawthorne,7827036,7/8/2026,Fever Tree,MolsonCoors Beverage Company,7/8/2026 8:26 AM,chrishope,7/7/2026 2:46 PM,anthonypalmi
12000,Yuengling Flight Lake LED,15997,Yuengling Flight,,Hawthorne,7827035,7/8/2026,Yuengling Flight,DG Yuengling Inc,7/8/2026 8:29 AM,chrishope,7/7/2026 2:46 PM,anthonypalmi
11999,White Claw Small LED,17500,White Claw,,Hawthorne,7827034,7/8/2026,White Claw,Mark Anthony,7/8/2026 8:29 AM,chrishope,7/7/2026 2:46 PM,anthonypalmi
11998,Pacifico Adventure Awaits LED,14909,Pacifico,,Hawthorne,7827033,7/8/2026,Pacifico,Constellation Brands,7/8/2026 8:28 AM,chrishope,7/7/2026 2:46 PM,anthonypalmi
11997,Corona DDLM LED - LED,15273,Corona Extra,,Hawthorne,7827031,7/8/2026,Corona Extra,Constellation Brands,7/8/2026 8:28 AM,chrishope,7/7/2026 2:40 PM,javiermelo
11996,Coors Light Fishing LED,14773,Coors Light,,Hawthorne,7826945,7/8/2026,Coors Light,MolsonCoors Beverage Company,7/8/2026 8:28 AM,chrishope,7/7/2026 1:18 PM,derricklaws
11995,Corona SunBrew LED - LED,16069,Corona Extra,,Hawthorne,7826944,7/8/2026,Corona Extra,Constellation Brands,7/8/2026 8:28 AM,chrishope,7/7/2026 1:18 PM,derricklaws
11994,Mikes Harder LED,14808,Mike's Harder Lemonade,,Hawthorne,7826943,7/8/2026,Mike's Harder,Mark Anthony,7/8/2026 8:28 AM,chrishope,7/7/2026 1:18 PM,derricklaws
11993,*SH* Modelo Futbol Team Color Changing LED,16532,Modelo Especial,,Hawthorne,7826942,7/8/2026,Modelo Especial,Constellation Brands,7/8/2026 8:28 AM,chrishope,7/7/2026 1:18 PM,derricklaws
11992,Corona Parrot/Flamingo LED - LED,16613,Corona Extra,,Hawthorne,7826941,7/8/2026,Corona Extra,Constellation Brands,7/8/2026 8:28 AM,chrishope,7/7/2026 1:12 PM,javiermelo
11991,Modelo DDLM LED - LED,15314,Modelo Especial,,Hawthorne,7826940,7/8/2026,Modelo Especial,Constellation Brands,7/8/2026 8:28 AM,chrishope,7/7/2026 1:12 PM,javiermelo
11990,Corona Parrot/Flamingo LED - LED,16614,Corona Extra,,Hawthorne,7826937,7/8/2026,Corona Extra,Constellation Brands,7/8/2026 8:28 AM,chrishope,7/7/2026 1:04 PM,javiermelo
11989,Corona MLB Logo LED,17116,Corona Extra,,Hawthorne,7826936,7/8/2026,Corona Extra,Constellation Brands,7/8/2026 8:28 AM,chrishope,7/7/2026 12:53 PM,derricklaws
11988,*SH* Modelo Futbol Team Color Changing LED,16531,Modelo Especial,,Hawthorne,7826935,7/8/2026,Modelo Especial,Constellation Brands,7/8/2026 8:28 AM,chrishope,7/7/2026 12:53 PM,derricklaws
11987,*FP* Blue Moon Golf Bag,15054,Blue Moon,,Hawthorne,7826926,7/8/2026,Blue Moon,MolsonCoors Beverage Company,7/8/2026 8:42 AM,chrishope,7/7/2026 12:26 PM,chrishope
11986,*FP* Miller Lite Golf Bag,15108,Miller Lite,,Hawthorne,7826925,7/8/2026,Lite,MolsonCoors Beverage Company,7/8/2026 8:42 AM,chrishope,7/7/2026 12:26 PM,chrishope
11985,Miller Lite America 250 Grizzly cooler,17358,Miller Lite,,Hawthorne,7826924,7/8/2026,Lite,MolsonCoors Beverage Company,7/8/2026 8:42 AM,chrishope,7/7/2026 12:26 PM,chrishope
11984,Coors Light 16oz Signature Shaker,12924,Coors Light,,Hawthorne,7826884,7/7/2026,Coors Light,MolsonCoors Beverage Company,7/7/2026 11:44 AM,chrishope,7/7/2026 9:43 AM,robinfeldman
11983,Coors Light 16oz Signature Shaker,12923,Coors Light,,Hawthorne,7826883,7/7/2026,Coors Light,MolsonCoors Beverage Company,7/7/2026 11:44 AM,chrishope,7/7/2026 9:43 AM,robinfeldman
11982,Angry Orchard Pints,12211,Angry Orchard Crisp Apple,,Hawthorne,7826882,7/7/2026,Angry Orchard,Boston Beer Company,7/7/2026 11:44 AM,chrishope,7/7/2026 9:43 AM,robinfeldman
11981,Angry Orchard Pints,12210,Angry Orchard Crisp Apple,,Hawthorne,7826881,7/7/2026,Angry Orchard,Boston Beer Company,7/7/2026 11:44 AM,chrishope,7/7/2026 9:43 AM,robinfeldman
11980,*SH* Modelo Fooseball Table,17499,Modelo Especial,,Hawthorne,7826833,7/7/2026,Modelo Especial,Constellation Brands,7/7/2026 8:13 AM,chrishope,7/7/2026 8:13 AM,chrishope
11979,(CM)Coors Light 16oz Cups - PLASTIC CUPS,16805,Coors Light,,Hawthorne,7826832,7/7/2026,Coors Light,MolsonCoors Beverage Company,7/7/2026 11:44 AM,chrishope,7/7/2026 8:02 AM,klejdilamo
11978,Corona Metal Cooler - DEALER LOADER,17222,Corona Extra,,Hawthorne,7826831,7/7/2026,Corona Extra,Constellation Brands,7/7/2026 11:44 AM,chrishope,7/7/2026 8:02 AM,klejdilamo
11977,*DD*Coors Light Olympus Cooler Backpack,,Coors Light,,Hawthorne,7826830,,Coors Light,MolsonCoors Beverage Company,7/7/2026 8:02 AM,klejdilamo,7/7/2026 8:02 AM,klejdilamo
11976,Yuengling Flight Kanga Cooler,17235,Yuengling Flight,,Hawthorne,7826829,7/7/2026,Yuengling Flight,DG Yuengling Inc,7/7/2026 11:44 AM,chrishope,7/7/2026 8:02 AM,klejdilamo
11975,Corona Metal Cooler - DEALER LOADER,,Corona Extra,,Hawthorne,7826827,,Corona Extra,Constellation Brands,7/7/2026 7:53 AM,mobrien,7/7/2026 7:53 AM,mobrien
11974,Modelo Futbol 16oz Shaker,17296,Modelo Especial,,Hawthorne,7821672,7/7/2026,Modelo Especial,Constellation Brands,7/7/2026 7:45 AM,chrishope,7/6/2026 4:35 PM,nickmelissar
11973,Modelo Futbol 16oz Shaker,17295,Modelo Especial,,Hawthorne,7821671,7/7/2026,Modelo Especial,Constellation Brands,7/7/2026 7:45 AM,chrishope,7/6/2026 4:35 PM,nickmelissar
11972,Modelo Futbol 16oz Shaker,17294,Modelo Especial,,Hawthorne,7821670,7/7/2026,Modelo Especial,Constellation Brands,7/7/2026 7:45 AM,chrishope,7/6/2026 4:35 PM,nickmelissar
11971,Corona Metal Cooler - DEALER LOADER,17220,Corona Extra,,Hawthorne,7821595,7/6/2026,Corona Extra,Constellation Brands,7/6/2026 2:31 PM,chrishope,7/6/2026 1:31 PM,danlagala
11970,(CM)Coors Light 16oz Cups - PLASTIC CUPS,16804,Coors Light,,Hawthorne,7821572,7/6/2026,Coors Light,MolsonCoors Beverage Company,7/6/2026 2:31 PM,chrishope,7/6/2026 1:02 PM,nickmelissar
11969,*SD* Cape May Backpack Cooler,15679,Cape May,,Hawthorne,7821571,7/7/2026,Cape May,Cape May,7/7/2026 7:45 AM,chrishope,7/6/2026 1:00 PM,mikeast
11968,Yuengling Flight Kanga Cooler,17234,Yuengling Flight,,Hawthorne,7821570,7/7/2026,Yuengling Flight,DG Yuengling Inc,7/7/2026 7:45 AM,chrishope,7/6/2026 1:00 PM,mikeast
11967,Modelo Futbol 16oz Shaker,17293,Modelo Especial,,Hawthorne,7821567,7/6/2026,Modelo Especial,Constellation Brands,7/6/2026 2:31 PM,chrishope,7/6/2026 12:38 PM,chrispayton
11966,Corona DDLM LED - LED,15272,Corona Extra,,Hawthorne,7821556,7/6/2026,Corona Extra,Constellation Brands,7/6/2026 2:31 PM,chrishope,7/6/2026 12:01 PM,danlagala
11965,*ME* Blue Moon Golf Bag,15045,Blue Moon,,Hawthorne,7821555,7/6/2026,Blue Moon,MolsonCoors Beverage Company,7/6/2026 2:31 PM,chrishope,7/6/2026 12:01 PM,danlagala
11964,*DD* Peroni Bike,15385,Peroni,,Hawthorne,7821538,7/7/2026,Peroni,MolsonCoors Beverage Company,7/7/2026 11:44 AM,chrishope,7/6/2026 11:48 AM,anthonypalmi
11963,Corona Metal Cooler - DEALER LOADER,17221,Corona Extra,,Hawthorne,7821515,7/7/2026,Corona Extra,Constellation Brands,7/7/2026 7:45 AM,chrishope,7/6/2026 11:08 AM,anthonypalmi
11962,Corona Metal Cooler - DEALER LOADER,17219,Corona Extra,,Hawthorne,7821493,7/6/2026,Corona Extra,Constellation Brands,7/6/2026 2:31 PM,chrishope,7/6/2026 10:55 AM,plopez
11961,*SH* White Claw 50in TV,16955,White Claw,,Hawthorne,7821438,7/6/2026,White Claw,Mark Anthony,7/6/2026 2:31 PM,chrishope,7/6/2026 8:51 AM,pauldeady
11960,*SH* White Claw 50in TV,16954,White Claw,,Hawthorne,7811196,7/6/2026,White Claw,Mark Anthony,7/6/2026 7:52 AM,chrishope,7/3/2026 11:08 AM,pauldeady
11959,*SH* White Claw 50in TV,16953,White Claw,,Hawthorne,7811178,7/3/2026,White Claw,Mark Anthony,7/3/2026 10:42 AM,chrishope,7/3/2026 10:02 AM,nmicco
11958,Yuengling Stars ad Stripes 16oz Shaker,15564,Yuengling Lager,,Hawthorne,7811171,7/3/2026,Yuengling Lager,DG Yuengling Inc,7/3/2026 10:01 AM,chrishope,7/3/2026 8:08 AM,anthonypalmi
