Sales Rep Assigned,Customer Num,Customer Name,Shipping Address,Distribution Area,County,City,Area,Premise,Buyer Count   2026,Cases   2026
Alex Rodriguez,260004,Drinks 2 Go Liquors,890 Amboy Ave,Middlesex County,Middlesex,Perth Amboy,Middlesex County,Off Premise,1,25.00
Alex Rodriguez,260006,Ali's Liquors,296 Smith St,Middlesex County,Middlesex,Perth Amboy,Middlesex County,Off Premise,1,75.00
Alex Rodriguez,260003,US1 Discount Liquor,585 Fayette St,Middlesex County,Middlesex,Perth Amboy,Middlesex County,Off Premise,1,60.00
Alex Rodriguez,260002,Colonial Liquor Store,352-354 State St,Middlesex County,Middlesex,Perth Amboy,Middlesex County,On Premise,1,10.00
Alex Rodriguez,260007,Path Discount Liquors,127 New Brunswick Ave.,Middlesex County,Middlesex,Hopelawn,Middlesex County,Off Premise,1,50.00
Alex Rodriguez,260005,Bay City Liquors,475 Smith St,Middlesex County,Middlesex,Perth Amboy,Middlesex County,Off Premise,1,140.00
Alex Rodriguez,260008,Outerbridge Liquors,306 US-9,Middlesex County,Middlesex,Woodbridge,Middlesex County,Off Premise,1,25.00
John Neukum,180020,Costco Of Edison,2210 Rt 27 North,Middlesex not in use,Middlesex,Edison,Middlesex not in use,Off Premise,1,300.00
John O'Donoghue,190326,Cambridge Wines (191 Morristown),191 E Hanover Ave,Morris 2,Morris,Morristown,Morris 2,Off Premise,1,73.00
John O'Donoghue,190650,Shop Rite Wines & Spirits of Roxbury#832,281-8 NJ-10,Morris 2,Morris,Succasunna,Morris 2,Off Premise,1,1057.00
John O'Donoghue,190504,El Dorado Wine House,340 Us-46,Morris 2,Morris,Mountain Lakes,Morris 2,Off Premise,1,129.00
John O'Donoghue,190017,Wine & Whiskey Country Morris Plains,16 Burnham Rd,Morris 2,Morris,Morris Plains,Morris 2,Off Premise,1,322.00
John O'Donoghue,190022,Bottle Republic (Randolph),140 NJ-10W STE 6,Morris 2,Morris,Randolph,Morris 2,Off Premise,1,178.00
John O'Donoghue,190001,Gary's Wine & Marketplace (Madison),121 Main Street,Morris 2,Morris,Madison,Morris 2,Off Premise,1,1021.00
John O'Donoghue,190040,Four Seasons Wine & Liq,131 Morris St,Morris 2,Morris,Morristown,Morris 2,Off Premise,1,193.00
John O'Donoghue,190024,Jt Mcq's Sports Bar (P),540 NJ-10,Morris 2,Morris,Randolph,Morris 2,On Premise,1,51.00
John O'Donoghue,192052,Swim And Sports Club,272 Emmans Rd,Morris 2,Morris,Flanders,Morris 2,On Premise,1,9.00
John O'Donoghue,190797,Basket Of Cheer (Dover),331 Us Hwy 46,Morris 2,Morris,Dover,Morris 2,Off Premise,1,312.00
John O'Donoghue,191826,Bottle King (Z) Chatham,41 Watchung Avenue,Morris 2,Morris,Chatham,Morris 2,Off Premise,1,826.00
John O'Donoghue,192081,Madison Wine Cellar,29 Main St,Morris 2,Morris,Madison,Morris 2,Off Premise,1,20.00
John O'Donoghue,190300,Gillette Liquor,399 Valley Rd,Morris 2,Morris,Gillette,Morris 2,Off Premise,1,115.00
John O'Donoghue,190228,Midtown Wine Merchant(A),168 Speedwell Ave,Morris 2,Morris,Morristown,Morris 2,Off Premise,1,133.00
John O'Donoghue,192161,Pancho Villa Rodeo,142 E Blackwell St,Morris 2,Morris,Dover,Morris 2,On Premise,1,128.00
John O'Donoghue,190429,Sheraton Parsippany Hotel,199 Smith Rd,Morris 2,Morris,Parsippany,Morris 2,On Premise,1,9.00
John O'Donoghue,190080,Archer Hotel-Florham Pk.,130 Park Ave,Morris 2,Morris,Florham Park,Morris 2,On Premise,1,1.00
John O'Donoghue,250313,Noches de Columbia (Randolph),140 Route 10 West,Morris 2,Morris,Randolph,Morris 2,On Premise,1,90.00
John O'Donoghue,190309,Shop Rite Liq Parsippany,808 Us-46,Morris 2,Morris,Parsippany,Morris 2,Off Premise,1,743.00
John O'Donoghue,190512,Omg Burger & Brew,141 Schooley's Mtn. Rd,Morris 2,Morris,Long Valley,Morris 2,On Premise,1,9.00
John O'Donoghue,192009,Bar Cilento,37 Plainfield Rd,Morris 2,Morris,Stirling,Morris 2,On Premise,1,29.00
John O'Donoghue,190060,The Wine Cellar,1194 Sussex Turnpike,Morris 2,Morris,Mt Freedom,Morris 2,Off Premise,1,94.00
John O'Donoghue,190652,Shop Rite W & S Chester,120 Us-206,Morris 2,Morris,Chester,Morris 2,Off Premise,1,740.00
John O'Donoghue,190003,Thomas Liq,26 S Morris St,Morris 2,Morris,Dover,Morris 2,Off Premise,1,86.00
John O'Donoghue,190929,L & L Package Store,264 Us-46,Morris 2,Morris,Mine Hill,Morris 2,Off Premise,1,25.00
John O'Donoghue,190068,River Grille,34 River Rd,Morris 2,Morris,Chatham,Morris 2,On Premise,1,29.00
John O'Donoghue,190513,Redwoods Bar & Grill,459 Main St.,Morris 2,Morris,Chester,Morris 2,On Premise,1,4.00
John O'Donoghue,190509,Krauszers (Long Valley),67 East Mill Road,Morris 2,Morris,Long Valley,Morris 2,Off Premise,1,148.00
John O'Donoghue,190656,"Kenvil Liquor,Wine & Food",601 Us-46 West,Morris 2,Morris,Kenvil,Morris 2,Off Premise,1,243.00
John O'Donoghue,190651,Bottle King (A) Ledgewood,260 NJ-10,Morris 2,Morris,Succasunna,Morris 2,Off Premise,1,764.00
John O'Donoghue,190006,Main St Wines & Liq,300 Main St,Morris 2,Morris,Madison,Morris 2,Off Premise,1,207.00
John O'Donoghue,192147,Valley Rest & Pub,59 E Mill Rd #208,Morris 2,Morris,Long Valley,Morris 2,On Premise,1,10.00
John O'Donoghue,190016,12 Islands Greek Taverna,1255 Valley Rd,Morris 2,Morris,Stirling,Morris 2,On Premise,1,87.00
John O'Donoghue,190005,Rose City Liquors,84 Main St,Morris 2,Morris,Madison,Morris 2,Off Premise,1,60.00
John O'Donoghue,190045,Tavern Off The Green,127 Morris St,Morris 2,Morris,Morristown,Morris 2,On Premise,1,21.00
John O'Donoghue,192141,Margarita's Bar & Grill,330 S Salem St.,Morris 2,Morris,Dover,Morris 2,On Premise,1,67.00
John O'Donoghue,190035,Revolution Bar,9 South Street,Morris 2,Morris,Morristown,Morris 2,On Premise,1,15.00
John O'Donoghue,190505,Old Mill Tavern,55 Rte 24,Morris 2,Morris,Chester,Morris 2,On Premise,1,22.00
John O'Donoghue,190018,Big Ed's (Circle Bowl),1107 Route 46 W,Morris 2,Morris,Ledgewood,Morris 2,On Premise,1,155.00
John O'Donoghue,190324,Powder Mill Plaza Liquors,28 Gibralter Dr,Morris 2,Morris,Morris Plains,Morris 2,Off Premise,1,20.00
John O'Donoghue,192008,At The Hop,14 N Morris St,Morris 2,Morris,Dover,Morris 2,On Premise,1,25.00
John O'Donoghue,190323,Morris Wine & Liquor,636 Speedwell Ave,Morris 2,Morris,Morris Plains,Morris 2,Off Premise,1,51.00
John O'Donoghue,190671,Country Farms,87 Division Ave,Morris 2,Morris,Millington,Morris 2,Off Premise,1,21.00
John O'Donoghue,190657,Shay's Liquors_2,286 Us-206,Morris 2,Morris,Flanders,Morris 2,Off Premise,1,105.00
John O'Donoghue,192158,Weis Market,146 Center Grove Rd,Morris 2,Morris,Randolph,Morris 2,Off Premise,1,533.00
John O'Donoghue,190012,Joe Canal's Disc Liq,799 Us-46,Morris 2,Morris,Parsippany,Morris 2,Off Premise,1,586.00
John O'Donoghue,192073,Randolph Liquors,301 S Salem St,Morris 2,Morris,Dover,Morris 2,Off Premise,1,229.00
John O'Donoghue,192160,Bernays Appgar Post 342 American Legion,333 Rt 24 East,Morris 2,Morris,Chester,Morris 2,On Premise,1,3.00
John O'Donoghue,190500,Wine & Whisky Country,"350 Rte 24, Chester, NJ 07930",Morris 2,Morris,Chester,Morris 2,Off Premise,1,141.00
John O'Donoghue,190618,Sogo,248 Rt 46 West,Morris 2,Morris,Denville,Morris 2,On Premise,1,135.00
John O'Donoghue,190299,Vintage Tavern,342 Valley Rd,Morris 2,Morris,Gillette,Morris 2,On Premise,1,15.00
John O'Donoghue,191824,Grasshopper Off The Green,41-43 Morris St,Morris 2,Morris,Morristown,Morris 2,On Premise,1,26.00
John O'Donoghue,190004,54 Main Cafe,54 Main St,Morris 2,Morris,Madison,Morris 2,On Premise,1,4.00
John O'Donoghue,192157,Rosie''''s Trattoria,1181 Sussex Turnpike,Morris 2,Morris,Randolph,Morris 2,On Premise,1,140.00
John O'Donoghue,191835,The Village Liquor Store_2,178 East Hanover Ave,Morris 2,Morris,Cedar Knolls,Morris 2,Off Premise,1,1484.00
John O'Donoghue,190030,Florham Park Liquors,184 Columbia Turnpike,Morris 2,Morris,Florham Park,Morris 2,Off Premise,1,437.00
John O'Donoghue,190027,Wegmans,34-A Sylvan Way,Morris 2,Morris,Parsippany,Morris 2,Off Premise,1,1305.00
John O'Donoghue,190431,SOCIAL HUB BY DHABA,1735 RT 46,Morris 2,Morris,Parsippany,Morris 2,On Premise,1,30.00
John O'Donoghue,190224,Stirling Fine Wines,1168 Valley Rd,Morris 2,Morris,Stirling,Morris 2,Off Premise,1,1005.00
John O'Donoghue,191848,Columbus Club of Morristown NJ,13 South St,Morris 2,Morris,Morristown,Morris 2,On Premise,1,12.00
John O'Donoghue,190107,Wine & Whiskey Country Pine Brook,36 Rt 46 West,Morris 2,Morris,Pine Brook,Morris 2,Off Premise,1,126.00
John O'Donoghue,190055,Ridgedale Wine & Liq,480 Ridgedale Ave,Morris 2,Morris,East Hanover,Morris 2,Off Premise,1,269.00
John O'Donoghue,190111,Bottle King Morris Plains,246 Littleton Rd,Morris 2,Morris,Morris Plains,Morris 2,Off Premise,1,1141.00
John O'Donoghue,191838,Village Wine & Liquors,88 E Main St # G,Morris 2,Morris,Mendham,Morris 2,Off Premise,1,303.00
John O'Donoghue,190798,Dover Liquors,10 W Blackwell St,Morris 2,Morris,Dover,Morris 2,Off Premise,1,39.00
John O'Donoghue,190655,Sandy's Wine & Spirits (Flanders),293 Us-206,Morris 2,Morris,Flanders,Morris 2,Off Premise,1,793.00
John O'Donoghue,190670,Wine World (A),1001 Valley Road,Morris 2,Morris,Long Hill Twp,Morris 2,Off Premise,1,351.00
John O'Donoghue,190328,Tiff's Grill & Ale House,231 Speedwell Ave,Morris 2,Morris,Morris Plains,Morris 2,On Premise,1,12.00
John O'Donoghue,190796,The Office Bar/Los Arrieros,34 West Clinton St.,Morris 2,Morris,Dover,Morris 2,On Premise,1,50.00
John O'Donoghue,190015,Buyrite Of Chatham,650 Shunpike Rd,Morris 2,Morris,Chatham,Morris 2,Off Premise,1,338.00
John O'Donoghue,190222,Green Hill Liquors (A),168 Parsippany Rd,Morris 2,Morris,Parsippany,Morris 2,Off Premise,1,90.00
John O'Donoghue,190313,Convenience Liquors,1129 Us-46,Morris 2,Morris,Parsippany,Morris 2,Off Premise,1,33.00
John O'Donoghue,190036,Wine Cellar Of Morristown,163 South Street,Morris 2,Morris,Morristown,Morris 2,Off Premise,1,181.00
John O'Donoghue,190032,The Thirsty Turtle (Florham Park),186 Columbia Turnpike,Morris 2,Morris,Florham Park,Morris 2,On Premise,1,6.00
John O'Donoghue,190112,Hoovers Tavern,960 Tabor Rd,Morris 2,Morris,Morris Plains,Morris 2,On Premise,1,68.00
John O'Donoghue,190616,Partners Discount Liquors,123 E Main St # 2,Morris 2,Morris,Denville,Morris 2,Off Premise,1,521.00
John O'Donoghue,190042,Dublin Pub (A),4 Pine Street,Morris 2,Morris,Morristown,Morris 2,On Premise,1,24.00
John O'Donoghue,190711,Shop Rite Liquors,437 Rt 46 E,Morris 2,Morris,Rockaway,Morris 2,Off Premise,1,2656.00
John O'Donoghue,190070,Hickory Wine Cellar,641 Shunpike Road,Morris 2,Morris,Chatham,Morris 2,Off Premise,1,297.00
John O'Donoghue,190021,Randolph Diner,517 New Jersey 10,Morris 2,Morris,Randolph,Morris 2,On Premise,1,12.00
John O'Donoghue,191827,Best Cellars(Ledgewood),1001 Us Highway 46,Morris 2,Morris,Ledgewood,Morris 2,Off Premise,1,841.00
John O'Donoghue,190721,Liquor Point,260 RT 46 East,Morris 2,Morris,Dover,Morris 2,On Premise,1,22.00
John O'Donoghue,190351,Super Saver Disc. Liq,191 Speedwell Avenue,Morris 2,Morris,Morristown,Morris 2,Off Premise,1,21.00
John O'Donoghue,190072,Laundromat,4 Dehart St,Morris 2,Morris,Morristown,Morris 2,On Premise,1,2.00
John O'Donoghue,190330,Parkside Tavern,9 Speedwell Ave,Morris 2,Morris,Morristown,Morris 2,On Premise,1,145.00
John O'Donoghue,190230,Stirling Hotel,227 Main Ave,Morris 2,Morris,Stirling,Morris 2,On Premise,1,9.00
Alex Rodriguez,150012,Kings Super Markets,778 Morris Turnpike,Essex,Essex,Short Hills,Essex,Off Premise,1.00,305.00
Alex Rodriguez,150118,Wine Legend,277 Eisenhower Pkwy,Essex,Essex,Livingston,Essex,Off Premise,1.00,269.00
Alex Rodriguez,150153,Wine Depot Of Livingston,603 S Livingston Ave,Essex,Essex,Livingston,Essex,Off Premise,1.00,131.33
Alex Rodriguez,150155,L Town Liquors,214 N. Livingston Ave,Essex,Essex,Livingston,Essex,Off Premise,1.00,217.00
Alex Rodriguez,150609,Home Liquors(465 Newark),465 Orange St,Essex,Essex,Newark,Essex,Off Premise,1.00,207.00
Alex Rodriguez,150641,Otg Management Ewr,1 Terminal C Newark Liberty or,Essex,Essex,Newark,Essex,On Premise,1.00,266.00
Alex Rodriguez,250020,Rick's Wines & Liquors,1140 South Avenue,Union,Union,Plainfield,Union,Off Premise,1.00,234.00
Alex Rodriguez,250036,Watchung Liquor (P),131 Park Ave,Union,Union,Plainfield,Union,Off Premise,1.00,17772.35
Alex Rodriguez,250043,Nugents Tavern (P),844 Newark Ave,Union,Union,Elizabeth,Union,On Premise,1.00,383.00
Alex Rodriguez,250047,Wine Cellar,808 Spring Street,Union,Union,Elizabeth,Union,Off Premise,1.00,167.00
Alex Rodriguez,250049,New Seaport Liquors,184 3rd St,Union,Union,Elizabeth,Union,Off Premise,1.00,469.00
Alex Rodriguez,250053,Liquor Basics,585 Raritan Road,Union,Union,Roselle,Union,Off Premise,1.00,147.00
Alex Rodriguez,250054,Marte Liq Warehouse,929 Elizabeth Ave,Union,Union,Elizabeth,Union,Off Premise,1.00,49.00
Alex Rodriguez,250056,Continental Wine/Liq,840 Elizabeth Ave,Union,Union,Elizabeth,Union,Off Premise,1.00,166.00
Alex Rodriguez,250059,Payless Liquor,1041 Elizabeth Ave,Union,Union,Elizabeth,Union,Off Premise,1.00,119.00
Alex Rodriguez,250068,Jakob Liquors,1114-1126 Elizabeth Ave,Union,Union,Elizabeth,Union,Off Premise,1.00,284.00
Alex Rodriguez,250070,Pereira's Liquor,318 Morris Ave,Union,Union,Elizabeth,Union,Off Premise,1.00,152.00
Alex Rodriguez,250072,Picacho Liquors,303 Elizabeth Ave,Union,Union,Elizabeth,Union,Off Premise,1.00,328.00
Alex Rodriguez,250080,Crown Liquors,711 E. 1st Ave,Union,Union,Roselle,Union,Off Premise,1.00,97.00
Alex Rodriguez,250082,Pickwick Liquor Shop,707 Park Ave,Union,Union,Plainfield,Union,Off Premise,1.00,556.00
Alex Rodriguez,250093,San Homa Liquors,1003 E. 2nd St.,Union,Union,Plainfield,Union,Off Premise,1.00,374.00
Alex Rodriguez,250128,Liquor Depot,435 Rahway Ave,Union,Union,Elizabeth,Union,Off Premise,1.00,889.92
Alex Rodriguez,250129,Super Value Liquors,224 Rahway Ave,Union,Union,Elizabeth,Union,Off Premise,1.00,131.00
Alex Rodriguez,250130,Westminster Liquors,404 N Broad St,Union,Union,Elizabeth,Union,Off Premise,1.00,150.00
Alex Rodriguez,250131,Liquor Gallery (Elizabeth),131 Elmora Ave,Union,Union,Elizabeth,Union,Off Premise,1.00,146.00
Alex Rodriguez,250132,Butlers Liquor Store,182 Elmora Ave,Union,Union,Elizabeth,Union,Off Premise,1.00,65.00
Alex Rodriguez,250135,Garcias Liquor Depot,309 Westfield Ave,Union,Union,Elizabeth,Union,Off Premise,1.00,288.00
Alex Rodriguez,250137,Elmora Liquors,615 Westfield Ave,Union,Union,Elizabeth,Union,Off Premise,1.00,51.00
Alex Rodriguez,250140,Station Liquors,405 Park Ave,Union,Union,Plainfield,Union,Off Premise,1.00,261.00
Alex Rodriguez,250141,Ben Franklin Liquor,332 East Front St,Union,Union,Plainfield,Union,Off Premise,1.00,356.00
Alex Rodriguez,250147,Rye House Spirits,1472 East Front Rd,Union,Union,Plainfield,Union,Off Premise,1.00,109.00
Alex Rodriguez,250149,South Ave Liquors,1111 South Ave,Union,Union,Plainfield,Union,Off Premise,1.00,284.00
Alex Rodriguez,250151,Paul & Joe Deli And Liq,500 Chandler Ave,Union,Union,Roselle,Union,Off Premise,1.00,69.00
Alex Rodriguez,250152,C & B Liquors,221 Sheridan Ave,Union,Union,Roselle,Union,Off Premise,1.00,74.00
Alex Rodriguez,250153,T & J Liquor,1201 E St George Ave,Union,Union,Roselle,Union,Off Premise,1.00,149.00
Alex Rodriguez,250156,Alman Liquors,111 East 2nd Ave,Union,Union,Roselle,Union,Off Premise,1.00,34.00
Alex Rodriguez,250157,Skylark Discount Liquors,350 West 1st Ave,Union,Union,Roselle,Union,Off Premise,1.00,101.00
Alex Rodriguez,250186,Gail's Wine And Spirits,200 Broad St,Union,Union,Elizabeth,Union,Off Premise,1.00,326.00
Alex Rodriguez,250187,Urena Liquors,416 Morris Ave,Union,Union,Elizabeth,Union,Off Premise,1.00,247.00
Alex Rodriguez,250188,Second Street Liquors,261 2nd St,Union,Union,Elizabeth,Union,Off Premise,1.00,85.00
Alex Rodriguez,250190,Frenchys Bar & Grill,545 W. Westfield Ave,Union,Union,Roselle Park,Union,On Premise,1.00,750.00
Alex Rodriguez,250191,Roselle Park Liquors,117 W. Colfax Ave,Union,Union,Roselle Park,Union,Off Premise,1.00,107.00
Alex Rodriguez,250193,Bella Wine and Spirits,122 E Westfield Ave,Union,Union,Roselle Park,Union,Off Premise,1.00,90.00
Alex Rodriguez,250197,Tiki Mojito,525 Bayway,Union,Union,Elizabeth,Union,On Premise,1.00,20.00
Alex Rodriguez,250300,Jackson Liquors,426 Jackson Ave,Union,Union,Elizabeth,Union,Off Premise,1.00,181.00
Alex Rodriguez,250302,New Silver Key Liquor 4,594 Pennsylvania Ave,Union,Union,Elizabeth,Union,Off Premise,1.00,102.00
Alex Rodriguez,250303,Olga's Place,212 Lt.Glenn Zamolski Dr,Union,Union,Elizabeth,Union,On Premise,1.00,39.00
Alex Rodriguez,250305,Valenca Rest & Liquor,665 Monroe Ave,Union,Union,Elizabeth,Union,Off Premise,1.00,76.00
Alex Rodriguez,250308,Super Discount Liquors,825 Rahway Ave,Union,Union,Elizabeth,Union,Off Premise,1.00,270.00
Alex Rodriguez,250310,Rancho Mateo Colombian Steakhouse,248 Morris Ave,Union,Union,Elizabeth,Union,On Premise,1.00,96.00
Alex Rodriguez,250315,Cantinho Liquors,1041 North Ave,Union,Union,Elizabeth,Union,Off Premise,1.00,122.00
Alex Rodriguez,250316,Rancho Mateo Asadero Colombian,27 Westfield Ave,Union,Union,Elizabeth,Union,On Premise,1.00,41.00
Alex Rodriguez,253000,Leland Liquor & Deli,296-298 Leland Ave,Union,Union,Plainfield,Union,Off Premise,1.00,307.00
Alex Rodriguez,253002,Golden Anchor Bar,1217 W Front St,Union,Union,Plainfield,Union,On Premise,1.00,130.00
Alex Rodriguez,253003,Tequila Club,315 E 5th St.,Union,Union,Plainfield,Union,On Premise,1.00,77.00
Alex Rodriguez,253004,The Bridge Bar,50-54 Watchung Ave,Union,Union,North Plainfield,Union,On Premise,1.00,22.00
Alisa Acciardi,121004,Harry's Wine Cellar,297 Broadway,Hudson,Hudson,Bayonne,Hudson,Off Premise,1.00,292.00
Alisa Acciardi,150015,Michael Roscommon Hs(A),531 Joralemon St,Essex,Essex,Belleville,Essex,On Premise,1.00,1.00
Alisa Acciardi,150016,Nutley Wine Shop,558 N Franklin Ave,Essex,Essex,Nutley,Essex,Off Premise,1.00,637.00
Alisa Acciardi,150020,Gallaghers Wine & Cheese,559 Bloomfield Ave,Essex,Essex,Bloomfield,Essex,Off Premise,1.00,218.00
Alisa Acciardi,150021,Town House Liq (A)& Wine,115 Watchung Ave,Essex,Essex,Montclair,Essex,Off Premise,1.00,460.00
Alisa Acciardi,150023,Brookdale W & S (A),1057 Broad St,Essex,Essex,Bloomfield,Essex,Off Premise,1.00,598.00
Alisa Acciardi,150026,FERRY WINE & LIQUOR STOP,178 Ferry St,Essex,Essex,Newark,Essex,Off Premise,1.00,23.00
Alisa Acciardi,150033,Discount Liquors Bloomfield,24 1st Avenue,Essex,Essex,Bloomfield,Essex,Off Premise,1.00,66.00
Alisa Acciardi,150037,Heller & Heller Liquors (Nutley),200 N Franklin Ave,Essex,Essex,Nutley,Essex,Off Premise,1.00,217.00
Alisa Acciardi,150038,Pioneer Wine's & Liquors,652 Joralemon Street,Essex,Essex,Belleville,Essex,Off Premise,1.00,224.00
Alisa Acciardi,150050,Fitzgerald 1928,13 Herman St,Essex,Essex,Glen Ridge,Essex,On Premise,1.00,33.00
Alisa Acciardi,150052,Bottle King Glen Ridge,710 Bloomfield Ave,Essex,Essex,Glen Ridge,Essex,Off Premise,1.00,4005.00
Alisa Acciardi,150060,Belleville Liquors,736 Belleville Ave,Essex,Essex,Belleville,Essex,Off Premise,1.00,343.00
Alisa Acciardi,150073,Oasis Liquor & Deli,521 Ferry St,Essex,Essex,Newark,Essex,Off Premise,1.00,14.00
Alisa Acciardi,150080,Berkeley Liquors,129 Franklin St.,Essex,Essex,Bloomfield,Essex,Off Premise,1.00,306.00
Alisa Acciardi,150085,The Oakley Kitchen,789 Bloomfield Ave,Essex,Essex,Nutley,Essex,On Premise,1.00,3.00
Alisa Acciardi,150086,Cordes Wine & Liquor,370 Broad St,Essex,Essex,Bloomfield,Essex,Off Premise,1.00,86.00
Alisa Acciardi,150090,Olshins Pharmacy,114 Congress St,Essex,Essex,Newark,Essex,Off Premise,1.00,20.00
Alisa Acciardi,150098,Lisbon Wines & Liquors,114 Ferry St,Essex,Essex,Newark,Essex,Off Premise,1.00,128.00
Alisa Acciardi,150106,Iron Bound Wines & Spirit,124 Adams St.,Essex,Essex,Newark,Essex,Off Premise,1.00,125.00
Alisa Acciardi,150109,Kelly's Liquors,726 Washington Ave,Essex,Essex,Belleville,Essex,Off Premise,1.00,652.00
Alisa Acciardi,150112,The Old Canal Inn,2 East Passaic Ave,Essex,Essex,Nutley,Essex,On Premise,1.00,18.00
Alisa Acciardi,150123,Cowans Public,229 Centre St,Essex,Essex,Nutley,Essex,On Premise,1.00,15.00
Alisa Acciardi,150128,C & I Liquors(Superfresh),165 Belmont Ave,Essex,Essex,Belleville,Essex,Off Premise,1.00,240.00
Alisa Acciardi,150129,White Oaks Liquors,418 Union Ave,Essex,Essex,Belleville,Essex,Off Premise,1.00,240.00
Alisa Acciardi,150130,Seabra Liquors,83 Wilson Ave,Essex,Essex,Newark,Essex,Off Premise,1.00,755.00
Alisa Acciardi,150131,Lbv Cellars,266 Chestnut St,Essex,Essex,Newark,Essex,Off Premise,1.00,231.00
Alisa Acciardi,150139,Mompou Restaurant,77 Ferry St,Essex,Essex,Newark,Essex,On Premise,1.00,32.00
Alisa Acciardi,150142,Fornos Of Spain (A),47 Ferry St,Essex,Essex,Newark,Essex,On Premise,1.00,10.00
Alisa Acciardi,150144,Home Liquors(480 Newark) (P),480 Market St,Essex,Essex,Newark,Essex,Off Premise,1.00,205.00
Alisa Acciardi,150146,Bello's,376 Market St,Essex,Essex,Newark,Essex,On Premise,1.00,58.00
Alisa Acciardi,150152,Krauszer Food & Liquor,1263 Broad St,Essex,Essex,Bloomfield,Essex,Off Premise,1.00,276.00
Alisa Acciardi,150157,Plaza Wine & Liquor,123 Bloomfield Ave,Essex,Essex,Bloomfield,Essex,Off Premise,1.00,358.00
Alisa Acciardi,150171,21 Plaza Wine & Liquor,1411 Mccarter Hwy,Essex,Essex,Newark,Essex,Off Premise,1.00,20.00
Alisa Acciardi,150175,Primavera Liquor,49 Pacific St,Essex,Essex,Newark,Essex,Off Premise,1.00,19.00
Alisa Acciardi,150176,Lou's Corner,168 Van Buren St,Essex,Essex,Newark,Essex,Off Premise,1.00,38.00
Alisa Acciardi,150187,Burke's Tavern,150 Lafeyette St,Essex,Essex,Newark,Essex,On Premise,1.00,12.00
Alisa Acciardi,150199,Town Pub Of Bloomfeild,378 Broad St,Essex,Essex,Bloomfield,Essex,On Premise,1.00,11.00
Alisa Acciardi,150229,City Discount Liquors,114-130 Stockton St.,Essex,Essex,Newark,Essex,Off Premise,1.00,175.00
Alisa Acciardi,150252,Guys & Dolls Billiards & Sports Bar,524 Washington Ave,Essex,Essex,Belleville,Essex,On Premise,1.00,12.00
Alisa Acciardi,150300,Obals Inn,439 Broad St,Essex,Essex,Bloomfield,Essex,On Premise,1.00,203.00
Alisa Acciardi,150302,The Blue Steel Pizza Co.,285 Glenwood Ave,Essex,Essex,Bloomfield,Essex,On Premise,1.00,3015.20
Alisa Acciardi,150305,Six Points Pub,574 Bloomfield Ave,Essex,Essex,Bloomfield,Essex,On Premise,1.00,142.00
Alisa Acciardi,150400,Liquor City,481 Washington Ave,Essex,Essex,Belleville,Essex,Off Premise,1.00,347.00
Alisa Acciardi,150611,Jim Dandy's,563 Franklin Ave,Essex,Essex,Nutley,Essex,On Premise,1.00,39.00
Alisa Acciardi,152026,Mulberry Liquors,327 Mulberry St,Essex,Essex,Newark,Essex,Off Premise,1.00,79.00
Alisa Acciardi,152037,The Deep Inn,60 Pulaski St,Essex,Essex,Newark,Essex,On Premise,1.00,12.00
Alisa Acciardi,152039,Cottage Liquors,25-29 Cottage St,Essex,Essex,Newark,Essex,Off Premise,1.00,489.00
Alisa Acciardi,152040,Top Shelf Wine & Liquor,1 Raymond Plaza West,Essex,Essex,Newark,Essex,Off Premise,1.00,200.00
Alisa Acciardi,170004,Liquor Warehouse,300-306 Passaic Ave,Hudson,Hudson,East Newark,Hudson,Off Premise,1.00,165.00
Alisa Acciardi,170035,Steves Liquors (P),219 Harrison Avenue,Hudson,Hudson,Harrison,Hudson,Off Premise,1.00,77.00
Alisa Acciardi,170038,Harrison Discount Liq(P),416 Frank E Rodgers Blvd,Hudson,Hudson,Harrison,Hudson,Off Premise,1.00,350.00
Alisa Acciardi,170053,Bbb Liquors(Costco),19 Goldsborough Dr,Hudson,Hudson,Bayonne,Hudson,Off Premise,1.00,2158.00
Alisa Acciardi,170056,Golden Beer & Liquor,614 Harrison Avenue,Hudson,Hudson,Harrison,Hudson,Off Premise,1.00,161.00
Alisa Acciardi,170058,Alex Liquors & Deli,200 Grant Ave,Hudson,Hudson,Harrison,Hudson,Off Premise,1.00,91.00
Alisa Acciardi,170061,O'Donnell's (P),233 Harrison Ave,Hudson,Hudson,Harrison,Hudson,On Premise,1.00,2.00
Alisa Acciardi,170101,High Spirits Of Bayonne,816-818 Broadway,Hudson,Hudson,Bayonne,Hudson,Off Premise,1.00,1491.00
Alisa Acciardi,170108,J & V Liquors,169 Broadway,Hudson,Hudson,Bayonne,Hudson,Off Premise,1.00,103.00
Alisa Acciardi,170117,Thai O'brien (P),478 Avenue E.,Hudson,Hudson,Bayonne,Hudson,On Premise,1.00,6.00
Alisa Acciardi,170123,City Line Liquors (P),1347 Kennedy Blvd,Hudson,Hudson,Bayonne,Hudson,Off Premise,1.00,164.00
Alisa Acciardi,170140,Midland Dairy (A),170 Midland Ave,Hudson,Hudson,Kearny,Hudson,Off Premise,1.00,67.00
Alisa Acciardi,170205,Buy-Rite Liquors,220 Harrison Ave,Hudson,Hudson,Kearny,Hudson,Off Premise,1.00,1045.00
Alisa Acciardi,170206,Lito's Liquor (P),220 Harrison Ave,Hudson,Hudson,Harrison,Hudson,Off Premise,1.00,10.00
Alisa Acciardi,170210,Eddy's Wine & Liq,490 Avenue C,Hudson,Hudson,Bayonne,Hudson,Off Premise,1.00,239.00
Alisa Acciardi,170229,Joia Restaurant,1100 Frank E. Rogers Blvd,Hudson,Hudson,Harrison,Hudson,On Premise,1.00,10.00
Alisa Acciardi,170239,Brothers Supermarket,311 Harrison Ave,Hudson,Hudson,Harrison,Hudson,Off Premise,1.00,184.00
Alisa Acciardi,170240,The Greenroom,203 Frank E. Rodgers Blvd,Hudson,Hudson,Harrison,Hudson,On Premise,1.00,91.00
Alisa Acciardi,170243,Hendrick's Corner,671 Broadway,Hudson,Hudson,Bayonne,Hudson,On Premise,1.00,46.00
Alisa Acciardi,171001,Bridgeview Liquors,300 Rte 440 South,Hudson,Hudson,Bayonne,Hudson,Off Premise,1.00,1264.00
Alisa Acciardi,171002,Spirits Of Kearny,426 Kearny Ave,Hudson,Hudson,Kearny,Hudson,Off Premise,1.00,515.00
Alisa Acciardi,171004,Donegal Saloon,337 Kearny Ave,Hudson,Hudson,Kearny,Hudson,On Premise,1.00,122.00
Alisa Acciardi,171016,Wine Warehouse (P) (Bayonne),1 Le Fante Way,Hudson,Hudson,Bayonne,Hudson,Off Premise,1.00,3143.00
Alisa Acciardi,171303,Drink Rite Liquor,315 Kearny Ave,Hudson,Hudson,Kearny,Hudson,Off Premise,1.00,184.00
Alisa Acciardi,171304,Sun Liquors & Grocery,12 Kearny Avenue,Hudson,Hudson,Kearny,Hudson,Off Premise,1.00,147.00
Alisa Acciardi,171305,Liquoram Of Kearny,386 Belleville Tpke,Hudson,Hudson,Kearny,Hudson,Off Premise,1.00,329.00
Alisa Acciardi,171306,Mira Sol,32 Davis Avenue,Hudson,Hudson,Kearny,Hudson,Off Premise,1.00,10.00
Alisa Acciardi,171308,Hook And Reel,200 Passaic Ave Unit 6,Hudson,Hudson,Kearny,Hudson,On Premise,1.00,3.00
Alisa Acciardi,171309,KPot Korean BBQ & Hot Pot,200 Passaic Ave,Hudson,Hudson,Kearny,Hudson,On Premise,1.00,14.00
Alisa Acciardi,171312,Shop Rite Wine & Spirits Kearny,98 Passaic Ave,Hudson,Hudson,Kearny,Hudson,Off Premise,1.00,946.00
Alisa Acciardi,171318,Kearny Plaza Discount Liq,190 Passaic Ave #3,Hudson,Hudson,Kearny,Hudson,Off Premise,1.00,616.00
Alisa Acciardi,171319,John's Liq & Deli,83 Devon St,Hudson,Hudson,Kearny,Hudson,Off Premise,1.00,23.00
Alisa Acciardi,171328,Kearny Wine & Liquor,818 Kearny Ave,Hudson,Hudson,Kearny,Hudson,Off Premise,1.00,65.00
Alisa Acciardi,171331,New Bergen Liquors (P),230 Kearny Ave,Hudson,Hudson,Kearny,Hudson,Off Premise,1.00,32.00
Alisa Acciardi,171332,Seabra Liquor,180 Schuyler Ave,Hudson,Hudson,Kearny,Hudson,Off Premise,1.00,77.00
Alisa Acciardi,171333,Family Convenience & Liq_2,180 Kearny Ave,Hudson,Hudson,Kearny,Hudson,Off Premise,1.00,108.00
Alisa Acciardi,171341,Irv's Wines & Liquors(P),1099 Avenue C,Hudson,Hudson,Bayonne,Hudson,Off Premise,1.00,38.00
Alisa Acciardi,171352,Urban Tandoor,206 Harrison Ave,Hudson,Hudson,Harrison,Hudson,On Premise,1.00,10.00
Alisa Acciardi,171403,ShopRite Wines & Spirits of Bayonne,567 Avenue C,Hudson,Hudson,Bayonne,Hudson,Off Premise,1.00,739.00
Alisa Acciardi,171404,Massarelli's Liquors,403 Broadway,Hudson,Hudson,Bayonne,Hudson,Off Premise,1.00,184.00
Alisa Acciardi,171410,Times Square Liq,891 Broadway,Hudson,Hudson,Bayonne,Hudson,Off Premise,1.00,20.00
Alisa Acciardi,171411,Stanley's Liq Store (P),732 Broadway,Hudson,Hudson,Bayonne,Hudson,Off Premise,1.00,81.00
Alisa Acciardi,173900,Otaiko Hibachi & Sushi,125 Lefante Way,Hudson,Hudson,Bayonne,Hudson,On Premise,1.00,135.00
Alisa Acciardi,174001,Shorty's,279 Broadway,Hudson,Hudson,Bayonne,Hudson,On Premise,1.00,39.00
Alisa Acciardi,174151,Eddy's Bar & Liquor,504 Kennedy Blvd,Hudson,Hudson,Bayonne,Hudson,On Premise,1.00,45.00
Alisa Acciardi,174153,OTS BY LLC (Aqua),54 Flagship St.,Hudson,Hudson,Bayonne,Hudson,On Premise,1.00,3.00
Alisa Acciardi,24057,Mighty Quinns Bbq,850 Rte 3 West (Ste 115),Passaic,Passaic,Clifton,Passaic,On Premise,1.00,43.00
Alisa Acciardi,250171,Tankys Bar & Grill,330 Long Ave,Union,Union,Hillside,Union,On Premise,1.00,20.00
Alisa Acciardi,29010,Paradise Liquors,500 Stuyvesant Ave,Bergen,Bergen,Lyndhurst,Bergen,Off Premise,1.00,19143.58
Alisa Acciardi,78002,Super K Food (A) Store,190 W Passaic St,Bergen,Bergen,Rochelle Park,Bergen,Off Premise,1.00,1534.00
Allison Scott,10001,cherry's,23 NJ-23,Morris 3,Morris,Pequannock,Morris 3,On Premise,1.00,267.00
Allison Scott,10007,Bardis (P),149 Newark Pompton Tpke,Morris 3,Morris,Pequannock,Morris 3,On Premise,1.00,8110.82
Allison Scott,10010,Sunset Valley G C (A),47 W Sunset Road,Morris 3,Morris,Pompton Plains,Morris 3,On Premise,1.00,331.00
Allison Scott,1005,Grasshopper Irish Pub (A),2891 Route 23,Passaic,Passaic,Newfoundland,Passaic,On Premise,1.00,960.17
Allison Scott,11007,Meadows Golf Club(P),79 2 Bridges Rd,Morris 3,Morris,Lincoln Park,Morris 3,On Premise,1.00,521.00
Allison Scott,11011,Sunset Pub & Grill(Z),425 Beaverbrook Rd,Morris 3,Morris,Lincoln Park,Morris 3,On Premise,1.00,747.50
Allison Scott,12001,T Bowl Tavern (Z),300 Preakness Shop Ctr,Passaic,Passaic,Wayne,Passaic,On Premise,1.00,283.00
Allison Scott,12008,North Jersey C C,594 Hamburg Turnpike,Passaic,Passaic,Wayne,Passaic,On Premise,1.00,167.00
Allison Scott,12013,Jalapenos Mexican Grill,142 Ryerson Ave.,Passaic,Passaic,Wayne,Passaic,On Premise,1.00,2270.20
Allison Scott,12014,Olive Garden (A) Wayne,83 Route 23 South,Passaic,Passaic,Wayne,Passaic,On Premise,1.00,94.00
Allison Scott,12015,Izumi Hibachi Steak House,517 NJ-23,Passaic,Passaic,Wayne,Passaic,On Premise,1.00,163.00
Allison Scott,12018,KRIOS Prime,344 French Hill Road,Passaic,Passaic,Wayne,Passaic,On Premise,1.00,63.00
Allison Scott,12020,Lakeside Drive Tavern,56 Lake Drive West,Passaic,Passaic,Wayne,Passaic,On Premise,1.00,180.00
Allison Scott,12022,Grasshopper Too (A),26 Erie Ave,Passaic,Passaic,Wayne,Passaic,On Premise,1.00,843.17
Allison Scott,12026,WAYNE ALE HOUSE & PIZZA,611 Ratzer Road,Passaic,Passaic,Wayne,Passaic,On Premise,1.00,949.00
Allison Scott,12032,Casa Don Manuel,1292 Alps Rd,Passaic,Passaic,Wayne,Passaic,On Premise,1.00,573.67
Allison Scott,12034,"Dave & Buster's Nj, Inc",310 Willowbrook Mall,Passaic,Passaic,Wayne,Passaic,On Premise,1.00,685.00
Allison Scott,12035,Preakness Hills (A) cc,1050 Ratzer Road,Passaic,Passaic,Wayne,Passaic,On Premise,1.00,193.00
Allison Scott,12036,Brokedown Palace,95 Mountainview Blvd,Passaic,Passaic,Wayne,Passaic,On Premise,1.00,367.17
Allison Scott,12037,Maggies Town Tavern Ii,1082 Hamburg Turnpike,Passaic,Passaic,Wayne,Passaic,On Premise,1.00,381.00
Allison Scott,12038,Tommy's Tavern + Tap (Wayne),71 NJ-23,Passaic,Passaic,Wayne,Passaic,On Premise,1.00,456.00
Allison Scott,12040,NYX,24 Galesi Drive,Passaic,Passaic,Wayne,Passaic,On Premise,1.00,0.00
Allison Scott,12041,Cheesecake Fact (A)Wayne,1700 Willowbrook Mall,Passaic,Passaic,Wayne,Passaic,On Premise,1.00,331.00
Allison Scott,12043,Outback Stkhse(P)Wayne,189 Berdan Avenue,Passaic,Passaic,Wayne,Passaic,On Premise,1.00,183.00
Allison Scott,12048,Anthonys CF Pizza (Wayne),1600 NJ-23,Passaic,Passaic,Wayne,Passaic,On Premise,1.00,143.00
Allison Scott,12049,Aramark Educational Services@WPU,300 Pompton Road,Passaic,Passaic,Wayne,Passaic,On Premise,1.00,14.00
Allison Scott,12051,Packanack Golf (P),7 Osborne Terrace,Passaic,Passaic,Wayne,Passaic,On Premise,1.00,243.00
Allison Scott,12054,Red Lobster 225 Wayne,520 Us-46,Passaic,Passaic,Wayne,Passaic,On Premise,1.00,96.00
Allison Scott,12056,PF Changs China Bistro (Wayne),1900 Willowbrook Blvd,Passaic,Passaic,Wayne,Passaic,On Premise,1.00,116.00
Allison Scott,12061,Raeya's,37 Berdan Ave,Passaic,Passaic,Wayne,Passaic,On Premise,1.00,45.00
Allison Scott,12064,In The Drink@Passaic Gc,209 Totowa Rd,Passaic,Passaic,Wayne,Passaic,On Premise,1.00,585.00
Allison Scott,12065,"Buffalo Wild Wings - Wayne, NJ",1400 Willowbrook Mall,Passaic,Passaic,Wayne,Passaic,On Premise,1.00,141.00
Allison Scott,13002,The Little Falls Tavern,131 Newark Pompton Turnpike,Passaic,Passaic,Little Falls,Passaic,On Premise,1.00,486.00
Allison Scott,13003,Maggie's Town Tav.(P),10 Van Ness Ave,Passaic,Passaic,Little Falls,Passaic,On Premise,1.00,642.17
Allison Scott,13005,Sear,1 Route 23 South,Passaic,Passaic,Little Falls,Passaic,On Premise,1.00,149.00
Allison Scott,13013,Amer Lgn L Falls (Z),55 Van Ness Ave,Passaic,Passaic,Little Falls,Passaic,On Premise,1.00,123.00
Allison Scott,13015,Rare The Steakhouse (Z),440 Main Street,Passaic,Passaic,Little Falls,Passaic,On Premise,1.00,451.00
Allison Scott,13018,Chili's Little Falls,1165 Rte 46 East,Passaic,Passaic,Little Falls,Passaic,On Premise,1.00,209.00
Allison Scott,14002,Applebee's (Totowa) (A),465 Rt 46 West,Passaic,Passaic,Totowa,Passaic,On Premise,1.00,404.00
Allison Scott,14003,Murph's Bar & Liquor,375 Union Blvd,Passaic,Passaic,Totowa,Passaic,On Premise,1.00,1844.00
Allison Scott,14004,Sushi Lounge,235 Us-46,Passaic,Passaic,Totowa,Passaic,On Premise,1.00,176.00
Allison Scott,14005,The Grand,38 Lackwanna Av,Passaic,Passaic,Totowa,Passaic,On Premise,1.00,507.00
Allison Scott,14006,46 Lounge (P),300 Us-46,Passaic,Passaic,Totowa,Passaic,On Premise,1.00,5173.80
Allison Scott,14008,The Barnyard and Carriage House,754 Totowa Road,Passaic,Passaic,Totowa,Passaic,On Premise,1.00,329.00
Allison Scott,14010,Uncorked (P),650 Union Blvd,Passaic,Passaic,Totowa,Passaic,On Premise,1.00,339.33
Allison Scott,14016,JINYA Ramen Bar,465 Rt 46 West,Passaic,Passaic,Totowa,Passaic,On Premise,1.00,58.00
Allison Scott,14017,The Chariot,555 Preakness Ave,Passaic,Passaic,Totowa,Passaic,On Premise,1.00,1038.10
Allison Scott,15004,Blackjack Mulligan's Public House,1145 Mcbride Ave,Passaic,Passaic,Woodland Park,Passaic,On Premise,1.00,1172.02
Allison Scott,15006,Great Notch Inn(Z),400 Us 46 West,Passaic,Passaic,Little Falls,Passaic,On Premise,1.00,373.17
Allison Scott,15036,River Terrace Inn(P),36 Totowa Ave,Passaic,Passaic,Paterson,Passaic,On Premise,1.00,734.00
Allison Scott,15048,D'carbon Restaurant,491 Mcbride Ave,Passaic,Passaic,West Paterson,Passaic,On Premise,1.00,176.00
Allison Scott,15067,Naxos Estiatorio,1738 Rt 46 W,Passaic,Passaic,Woodland Park,Passaic,On Premise,1.00,316.00
Allison Scott,15070,Brownstone House,351 W Broadway,Passaic,Passaic,Paterson,Passaic,On Premise,1.00,262.00
Allison Scott,15074,Bask 46,1530 Rt 46 West,Passaic,Passaic,Woodland Park,Passaic,On Premise,1.00,683.50
Allison Scott,17001,Underdog Lounge(P),4 Church Street,Passaic,Passaic,Haledon,Passaic,On Premise,1.00,223.00
Allison Scott,17003,D'CARBON BAR AND GRILL haledon,529 Belmont Ave,Passaic,Passaic,Haledon,Passaic,On Premise,1.00,229.00
Allison Scott,17006,The Yard,289 Belmont Ave,Passaic,Passaic,Haledon,Passaic,On Premise,1.00,428.00
Allison Scott,17009,Jimmy Geez (P),436 Belmont Ave,Passaic,Passaic,Haledon,Passaic,On Premise,1.00,520.00
Allison Scott,19002,Puzo's Pizza,4 Garfield Ave,Passaic,Passaic,Hawthorne,Passaic,On Premise,1.00,82.00
Allison Scott,19004,Shortways' Barn (A),991 Goffle Road,Passaic,Passaic,Hawthorne,Passaic,On Premise,1.00,1427.00
Allison Scott,19005,Celtic Corner,312 Lafayette Ave,Passaic,Passaic,Hawthorne,Passaic,On Premise,1.00,516.00
Allison Scott,19011,Las Maravillas Restaurant,410 Wagaraw Road,Passaic,Passaic,Hawthorne,Passaic,On Premise,1.00,331.00
Allison Scott,19012,Bottagra Rest (P),80 Wagaraw Road,Passaic,Passaic,Hawthorne,Passaic,On Premise,1.00,370.17
Allison Scott,19016,Jiggle's,105 Mohawk Ave,Passaic,Passaic,Hawthorne,Passaic,On Premise,1.00,480.00
Allison Scott,19021,The Front Porch (Z),217 Wagaraw Road,Passaic,Passaic,Hawthorne,Passaic,On Premise,1.00,212.00
Allison Scott,20010,Riverside Grill(D'carbon),855 River Street,Passaic,Passaic,Paterson,Passaic,On Premise,1.00,469.00
Allison Scott,21043,Duffy's Tavern (Z),856 River Street,Passaic,Passaic,Paterson,Passaic,On Premise,1.00,18188.72
Allison Scott,22004,Neighbors,329 Trenton Avenue,Passaic,Passaic,Paterson,Passaic,On Premise,1.00,1125.00
Allison Scott,22016,Johnny A's (P) Hitchn Pos,95 Barclay Street,Passaic,Passaic,Paterson,Passaic,On Premise,1.00,2260.00
Allison Scott,23001,Bogey's Sport Bar,103 Valley Road,Passaic,Passaic,Clifton,Passaic,On Premise,1.00,608.00
Allison Scott,23013,Vfw 7165 (P),491 Valley Rd,Passaic,Passaic,Clifton,Passaic,On Premise,1.00,232.00
Allison Scott,23020,Clifton City Tavern(P),709 Van Houten Avenue,Passaic,Passaic,Clifton,Passaic,On Premise,1.00,423.00
Allison Scott,24006,The Grand Saloon,940 Van Houten Ave,Passaic,Passaic,Clifton,Passaic,On Premise,1.00,162.00
Allison Scott,24019,Sharky's Wings(P),545 Highland Ave,Passaic,Passaic,Clifton,Passaic,On Premise,1.00,1251.67
Allison Scott,24022,Applebee's Clifton,375 Rte 3 E,Passaic,Passaic,Clifton,Passaic,On Premise,1.00,513.00
Allison Scott,24025,The Clif (P),605 Clifton Ave,Passaic,Passaic,Clifton,Passaic,On Premise,1.00,1201.00
Allison Scott,24026,Rock Bar,414 Main Ave,Passaic,Passaic,Clifton,Passaic,On Premise,1.00,1755.00
Allison Scott,24027,Mario's Rest,710 Van Houten Ave,Passaic,Passaic,Clifton,Passaic,On Premise,1.00,88.00
Allison Scott,24029,Dingo's Den (P),615 Van Houten Ave,Passaic,Passaic,Clifton,Passaic,On Premise,1.00,1879.17
Allison Scott,24031,Tommy's Tavern & Tap (Clifton),826 Route 3 Clifton Nj,Passaic,Passaic,Clifton,Passaic,On Premise,1.00,976.00
Allison Scott,24038,J. Alexander's Restaurant,405 Allwood Road,Passaic,Passaic,Clifton,Passaic,On Premise,1.00,244.00
Allison Scott,24039,Veterans Post (9),147 Huron Ave,Passaic,Passaic,Clifton,Passaic,On Premise,1.00,248.00
Allison Scott,24045,Red Robin Gourmet Burger (Clifton),265 Rt 3 East,Passaic,Passaic,Clifton,Passaic,On Premise,1.00,3.00
Allison Scott,24048,Dante's,955 Valley Rd,Passaic,Passaic,Clifton,Passaic,On Premise,1.00,221.00
Allison Scott,24054,Upper Montclair Cc (A),177 Hepburn Rd,Passaic,Passaic,Clifton,Passaic,On Premise,1.00,354.67
Allison Scott,24056,Jaime's (A),915 Bloomfield Ave,Passaic,Passaic,Clifton,Passaic,On Premise,1.00,275.00
Allison Scott,24060,Clifton Billiards (Z),1158 Main Ave,Passaic,Passaic,Clifton,Passaic,On Premise,1.00,676.00
Allison Scott,24061,Breaker Billiards,1142 US-46,Passaic,Passaic,Clifton,Passaic,On Premise,1.00,579.00
Allison Scott,25004,Matthews Italian Rest,1131 Bloomfield Avenue,Passaic,Passaic,Clifton,Passaic,On Premise,1.00,97.00
Allison Scott,25009,Spuntino Wine Bar/Italian,70 Kingsland Rd,Passaic,Passaic,Clifton,Passaic,On Premise,1.00,187.00
Allison Scott,25011,Kashan Indian Kitchen & Ber,50 Market St,Passaic,Passaic,Clifton,Passaic,On Premise,1.00,29.00
Allison Scott,25027,Sportzone B&G (P),593 Van Houten Ave,Passaic,Passaic,Clifton,Passaic,On Premise,1.00,320.00
Allison Scott,25036,Dingbatz (P),620 Van Houten Ave,Passaic,Passaic,Clifton,Passaic,On Premise,1.00,716.00
Allison Scott,25049,Yesterdays (P),70 Main Ave,Passaic,Passaic,Clifton,Passaic,On Premise,1.00,766.00
Allison Scott,25052,Uno Chicago Grl (A)Clifto,426 Rt 3 W.River Frontcnt,Passaic,Passaic,Clifton,Passaic,On Premise,1.00,228.00
Allison Scott,25056,Emerald Corner (Z),12 Oak St,Passaic,Passaic,Clifton,Passaic,On Premise,1.00,3191.96
Allison Scott,25077,Chevy's Fresh Mex (A)Clif,365 Rte 3 East,Passaic,Passaic,Clifton,Passaic,On Premise,1.00,347.00
Allison Scott,25078,The Shannon Rose (A),98 Kingsland Rd,Passaic,Passaic,Clifton,Passaic,On Premise,1.00,385.00
Allison Scott,25082,Crab Island Cajun Seafood & Bar,1016 Main Ave,Passaic,Passaic,Clifton,Passaic,On Premise,1.00,321.00
Allison Scott,25083,Rutt's Hut (A),417 River Rd,Passaic,Passaic,Clifton,Passaic,On Premise,1.00,511.83
Allison Scott,3002,The Celtic Knot,72 Haskell Ave,Passaic-FF,Passaic,Haskell,Passaic-FF,On Premise,1.00,4231.09
Allison Scott,3007,Kitchen & Beer Bar,1093 Ringwood Ave,Passaic-FF,Passaic,Haskell,Passaic-FF,On Premise,1.00,71.00
Allison Scott,5002,100 Proof Bar & Bites,227 Main Street,Morris 3,Morris,Butler,Morris 3,On Premise,1.00,158.00
Allison Scott,5003,Applebee's (A)Butler,1200 NJ-23,Morris 3,Morris,Butler,Morris 3,On Premise,1.00,214.00
Allison Scott,5004,Outback,1538 NJ-23,Morris 3,Morris,Butler,Morris 3,On Premise,1.00,109.00
Allison Scott,5008,Celtic Crossings,1248 NJ-23,Morris 3,Morris,Butler,Morris 3,On Premise,1.00,751.00
Allison Scott,58005,Feathers (A),77 Kinderkamack Rd,Bergen,Bergen,River Edge,Bergen,On Premise,1.00,567.00
Allison Scott,7003,Blu Ale House,92 NJ-23,Morris 3,Morris,Riverdale,Morris 3,On Premise,1.00,609.67
Allison Scott,7005,Chili's (Riverdale),58 NJ-23,Morris 3,Morris,Riverdale,Morris 3,On Premise,1.00,172.00
Allison Scott,8004,The Side Door (P),33 Colfax Ave,Passaic,Passaic,Pompton Lakes,Passaic,On Premise,1.00,966.33
Allison Scott,8006,pompton crafthouse,23 Wanaque Ave,Passaic-FF,Passaic,Pompton Lakes,Passaic-FF,On Premise,1.00,251.67
Allison Scott,8014,Macks American Bar/Grill,300 Wanaque Ave,Passaic,Passaic,Pompton Lakes,Passaic,On Premise,1.00,227.00
Allison Scott,8015,Thatcher Mc Ghees (A),6 Wanaque Ave,Passaic-FF,Passaic,Pompton Lakes,Passaic-FF,On Premise,1.00,1852.17
Allison Scott,9002,Tavern 5_2,710 Newark Pompton Turnpi,Morris 3,Morris,Pompton Plains,Morris 3,On Premise,1.00,265.00
Allison Scott,9005,The Legacy Castle,141 NJ-23,Morris 3,Morris,Pompton Plains,Morris 3,On Premise,1.00,225.00
Andrew Lundy,120079,U S 1 Buy Rite (A),771-773 Edgar Rd,Union,Union,Elizabeth,Union,Off Premise,1.00,796.00
Andrew Lundy,150133,The Wine Rack Millburn,186 Essex St,Essex,Essex,Millburn,Essex,Off Premise,1.00,216.00
Andrew Lundy,150249,Millburn Standard,42 Main St,Essex,Essex,Millburn,Essex,On Premise,1.00,52.00
Andrew Lundy,250003,Breen's Wines & Liquors,21 N Union Ave,Union,Union,Cranford,Union,Off Premise,1.00,58.00
Andrew Lundy,250005,Wine List Of Summit,417 Springfield Ave,Union,Union,Summit,Union,Off Premise,1.00,43.00
Andrew Lundy,250006,Dittrick's W&L (A),2 North Ave,Union,Union,Garwood,Union,Off Premise,1.00,691.00
Andrew Lundy,250011,Shop Rite of Westfield,333 South Ave E,Union,Union,Westfield,Union,Off Premise,1.00,1175.00
Andrew Lundy,250012,Peterson's Wine Unltd,1120 South Ave W,Union,Union,Westfield,Union,Off Premise,1.00,837.00
Andrew Lundy,250013,Deutscher Club Of Clark,787 Featherbed Lane,Union,Union,Clark,Union,On Premise,1.00,28.00
Andrew Lundy,250015,Butcher Block,209 Centennial Ave,Union,Union,Cranford,Union,Off Premise,1.00,519.00
Andrew Lundy,250016,Buy Rite Liq (A),1448 Morris Ave,Union,Union,Union,Union,Off Premise,1.00,352.00
Andrew Lundy,250023,Bottle King Springfield,155 US-22,Union,Union,Springfield,Union,Off Premise,1.00,590.00
Andrew Lundy,250024,Best Cellars (Summit),23 Summit Avenue,Union,Union,Summit,Union,Off Premise,1.00,609.00
Andrew Lundy,250025,Abigails Cafe (Z),804 W.Elizabeth Ave,Union,Union,Linden,Union,On Premise,1.00,8.00
Andrew Lundy,250027,Wine Anthology (A),1075 Raritan Rd,Union,Union,Clark,Union,Off Premise,1.00,690.00
Andrew Lundy,250028,Beechwood Wine & Liq,1 Beechwood Road,Union,Union,Summit,Union,Off Premise,1.00,89.00
Andrew Lundy,250032,Rotondo's Liquor,1040 Lake Ave,Union,Union,Clark,Union,Off Premise,1.00,341.00
Andrew Lundy,250033,The Station Bar & Grill,99 Center Street,Union,Union,Garwood,Union,On Premise,1.00,34.00
Andrew Lundy,250035,Wine Zone (P),1601 W. Edgar Rd,Union,Union,Linden,Union,Off Premise,1.00,32.00
Andrew Lundy,250037,Beno's Liq (A),102 North Wood Ave,Union,Union,Linden,Union,Off Premise,1.00,103.17
Andrew Lundy,250038,Home Wine & Liquors (1850 Union),1850 Morris Ave.,Union,Union,Union,Union,Off Premise,1.00,349.00
Andrew Lundy,250040,Fanwood Liquors(A),61 South Ave.,Union,Union,Fanwood,Union,Off Premise,1.00,119.00
Andrew Lundy,250042,Pied Piper Liquor,613a W.Edgar Rd.,Union,Union,Linden,Union,Off Premise,1.00,342.00
Andrew Lundy,250046,Pregame Liquors,355 W. St.Georges Ave,Union,Union,Linden,Union,Off Premise,1.00,192.00
Andrew Lundy,250048,Park Beverage,1923 Westfield Ave,Union,Union,Scotch Plains,Union,Off Premise,1.00,1156.00
Andrew Lundy,250057,Rahway Discount Liquors (A),736 W Grand Ave,Union,Union,Rahway,Union,Off Premise,1.00,43.00
Andrew Lundy,250060,La Bamba,446 Elizabeth Ave,Union,Union,Elizabeth,Union,Off Premise,1.00,356.00
Andrew Lundy,250062,Aarti's World Disc Liq,1675 Rte 22 West,Union,Union,Union,Union,Off Premise,1.00,53.00
Andrew Lundy,250064,America Liquors,503 Elizabeth Ave,Union,Union,Elizabeth,Union,Off Premise,1.00,358.00
Andrew Lundy,250066,Fenrose Wine & Liq,431 W. Front St,Union,Union,Plainfield,Union,Off Premise,1.00,701.00
Andrew Lundy,250069,Mega Liquors,67 Orchard St,Union,Union,Elizabeth,Union,Off Premise,1.00,437.00
Andrew Lundy,250071,Total Wine & More (Union),950 Springfield Rd,Union,Union,Union,Union,Off Premise,1.00,3258.00
Andrew Lundy,250075,Cap N Cork Liquors,1344 Stuyvesant Ave,Union,Union,Union,Union,Off Premise,1.00,85.00
Andrew Lundy,250077,Linwood Inn Tap House,15 So Wood Ave,Union,Union,Linden,Union,On Premise,1.00,8.00
Andrew Lundy,250078,Milton Liquors,223 Morris Ave,Union,Union,Springfield,Union,Off Premise,1.00,255.00
Andrew Lundy,250084,Parkway Liquors(P),870 Boulevard,Union,Union,Kenilworth,Union,Off Premise,1.00,224.00
Andrew Lundy,250086,Linden Discount Liquors,54 E. St.George Ave,Union,Union,Linden,Union,Off Premise,1.00,517.00
Andrew Lundy,250087,House of Wine & Liquor Westfield,560 North Ave. East,Union,Union,Westfield,Union,Off Premise,1.00,700.00
Andrew Lundy,250091,Denny's Liquors,600 East Jersey St.,Union,Union,Elizabeth,Union,Off Premise,1.00,730.00
Andrew Lundy,250094,Darby Road,450 Park Ave,Union,Union,Scotch Plains,Union,On Premise,1.00,10.00
Andrew Lundy,250097,Riverside Inn,56 North Ave East,Union,Union,Cranford,Union,On Premise,1.00,234.00
Andrew Lundy,250100,World Famous Waiting Room,66 E. Cherry Street,Union,Union,Rahway,Union,On Premise,1.00,20.00
Andrew Lundy,250101,Luis Liquors,1317 Liberty Ave,Union,Union,Hillside,Union,Off Premise,1.00,50.00
Andrew Lundy,250102,Hillside Liquors,1320 N Broad St,Union,Union,Hillside,Union,Off Premise,1.00,251.00
Andrew Lundy,250105,Crossroads Bar/Rest (Z),78 North Ave,Union,Union,Garwood,Union,On Premise,1.00,21.00
Andrew Lundy,250110,Liquor City @ Sams Club,1001 E Edgar Rd,Union,Union,Linden,Union,Off Premise,1.00,483.00
Andrew Lundy,250112,Ever Blue Liquors,431 N Wood Ave,Union,Union,Linden,Union,Off Premise,1.00,119.00
Andrew Lundy,250115,Food Express,202 Broad St,Union,Union,Summit,Union,Off Premise,1.00,120.00
Andrew Lundy,250116,Office Beer Bar&Grill(A),61 Union Pl,Union,Union,Summit,Union,On Premise,1.00,3.00
Andrew Lundy,250119,Pointe Grande Liquor,866 E. Grand St.,Union,Union,Elizabeth,Union,Off Premise,1.00,609.00
Andrew Lundy,250121,Baltusrol Golf Club,201 Shunpike Rd,Union,Union,Springfield,Union,On Premise,1.00,40.00
Andrew Lundy,250133,Bayway World Of Liquor,639 Bayway Ave,Union,Union,Elizabeth,Union,Off Premise,1.00,1641.00
Andrew Lundy,250134,Shoppers Paradise Liq,551 N Broad St,Union,Union,Elizabeth,Union,Off Premise,1.00,1054.00
Andrew Lundy,250136,M & M Liquors,22 South Street,Union,Union,New Providence,Union,Off Premise,1.00,408.00
Andrew Lundy,250138,Wine Anthology,1985 Rt.22 West,Union,Union,Scotch Plains,Union,Off Premise,1.00,140.00
Andrew Lundy,250139,Providence Liquors,598 Central Ave,Union,Union,New Providence,Union,Off Premise,1.00,16.00
Andrew Lundy,250142,Queen City Liquors,440 Watchung Ave,Union,Union,Plainfield,Union,Off Premise,1.00,557.00
Andrew Lundy,250143,Jersey Fine Wines,1260 Springfield Ave,Union,Union,New Providence,Union,Off Premise,1.00,365.00
Andrew Lundy,250161,The Wine Rack Summit,490 Morris Ave,Union,Union,Summit,Union,Off Premise,1.00,170.00
Andrew Lundy,250163,Trader Joes Westfield,155 Elm St,Union,Union,Westfield,Union,Off Premise,1.00,608.00
Andrew Lundy,250164,Fujiyama Mama,341 South Avenue E,Union,Union,Westfield,Union,On Premise,1.00,80.00
Andrew Lundy,250168,Echo Lake Country Club,515 Springfield Ave,Union,Union,Westfield,Union,On Premise,1.00,1.00
Andrew Lundy,250169,The Westfield Liquor Loft,22 Elm St,Union,Union,Westfield,Union,Off Premise,1.00,112.00
Andrew Lundy,250170,D&R Liquor,1120 Liberty Ave,Union,Union,Hillside,Union,Off Premise,1.00,233.00
Andrew Lundy,250172,387 Oyster House & Bar,387 Park Ave,Union,Union,Scotch Plains,Union,On Premise,1.00,103.00
Andrew Lundy,250183,Chestnut St Spirits LLC,137 Chestnut St,Union,Union,Roselle Park,Union,Off Premise,1.00,633.00
Andrew Lundy,250221,Garwood Restaurant,259 South Ave,Union,Union,Garwood,Union,On Premise,1.00,9.00
Andrew Lundy,250440,Metro Liquor (Linden),1179 W. St George Ave,Union,Union,Linden,Union,Off Premise,1.00,1294.00
Andrew Lundy,250441,Southwood Liquors,928 South Wood Ave,Union,Union,Linden,Union,Off Premise,1.00,244.00
Andrew Lundy,250442,Liquor Rangers,206 North Wood Ave,Union,Union,Linden,Union,Off Premise,1.00,89.00
Andrew Lundy,250443,Buyrite Liquors,850-B West Edgar Rd,Union,Union,Linden,Union,Off Premise,1.00,467.00
Andrew Lundy,250445,Blue Sunday Bar & Grill,830 W Edgar Rd #830-D,Union,Union,Linden,Union,On Premise,1.00,3.00
Andrew Lundy,250801,Main Street Spirits,1537 Main St,Union,Union,Rahway,Union,Off Premise,1.00,123.00
Andrew Lundy,250803,Witty's Fine Wine & Spirt,870 St. George Ave,Union,Union,Rahway,Union,Off Premise,1.00,3024.00
Andrew Lundy,251004,Payless Liquor_2,1774-C Burnett Ave,Union,Union,Union,Union,Off Premise,1.00,378.00
Andrew Lundy,251005,Home Wines & Liquors (360 Union),360 Chestnut St,Union,Union,Union,Union,Off Premise,1.00,504.00
Andrew Lundy,251006,Kpot Korean BBQ,2401 Rt. 22,Union,Union,Union,Union,On Premise,1.00,36.00
Andrew Lundy,251008,Home Wines & Liquors (2401 Union),2401 H Union Plaza Rt.22W.,Union,Union,Union,Union,Off Premise,1.00,195.00
Andrew Lundy,251010,Triangle Liquors,1406 Burnet Ave,Union,Union,Union,Union,Off Premise,1.00,73.00
Andrew Lundy,254003,Drinq Linq The Liquor Store,6-20 South Ave W,Union,Union,Cranford,Union,Off Premise,1.00,319.00
Anthony Palmisano,10003,Buy Rite W &L Pompton(P),500 NJ-23,Morris 3,Morris,Pompton Plains,Morris 3,Off Premise,1.00,7904.00
Anthony Palmisano,1002,Country Cottage Rest (P),1745 Macopin Rd,Passaic-FF,Passaic,West Milford,Passaic-FF,On Premise,1.00,338.00
Anthony Palmisano,1004,The Vreeland Store,1383 Macopin Road,Passaic-FF,Passaic,West Milford,Passaic-FF,On Premise,1.00,54.00
Anthony Palmisano,1007,The Greenwood Tavern,1934 Greenwood Lake Tpke,Passaic-FF,Passaic,Hewitt,Passaic-FF,On Premise,1.00,57.67
Anthony Palmisano,1009,Hootch Hut (P),717 Otterhole Rd,Passaic-FF,Passaic,West Milford,Passaic-FF,Off Premise,1.00,1837.00
Anthony Palmisano,1010,Jimmy Geez(North)Bar/Gril,3219 Rt 23 South,Passaic,Passaic,Oak Ridge,Passaic,On Premise,1.00,443.00
Anthony Palmisano,1012,Uncorked Wines & Spirits (West Milford),9 Marshall Hill Road,Passaic-FF,Passaic,West Milford,Passaic-FF,Off Premise,1.00,16537.00
Anthony Palmisano,1014,Chido Mexican Kitchen,665 Warwick Turnpike,Passaic,Passaic,Hewitt,Passaic,On Premise,1.00,57.00
Anthony Palmisano,1015,Greenwood Lake Disc.(P),2019 Greenwood Lake Tpk,Passaic-FF,Passaic,Hewitt,Passaic-FF,Off Premise,1.00,9370.33
Anthony Palmisano,1021,M & M Discount Liq,574 A Macopin Rd,Passaic,Passaic,West Milford,Passaic,Off Premise,1.00,2159.00
Anthony Palmisano,1023,The New Jessies Kettle(P),1555 Greenwood Lk Tpke,Passaic-FF,Passaic,Hewitt,Passaic-FF,On Premise,1.00,1660.00
Anthony Palmisano,1028,J & S Roadhouse,17 Wooley Road,Passaic-FF,Passaic,West Milford,Passaic-FF,On Premise,1.00,574.00
Anthony Palmisano,1029,Vault Liquors,1618 Union Valley Rd Fl 1,Passaic-FF,Passaic,West Milford,Passaic-FF,Off Premise,1.00,2653.75
Anthony Palmisano,1031,Highland Wine&Liquor Inc,1926 Union Valley Rd K,Passaic-FF,Passaic,Hewitt,Passaic-FF,Off Premise,1.00,18415.15
Anthony Palmisano,1033,D'Boathaus Restaurant,322 Lakeside Road,Passaic-FF,Passaic,Hewitt,Passaic-FF,On Premise,1.00,381.00
Anthony Palmisano,1035,Old School Pub P),551 Warwick Tpke,Passaic-FF,Passaic,Hewitt,Passaic-FF,On Premise,1.00,1502.00
Anthony Palmisano,1214,Whiskey Wolf Tavern (P),399 Lake Shore Dr,Passaic-FF,Passaic,Hewitt,Passaic-FF,On Premise,1.00,1564.00
Anthony Palmisano,190902,Betsy Ross Diner,5708 Berkshire Valley Rd,Morris 1,Morris,Oak Ridge,Morris 1,On Premise,1.00,16019.05
Anthony Palmisano,191103,Whistle Stop (P),2775 Route 23 S,Passaic,Morris,Newfoundland,Passaic,On Premise,1.00,1455.17
Anthony Palmisano,191207,Daily Planet (A),526 Roosevelt Ave,Morris 1,Morris,Oak Ridge,Morris 1,On Premise,1.00,693.17
Anthony Palmisano,191208,The Grill Room,53 Schoolhouse Road,Morris 1,Morris,Oak Ridge,Morris 1,On Premise,1.00,272.00
Anthony Palmisano,191209,Valley Tavern,5604 Berkshire Valley Rd,Morris 1,Morris,Oak Ridge,Morris 1,On Premise,1.00,243.00
Anthony Palmisano,2002,Ringwood Discount Liquors,38 Ringwood Ave,Passaic-FF,Passaic,Ringwood,Passaic-FF,Off Premise,1.00,5493.00
Anthony Palmisano,2003,Ringwood W&L,130 Skyline Drive,Passaic-FF,Passaic,Ringwood,Passaic-FF,Off Premise,1.00,8930.00
Anthony Palmisano,2004,Sam's Bar and Grill,15 Greenwood Lake Turnpik,Passaic-FF,Passaic,Ringwood,Passaic-FF,On Premise,1.00,8591.86
Anthony Palmisano,230119,Smokey's Brick Oven Tav.,2 Vernon Crossing Road,Sussex,Sussex,Glenwood,Sussex,On Premise,1.00,332.00
Anthony Palmisano,230903,Black Bear Golf(A),138 New Jersey 23,Sussex,Sussex,Franklin,Sussex,On Premise,1.00,532.00
Anthony Palmisano,230906,BBQ Chicken Franklin,76 NJ-23,Sussex,Sussex,Franklin,Sussex,On Premise,1.00,27.00
Anthony Palmisano,230907,Irish Cottage Inn,602 NJ-23,Sussex,Sussex,Franklin,Sussex,On Premise,1.00,1195.32
Anthony Palmisano,230915,Crystal Sprs/Wild Turkey,123 Crystal Springs Rd,Sussex,Sussex,Hamburg,Sussex,On Premise,1.00,3282.00
Anthony Palmisano,230917,Doc's Place (P),100 NJ-23,Sussex,Sussex,Hamburg,Sussex,On Premise,1.00,1597.80
Anthony Palmisano,230925,Springs Bistro Biosphere,3 Wild Turkey Way,Sussex,Sussex,Hamburg,Sussex,On Premise,1.00,68.00
Anthony Palmisano,230929,Airport Pub & Pkg,65 County Rd 639,Sussex,Sussex,Sussex,Sussex,On Premise,1.00,1127.00
Anthony Palmisano,230930,Brick & Brew,27 NJ-23,Sussex,Sussex,Franklin,Sussex,On Premise,1.00,641.00
Anthony Palmisano,231001,Atlantic Man Rodozio Stk,83 Main St,Sussex,Sussex,Ogdensburg,Sussex,On Premise,1.00,72.00
Anthony Palmisano,231002,Stew N Dolly's Place,46 Main St,Sussex,Sussex,Ogdensburg,Sussex,On Premise,1.00,450.00
Anthony Palmisano,231206,Vfw 8441 Vernon,313 NJ-94,Sussex,Sussex,Vernon,Sussex,On Premise,1.00,362.00
Anthony Palmisano,231207,Great Gorge Golf (A) Club,414 County Rd 517,Sussex,Sussex,Vernon,Sussex,On Premise,1.00,643.00
Anthony Palmisano,231209,Mt Creek Hex Lg(North) A,200 Rt 94,Sussex,Sussex,Vernon,Sussex,On Premise,1.00,1481.00
Anthony Palmisano,231210,Bally Owen Golf Club,105 Wheatsworth Rd,Sussex,Sussex,Hamburg,Sussex,On Premise,1.00,477.17
Anthony Palmisano,231211,Tony's Pizza (P),2771 NJ-23,Sussex,Sussex,Stockholm,Sussex,On Premise,1.00,1029.00
Anthony Palmisano,231213,The Kites (P),2 Chamonix Drive,Sussex,Sussex,Vernon,Sussex,On Premise,1.00,846.00
Anthony Palmisano,231214,Mt Creek Kink (So)A,130 Rt 94 N,Sussex,Sussex,Mcafee,Sussex,On Premise,1.00,266.00
Anthony Palmisano,231302,Thirsty Farmer,31 Loomis Ave,Sussex,Sussex,Sussex,Sussex,On Premise,1.00,1124.00
Anthony Palmisano,231304,The Lamp Post Inn,1601 County Rd 565,Sussex,Sussex,Sussex,Sussex,On Premise,1.00,816.00
Anthony Palmisano,231305,Early American Tavern,9 Main St,Sussex,Sussex,Sussex,Sussex,On Premise,1.00,329.17
Anthony Palmisano,231307,Skylands Wine& Beer Garden,447 Rt 284,Sussex,Sussex,Wantage,Sussex,On Premise,1.00,5959.24
Anthony Palmisano,231309,The Stuffed Olive_2,1 Libertyville Rd,Sussex,Sussex,Wantage,Sussex,On Premise,1.00,501.00
Anthony Palmisano,231803,High Point Gc/Rest (P),342 Shore Drive,Sussex,Sussex,Montague,Sussex,On Premise,1.00,393.00
Anthony Palmisano,231805,Meloi Liquors,10 NJ-23,Sussex,Sussex,Montague,Sussex,Off Premise,1.00,2687.00
Anthony Palmisano,3001,Best Cellars (Wanaque),1069 Ringwood Ave,Passaic-FF,Passaic,Wanaque,Passaic-FF,Off Premise,1.00,11357.17
Anthony Palmisano,3005,Usa Wine Traders (Wanaque),207 Ringwood Ave,Passaic-FF,Passaic,Wanaque,Passaic-FF,Off Premise,1.00,6326.00
Anthony Palmisano,3006,Wine 2 Spirits (P),662 Ringwood Avenue,Passaic-FF,Passaic,Wanaque,Passaic-FF,Off Premise,1.00,4669.00
Anthony Palmisano,3011,Flip's Bar (P),18 Railroad Ave,Passaic-FF,Passaic,Wanaque,Passaic-FF,On Premise,1.00,1108.00
Anthony Palmisano,3014,Il Palazzo (Z),600 Ringwood Ave,Passaic-FF,Passaic,Wanaque,Passaic-FF,On Premise,1.00,75.00
Anthony Palmisano,4002,Bloomingdale Discount Liq,82 Main St,Passaic,Passaic,Bloomingdale,Passaic,Off Premise,1.00,3091.00
Anthony Palmisano,4003,Cinco De Mayo (Z),125 Hamburg Turnpike,Passaic,Passaic,Bloomingdale,Passaic,On Premise,1.00,133.90
Anthony Palmisano,4004,The River Of Beer,133 Main St,Passaic,Passaic,Bloomingdale,Passaic,On Premise,1.00,459.17
Anthony Palmisano,4005,Turnpike Discount Liquors,139 Hamburg Turnpike,Passaic,Passaic,Bloomingdale,Passaic,Off Premise,1.00,8460.00
Anthony Palmisano,4007,Karls Stumble Inn,231 Hamburg Turnpike,Passaic,Passaic,Bloomingdale,Passaic,On Premise,1.00,776.00
Anthony Palmisano,4009,Usa Wine Traders Club (Bloomingdale),29 Main St,Passaic,Passaic,Bloomingdale,Passaic,Off Premise,1.00,16250.00
Anthony Palmisano,5001,River Place Food Store,1284 Rt. 23,Morris 3,Morris,Butler,Morris 3,Off Premise,1.00,10087.15
Anthony Palmisano,5006,Roserne Pkg Store South,1477 NJ-23,Morris 3,Morris,Butler,Morris 3,Off Premise,1.00,6401.33
Anthony Palmisano,6001,Cafe' Chameleon,60 Main St,Passaic,Passaic,Bloomingdale,Passaic,On Premise,1.00,291.00
Anthony Palmisano,6002,Roserne Liquors North,1150 NJ-23,Morris 3,Morris,Kinnelon,Morris 3,Off Premise,1.00,5991.17
Anthony Palmisano,7001,Home Wine and Liquors,92 RT 23,Morris 3,Morris,Riverdale,Morris 3,Off Premise,1.00,1542.00
Anthony Palmisano,8002,Country Convenience Store,430 Ringwood Ave,Passaic-FF,Passaic,Pompton Lakes,Passaic-FF,Off Premise,1.00,4174.00
Anthony Palmisano,8005,Empire Wine & Liquor,119 Wanaque Ave,Passaic-FF,Passaic,Pompton Lakes,Passaic-FF,Off Premise,1.00,3100.00
Anthony Palmisano,8007,Krauszer's Liquor Wine and Spirits,714-716 Hamburg Tpke,Passaic,Passaic,Pompton Lakes,Passaic,Off Premise,1.00,8619.00
Anthony Palmisano,8008,Shoppers Disc(A)Pompton,744 Hamburg Tpke,Passaic,Passaic,Pompton Lakes,Passaic,Off Premise,1.00,6109.50
Anthony Palmisano,8009,Appio's Liquors,211 Wanaque Ave,Passaic,Passaic,Pompton Lakes,Passaic,Off Premise,1.00,6769.00
Anthony Palmisano,8010,George's Market (A),766 Hamburg Tpke,Passaic,Passaic,Pompton Lakes,Passaic,Off Premise,1.00,6831.00
Anthony Palmisano,9003,B & B Wine&Liq,613 Newark Pompton Tpke,Morris 3,Morris,Pompton Plains,Morris 3,Off Premise,1.00,5581.00
Brian Sengebush,1017,Millers Ale House Rockawa,325 Mt Hope Avenue,Morris 1,Morris,Rockaway,Morris 1,On Premise,1.00,728.00
Brian Sengebush,1022,The Cheesecake Factory,301 Mt. Hope Ave,Morris 1,Morris,Rockaway,Morris 1,On Premise,1.00,239.00
Brian Sengebush,1024,Buffalo Wild Wings (Rockaway),343 Mount Hope Ave,Morris 1,Morris,Rockaway,Morris 1,On Premise,1.00,272.00
Brian Sengebush,190102,Lake Valhalla Club (P),13 Vista Rd,Morris 1,Morris,Montville,Morris 1,On Premise,1.00,273.00
Brian Sengebush,190104,Black Rabbit Saloon LLC,8 Main Rd,Morris 1,Morris,Montville,Morris 1,On Premise,1.00,100.00
Brian Sengebush,190106,Rails Steakhouse (A),10 Whitehall Road,Morris 1,Morris,Towaco,Morris 1,On Premise,1.00,208.00
Brian Sengebush,190108,Harrigan's Rest. (P),144 Main Rd,Morris 1,Morris,Montville,Morris 1,On Premise,1.00,425.67
Brian Sengebush,190203,Boonton Lanes,720 Myrtle Ave,Morris 1,Morris,Boonton,Morris 1,On Premise,1.00,525.00
Brian Sengebush,190205,Sharky's West (P),108 Boonton Ave,Morris 1,Morris,Boonton,Morris 1,On Premise,1.00,386.00
Brian Sengebush,190206,Ombra,516 Main St,Morris 1,Morris,Boonton,Morris 1,On Premise,1.00,30.42
Brian Sengebush,190214,Johnnie's Tavern,301 Boonton Ave,Morris 1,Morris,Boonton,Morris 1,On Premise,1.00,2178.17
Brian Sengebush,190217,Nostrana Ristorante,91 Elcock Ave,Morris 1,Morris,Boonton,Morris 1,On Premise,1.00,83.00
Brian Sengebush,190219,Columbia Inn,29 Main Rd.,Morris 1,Morris,Montville,Morris 1,On Premise,1.00,239.33
Brian Sengebush,190220,Reservoir Tavern(A),92 Parsippany Blvd,Morris 1,Morris,Boonton,Morris 1,On Premise,1.00,314.00
Brian Sengebush,190306,Lena y Carbon VII Parsippany,450 N Beverwyck Rd,Morris 1,Morris,Parsippany,Morris 1,On Premise,1.00,233.00
Brian Sengebush,190312,The Knoll Country Club & Catering,12 Knoll Lane,Morris 1,Morris,Boonton,Morris 1,On Premise,1.00,622.00
Brian Sengebush,190503,The Station,99 Midvale Rd.,Morris 1,Morris,Mountain Lakes,Morris 1,On Premise,1.00,26.00
Brian Sengebush,190601,Thatcher Mcghee's (A),53 Broadway,Morris 1,Morris,Denville,Morris 1,On Premise,1.00,868.00
Brian Sengebush,190606,Peace Pipe Cc (P),1 Lee Road,Morris 1,Morris,Denville,Morris 1,On Premise,1.00,278.00
Brian Sengebush,190615,The Second Half On Main,5 E Main St Ste 15,Morris 1,Morris,Denville,Morris 1,On Premise,1.00,173.00
Brian Sengebush,190704,Tavern On The Rocks,9 Wall St,Morris 1,Morris,Rockaway,Morris 1,On Premise,1.00,635.00
Brian Sengebush,190706,Mill Lane Tavern,8 Mill Lane,Morris 1,Morris,Rockaway,Morris 1,On Premise,1.00,635.00
Brian Sengebush,190707,The Exchange,160 E Main St,Morris 1,Morris,Rockaway,Morris 1,On Premise,1.00,423.00
Brian Sengebush,190709,Adams (P),123 Hibernia Ave,Morris 1,Morris,Rockaway,Morris 1,On Premise,1.00,578.17
Brian Sengebush,190723,Muldoon's Steak & Pub,301 Mt Hope Ave,Morris 1,Morris,Rockaway,Morris 1,On Premise,1.00,90.00
Brian Sengebush,190724,PF Changs,375 mountain ave rockaway mall,Morris 1,Morris,Rockaway,Morris 1,On Premise,1.00,66.00
Brian Sengebush,190803,Germania Park,56 Conger St.,Morris 1,Morris,Dover,Morris 1,On Premise,1.00,59.00
Brian Sengebush,190807,The Club (NAFIB4-22-A-0036),Picatinny Arsenal 121 buffington road,Morris 1,Morris,Picatinny,Morris 1,On Premise,1.00,95.00
Brian Sengebush,190809,Picatinny Main Exch,Bldg 3324 Belt Road,Morris 1,Morris,Picatinny,Morris 1,Off Premise,1.00,742.00
Brian Sengebush,190813,Picatinney Golf(NAFIB4-22-A-0036),Bldg 121b,Morris 1,Morris,Picatinny,Morris 1,On Premise,1.00,402.00
Brian Sengebush,190815,Sam Adam's Pub (NAFIB4-22-A-0036),Bldg 121a,Morris 1,Morris,Picatinny,Morris 1,On Premise,1.00,23.00
Brian Sengebush,190903,Taphouse 15,75 NJ-15,Morris 1,Morris,Wharton,Morris 1,On Premise,1.00,281.00
Brian Sengebush,190905,Elevengreen,11 Greenpond Rd,Morris 1,Morris,Rockaway,Morris 1,On Premise,1.00,505.00
Brian Sengebush,190910,NORTE 175,175 N Main St,Morris 1,Morris,Wharton,Morris 1,On Premise,1.00,99.00
Brian Sengebush,190914,Colossal Restaurant,392 N Main St,Morris 1,Morris,Wharton,Morris 1,On Premise,1.00,6480.07
Brian Sengebush,190918,Luna Restaurant & Bar,42 N Main St,Morris 1,Morris,Wharton,Morris 1,On Premise,1.00,336.00
Brian Sengebush,190921,White Owl Tavern,17 Fern Ave,Morris 1,Morris,Wharton,Morris 1,On Premise,1.00,107.00
Brian Sengebush,190923,Knotty Pine Pub (P),242 E Union Turnpike,Morris 1,Morris,Wharton,Morris 1,On Premise,1.00,990.00
Brian Sengebush,190925,Olive Garden Rockaway,323 Mt Hope Ave.,Morris 1,Morris,Rockaway,Morris 1,On Premise,1.00,91.00
Brian Sengebush,191001,Stone Water,125 New Jersey 181,Morris 1,Morris,Lake Hopatcong,Morris 1,On Premise,1.00,176.00
Brian Sengebush,191003,Chabons Ii Liq/Bar (A),138 Esponong Rd,Morris 1,Morris,Lake Hopatcong,Morris 1,Off Premise,1.00,7664.00
Brian Sengebush,191004,Club 15(P),619 NJ-15,Morris 1,Morris,Jefferson,Morris 1,On Premise,1.00,1137.00
Brian Sengebush,191006,Gatwyns II (P),900 Route 15 North,Morris 1,Morris,Lake Hopatcong,Morris 1,On Premise,1.00,278.00
Brian Sengebush,191007,Charley's Tavern,57 NJ-181,Morris 1,Morris,Lake Hopatcong,Morris 1,On Premise,1.00,1715.17
Brian Sengebush,191008,Jefferson Diner & Tav(P),5 Bowling Green Parkway,Morris 1,Morris,Lake Hopatcong,Morris 1,On Premise,1.00,218.00
Brian Sengebush,191009,Mason Street Grille,24 Mason St,Morris 1,Morris,Lake Hopatcong,Morris 1,On Premise,1.00,1556.50
Brian Sengebush,191104,Chapala Grill - Lake Hopatcong,161 NJ-181,Morris 1,Morris,Lake Hopatcong,Morris 1,On Premise,1.00,177.00
Brian Sengebush,191405,Pat's Bar (P),390 Howard Blvd,Morris 1,Morris,Mt Arlington,Morris 1,On Premise,1.00,707.00
Brian Sengebush,191407,Pub 199,199 Howard Blvd,Morris 1,Morris,Mt Arlington,Morris 1,On Premise,1.00,888.17
Brian Sengebush,191500,Lake Hopatcong Cruises,37 Nolans Point Park Rd,Morris 1,Morris,Lake Hopatcong,Morris 1,On Premise,1.00,56.00
Brian Sengebush,191502,Alice's (Z),24 Nolan Point Park Rd,Morris 1,Morris,Lake Hopatcong,Morris 1,On Premise,1.00,156.00
Brian Sengebush,191504,Jefferson House (A),139 Nolan's Point Rd,Morris 1,Morris,Lake Hopatcong,Morris 1,On Premise,1.00,628.00
Brian Sengebush,191505,Mckenna's Pub (P),260 Espanong Rd,Morris 1,Morris,Lake Hopatcong,Morris 1,On Premise,1.00,665.17
Brian Sengebush,191507,The Windlass Rest (A),45 Nolans Point Park Rd,Morris 1,Morris,Lake Hopatcong,Morris 1,On Premise,1.00,255.00
Brian Sengebush,191508,Elks Post 782 (Z),201 Howard Blvd,Morris 1,Morris,Mt Arlington,Morris 1,On Premise,1.00,521.00
Brian Sengebush,191509,The Beacon,453 River Styx Rd,Sussex,Sussex,Hopatcong,Sussex,On Premise,1.00,351.00
Brian Sengebush,191510,Lola's Restaurant,300 Lakeside Ave,Sussex,Sussex,Hopatcong,Sussex,On Premise,1.00,381.33
Brian Sengebush,191521,Patricks Pub (P),470 River Styx Rd,Sussex,Sussex,Hopatcong,Sussex,On Premise,1.00,317.00
Brian Sengebush,191601,Stoll Street Tavern,100 Stoll St,Morris 1,Morris,Netcong,Morris 1,On Premise,1.00,1069.00
Brian Sengebush,191603,Sabor Latino,136 Main St,Morris 1,Morris,Netcong,Morris 1,On Premise,1.00,193.00
Brian Sengebush,191609,Ron's Landmark,85 Main St,Morris 1,Morris,Netcong,Morris 1,On Premise,1.00,60.00
Brian Sengebush,191612,Black Forest Inn,249 Us-206,Sussex,Sussex,Stanhope,Sussex,On Premise,1.00,10.00
Brian Sengebush,191618,Polo's Bar And Grill,140 ledgewood ave,Morris 1,Morris,Netcong,Morris 1,On Premise,1.00,255.00
Brian Sengebush,191704,Stonewood Tavern,239 Us-206 S.,Sussex,Sussex,Byram,Sussex,On Premise,1.00,385.60
Brian Sengebush,191706,Freddy's Lake House Bar And Grill,172 Lackawanna Dr,Morris 1,Sussex,Stanhope,Morris 1,On Premise,1.00,330.00
Brian Sengebush,191715,Shakey Jake's (P),134 NJ-183,Sussex,Sussex,Stanhope,Sussex,On Premise,1.00,274.00
Brian Sengebush,191718,Bell's Mansion,11 Main St,Sussex,Sussex,Stanhope,Sussex,On Premise,1.00,98.00
Brian Sengebush,191719,American Lgn Stanhope,119 NJ-183,Sussex,Sussex,Stanhope,Sussex,On Premise,1.00,408.00
Brian Sengebush,191722,Jeffrey A Miller Catering,525 Waterloo Rd,Sussex,Sussex,Stanhope,Sussex,On Premise,1.00,47.00
Brian Sengebush,191802,E & D Liquors (P),382 Us-46 # 3,Morris 1,Morris,Budd Lake,Morris 1,On Premise,1.00,112.00
Brian Sengebush,191805,Pavilion Lounge(Z),44 Sand Shore Rd,Morris 1,Morris,Budd Lake,Morris 1,On Premise,1.00,283.00
Brian Sengebush,191808,La Mezcalita,331 Rt 46 East,Morris 1,Morris,Budd Lake,Morris 1,On Premise,1.00,316.00
Brian Sengebush,191816,Vasa Park,93 Wolfe Road Rd 1,Morris 1,Warren,Hackettstown,Morris 1,On Premise,1.00,86.00
Brian Sengebush,191818,Holiday Inn,1000 International Dr,Morris 1,Morris,Budd Lake,Morris 1,On Premise,1.00,151.00
Brian Sengebush,230101,"Tomahawk Lake,Inc",153 Tomahawk Trail,Sussex,Sussex,Sparta,Sussex,On Premise,1.00,220.00
Brian Sengebush,230103,St.Moritz Grill & Bar,9 White Deer Plaza,Sussex,Sussex,Sparta,Sussex,On Premise,1.00,221.50
Brian Sengebush,230104,Mohawk House (P),3 S Sparta Ave,Sussex,Sussex,Sparta,Sussex,On Premise,1.00,31.00
Brian Sengebush,230109,Skyview Golf Course (A),226 Lafayette Rd,Sussex,Sussex,Sparta,Sussex,On Premise,1.00,348.00
Brian Sengebush,230111,Rock Island Lake Club,485 Glen Rd,Sussex,Sussex,Sparta,Sussex,On Premise,1.00,33.00
Brian Sengebush,230116,Lake Mohawk Country Club,21 Lake Mohawk Country Club Boardwalk,Sussex,Sussex,Sparta,Sussex,On Premise,1.00,239.00
Brian Sengebush,230120,Village Saloon (P),712 Woodport Rd (Rte 181),Sussex,Sussex,Sparta,Sussex,On Premise,1.00,195.00
Brian Sengebush,230122,Krogh's Restaurant & Brew Pub,23 White Deer Plaza,Sussex,Sussex,Sparta,Sussex,On Premise,1.00,269.17
Brian Sengebush,230123,Sparta Lanes (Pino),43 Theatre Center,Sussex,Sussex,Sparta,Sussex,On Premise,1.00,529.00
Brian Sengebush,230304,Mc Q's Pub (P),165 Andover Sparta Rd,Sussex,Sussex,Newton,Sussex,On Premise,1.00,541.00
Brian Sengebush,230306,AG Pizza & Restaurant - Newton,131 Newton Sparta Rd,Sussex,Sussex,Newton,Sussex,On Premise,1.00,190.00
Brian Sengebush,230307,Newton Country Club,25 Club Rd,Sussex,Sussex,Newton,Sussex,On Premise,1.00,130.00
Brian Sengebush,230312,Skyland Baseball,94 Championship Place,Sussex,Sussex,Augusta,Sussex,On Premise,1.00,493.00
Brian Sengebush,230313,Swartswood,911 Swartswood Rd,Sussex,Sussex,Newton,Sussex,Off Premise,1.00,440.00
Brian Sengebush,230401,The Greek's,470 Us-206,Sussex,Sussex,Newton,Sussex,Off Premise,1.00,1755.00
Brian Sengebush,230402,Bella Italio Rest.(P),448 Us Highway 206 S,Sussex,Sussex,Newton,Sussex,On Premise,1.00,88.00
Brian Sengebush,230405,Sheridan Lodge (P),631 Limecrest Rd,Sussex,Sussex,Newton,Sussex,On Premise,1.00,525.00
Brian Sengebush,230406,Bearbrook Valley,23 Players Blvd,Sussex,Sussex,Fredon Township,Sussex,On Premise,1.00,53.00
Brian Sengebush,230407,Fountain House (Z),439 NJ-94,Sussex,Sussex,Newton,Sussex,On Premise,1.00,425.00
Brian Sengebush,230411,Cesco's Pizza (P),538 State Route 94 South,Sussex,Sussex,Fredon Township,Sussex,On Premise,1.00,381.40
Brian Sengebush,230421,Nativa Coffee Bar,216 Woodside Ave,Sussex,Sussex,Newton,Sussex,On Premise,1.00,76.00
Brian Sengebush,230422,Boomer Bar (P) & Grill,1 Co Rd 521,Sussex,Sussex,Newton,Sussex,On Premise,1.00,417.00
Brian Sengebush,230424,Moose Lodge 432,214 Co Rd 622,Sussex,Sussex,Fredon Township,Sussex,On Premise,1.00,121.00
Brian Sengebush,230426,The Newton Theatre,234 Spring Street,Sussex,Sussex,Newton,Sussex,On Premise,1.00,165.00
Brian Sengebush,230428,O'reilly Pub (P),271 Spring St,Sussex,Sussex,Newton,Sussex,On Premise,1.00,454.00
Brian Sengebush,230430,Applebee's Grill(A)Newton,6 North Park Drive,Sussex,Sussex,Newton,Sussex,On Premise,1.00,264.00
Brian Sengebush,230432,Vfw 5360 Newton(P),85 Mill St,Sussex,Sussex,Newton,Sussex,On Premise,1.00,197.00
Brian Sengebush,230702,Hyde-Away Rest & Tap Room,901 Co Rd 521,Sussex,Sussex,Newton,Sussex,On Premise,1.00,112.00
Brian Sengebush,231601,Farmstead Golf (P),88 Lawrence Rd,Sussex,Sussex,Lafayette,Sussex,On Premise,1.00,662.00
Brian Sengebush,231606,The Lafayette House,75 NJ-15,Sussex,Sussex,Lafayette,Sussex,On Premise,1.00,146.00
Brian Sengebush,231609,Point 5 Lafayette,75 State Route 15,Sussex,Sussex,Lafayette,Sussex,Off Premise,1.00,28.00
Brian Sengebush,231703,AG Pizza and Restaurant (Branchville),3 Mill St,Sussex,Sussex,Branchville,Sussex,On Premise,1.00,502.00
Brian Sengebush,231710,Lakeside Pub (P),436 Us-206,Sussex,Sussex,Branchville,Sussex,On Premise,1.00,530.00
Brian Sengebush,231711,Riviera Maya,340 Us-206,Sussex,Sussex,Branchville,Sussex,On Premise,1.00,111.00
Brian Sengebush,231713,Flatbrook Tap House (P),180 Us-206,Sussex,Sussex,Branchville,Sussex,On Premise,1.00,141.00
Brian Sengebush,231714,Mountain House Tav & Gril,19 Us-206,Sussex,Sussex,Branchville,Sussex,On Premise,1.00,197.00
Brian Sengebush,231715,Gyp's Tavern,25 Us-206,Sussex,Sussex,Sandyston,Sussex,On Premise,1.00,978.00
Brian Sengebush,231717,Culver Liquor and Bar,364 Us-206,Sussex,Sussex,Branchville,Sussex,Off Premise,1.00,7273.00
Brian Sengebush,231718,Jumboland Diner,438 US-206,Sussex,Sussex,Branchville,Sussex,On Premise,1.00,294.00
Brian Sengebush,231719,Layton Tavern,124 Co Rd 560,Sussex,Sussex,Layton,Sussex,On Premise,1.00,488.00
Brian Sengebush,231806,Walpack Inn,Rt 615,Sussex,Sussex,Walpack,Sussex,On Premise,1.00,116.00
Chris Payton,23006,46 Discount Liquor Store,519 Rt 46e (Piaget Ave),Passaic,Passaic,Clifton,Passaic,Off Premise,1.00,11594.00
Chris Payton,25034,Figlar's (P),327 Hope Ave,Passaic,Passaic,Clifton,Passaic,Off Premise,1.00,8657.00
Chris Payton,25045,Clifton Disc Liq (A),73 Ackerman Ave Botony Pl,Passaic,Passaic,Clifton,Passaic,Off Premise,1.00,34517.50
Chris Payton,34001,Meadowland Wine & Liquor,280 Valley Blvd,Bergen,Bergen,Woodridge,Bergen,Off Premise,1.00,1498.00
Chris Payton,34003,Yoshi Liq/Wine (P),244 Boulevard,Bergen,Bergen,Hasbrouck Heights,Bergen,Off Premise,1.00,913.00
Chris Payton,34004,Princess Liquor's(P),441 Boulevard,Bergen,Bergen,Hasbrouck Heights,Bergen,Off Premise,1.00,1148.00
Chris Payton,34007,Liquor Masters (P),459 Route 17,Bergen,Bergen,Hasbrouck Heights,Bergen,Off Premise,1.00,3070.83
Chris Payton,34009,The Wine Rack Hasbrouck Hts,69 Route 17 South,Bergen,Bergen,Hasbrouck Heights,Bergen,Off Premise,1.00,2491.83
Chris Payton,35001,Westmont Liquors 64,611 Avalon Drive,Bergen,Bergen,Woodridge,Bergen,Off Premise,1.00,11036.75
Chris Payton,35002,Woodridge Wines & Liq(A),206 Hackensack St,Bergen,Bergen,Woodridge,Bergen,Off Premise,1.00,6525.67
Chris Payton,35009,Fiesta (A),255 Route 17 S,Bergen,Bergen,Woodridge,Bergen,On Premise,1.00,525.00
Chris Payton,38001,JR Sports Bar & Liquors(Z),452 Passaic Ave,Bergen,Bergen,Lodi,Bergen,Off Premise,1.00,2666.00
Chris Payton,38007,Garden Liquors (P),300 Harrison Ave,Bergen,Bergen,Lodi,Bergen,Off Premise,1.00,19064.33
Chris Payton,38008,Shop Rite Liq.(A)Lodi,150 Main Str,Bergen,Bergen,Lodi,Bergen,Off Premise,1.00,7318.00
Chris Payton,38016,Lodi Liquor Store(P),25 C WASHINGTON STREET,Bergen,Bergen,Lodi,Bergen,Off Premise,1.00,5552.00
Chris Payton,38017,Quick Stop Food & Liq,93 S. Main St,Bergen,Bergen,Lodi,Bergen,Off Premise,1.00,3455.33
Chris Payton,38019,Circle Liquors,1- 6 South Main Street,Bergen,Bergen,Lodi,Bergen,Off Premise,1.00,6790.68
Chris Payton,38021,Buy Rite Of Main St Lodi,449 Main St,Bergen,Bergen,Lodi,Bergen,Off Premise,1.00,10446.67
Chris Payton,38040,Buy Rite Discount Liquor,183 Route 46 West,Bergen,Bergen,Lodi,Bergen,Off Premise,1.00,8886.17
Chris Payton,39003,Pompei's Little Market,31 Calicooneck Rd,Bergen,Bergen,South Hackensac,Bergen,Off Premise,1.00,211.00
Chris Payton,45005,Colonial Bar,719 Grand Avenue,Bergen,Bergen,Ridgefield,Bergen,On Premise,1.00,714.00
Chris Payton,46033,Discount Lqr(A) Outlet,15 Grand Ave,Bergen,Bergen,Palisades Park,Bergen,Off Premise,1.00,162859.85
Chris Payton,47003,Mk Valencia Rest & Lg(P),228 Main Street,Bergen,Bergen,Ridgefield Park,Bergen,On Premise,1.00,164.00
Chris Payton,47005,Exquisite W & L (A),215 Main St,Bergen,Bergen,Ridgefield Park,Bergen,Off Premise,1.00,10812.50
Chris Payton,47009,Iga Supermarkets (A),201-205 Main St,Bergen,Bergen,Ridgefield Park,Bergen,Off Premise,1.00,799.00
Chris Payton,47011,Ridgefield Deli & Liq,284 Teaneck Road,Bergen,Bergen,Ridgefield Park,Bergen,Off Premise,1.00,44545.32
Chris Payton,47017,Westside Village (A),18 Paulison Ave,Bergen,Bergen,Ridgefield Park,Bergen,On Premise,1.00,848.50
Chris Payton,47019,Hilton Garden Inn Ridgefield Park,70 Challenger Rd,Bergen,Bergen,Ridgefield Park,Bergen,On Premise,1.00,71.00
Chris Payton,50007,Welsh Farms,55 Queen Anne Road,Bergen,Bergen,Bogota,Bergen,Off Premise,1.00,4059.00
Chris Payton,50012,Ma'adan Catering,446 Cedar Lane,Bergen,Bergen,Teaneck,Bergen,Off Premise,1.00,17.00
Chris Payton,50016,Teaneck Quickshop(P)Conv,725 Cedar Lane,Bergen,Bergen,Teaneck,Bergen,Off Premise,1.00,5899.00
Chris Payton,50020,Wineland,247 Degraw Ave,Bergen,Bergen,Teaneck,Bergen,Off Premise,1.00,17843.00
Chris Payton,76001,Golden Pub (P),335 Market St,Bergen,Bergen,Saddle Brook,Bergen,On Premise,1.00,169.00
Chris Payton,76010,Usa Wine Traders Club (Saddle Brook),66 Market St,Bergen,Bergen,Saddle Brook,Bergen,Off Premise,1.00,16492.50
Chris Payton,76012,Excelsior (Z),190 Rte 46,Bergen,Bergen,Saddle Brook,Bergen,On Premise,1.00,68.00
Chris Payton,76014,Que Pasta (A),326 Market St,Bergen,Bergen,Saddle Brook,Bergen,On Premise,1.00,95.00
Chris Payton,76015,Discount Liq & Bar,606 Midland Ave,Bergen,Bergen,Saddle Brook,Bergen,Off Premise,1.00,4261.00
Chris Payton,76018,Krauszer Liquor,216 Midland Ave,Bergen,Bergen,Saddle Brook,Bergen,Off Premise,1.00,4169.67
Chris Payton,78011,Nanni's (A),53 W Passaic St,Bergen,Bergen,Rochelle Park,Bergen,On Premise,1.00,55.00
Chris Payton,78013,J R W & Liq (A),332 Rochelle Ave,Bergen,Bergen,Rochelle Park,Bergen,Off Premise,1.00,2738.58
Chris Payton,79002,Hollywd Liq&Deli (A),40 W Pleasant Ave,Bergen,Bergen,Maywood,Bergen,Off Premise,1.00,2897.67
Chris Payton,79004,Coronet Variety,138 West Pleasant Ave,Bergen,Bergen,Maywood,Bergen,Off Premise,1.00,2259.00
Chris Payton,79005,Maywood Wine&Liq (A),117 E Passaic St,Bergen,Bergen,Maywood,Bergen,Off Premise,1.00,3204.00
Chris Payton,79007,Maywood Market(A),78 W Pleasant Avenue,Bergen,Bergen,Maywood,Bergen,Off Premise,1.00,1324.00
Chris Payton,80010,Suburban Diner,172 Route 17 N,Bergen,Bergen,Paramus,Bergen,On Premise,1.00,41.00
Chris Payton,80023,Red Lobster Paramus,211 Rt 17,Bergen,Bergen,Paramus,Bergen,On Premise,1.00,76.00
Chris Payton,80025,Paramus Food Center,548 Paramus Rd,Bergen,Bergen,Paramus,Bergen,Off Premise,1.00,2058.00
Chris Payton,80027,Ridgewood Country Club,96 W Midland Ave,Bergen,Bergen,Paramus,Bergen,On Premise,1.00,653.17
Chris Payton,80028,El Cid,205 Paramus Rd,Bergen,Bergen,Paramus,Bergen,On Premise,1.00,203.00
Chris Payton,80029,Seoul Galbi,123 Paramus Rd,Bergen,Bergen,Paramus,Bergen,On Premise,1.00,358.00
Chris Payton,80035,Arcola Country C.,24 Paramus Rd,Bergen,Bergen,Paramus,Bergen,On Premise,1.00,290.50
Chris Payton,80053,Paramus Courtyard,320 Rte 17 No,Bergen,Bergen,Paramus,Bergen,On Premise,1.00,62.00
Chris Payton,81001,B & B Liquors (Fair Lawn),13-05 River Road,Bergen,Bergen,Fair Lawn,Bergen,Off Premise,1.00,4265.00
Chris Payton,81010,Morlot W & L (A),22-10 Morlot Ave,Bergen,Bergen,Fair Lawn,Bergen,Off Premise,1.00,1649.00
Chris Payton,81011,Radburn Liquors (A,14-35 Plaza Rd,Bergen,Bergen,Fair Lawn,Bergen,Off Premise,1.00,2529.00
Chris Payton,81012,Dutch House,24-07 Fair Lawn Ave,Bergen,Bergen,Fair Lawn,Bergen,On Premise,1.00,403.00
Chris Payton,81017,JJ's Pub,25-01 Broadway,Bergen,Bergen,Fair Lawn,Bergen,On Premise,1.00,751.00
Chris Payton,81018,B R C Catering (P),24-20 Broadway,Bergen,Bergen,Fair Lawn,Bergen,On Premise,1.00,247.00
Chris Payton,81031,Rail Yard Tavern (P),14-26 Plaza Rd,Bergen,Bergen,Fair Lawn,Bergen,On Premise,1.00,-8.00
Chris Politano,31037,Delaware North Met Life Stadium,102 Route 120,Bergen,Bergen,East Rutherford,Bergen,On Premise,1.00,10761.00
Dan Lagala,201096,Whole Foods #10102 (Edgewater),905 River Rd,Bergen,Bergen,Edgewater,Bergen,Off Premise,1.00,718.00
Dan Lagala,43002,Checo Supermarket,210 Anderson Ave,Bergen,Bergen,Fairview,Bergen,Off Premise,1.00,4195.00
Dan Lagala,43004,Boulevard Liq.(Fairview),153 Bergen Blvd,Bergen,Bergen,Fairview,Bergen,Off Premise,1.00,10122.00
Dan Lagala,43005,Rome Liquors (Fairview),174 Anderson Ave,Bergen,Bergen,Fairview,Bergen,Off Premise,1.00,10396.67
Dan Lagala,43006,Fairview Liq & Groc.(A),36 Anderson Avenue,Bergen,Bergen,Fairview,Bergen,Off Premise,1.00,10173.00
Dan Lagala,43007,American Classic Liq,157 Anderson Ave,Bergen,Bergen,Fairview,Bergen,Off Premise,1.00,4782.00
Dan Lagala,43013,Buy Rite Of Fairview,201 Broad Ave,Bergen,Bergen,Fairview,Bergen,Off Premise,1.00,19436.00
Dan Lagala,43015,Kikos Liquors Ii,321 Anderson Ave,Bergen,Bergen,Fairview,Bergen,Off Premise,1.00,7101.00
Dan Lagala,43019,Cast Iron Pot (A),356 Bergen Blvd,Bergen,Bergen,Fairview,Bergen,On Premise,1.00,186.00
Dan Lagala,43022,C & C Bar Factory,560 Fairview Ave,Bergen,Bergen,Fairview,Bergen,On Premise,1.00,77.30
Dan Lagala,43029,El Tio Taco Ii,332 Bergen Blvd,Bergen,Bergen,Fairview,Bergen,On Premise,1.00,12524.32
Dan Lagala,43031,La Fortuna (P),430 Kamena St,Bergen,Bergen,Fairview,Bergen,On Premise,1.00,300.00
Dan Lagala,43032,El Caporal Mexican Food,341 Anderson Ave,Bergen,Bergen,Fairview,Bergen,On Premise,1.00,469.00
Dan Lagala,44002,Wine And Food Mart (Z),589 Anderson Ave,Bergen,Bergen,Cliffside Park,Bergen,Off Premise,1.00,2144.00
Dan Lagala,44005,Winston Wine & Liq,659 Palisade Ave,Bergen,Bergen,Cliffside Park,Bergen,Off Premise,1.00,10303.35
Dan Lagala,44006,Garden St. Wine & Liquor,461 Palisade Ave,Bergen,Bergen,Cliffside Park,Bergen,Off Premise,1.00,89184.58
Dan Lagala,44008,GOGIYA,606 Anderson Ave,Bergen,Bergen,Cliffside Park,Bergen,On Premise,1.00,25.00
Dan Lagala,44010,Garden State Food&Liq (P),666 Anderson Ave,Bergen,Bergen,Cliffside Park,Bergen,Off Premise,1.00,5339.00
Dan Lagala,44012,690 Park,690 Anderson Avenue,Bergen,Bergen,Cliffside Park,Bergen,On Premise,1.00,3509.00
Dan Lagala,44014,Campbell's Wines & Liquor,730 Anderson Ave,Bergen,Bergen,Cliffside Park,Bergen,Off Premise,1.00,183.00
Dan Lagala,44016,Liquor City(A)Cliffside,494 Anderson Ave,Bergen,Bergen,Cliffside Park,Bergen,Off Premise,1.00,11521.00
Dan Lagala,44017,Frankie's Gastro,651 Anderson Ave,Bergen,Bergen,Cliffside Park,Bergen,On Premise,1.00,2140.00
Dan Lagala,44025,Rudys (A),591 Anderson Ave,Bergen,Bergen,Cliffside Park,Bergen,On Premise,1.00,468.00
Dan Lagala,44027,354 Steakhouse (A),354 Lawton Ave,Bergen,Bergen,Cliffside Park,Bergen,On Premise,1.00,201.00
Dan Lagala,44028,512 Bar,512 Anderson Ave,Bergen,Bergen,Cliffside Park,Bergen,On Premise,1.00,219.00
Dan Lagala,44031,Viva La Margarita Cliffside Park,790 Anderson Ave,Bergen,Bergen,Cliffside Park,Bergen,On Premise,1.00,146.00
Dan Lagala,44033,Brass Rail Pub_2,339 Palisade Ave,Bergen,Bergen,Cliffside Park,Bergen,On Premise,1.00,236.00
Dan Lagala,44035,O'Malleys Pub LLC DBA Blackbird Pub,658 Anderson Ave,Bergen,Bergen,Cliffside Park,Bergen,On Premise,1.00,413.00
Dan Lagala,44038,Palisadium Club,700 Palisadium Drive,Bergen,Bergen,Cliffside Park,Bergen,On Premise,1.00,20.00
Dan Lagala,44039,Villa Amalfi,793 Palisade Ave,Bergen,Bergen,Cliffside Park,Bergen,On Premise,1.00,43.00
Dan Lagala,44040,Stop N Go Conven. (P),81 Palisade Ave,Bergen,Bergen,Cliffside Park,Bergen,Off Premise,1.00,7595.00
Dan Lagala,44044,Sonsonate Rest(P),100 Palisade Ave,Bergen,Bergen,Cliffside Park,Bergen,On Premise,1.00,937.00
Dan Lagala,44047,Sedona Tap House,679 Anderson Ave,Bergen,Bergen,Cliffside Park,Bergen,On Premise,1.00,323.00
Dan Lagala,44048,Clubhouse Cafe (P),661 Palisade Ave,Bergen,Bergen,Cliffside Park,Bergen,On Premise,1.00,784.00
Dan Lagala,44049,Rome Liquor (Cliffside Park),743 Anderson Ave,Bergen,Bergen,Cliffside Park,Bergen,Off Premise,1.00,4176.00
Dan Lagala,44052,Minit Mart_2,237 Palisade Ave,Bergen,Bergen,Cliffside Park,Bergen,Off Premise,1.00,2974.00
Dan Lagala,45002,JC&D Best Wine & Liquor,321 Broad Ave,Bergen,Bergen,Ridgefield,Bergen,Off Premise,1.00,3289.00
Dan Lagala,45004,Ridgefield Liq (Z),520 Shaler Blvd,Bergen,Bergen,Ridgefield,Bergen,Off Premise,1.00,3338.33
Dan Lagala,45015,Tivoli Restaurant,533 Shaler Blvd,Bergen,Bergen,Ridgefield,Bergen,On Premise,1.00,199.00
Dan Lagala,45018,Duri Pocha,441 Broad Ave,Bergen,Bergen,Ridgefield,Bergen,On Premise,1.00,47.00
Dan Lagala,46002,Best Choice Liqrs (P),23 Broad Ave,Bergen,Bergen,Palisades Park,Bergen,Off Premise,1.00,2480.00
Dan Lagala,46003,Palisades Park Liq(P),100 E Columbia Ave,Bergen,Bergen,Palisades Park,Bergen,Off Premise,1.00,3424.00
Dan Lagala,46006,Rock 21,400 Bergen Blvd,Bergen,Bergen,Palisades Park,Bergen,On Premise,1.00,190.00
Dan Lagala,46008,Bella Wine & Liquor,331 Broad Ave.,Bergen,Bergen,Palisades Park,Bergen,Off Premise,1.00,30851.43
Dan Lagala,46009,Banner Delicatessen,400 Broad Ave,Bergen,Bergen,Palisades Park,Bergen,Off Premise,1.00,77507.81
Dan Lagala,46010,So Noon Nan Jib,238 Broad Ave,Bergen,Bergen,Palisades Park,Bergen,On Premise,1.00,118.00
Dan Lagala,46011,Han Mi Supermkt (A),220 Broad Ave,Bergen,Bergen,Palisades Park,Bergen,Off Premise,1.00,3089.00
Dan Lagala,46012,Jay Cee (P) Deli & Liq.,246 Broad Ave,Bergen,Bergen,Palisades Park,Bergen,Off Premise,1.00,6022.00
Dan Lagala,46013,Boulevard Food Store,520a Bergen Blvd,Bergen,Bergen,Palisades Park,Bergen,Off Premise,1.00,2214.00
Dan Lagala,46014,Soosang Hand Pocha,239 Broad Ave,Bergen,Bergen,Palisades Park,Bergen,On Premise,1.00,186.00
Dan Lagala,46015,Mukeunji (Z),421 Broad Ave,Bergen,Bergen,Palisades Park,Bergen,Off Premise,1.00,5854.00
Dan Lagala,46017,Mariachi (Roku) (Z),15 Grand Ave,Bergen,Bergen,Palisades Park,Bergen,On Premise,1.00,135.00
Dan Lagala,46024,Anthony's Pharmacy,341 Broad Ave,Bergen,Bergen,Palisades Park,Bergen,Off Premise,1.00,348.00
Dan Lagala,46027,Grand Wine Bar/Karaoke(Z),42 Broad Ave,Bergen,Bergen,Palisades Park,Bergen,On Premise,1.00,183.00
Dan Lagala,46029,Hanam Daeji,445 Grand Ave,Bergen,Bergen,Palisades Park,Bergen,On Premise,1.00,452.00
Dan Lagala,46030,Elks Post 2475 (Z),536 10th St,Bergen,Bergen,Palisades Park,Bergen,On Premise,1.00,25.00
Dan Lagala,46031,Kang Ho Dong,329 Bergen Blvd,Bergen,Bergen,Palisades Park,Bergen,On Premise,1.00,80.00
Dan Lagala,48002,Manor Wine & Liquor,430 Broad Ave,Bergen,Bergen,Leonia,Bergen,Off Premise,1.00,2428.50
Dan Lagala,48005,Leonia Wine & Spirits,307 Broad Ave,Bergen,Bergen,Leonia,Bergen,Off Premise,1.00,709.00
Dan Lagala,48006,Andres Wine & Spirits,322 Broad Ave,Bergen,Bergen,Leonia,Bergen,Off Premise,1.00,1904.00
Dan Lagala,49012,365 BBQ,176 Main St,Bergen,Bergen,Fort Lee,Bergen,On Premise,1.00,28.00
Dan Lagala,49016,Ipic Theaters,2023 Hudson St,Bergen,Bergen,Fort Lee,Bergen,On Premise,1.00,260.00
Dan Lagala,49018,Jumong Restaurant,1550 Lemoine Ave,Bergen,Bergen,Fort Lee,Bergen,On Premise,1.00,206.00
Dan Lagala,49019,Bp Gas Station,1671 Bergen Blvd,Bergen,Bergen,Fort Lee,Bergen,Off Premise,1.00,2946.00
Dan Lagala,49024,Ventana's Restaurant,200 Park Ave,Bergen,Bergen,Fort Lee,Bergen,On Premise,1.00,163.00
Dan Lagala,49027,Linwood Wine-Linwood Plaza,102 Linwood Plaza,Bergen,Bergen,Fort Lee,Bergen,Off Premise,1.00,8416.83
Dan Lagala,49029,Obaltan,799 Abbott Blvd,Bergen,Bergen,Fort Lee,Bergen,On Premise,1.00,49.00
Dan Lagala,49031,Top Shelf Liquors,2450 Lemoine Ave,Bergen,Bergen,Fort Lee,Bergen,Off Premise,1.00,1853.00
Dan Lagala,49032,Fairway Mkt & Gift(A),1214 Anderson Ave,Bergen,Bergen,Fort Lee,Bergen,Off Premise,1.00,1089.00
Dan Lagala,49033,Banner Liquor Iii,1175 Palisade Avenue,Bergen,Bergen,Fort Lee,Bergen,Off Premise,1.00,5145.00
Dan Lagala,49034,In Napoli (A),116 Main St,Bergen,Bergen,Fort Lee,Bergen,On Premise,1.00,313.00
Dan Lagala,49035,Gulf Express Fort Lee,1651 Bergen Blvd,Bergen,Bergen,Fort Lee,Bergen,Off Premise,1.00,2048.00
Dan Lagala,49036,Junction Liquors,266 Columbia Ave,Bergen,Bergen,Fort Lee,Bergen,Off Premise,1.00,495.00
Dan Lagala,49041,WOOGA,1296 Palisade Ave,Bergen,Bergen,Fort Lee,Bergen,On Premise,1.00,30.00
Dan Lagala,49044,Linwood Wine-Hudson Light,675 Park Ave,Bergen,Bergen,Fort Lee,Bergen,Off Premise,1.00,5393.00
Dan Lagala,49045,Liquor World,1475 Bergen Blvd,Bergen,Bergen,Fort Lee,Bergen,Off Premise,1.00,12473.00
Dan Lagala,49048,River Palm (A),1416 River Rd,Bergen,Bergen,Edgewater,Bergen,On Premise,1.00,195.00
Dan Lagala,49050,Bada Story (Z),799 Abbott Blvd,Bergen,Bergen,Fort Lee,Bergen,On Premise,1.00,56.00
Dan Lagala,49053,Soho (Z),2027 Lemoine Ave,Bergen,Bergen,Fort Lee,Bergen,On Premise,1.00,28.00
Dan Lagala,49055,Edgewater Liquor (A),547 River Road,Bergen,Bergen,Edgewater,Bergen,Off Premise,1.00,29281.88
Dan Lagala,49056,Hmart Fresh (P),1379 16th Street,Bergen,Bergen,Fort Lee,Bergen,Off Premise,1.00,1060.00
Dan Lagala,49057,Gammeeok,485 Main St,Bergen,Bergen,Fort Lee,Bergen,On Premise,1.00,30.00
Dan Lagala,49061,Double Tree Hotel Ft Lee,2117 Route 4 E,Bergen,Bergen,Fort Lee,Bergen,On Premise,1.00,158.00
Dan Lagala,49065,Haven Rest/Bar (A),2 Main St,Bergen,Bergen,Edgewater,Bergen,On Premise,1.00,271.00
Dan Lagala,49066,Mitsuwa Market (A),595 River Rd,Bergen,Bergen,Edgewater,Bergen,Off Premise,1.00,2301.00
Dan Lagala,49069,Pho 32,1645 Lemoine Ave,Bergen,Bergen,Fort Lee,Bergen,On Premise,1.00,47.00
Dan Lagala,49071,Chillers Grill (A),2191 Fletcher Ave,Bergen,Bergen,Fort Lee,Bergen,On Premise,1.00,46.00
Dan Lagala,49072,JJ Dak,144 Main St,Bergen,Bergen,Fort Lee,Bergen,On Premise,1.00,137.00
Dan Lagala,49074,Dong Bang Grill,1616 Palisade Ave,Bergen,Bergen,Fort Lee,Bergen,On Premise,1.00,60.00
Dan Lagala,49076,Raku Izakaya (Z),209 Main Street,Bergen,Bergen,Fort Lee,Bergen,On Premise,1.00,223.00
Dan Lagala,49083,Courtyard By Marriott Edgewater,3 Pembroke Rd,Bergen,Bergen,Edgewater,Bergen,On Premise,1.00,100.00
Dan Lagala,49090,Homewood Suites Edgewater,10 The Promenade,Bergen,Bergen,Edgewater,Bergen,On Premise,1.00,142.00
Dan Lagala,53001,Brownstone Pancake Factor,717 E Palisade Ave,Bergen,Bergen,Englewood Cliff,Bergen,On Premise,1.00,79.00
Dan Lagala,53002,Mr Bbq,150 Sylvan Way,Bergen,Bergen,Englewood Cliff,Bergen,On Premise,1.00,48.00
Dan Lagala,53004,Lefkes Restaurant,495 Sylvan Ave,Bergen,Bergen,Englewood Cliff,Bergen,On Premise,1.00,311.00
Dan Lagala,53005,Cliffs Steakhouse(A),18 Sylvan Ave,Bergen,Bergen,Englewood Cliff,Bergen,On Premise,1.00,32.00
Dan Lagala,53007,Giovanni's Bicycle Club,487 Sylvan Ave,Bergen,Bergen,Englewood Cliff,Bergen,On Premise,1.00,80.00
Dan Lagala,54006,Tenafly Fine Wine & Spirits,14 Riveredge Rd,Bergen,Bergen,Tenafly,Bergen,Off Premise,1.00,4589.33
Dan Lagala,54007,Wine Ventures,7 Washington St,Bergen,Bergen,Tenafly,Bergen,Off Premise,1.00,1639.00
Dave Ehlers,14007,Total Wine & More (Totowa),465 US Highway 46,Passaic,Passaic,Totowa,Passaic,Off Premise,1.00,74064.00
Dave Ehlers,39012,Wine And Liq Depot(A),310 Huyler St,Bergen,Bergen,South Hackensac,Bergen,Off Premise,1.00,16879.00
Dave Ehlers,40001,Bottle & Cork,380 W Pleasantview Ave,Bergen,Bergen,Hackensack,Bergen,Off Premise,1.00,7562.33
Dave Ehlers,40004,Simple Simon's (Z),337 Essex St,Bergen,Bergen,Hackensack,Bergen,Off Premise,1.00,7858.00
Dave Ehlers,40010,Hackensack Liquors,500 South River St,Bergen,Bergen,Hackensack,Bergen,Off Premise,1.00,15898.00
Dave Ehlers,40017,Essex St Liquor and Wine,214 Essex St,Bergen,Bergen,Hackensack,Bergen,Off Premise,1.00,6703.00
Dave Ehlers,40022,Buy Rite Of Hackensack,410 River St,Bergen,Bergen,Hackensack,Bergen,Off Premise,1.00,22991.83
Dave Ehlers,40037,Parisi Deli,89 S State St,Bergen,Bergen,Hackensack,Bergen,Off Premise,1.00,192.00
Dave Ehlers,41005,George's Liq,130 Anderson St,Bergen,Bergen,Hackensack,Bergen,Off Premise,1.00,6635.00
Dave Ehlers,41012,Deli Mart (A),789 Main St,Bergen,Bergen,Hackensack,Bergen,Off Premise,1.00,6098.00
Dave Ehlers,41015,99 Ranch Market,450 Hackensack Ave,Bergen,Bergen,Hackensack,Bergen,Off Premise,1.00,1091.00
Dave Ehlers,50013,Wine & More (P),953 Teaneck Rd,Bergen,Bergen,Teaneck,Bergen,Off Premise,1.00,14581.04
Dave Ehlers,51004,Fill Er Up Kosher Wine(P),174 West Englewood Ave,Bergen,Bergen,Teaneck,Bergen,Off Premise,1.00,698.00
Dave Ehlers,51008,H & R Disc. Liq (P),1350-1352 Teaneck Rd,Bergen,Bergen,Teaneck,Bergen,Off Premise,1.00,6168.00
Dave Ehlers,51012,Teaneck Liquors,1531 Teaneck Rd,Bergen,Bergen,Teaneck,Bergen,Off Premise,1.00,1593.00
Dave Ehlers,51013,G & G Liquors & Bar,1435 Teaneck Rd,Bergen,Bergen,Teaneck,Bergen,Off Premise,1.00,5370.00
Dave Ehlers,51018,Teaneck Discount Liquor,764 New Bridge Road,Bergen,Bergen,Teaneck,Bergen,Off Premise,1.00,2846.17
Dave Ehlers,52004,Grand Liquor & Delicatesen,124 Grand Ave.,Bergen,Bergen,Englewood,Bergen,Off Premise,1.00,785.00
Dave Ehlers,52008,Englewood Liq (A),42 E Palisade Ave,Bergen,Bergen,Englewood,Bergen,Off Premise,1.00,1537.00
Dave Ehlers,52011,Englewood Wine (A),1 Engle St,Bergen,Bergen,Englewood,Bergen,Off Premise,1.00,27.50
Dave Ehlers,52013,Lulu Lounge,63 Nathaniel Pl,Bergen,Bergen,Englewood,Bergen,On Premise,1.00,67.00
Dave Ehlers,52015,Shop Rite Liq (A)Englewd,53 Nathaniel Pl,Bergen,Bergen,Englewood,Bergen,Off Premise,1.00,28132.00
Dave Ehlers,52019,W E Beverage (A),91 W Palisade Ave,Bergen,Bergen,Englewood,Bergen,Off Premise,1.00,8230.00
Dave Ehlers,52025,Englewood Wine and Spirits,481 N Dean St,Bergen,Bergen,Englewood,Bergen,Off Premise,1.00,3375.00
Dave Ehlers,52029,Santa Barbara,79 Slocum Ave,Bergen,Bergen,Englewood,Bergen,Off Premise,1.00,575.00
Dave Ehlers,56007,Portland Wine & Liquor,22 Portland Ave,Bergen,Bergen,Bergenfield,Bergen,Off Premise,1.00,17216.00
Dave Ehlers,56008,Bergenfield Liq & Fw,5 S Washington Ave,Bergen,Bergen,Bergenfield,Bergen,Off Premise,1.00,13371.33
Dave Ehlers,56013,Time Lounge And Liq (A),487-489 S Washington Ave,Bergen,Bergen,Bergenfield,Bergen,Off Premise,1.00,8184.00
Dave Ehlers,57001,Barrel & Brew Bar & Liq,868-872 River Rd,Bergen,Bergen,New Milford,Bergen,Off Premise,1.00,20580.20
Dave Ehlers,57003,Joes Beer Wine & Spirits,710 River Rd,Bergen,Bergen,New Milford,Bergen,Off Premise,1.00,5105.33
Dave Ehlers,57006,New Milford Liquors,401 River Rd,Bergen,Bergen,New Milford,Bergen,Off Premise,1.00,3159.00
Dave Ehlers,58001,Total Wine & More (River Edge),1001 Main St,Bergen,Bergen,River Edge,Bergen,Off Premise,1.00,71785.00
Dave Ehlers,58002,River Edge Wine & Liquor,504 Kinderkamack Rd,Bergen,Bergen,River Edge,Bergen,Off Premise,1.00,2520.00
Dave Ehlers,58004,Country Wine & Liquors,842 Kinderkamack Rd,Bergen,Bergen,River Edge,Bergen,Off Premise,1.00,1711.95
Default,1001,Watershed Pub & Deli (P),62 Old Route 23,Passaic,Passaic,Newfoundland,Passaic,Off Premise,1.00,0.00
Default,120002,PICNIC,150 Wagaraw Road,Passaic,Passaic,Hawthorne,Passaic,Off Premise,1.00,937.00
Default,12089,FRANKFORD FD / NJ STATE FAIR,34 PLAINS ROAD,Passaic,Sussex,Augusta,Passaic,Off Premise,1.00,825.00
Derrick Laws,13001,Shop Rite Liq (A)Littlefl,171 Browertown Rd,Passaic,Passaic,Little Falls,Passaic,Off Premise,1.00,28486.00
Derrick Laws,15008,Westmount Country Club,728 Rifle Camp Road,Passaic,Passaic,Woodland Park,Passaic,On Premise,1.00,317.00
Derrick Laws,15012,Pal's Liquor,241 Union Ave,Passaic,Passaic,Paterson,Passaic,Off Premise,1.00,11623.00
Derrick Laws,15013,El Oasis,450 Union Ave,Passaic,Passaic,Paterson,Passaic,Off Premise,1.00,9646.00
Derrick Laws,15020,Angel's Wine & Liquors,78 North 6th St,Passaic,Passaic,Paterson,Passaic,Off Premise,1.00,4072.00
Derrick Laws,15023,Santana's Sport(P)Bella,215 Market St,Passaic,Passaic,Paterson,Passaic,Off Premise,1.00,10374.75
Derrick Laws,15037,Liquor Gallery (Paterson),459 Mcbride Ave,Passaic,Passaic,Paterson,Passaic,Off Premise,1.00,7175.50
Derrick Laws,15069,Mexico Bar & Grill,246 Mcbride Ave,Passaic,Passaic,Paterson,Passaic,On Premise,1.00,2316.60
Derrick Laws,17002,Hillcrest Liqrs (A),168 Union Ave,Passaic,Passaic,Paterson,Passaic,Off Premise,1.00,5335.00
Derrick Laws,20005,La Sorpresa Liq (P),115 4th Ave,Passaic,Passaic,Paterson,Passaic,Off Premise,1.00,11157.00
Derrick Laws,20025,Mercer Bar & Liquors,73 Mercer St,Passaic,Passaic,Paterson,Passaic,Off Premise,1.00,7419.00
Derrick Laws,20027,230 Liq & Groc.(A),230 Rosa Parks Blvd,Passaic,Passaic,Paterson,Passaic,Off Premise,1.00,9584.00
Derrick Laws,20028,Integrity Masonic,224 Broadway,Passaic,Passaic,Paterson,Passaic,On Premise,1.00,2135.50
Derrick Laws,20030,10th Ave Liq & Food (P),350 10th Ave,Passaic,Passaic,Paterson,Passaic,Off Premise,1.00,7024.00
Derrick Laws,20037,The Point Liquor & Bar,620 Main Street,Passaic,Passaic,Paterson,Passaic,Off Premise,1.00,21665.53
Derrick Laws,20038,Patsy's (A) Tavern,72 7th Ave,Passaic,Passaic,Paterson,Passaic,On Premise,1.00,101.00
Derrick Laws,20040,Hiciano Liquor Store,71 73 Park Ave,Passaic,Passaic,Paterson,Passaic,Off Premise,1.00,6874.00
Derrick Laws,20041,Yaremy Liquors,29 Park Ave,Passaic,Passaic,Paterson,Passaic,Off Premise,1.00,3753.25
Derrick Laws,20048,Downtown Cafe (P),29 Church St,Passaic,Passaic,Paterson,Passaic,On Premise,1.00,370.00
Derrick Laws,20058,Krystal Bar(P) & Liqs.,123 Highland St,Passaic,Passaic,Paterson,Passaic,On Premise,1.00,5621.00
Derrick Laws,20060,Moya E.Bar&Liq.(Z),428 East 18th St,Passaic,Passaic,Paterson,Passaic,Off Premise,1.00,5669.50
Derrick Laws,20066,J & B Bar & Liq (Z),468 Broadway,Passaic,Passaic,Paterson,Passaic,Off Premise,1.00,4243.00
Derrick Laws,20075,Griselda Rest.(A),81 Market Street,Passaic,Passaic,Paterson,Passaic,On Premise,1.00,90.00
Derrick Laws,20079,Limestone Liquors (A),349 Union Ave,Passaic,Passaic,Paterson,Passaic,Off Premise,1.00,11133.00
Derrick Laws,20080,Raphael & Angel Liq (A),390 Main St,Passaic,Passaic,Paterson,Passaic,Off Premise,1.00,9958.00
Derrick Laws,20089,Carlitto's Bar(P),402 Main Street,Passaic,Passaic,Paterson,Passaic,On Premise,1.00,2766.15
Derrick Laws,20126,Scheps Discount Bar/Liq,152 23rd Avenue,Passaic,Passaic,Paterson,Passaic,Off Premise,1.00,169480.89
Derrick Laws,20127,Brothers A&C Pizza (P),343 21st Avenue,Passaic,Passaic,Paterson,Passaic,On Premise,1.00,1334.00
Derrick Laws,20129,Main Discount (P) Liqs.,1137 Main St,Passaic,Passaic,Paterson,Passaic,Off Premise,1.00,235.00
Derrick Laws,20131,El Fogon Rest,475 Union Avenue,Passaic,Passaic,Paterson,Passaic,On Premise,1.00,3657.00
Derrick Laws,21001,Rocky's Liquor Store,48-50 Third Avenue,Passaic,Passaic,Paterson,Passaic,Off Premise,1.00,3658.00
Derrick Laws,21012,Elks Ldge 333 (Z) Pater.,272 Ellison St,Passaic,Passaic,Paterson,Passaic,On Premise,1.00,1489.40
Derrick Laws,21031,Broadway Liq (A),732 Broadway,Passaic,Passaic,Paterson,Passaic,Off Premise,1.00,6375.50
Derrick Laws,21033,The Liquor Shop,498 E 30th Street,Passaic,Passaic,Paterson,Passaic,Off Premise,1.00,27097.00
Derrick Laws,21035,M & R Disc (A) Liqs.,408 21st Ave,Passaic,Passaic,Paterson,Passaic,Off Premise,1.00,6575.00
Derrick Laws,21045,Dorta Liquor (A),353 21st Ave,Passaic,Passaic,Paterson,Passaic,Off Premise,1.00,9141.00
Derrick Laws,21048,Ferraro's Liquor,423 21st Avenue,Passaic,Passaic,Paterson,Passaic,Off Premise,1.00,11999.50
Derrick Laws,21050,Quis Queya Liquor(P),586 21st Avenue,Passaic,Passaic,Paterson,Passaic,Off Premise,1.00,13567.00
Derrick Laws,22006,Ant's Bar & Liquors,16 Mary Street,Passaic,Passaic,Paterson,Passaic,Off Premise,1.00,80227.95
Derrick Laws,22022,C Town (A),680 Main Street,Passaic,Passaic,Paterson,Passaic,Off Premise,1.00,26134.73
Derrick Laws,22032,Economy Liquors,186 5th Ave,Passaic,Passaic,Paterson,Passaic,Off Premise,1.00,18898.00
Derrick Laws,22053,Rincon Centroamericano,197 Market St,Passaic,Passaic,Paterson,Passaic,On Premise,1.00,400.00
Derrick Laws,22067,Gonzalez Liq & Bar(A),105 Park Ave,Passaic,Passaic,Paterson,Passaic,Off Premise,1.00,36092.82
Derrick Laws,23004,Shop Rite Wines/Spirits,895 Paulison Ave,Passaic,Passaic,Clifton,Passaic,Off Premise,1.00,186098.77
Derrick Laws,27027,Shamrock B&G (P),13 Hoover Ave,Passaic,Passaic,Passaic,Passaic,On Premise,1.00,259.00
Dylan Rubino,170001,Jersey Wine & Spirits,492 Jersey Ave,Hudson,Hudson,Jersey City,Hudson,Off Premise,1.00,429.00
Dylan Rubino,170012,Wine Outlet,10 Meadowlands Parkway,Hudson,Hudson,Secaucus,Hudson,Off Premise,1.00,355.00
Dylan Rubino,170013,Universal Liquors (A),2117 Bergenline Avenue,Hudson,Hudson,Union City,Hudson,Off Premise,1.00,439.00
Dylan Rubino,170015,Twin City Liquors (A),2 Garfield Ave,Hudson,Hudson,Jersey City,Hudson,Off Premise,1.00,209.00
Dylan Rubino,170023,Corks & Bottles (P),6910 John F. Kennedy Blvd,Hudson,Hudson,Guttenberg,Hudson,Off Premise,1.00,375.00
Dylan Rubino,170024,Manhatten Liquors,3300 Kennedy Blvd.,Hudson,Hudson,Jersey City,Hudson,Off Premise,1.00,124.00
Dylan Rubino,170027,Discount Liquors West New York,5109 Bergenline Avenue,Hudson,Hudson,West New York,Hudson,Off Premise,1.00,321.00
Dylan Rubino,170029,Hollywood Liqs (P),6006 Park Ave,Hudson,Hudson,West New York,Hudson,Off Premise,1.00,656.00
Dylan Rubino,170030,International Liqs (P),126 43rd Street,Hudson,Hudson,Union City,Hudson,Off Premise,1.00,856.00
Dylan Rubino,170031,City Liquors,321 Stadium Plaza,Hudson,Hudson,Jersey City,Hudson,Off Premise,1.00,999.00
Dylan Rubino,170033,Fulton Liquors (P),165 Martin Luther King,Hudson,Hudson,Jersey City,Hudson,Off Premise,1.00,195.00
Dylan Rubino,170034,Metro Liquors (1212 Jersey City),1212 Summit Avenue,Hudson,Hudson,Jersey City,Hudson,Off Premise,1.00,229.00
Dylan Rubino,170039,Downtown Liquor,405 5th Street,Hudson,Hudson,Union City,Hudson,Off Premise,1.00,50.00
Dylan Rubino,170040,Los Padrinos,5915 Park Ave,Hudson,Hudson,West New York,Hudson,Off Premise,1.00,297.00
Dylan Rubino,170041,Binny's Liquors (306 Jersey City),306 Newark Avenue,Hudson,Hudson,Jersey City,Hudson,Off Premise,1.00,128.00
Dylan Rubino,170043,Communipaw Liqs (P),743 Communipaw Avenue,Hudson,Hudson,Jersey City,Hudson,Off Premise,1.00,627.00
Dylan Rubino,170047,Crescent Wines & Liq (P),381 Ocean Avenue A,Hudson,Hudson,Jersey City,Hudson,Off Premise,1.00,102.00
Dylan Rubino,170049,Cosmo Liquors & Grocery,402 Pacific Avenue,Hudson,Hudson,Jersey City,Hudson,Off Premise,1.00,1017.40
Dylan Rubino,170057,New Town Liquors (P),478 Westside Avenue,Hudson,Hudson,Jersey City,Hudson,Off Premise,1.00,192.00
Dylan Rubino,170062,Sparrow Hill Market &Liq (Jersey City),3190 John F. Kennedy Blvd,Hudson,Hudson,Jersey City,Hudson,Off Premise,1.00,101.00
Dylan Rubino,170063,Boulevard Mart & Liq (A),2708 John F. Kennedy Blvd,Hudson,Hudson,Jersey City,Hudson,Off Premise,1.00,242.00
Dylan Rubino,170069,Blvd Liquors (P),2844 Kennedy Blvd.,Hudson,Hudson,Jersey City,Hudson,Off Premise,1.00,174.00
Dylan Rubino,170071,West Side Liquors,870 West Side Avenue,Hudson,Hudson,Jersey City,Hudson,Off Premise,1.00,40.00
Dylan Rubino,170072,Jersey Farm & Liquors,2983 Kennedy Blvd,Hudson,Hudson,Jersey City,Hudson,Off Premise,1.00,244.00
Dylan Rubino,170073,Kings Liquor,205 Sip Ave,Hudson,Hudson,Jersey City,Hudson,Off Premise,1.00,44.00
Dylan Rubino,170074,Webster Liquors,4 Webster Avenue,Hudson,Hudson,Jersey City,Hudson,Off Premise,1.00,90.00
Dylan Rubino,170075,New Junction Liquors,489 Communipaw Avenue,Hudson,Hudson,Jersey City,Hudson,Off Premise,1.00,285.00
Dylan Rubino,170077,Moon Liquors (P),6906 Bergenline Ave,Hudson,Hudson,Guttenberg,Hudson,Off Premise,1.00,116.00
Dylan Rubino,170079,Sigmond Liquors (A),332 Martin Luther King,Hudson,Hudson,Jersey City,Hudson,Off Premise,1.00,166.00
Dylan Rubino,170080,J&R Liquors & Deli,217 Martin Luther King,Hudson,Hudson,Jersey City,Hudson,Off Premise,1.00,158.00
Dylan Rubino,170081,A & S Liquors,14a Rose Avenue,Hudson,Hudson,Jersey City,Hudson,Off Premise,1.00,140.00
Dylan Rubino,170082,Larry's Liquors,29 Martin Luther King Blv,Hudson,Hudson,Jersey City,Hudson,Off Premise,1.00,60.00
Dylan Rubino,170083,Metro Liquor (69 Jersey City),69 Martin Luther King Dr,Hudson,Hudson,Jersey City,Hudson,Off Premise,1.00,203.00
Dylan Rubino,170084,K O P Liquors (P),444 Ocean Avenue,Hudson,Hudson,Jersey City,Hudson,Off Premise,1.00,120.00
Dylan Rubino,170086,Bottles Jersey City,564 West Side Avenue,Hudson,Hudson,Jersey City,Hudson,Off Premise,1.00,721.10
Dylan Rubino,170087,Liquor Mart (Jersey City),393 Danforth Avenue,Hudson,Hudson,Jersey City,Hudson,Off Premise,1.00,1399.00
Dylan Rubino,170088,Sip Discount Liq (A),433 Sip Ave,Hudson,Hudson,Jersey City,Hudson,Off Premise,1.00,142.00
Dylan Rubino,170089,New Orient Liquor,663 Ocean Avenue,Hudson,Hudson,Jersey City,Hudson,Off Premise,1.00,31.00
Dylan Rubino,170091,Refined Wine and Spirits,47 Grand St.,Hudson,Hudson,Jersey City,Hudson,Off Premise,1.00,257.00
Dylan Rubino,170092,Willies Liq (P),501 Central Ave,Hudson,Hudson,Jersey City,Hudson,Off Premise,1.00,205.00
Dylan Rubino,170093,Riverview Wine & Spirits,43 Bowers St,Hudson,Hudson,Jersey City,Hudson,Off Premise,1.00,14.00
Dylan Rubino,170094,Palace Drugs (P),172 Newark Avenue,Hudson,Hudson,Jersey City,Hudson,Off Premise,1.00,267.00
Dylan Rubino,170096,Union City Liquors,4122 Bergenline Avenue,Hudson,Hudson,Union City,Hudson,Off Premise,1.00,164.00
Dylan Rubino,170097,Discount Liquor,555 Tonnelle Ave,Hudson,Hudson,Jersey City,Hudson,Off Premise,1.00,129.00
Dylan Rubino,170099,Columbia Park Liquors,3131 John F Kennedy Blvd,Hudson,Hudson,North Bergen,Hudson,Off Premise,1.00,659.00
Dylan Rubino,170102,L&T Liquors,116 Ocean Avenue,Hudson,Hudson,Jersey City,Hudson,Off Premise,1.00,91.00
Dylan Rubino,170103,Heaven's Liquor & Deli,529 Newark Ave,Hudson,Hudson,Jersey City,Hudson,Off Premise,1.00,166.00
Dylan Rubino,170105,Mars Deli & Liquor,152 Chestnut Avenue,Hudson,Hudson,Jersey City,Hudson,Off Premise,1.00,13.00
Dylan Rubino,170106,Paulino Liquors,643 Newark Ave,Hudson,Hudson,Jersey City,Hudson,Off Premise,1.00,49.00
Dylan Rubino,170107,Central Wine And Liquors,601 Central Avenue,Hudson,Hudson,Union City,Hudson,Off Premise,1.00,93.00
Dylan Rubino,170109,Kraemer's Liquor Store (P),4601 Bergenline Avenue,Hudson,Hudson,Union City,Hudson,Off Premise,1.00,53.00
Dylan Rubino,170113,Lira Ii Liquor,514 62nd Street,Hudson,Hudson,West New York,Hudson,On Premise,1.00,30.00
Dylan Rubino,170119,Hudson Wine & Liq (P),5600 Hudson Avenue,Hudson,Hudson,West New York,Hudson,Off Premise,1.00,75.00
Dylan Rubino,170121,Lee's Liquor & Grocery Store,45 Congress Street,Hudson,Hudson,Jersey City,Hudson,Off Premise,1.00,170.00
Dylan Rubino,170122,Liquor Boss,683 Summit Ave,Hudson,Hudson,Jersey City,Hudson,Off Premise,1.00,187.00
Dylan Rubino,170127,Fragoso Liquors,2613 Bergenline Ave,Hudson,Hudson,Union City,Hudson,Off Premise,1.00,93.00
Dylan Rubino,170138,Light Horse Tavern (A),199 Washington Street,Hudson,Hudson,Jersey City,Hudson,On Premise,1.00,360.00
Dylan Rubino,170144,Hudson Wine Co (P),865 Roosevelt Ave,Hudson,Hudson,Secaucus,Hudson,Off Premise,1.00,188.00
Dylan Rubino,170146,Jenny's Liq,6108 Palisades Ave,Hudson,Hudson,West New York,Hudson,Off Premise,1.00,135.00
Dylan Rubino,170151,Cool Vines,276 Grove St,Hudson,Hudson,Jersey City,Hudson,Off Premise,1.00,562.50
Dylan Rubino,170157,Dorrian's Restaurant,555 Washington Blvd,Hudson,Hudson,Jersey City,Hudson,On Premise,1.00,70.00
Dylan Rubino,170160,Home Wines & Liquors (North Bergen),2001-2005 89th St,Hudson,Hudson,North Bergen,Hudson,Off Premise,1.00,282.00
Dylan Rubino,170163,Buy Rite Union City,3196a Kennedy Blvd,Hudson,Hudson,Union City,Hudson,Off Premise,1.00,613.00
Dylan Rubino,170168,Discount Wine & Spirits,5000 Park Ave,Hudson,Hudson,Weehawken,Hudson,Off Premise,1.00,164.00
Dylan Rubino,170169,Buy Rite North Bergen,5665 John F. Kennedy Blvd,Hudson,Hudson,North Bergen,Hudson,Off Premise,1.00,603.00
Dylan Rubino,170178,Reuben Liq (Uc) (P),2117 Summit Ave,Hudson,Hudson,Union City,Hudson,Off Premise,1.00,145.00
Dylan Rubino,170181,Power Liquors,1001 Bergenline Avenue,Hudson,Hudson,Union City,Hudson,Off Premise,1.00,141.00
Dylan Rubino,170182,Binnys Liquors (1062 Jersey City),1062 Westside Avenue,Hudson,Hudson,Jersey City,Hudson,Off Premise,1.00,36.00
Dylan Rubino,170183,Mlk Liquor (455 Jersey City),455 Martin Luther King Dr,Hudson,Hudson,Jersey City,Hudson,Off Premise,1.00,579.00
Dylan Rubino,170185,Pastore's Wine & Liquor,665 Montgomery Street,Hudson,Hudson,Jersey City,Hudson,Off Premise,1.00,421.00
Dylan Rubino,170186,A&A Liquor (P),2347 Kennedy Blvd,Hudson,Hudson,Jersey City,Hudson,Off Premise,1.00,170.00
Dylan Rubino,170187,325 Bergen Liquor,325 Bergen Avenue,Hudson,Hudson,Jersey City,Hudson,Off Premise,1.00,66.00
Dylan Rubino,170188,Market Liquors,68 Bergen Avenue,Hudson,Hudson,Jersey City,Hudson,Off Premise,1.00,165.00
Dylan Rubino,170189,Ocean One Stop Liquor,641 Ocean Avenue,Hudson,Hudson,Jersey City,Hudson,Off Premise,1.00,265.00
Dylan Rubino,170190,Belmont Wine & Liquors,157 Monticello Avenue,Hudson,Hudson,Jersey City,Hudson,Off Premise,1.00,466.00
Dylan Rubino,170191,Wine Warehouse (P) (Union City),2013 Bergenline Ave,Hudson,Hudson,Union City,Hudson,Off Premise,1.00,352.00
Dylan Rubino,170192,Greene Hook Resturant,70 Greene St,Hudson,Hudson,Jersey City,Hudson,On Premise,1.00,46.00
Dylan Rubino,170193,Mcginley Square Pub,755 Montgomery St.,Hudson,Hudson,Jersey City,Hudson,On Premise,1.00,12.00
Dylan Rubino,170195,Pena Liquor (P),960 Summit Avenue,Hudson,Hudson,Jersey City,Hudson,Off Premise,1.00,83.00
Dylan Rubino,170198,Heights Liquors,292 Central Avenue,Hudson,Hudson,Jersey City,Hudson,Off Premise,1.00,200.00
Dylan Rubino,170199,H & H Discount Liq (P),3505 Kennedy Blvd.,Hudson,Hudson,Jersey City,Hudson,Off Premise,1.00,83.00
Dylan Rubino,170202,Golden Liquors (P),7119-21 Bergen Line Ave,Hudson,Hudson,North Bergen,Hudson,Off Premise,1.00,772.00
Dylan Rubino,170203,Town Beverage,7804 Bergenline Ave,Hudson,Hudson,North Bergen,Hudson,Off Premise,1.00,523.00
Dylan Rubino,170208,Benny's Liq & Deli,7000 Park Ave,Hudson,Hudson,Guttenberg,Hudson,Off Premise,1.00,310.00
Dylan Rubino,170211,Pavan Liquors (P),6509 Park Avenue,Hudson,Hudson,West New York,Hudson,Off Premise,1.00,176.00
Dylan Rubino,170212,Empire Liq (P),6301 Park Ave,Hudson,Hudson,West New York,Hudson,Off Premise,1.00,179.00
Dylan Rubino,170218,HD Liquors,6714 Park Ave,Hudson,Hudson,Guttenberg,Hudson,Off Premise,1.00,225.00
Dylan Rubino,170222,E & E Wine & Liq (P),114 Old Bergen Road,Hudson,Hudson,Jersey City,Hudson,Off Premise,1.00,97.00
Dylan Rubino,170224,Bond Drugs,371 Central Ave,Hudson,Hudson,Jersey City,Hudson,Off Premise,1.00,91.00
Dylan Rubino,170230,Aivan Liq (P),112 Tonnelle Ave,Hudson,Hudson,Jersey City,Hudson,Off Premise,1.00,156.00
Dylan Rubino,170233,Five Star Liquors,238 New York Ave,Hudson,Hudson,Jersey City,Hudson,Off Premise,1.00,70.00
Dylan Rubino,170247,Wild Rover,7103 Park Ave,Hudson,Hudson,Guttenberg,Hudson,On Premise,1.00,7.00
Dylan Rubino,170250,American Liquor,509 Westside Ave,Hudson,Hudson,Jersey City,Hudson,Off Premise,1.00,140.00
Dylan Rubino,170251,Peckmans Pharmacy,227 Ocean Ave,Hudson,Hudson,Jersey City,Hudson,Off Premise,1.00,265.00
Dylan Rubino,170252,Baldwin W & L,51 St Pauls Ave,Hudson,Hudson,Jersey City,Hudson,Off Premise,1.00,129.00
Dylan Rubino,170254,Park Tavern,575 West Side Ave,Hudson,Hudson,Jersey City,Hudson,On Premise,1.00,52.00
Dylan Rubino,170257,Harrys Daughter,339 Communipaw Ave,Hudson,Hudson,Jersey City,Hudson,On Premise,1.00,20.00
Dylan Rubino,170261,Bela Wine & Spirits_2,74 Maple Ave,Hudson,Hudson,Jersey City,Hudson,Off Premise,1.00,196.00
Dylan Rubino,170262,Blarney Pub,1135 Summit Ave,Hudson,Hudson,Jersey City,Hudson,Off Premise,1.00,16.00
Dylan Rubino,170263,Aramark at Liberty Science Center,222 Jersey City Blvd.,Hudson,Hudson,Jersey City,Hudson,On Premise,1.00,30.00
Dylan Rubino,170266,San Patricios Jersey City,8 Erie St A,Hudson,Hudson,Jersey City,Hudson,On Premise,1.00,25.00
Dylan Rubino,170267,Grace O'malleys,140 Newark Ave,Hudson,Hudson,Jersey City,Hudson,On Premise,1.00,23.00
Dylan Rubino,17027,FOOD BAZAAR,1425 John F. Kennedy Blvd,Hudson,Hudson,North Bergen,Hudson,Off Premise,1.00,271.00
Dylan Rubino,170276,Mamak House,Rt 1 So. Danforth Ave,Hudson,Hudson,Jersey City,Hudson,On Premise,1.00,28.00
Dylan Rubino,170277,Bareburger (Jersey City),143 Newark Ave,Hudson,Hudson,Jersey City,Hudson,On Premise,1.00,94.00
Dylan Rubino,170286,West Side Liquors (358 Jersey City),358 West Side Ave.,Hudson,Hudson,Jersey City,Hudson,Off Premise,1.00,118.00
Dylan Rubino,170291,IKOS Greek Mediterranean,190 Steuben St,Hudson,Hudson,Jersey City,Hudson,On Premise,1.00,112.00
Dylan Rubino,170293,Dagda,123 Newark Ave.,Hudson,Hudson,Jersey City,Hudson,On Premise,1.00,3374.14
Dylan Rubino,170299,E-Z Market & Liq (P),185 Mallory Ave,Hudson,Hudson,Jersey City,Hudson,Off Premise,1.00,78.00
Dylan Rubino,170310,Buy & Savings Ii (P),32 Coles St,Hudson,Hudson,Jersey City,Hudson,Off Premise,1.00,261.00
Dylan Rubino,170312,J B Liquors,368 Summit Ave,Hudson,Hudson,Jersey City,Hudson,Off Premise,1.00,201.00
Dylan Rubino,170314,The Brightside Tavern,141 Bright St,Hudson,Hudson,Jersey City,Hudson,On Premise,1.00,13.00
Dylan Rubino,170364,Red Feast W & L (A),129 christopher columbus Dr,Hudson,Hudson,Jersey City,Hudson,Off Premise,1.00,423.00
Dylan Rubino,170367,Punjab Meet House,25 Christopher Columbus Dr,Hudson,Hudson,Jersey City,Hudson,On Premise,1.00,16.00
Dylan Rubino,170400,Yugs Liquors,113 Mallory Ave,Hudson,Hudson,Jersey City,Hudson,Off Premise,1.00,10.00
Dylan Rubino,170430,Franklin Social Club,292 Barrow St,Hudson,Hudson,Jersey City,Hudson,On Premise,1.00,2.00
Dylan Rubino,170909,A2Z Wine Club,101 Plaza Center,Hudson,Hudson,Secaucus,Hudson,Off Premise,1.00,1555.60
Dylan Rubino,170914,Chili's Secaucus,700 Plaza Drive,Hudson,Hudson,Secaucus,Hudson,On Premise,1.00,18.00
Dylan Rubino,170915,The Franklin Bar & Restaurant,780 5th St.,Hudson,Hudson,Secaucus,Hudson,On Premise,1.00,18.00
Dylan Rubino,170916,Courtyard Secaucus Meadowlands,455 Harmon Meadow Blvd.,Hudson,Hudson,Secaucus,Hudson,On Premise,1.00,21.00
Dylan Rubino,170917,Regal Secaucus ShowPlace14,650 Plaza Dr,Hudson,Hudson,Secaucus,Hudson,Off Premise,1.00,24.00
Dylan Rubino,171320,Figi Wine & Liq (P),2909 Bergenline Ave,Hudson,Hudson,Union City,Hudson,Off Premise,1.00,431.00
Dylan Rubino,171321,Kikos Liquor (P),153 48th St,Hudson,Hudson,Union City,Hudson,Off Premise,1.00,257.00
Dylan Rubino,171322,Twin City Liquors,4818 Bergenline Ave,Hudson,Hudson,Union City,Hudson,Off Premise,1.00,620.00
Dylan Rubino,171323,Union Liquors,710 Summit Ave,Hudson,Hudson,Union City,Hudson,Off Premise,1.00,366.00
Dylan Rubino,171327,Bergenline Liquor (Z),3819 Bergenline Avenue,Hudson,Hudson,Union City,Hudson,Off Premise,1.00,663.40
Dylan Rubino,171335,Latino's Liquor (P),5115 Hudson Ave,Hudson,Hudson,West New York,Hudson,Off Premise,1.00,173.00
Dylan Rubino,171337,J & L Liquors (P),6404 Bergenline Ave,Hudson,Hudson,West New York,Hudson,Off Premise,1.00,313.00
Dylan Rubino,171340,PF Changs China Bistro (West NY),10 Port Imperial Blvd,Hudson,Hudson,West New York,Hudson,On Premise,1.00,14.00
Dylan Rubino,171346,Crown Liquor,428 32nd St,Hudson,Hudson,Union City,Hudson,Off Premise,1.00,214.00
Dylan Rubino,171347,Fuerte Liquors,518 32nd St,Hudson,Hudson,Union City,Hudson,Off Premise,1.00,48.00
Dylan Rubino,171348,Los Laureles Liq (Z),4625 Broadway,Hudson,Hudson,Union City,Hudson,Off Premise,1.00,168.00
Dylan Rubino,171349,Payano Liquors,1411 Summit Ave,Hudson,Hudson,Union City,Hudson,Off Premise,1.00,191.00
Dylan Rubino,171353,Fork Hill Kitchen,201 16th Street,Hudson,Hudson,Union City,Hudson,On Premise,1.00,38.00
Dylan Rubino,171400,Newport Spirits (P),111 River Dr. South,Hudson,Hudson,Jersey City,Hudson,Off Premise,1.00,622.00
Dylan Rubino,171402,Liberty Wine (P) & Deli,200 Washington St,Hudson,Hudson,Jersey City,Hudson,Off Premise,1.00,513.00
Dylan Rubino,171405,Waterfront Wine & Liq(P),81 Montgomery Street,Hudson,Hudson,Jersey City,Hudson,Off Premise,1.00,243.00
Dylan Rubino,171412,Left Bank Burger Bar (A),194 Newark Ave,Hudson,Hudson,Jersey City,Hudson,On Premise,1.00,10.00
Dylan Rubino,172048,Cragie On Park,5102 Park Avenue,Hudson,Hudson,West New York,Hudson,Off Premise,1.00,17.00
Dylan Rubino,172049,Z & M Liquors,1165 Summit Avenue,Hudson,Hudson,Jersey City,Hudson,Off Premise,1.00,44.00
Dylan Rubino,172050,Bar Sagua,6501 Dewey Ave,Hudson,Hudson,West New York,Hudson,On Premise,1.00,125.00
Dylan Rubino,172051,WNY Liquors,6007 Bergenline Ave,Hudson,Hudson,West New York,Hudson,Off Premise,1.00,439.00
Dylan Rubino,173033,Royal Liquors & Deli,730 Bergen Avenue,Hudson,Hudson,Jersey City,Hudson,Off Premise,1.00,438.00
Dylan Rubino,173073,Corkscrew Bar,61 Congress St,Hudson,Hudson,Jersey City,Hudson,On Premise,1.00,192.00
Dylan Rubino,173077,Podewitz Liquor & Deli,400 Central Ave,Hudson,Hudson,Jersey City,Hudson,Off Premise,1.00,41.00
Dylan Rubino,174102,The Galaxy Drug Store,7000 Jfk Blvd East,Hudson,Hudson,Guttenberg,Hudson,Off Premise,1.00,44.00
Dylan Rubino,178000,Wine Spot,2321 Kennedy Blvd,Hudson,Hudson,North Bergen,Hudson,Off Premise,1.00,5143.30
Dylan Rubino,178001,Tonnelle Wine & Liq,8516 Tonnelle Ave,Hudson,Hudson,North Bergen,Hudson,Off Premise,1.00,158.00
Dylan Rubino,178002,Boulevard W & L (P),9236 Kennedy Blvd,Hudson,Hudson,North Bergen,Hudson,Off Premise,1.00,87.00
Dylan Rubino,178003,Park Ave Wine & Liq Gros.,4204 Park Ave,Hudson,Hudson,Weehawken,Hudson,Off Premise,1.00,294.00
Dylan Rubino,178005,Best Liquors & Deli,901 76th St,Hudson,Hudson,North Bergen,Hudson,Off Premise,1.00,136.00
Dylan Rubino,178009,Heaven Liquors,3700 Park Ave,Hudson,Hudson,Weehawken,Hudson,Off Premise,1.00,610.00
Dylan Rubino,178010,Weehawken Deli & Liquor,3500 Park Ave,Hudson,Hudson,Weehawken,Hudson,Off Premise,1.00,102.00
Dylan Rubino,178013,Hudson Blue,4800 Ave @ Port Imperial,Hudson,Hudson,Weehawken,Hudson,On Premise,1.00,10.00
Dylan Rubino,178014,Best Liquors (P),4100 Park Ave(Store 12),Hudson,Hudson,Weehawken,Hudson,Off Premise,1.00,246.00
Dylan Rubino,178015,Noble Discount Liquors,4702 Park Ave,Hudson,Hudson,Weehawken,Hudson,Off Premise,1.00,234.00
Dylan Rubino,178018,Rancho Mateo,9011 Palisade Ave,Hudson,Hudson,North Bergen,Hudson,On Premise,1.00,69.00
Dylan Rubino,178020,STOP & GO LIQUORS,8101 Tonnelle Ave,Hudson,Hudson,North Bergen,Hudson,Off Premise,1.00,1594.00
Dylan Rubino,178021,Five Corner Liquor Store,121 Maple St,Hudson,Hudson,Weehawken,Hudson,Off Premise,1.00,100.00
Dylan Rubino,178100,Broadway Wine & Liquor,7425 Broadway,Hudson,Hudson,North Bergen,Hudson,Off Premise,1.00,72.00
Dylan Rubino,178101,Sals Deli,4510 Bergen Turnpike,Hudson,Hudson,North Bergen,Hudson,Off Premise,1.00,164.00
Dylan Rubino,178104,Asian Grill & Sushi,7827 Bergenline Ave,Hudson,Hudson,North Bergen,Hudson,On Premise,1.00,29.00
Dylan Rubino,179013,Dublin Yard,146 Front St,Hudson,Hudson,Secaucus,Hudson,On Premise,1.00,50.00
Dylan Rubino,179014,Krauszers (Secaucus),40 Meadowlands Pkwy,Hudson,Hudson,Secaucus,Hudson,Off Premise,1.00,276.00
Dylan Rubino,179018,Te-Amo,1299 Paterson Plank Rd,Hudson,Hudson,Secaucus,Hudson,On Premise,1.00,34.00
Dylan Rubino,28006,J B Liquors_2,46 Ridge Road,Bergen,Bergen,North Arlington,Bergen,Off Premise,1.00,1571.00
Hakan Sadik,150009,Gaslight Brewery & Rest.,15 S Orange Ave,Essex,Essex,South Orange,Essex,On Premise,1.00,3.00
Hakan Sadik,150011,Kingdom Liquors (A),508 N 11th Street,Essex,Essex,Newark,Essex,Off Premise,1.00,537.00
Hakan Sadik,150024,Mcgovern's Tavern(A),58 New Street,Essex,Essex,Newark,Essex,On Premise,1.00,45.00
Hakan Sadik,150044,South Orange Fine Wine & Spirits,1153 South Orange Ave,Essex,Essex,Newark,Essex,Off Premise,1.00,199.00
Hakan Sadik,150054,Mad For Chicken Newark,224 Market St,Essex,Essex,Newark,Essex,On Premise,1.00,908.00
Hakan Sadik,150055,Bottle King Livingston,343 W.Mount Pleasant Ave,Essex,Essex,Livingston,Essex,Off Premise,1.00,2206.00
Hakan Sadik,150061,Heller & Heller (East Orange),39 4th Ave,Essex,Essex,East Orange,Essex,Off Premise,1.00,14.00
Hakan Sadik,150062,United Liquor,362 Washington St.,Essex,Essex,Newark,Essex,Off Premise,1.00,346.00
Hakan Sadik,150063,Victory Wine & Liquor,457 Central Ave,Essex,Essex,East Orange,Essex,Off Premise,1.00,748.00
Hakan Sadik,150064,New Silver Key Liquor,250 Broadway,Essex,Essex,Newark,Essex,Off Premise,1.00,58.00
Hakan Sadik,150065,Vailsburg Wine/Liq (A),986 So.Orange Ave,Essex,Essex,Newark,Essex,Off Premise,1.00,399.00
Hakan Sadik,150066,New Home Liquor,458-64 Rosevile Ave,Essex,Essex,Newark,Essex,Off Premise,1.00,233.00
Hakan Sadik,150067,T&T Liquors (A),759 Broadway,Essex,Essex,Newark,Essex,Off Premise,1.00,46.00
Hakan Sadik,150068,Rajashree Wine & Liq,751 Lyons Ave,Essex,Essex,Irvington,Essex,Off Premise,1.00,103.00
Hakan Sadik,150076,Rapp Beer & Soda (A),1000 Clinton Ave,Essex,Essex,Irvington,Essex,Off Premise,1.00,1940.00
Hakan Sadik,150082,Liquorland (South Orange),25 Valley Street,Essex,Essex,South Orange,Essex,Off Premise,1.00,19581.12
Hakan Sadik,150089,Buy Rite Wine & Liquor,400 Valley St,Essex,Essex,South Orange,Essex,Off Premise,1.00,1754.00
Hakan Sadik,150092,Shillelagh Club,648 Prospect Ave,Essex,Essex,West Orange,Essex,On Premise,1.00,14.00
Hakan Sadik,150096,Prudential Center,165 Mulberry St.,Essex,Essex,Newark,Essex,On Premise,1.00,6671.00
Hakan Sadik,150113,Express Two Liquors,53 South Jefferson St.,Essex,Essex,Orange,Essex,Off Premise,1.00,468.00
Hakan Sadik,150125,American Whiskey Newark,51 Edison Place,Essex,Essex,Newark,Essex,On Premise,1.00,4.00
Hakan Sadik,150132,Boot Leggers W/L,528 Central Ave,Essex,Essex,East Orange,Essex,Off Premise,1.00,2034.00
Hakan Sadik,150134,Bell Liquor,2 Bloomfield Ave,Essex,Essex,Belleville,Essex,Off Premise,1.00,175.00
Hakan Sadik,150135,Home Liquors(520 East Orange),520 Main St,Essex,Essex,East Orange,Essex,Off Premise,1.00,1757.00
Hakan Sadik,150136,Double Dee Liquors,354 Main St,Essex,Essex,Orange,Essex,Off Premise,1.00,289.00
Hakan Sadik,150145,Wine 2 Spirits,696-704 Mt.Prospect Ave,Essex,Essex,Newark,Essex,Off Premise,1.00,237.00
Hakan Sadik,150147,Irvington Liquors,1394 Springfield Ave,Essex,Essex,Irvington,Essex,Off Premise,1.00,127.00
Hakan Sadik,150148,St.James Gate Public House,167 Maplewood Ave,Essex,Essex,Maplewood,Essex,On Premise,1.00,18.00
Hakan Sadik,150149,Homer Liquors,1079 Broad St.,Essex,Essex,Newark,Essex,Off Premise,1.00,538.00
Hakan Sadik,150151,Maple Liquors,356 Main St,Essex,Essex,East Orange,Essex,Off Premise,1.00,447.00
Hakan Sadik,150154,Toast Of The Town,283 Scotland Rd,Essex,Essex,Orange,Essex,Off Premise,1.00,906.00
Hakan Sadik,150156,Ivy Plaza Liquors,521 Irvington Ave,Essex,Essex,Newark,Essex,Off Premise,1.00,399.00
Hakan Sadik,150163,Colony Liquors,322 Central Ave,Essex,Essex,Orange,Essex,Off Premise,1.00,80.00
Hakan Sadik,150164,Best Quality Liquor,138 South Essex Ave,Essex,Essex,Orange,Essex,Off Premise,1.00,40.00
Hakan Sadik,150165,Marriott @Newark Liberty,1 Hotel Rd,Essex,Essex,Newark,Essex,On Premise,1.00,64.00
Hakan Sadik,150166,Liquor Zone,58 Broadway,Essex,Essex,Newark,Essex,Off Premise,1.00,600.00
Hakan Sadik,150169,Pueblo Liquor,880 Mt. Prospect Ave #2,Essex,Essex,Newark,Essex,Off Premise,1.00,124.00
Hakan Sadik,150170,Express Liquors,828 N 6th St,Essex,Essex,Newark,Essex,Off Premise,1.00,293.00
Hakan Sadik,150172,Maple Check,1942 Springfield Ave,Essex,Essex,Maplewood,Essex,Off Premise,1.00,177.00
Hakan Sadik,150173,Bloomfield Buyrite,35 Lackawanna Pl,Essex,Essex,Bloomfield,Essex,Off Premise,1.00,988.50
Hakan Sadik,150177,Tonys Liquor Store,572 Broadway,Essex,Essex,Newark,Essex,Off Premise,1.00,82.00
Hakan Sadik,150182,Liquor Cave,309 Irvington Ave,Essex,Essex,South Orange,Essex,Off Premise,1.00,413.00
Hakan Sadik,150183,Home Liquors(773 Newark),773 South Orange Ave,Essex,Essex,Newark,Essex,Off Premise,1.00,700.00
Hakan Sadik,150184,Newark Discount Wine and Spirits,355 Bloomfield Ave,Essex,Essex,Newark,Essex,Off Premise,1.00,175.00
Hakan Sadik,150185,Redds Biergarten,216-220 Market St,Essex,Essex,Newark,Essex,On Premise,1.00,217.00
Hakan Sadik,150186,Buy And Savings Liquor,133 Roseville Ave,Essex,Essex,Newark,Essex,Off Premise,1.00,531.00
Hakan Sadik,150188,Gigantes Liquor,605 Broadway,Essex,Essex,Newark,Essex,Off Premise,1.00,34.00
Hakan Sadik,150191,Home Wines & Liquors (927 Newark),927-929 Franklin Ave,Essex,Essex,Newark,Essex,Off Premise,1.00,558.00
Hakan Sadik,150210,Scotland Arms Liquors,711-713 Scotland Rd,Essex,Essex,Orange,Essex,Off Premise,1.00,256.00
Hakan Sadik,150211,Harmony Bar & Liquors,117 Central Ave,Essex,Essex,Orange,Essex,Off Premise,1.00,420.00
Hakan Sadik,150212,Home Wines & Liquors (Orange),209 Main St,Essex,Essex,Orange,Essex,Off Premise,1.00,628.00
Hakan Sadik,150214,Three Corners Liquor/Bar,321-322 North Day St,Essex,Essex,Orange,Essex,Off Premise,1.00,363.00
Hakan Sadik,150215,Castaway Restaurant,284 Watchung Ave,Essex,Essex,Orange,Essex,On Premise,1.00,94.00
Hakan Sadik,150216,Brandy's Lounge And Liquors,155-157 Main St,Essex,Essex,Orange,Essex,Off Premise,1.00,205.00
Hakan Sadik,150217,Galaxy Liquor,410 Central Ave,Essex,Essex,Orange,Essex,Off Premise,1.00,169.00
Hakan Sadik,150218,Lyons Discount,13-29 CORDIER ST,Essex,Essex,Irvington,Essex,Off Premise,1.00,352.00
Hakan Sadik,150220,New JD Liquors,506 Prospect St,Essex,Essex,East Orange,Essex,Off Premise,1.00,139.00
Hakan Sadik,150221,Jonathan's Liquor Store,263 Central Ave,Essex,Essex,East Orange,Essex,Off Premise,1.00,838.00
Hakan Sadik,150222,Tremont Liquors,272 Sanford St,Essex,Essex,East Orange,Essex,Off Premise,1.00,101.00
Hakan Sadik,150223,New Gold Rose Liquors,392 Williams St,Essex,Essex,East Orange,Essex,Off Premise,1.00,190.00
Hakan Sadik,150224,East Orange Liquor,160 North Grove St,Essex,Essex,East Orange,Essex,Off Premise,1.00,264.00
Hakan Sadik,150225,Park Ave Wine & Liquors,412 Park Ave,Essex,Essex,East Orange,Essex,Off Premise,1.00,415.00
Hakan Sadik,150226,Silver Wine & Liquor,51 Central Ave,Essex,Essex,East Orange,Essex,Off Premise,1.00,237.00
Hakan Sadik,150230,King's W & L,230 Springdale Ave,Essex,Essex,East Orange,Essex,Off Premise,1.00,202.00
Hakan Sadik,150231,Village Hall,101 South Orange Ave,Essex,Essex,South Orange,Essex,On Premise,1.00,9.00
Hakan Sadik,150245,Levy @ The Prudential Center,165 Mulberry St.,Essex,Essex,Newark,Essex,On Premise,1.00,1191.00
Hakan Sadik,150402,Coolvines Newark,625 Broad St. Ste 110,Essex,Essex,Newark,Essex,Off Premise,1.00,104.00
Hakan Sadik,150602,Extra Wine & Liquor,278 Orange St,Essex,Essex,Newark,Essex,Off Premise,1.00,424.00
Hakan Sadik,150603,Quality Liquors,267 South Orange Ave,Essex,Essex,Newark,Essex,Off Premise,1.00,771.00
Hakan Sadik,150604,Royal Liquors,363 South Orange Ave,Essex,Essex,Newark,Essex,Off Premise,1.00,145.00
Hakan Sadik,150606,Skyline Liquors,735 Martin L.King Blvd,Essex,Essex,Newark,Essex,Off Premise,1.00,6.00
Hakan Sadik,150607,Angel Liquors,634 Dr. Mlk Jr. Blvd,Essex,Essex,Newark,Essex,Off Premise,1.00,147.00
Hakan Sadik,150612,All Brothers Ii (Irvington),859 18th Ave,Essex,Essex,Irvington,Essex,Off Premise,1.00,364.00
Hakan Sadik,150614,International Liquor,1070 Springfield Ave,Essex,Essex,Irvington,Essex,Off Premise,1.00,747.00
Hakan Sadik,150615,Home Liquors(1277 Irvington),1277 Springfield Ave,Essex,Essex,Irvington,Essex,Off Premise,1.00,1614.00
Hakan Sadik,150616,JRC Liquor,728 Springfield Ave,Essex,Essex,Irvington,Essex,Off Premise,1.00,391.00
Hakan Sadik,150617,Irvington 876,876 Springfield Ave,Essex,Essex,Irvington,Essex,Off Premise,1.00,657.00
Hakan Sadik,150618,Home Liquors(641 Newark),641 Springfield Ave,Essex,Essex,Newark,Essex,Off Premise,1.00,790.00
Hakan Sadik,150620,Maplewood Wine & Liquor,3 Highland Pl,Essex,Essex,Maplewood,Essex,Off Premise,1.00,206.00
Hakan Sadik,150623,Village Wine Shop,163 Maplewood Avenue,Essex,Essex,Maplewood,Essex,Off Premise,1.00,83.00
Hakan Sadik,150624,Wine Barrel (P),1886 Springfield Ave,Essex,Essex,Maplewood,Essex,Off Premise,1.00,1134.00
Hakan Sadik,150626,Pub At Njit,150 Bleeker Street,Essex,Essex,Newark,Essex,On Premise,1.00,37.00
Hakan Sadik,150633,Wine Warehouse (Newark),75 1st Street,Essex,Essex,Newark,Essex,Off Premise,1.00,259.00
Hakan Sadik,150637,Mayfair Wine & Liquors,1014 South Orange Ave,Essex,Essex,Newark,Essex,Off Premise,1.00,218.00
Hakan Sadik,150638,New Silver Key Liq Ii,263 Springfield Ave,Essex,Essex,Newark,Essex,Off Premise,1.00,239.00
Hakan Sadik,150639,Azcona Liquors,818-820 South Orange Ave,Essex,Essex,Newark,Essex,Off Premise,1.00,297.00
Hakan Sadik,150640,Firehouse Liquors,273 Park Ave,Essex,Essex,Newark,Essex,Off Premise,1.00,348.00
Hakan Sadik,150644,Fox's Liquor,164 Irvine Turner Blvd,Essex,Essex,Newark,Essex,Off Premise,1.00,104.00
Hakan Sadik,150645,Best Brother Liquor,344-350 Clinton Ave,Essex,Essex,Newark,Essex,Off Premise,1.00,337.00
Hakan Sadik,150646,Tonys Liquors #2,401 Clinton Ave,Essex,Essex,Newark,Essex,Off Premise,1.00,218.00
Hakan Sadik,150647,Home Town Clinton,516 Clinton Ave,Essex,Essex,Newark,Essex,Off Premise,1.00,265.00
Hakan Sadik,150648,Brick City Liquors,102-106 Avon Ave,Essex,Essex,Newark,Essex,Off Premise,1.00,520.00
Hakan Sadik,150649,Ralph Liquors,65-67 Elizabeth Ave,Essex,Essex,Newark,Essex,Off Premise,1.00,471.00
Hakan Sadik,150650,Lum's Cellars,1718 Springfield Ave,Essex,Essex,Maplewood,Essex,Off Premise,1.00,27.00
Hakan Sadik,150654,Joe Canals,1830-1840 Springfield Ave,Essex,Essex,Maplewood,Essex,Off Premise,1.00,387.00
Hakan Sadik,150655,Lufthansa Business Lounge,3 Brewster Rd Terminal B,Essex,Essex,Newark,Essex,On Premise,1.00,206.00
Hakan Sadik,150665,Madison Liquor Superette,378 Stuyvesant Ave,Essex,Essex,Irvington,Essex,Off Premise,1.00,129.00
Hakan Sadik,150667,Jason Liquors,762-764 Chancellor Ave,Essex,Essex,Irvington,Essex,Off Premise,1.00,105.00
Hakan Sadik,150668,Chancellor Irvington,580 Chancellor Ave,Essex,Essex,Irvington,Essex,Off Premise,1.00,647.00
Hakan Sadik,150669,A-1 Payless Liquors,1045 Stuyvesant Ave,Essex,Essex,Irvington,Essex,Off Premise,1.00,165.00
Hakan Sadik,150671,Al - Liquors,1117 Grove St,Essex,Essex,Irvington,Essex,Off Premise,1.00,45.00
Hakan Sadik,150672,Muellers Star Liquors,1050 Clinton Ave,Essex,Essex,Irvington,Essex,Off Premise,1.00,98.00
Hakan Sadik,150673,Krauszer's Food & Wines,649 18th Ave,Essex,Essex,Irvington,Essex,Off Premise,1.00,225.00
Hakan Sadik,152000,Royal Liquors 3,634 18th Ave,Essex,Essex,Newark,Essex,Off Premise,1.00,293.00
Hakan Sadik,152001,Manny's Liquors,203 16th Ave,Essex,Essex,Newark,Essex,Off Premise,1.00,376.00
Hakan Sadik,152002,Home Wine & Liquor (224 Newark),224 Elizabeth Ave,Essex,Essex,Newark,Essex,Off Premise,1.00,989.00
Hakan Sadik,152003,Hawthorne Quality Liquors,340 Hawthorne Ave,Essex,Essex,Newark,Essex,Off Premise,1.00,212.50
Hakan Sadik,152005,Quality Liquors #2,41 Evergreen Ave,Essex,Essex,Newark,Essex,Off Premise,1.00,248.00
Hakan Sadik,152006,Skyline Liquors #2,778 Bergen St,Essex,Essex,Newark,Essex,Off Premise,1.00,359.00
Hakan Sadik,152007,All Brothers Liquors #3 (Newark),373 West Market St,Essex,Essex,Newark,Essex,Off Premise,1.00,256.00
Hakan Sadik,152008,Chancellor Newark,423 Chancellor Ave,Essex,Essex,Newark,Essex,Off Premise,1.00,219.00
Hakan Sadik,152009,Family Liquors,1112 Broad St,Essex,Essex,Newark,Essex,Off Premise,1.00,44.00
Hakan Sadik,152010,Royal Wine Iv,1073 Bergen St,Essex,Essex,Newark,Essex,Off Premise,1.00,543.00
Hakan Sadik,152011,Royal Liquor Ii,717-719 Frelinghuysen Ave,Essex,Essex,Newark,Essex,Off Premise,1.00,320.00
Hakan Sadik,152012,Oasis Liquors & Bar,284 Lyons Ave,Essex,Essex,Newark,Essex,Off Premise,1.00,75.00
Hakan Sadik,152013,C & D Liquors,152 Bloomfield Ave,Essex,Essex,Newark,Essex,Off Premise,1.00,394.00
Hakan Sadik,152014,Haber Liquors,378 Chancellor Ave,Essex,Essex,Newark,Essex,Off Premise,1.00,183.00
Hakan Sadik,152015,954 Liquors,954 18th Ave,Essex,Essex,Newark,Essex,Off Premise,1.00,420.00
Hakan Sadik,152017,Pennsylvania Liquors,61 Pennsylvania Ave,Essex,Essex,Newark,Essex,Off Premise,1.00,225.00
Hakan Sadik,152018,Kimka Liquors,918-920 18th Ave,Essex,Essex,Newark,Essex,Off Premise,1.00,201.00
Hakan Sadik,152019,New Silver Key Iii,343 Avon Ave,Essex,Essex,Newark,Essex,Off Premise,1.00,140.00
Hakan Sadik,152025,New Owl Liquors,400 Springfield Ave,Essex,Essex,Newark,Essex,Off Premise,1.00,253.00
Hakan Sadik,152027,Roseville Liquors & Wines,335 Roseville Ave,Essex,Essex,Newark,Essex,Off Premise,1.00,50.00
Hakan Sadik,152029,Skyline Liquors Iii,513 Hawthorne Ave,Essex,Essex,Newark,Essex,Off Premise,1.00,182.00
Hakan Sadik,152030,Austin Liquor,324a Mt.Prospect Ave,Essex,Essex,Newark,Essex,Off Premise,1.00,39.00
Hakan Sadik,152031,Edwin Liquors,207 South 11th St,Essex,Essex,Newark,Essex,Off Premise,1.00,85.00
Hakan Sadik,152032,Avenue Liquors,208 Bloomfield Ave,Essex,Essex,Newark,Essex,Off Premise,1.00,217.00
Hakan Sadik,152034,Qxt's Nightclub,248 Mulberry St,Essex,Essex,Newark,Essex,On Premise,1.00,30.00
Hakan Sadik,152035,City Line Super Liquor,955 Frelinghuysen Ave,Essex,Essex,Newark,Essex,Off Premise,1.00,365.00
Hakan Sadik,152038,Norfolk Liquors,137 Norfork St,Essex,Essex,Newark,Essex,Off Premise,1.00,64.00
Hakan Sadik,152048,D & S Liquors,618 15th ave.,Essex,Essex,Newark,Essex,Off Premise,1.00,257.00
Hakan Sadik,170070,Levy @ Sports Illustrated Stadium,600 Cape May St,Hudson,Hudson,Harrison,Hudson,On Premise,1.00,100.00
Jaime Colonna,170002,Alvins W&L (P),1004 Washington Ave,Hudson,Hudson,Hoboken,Hudson,Off Premise,1.00,297.00
Jaime Colonna,170007,Augie's Wine & Liq (P),419 Adams Street,Hudson,Hudson,Hoboken,Hudson,Off Premise,1.00,28.00
Jaime Colonna,170008,Zeppelin Hall (Z),88 Liberty View Drive,Hudson,Hudson,Jersey City,Hudson,On Premise,1.00,491.00
Jaime Colonna,170018,ShopRite Wines & Spirits of Hoboken,900 Madison St,Hudson,Hudson,Hoboken,Hudson,Off Premise,1.00,1136.00
Jaime Colonna,170020,Hoboken Beer & Soda,599 Newark St,Hudson,Hudson,Hoboken,Hudson,Off Premise,1.00,2264.00
Jaime Colonna,170021,Jersey City Buy Rite (A),575 Manila Ave,Hudson,Hudson,Jersey City,Hudson,Off Premise,1.00,29814.95
Jaime Colonna,170032,Texas-Arizona (A),76 River Street,Hudson,Hudson,Hoboken,Hudson,On Premise,1.00,46.00
Jaime Colonna,170036,Cork Wines & Spirits (Harrison),399 Somerset St.,Hudson,Hudson,Harrison,Hudson,Off Premise,1.00,942.28
Jaime Colonna,170037,Willow Grocery Liq.,841 Willow Ave (9th),Hudson,Hudson,Hoboken,Hudson,Off Premise,1.00,224.00
Jaime Colonna,170042,O'nieal's (A),343 Park Ave,Hudson,Hudson,Hoboken,Hudson,On Premise,1.00,27.00
Jaime Colonna,170045,Cork Wines & Spirits (Hoboken),1450 Washington St,Hudson,Hudson,Hoboken,Hudson,Off Premise,1.00,3485.23
Jaime Colonna,170059,Mulligan's (P),159 1st St,Hudson,Hudson,Hoboken,Hudson,On Premise,1.00,366.00
Jaime Colonna,170065,Hudson & Co. Bar & Grill,3 2nd St Ste.150,Hudson,Hudson,Jersey City,Hudson,On Premise,1.00,13.00
Jaime Colonna,170068,Central Ave Liquors,210-212 Central Ave,Hudson,Hudson,Jersey City,Hudson,Off Premise,1.00,734.00
Jaime Colonna,170076,Grand View Wine & Liquor,665-667 Grand St,Hudson,Hudson,Jersey City,Hudson,Off Premise,1.00,3481.27
Jaime Colonna,170090,Bauers Wine & Liquor,739 West Side Avenue,Hudson,Hudson,Jersey City,Hudson,Off Premise,1.00,129.00
Jaime Colonna,170104,Saku (P),936 Park Ave,Hudson,Hudson,Hoboken,Hudson,On Premise,1.00,40.00
Jaime Colonna,170118,Madison Bar & Grill,1316 Washington Street,Hudson,Hudson,Hoboken,Hudson,On Premise,1.00,37.00
Jaime Colonna,170125,Hudson Vine (A),1 2ND ST,Hudson,Hudson,Jersey City,Hudson,Off Premise,1.00,495.00
Jaime Colonna,170126,Carpe Diem,1405 Grand St.,Hudson,Hudson,Hoboken,Hudson,On Premise,1.00,30.00
Jaime Colonna,170128,Dear Maud,205 1st Street,Hudson,Hudson,Hoboken,Hudson,On Premise,1.00,28.00
Jaime Colonna,170129,Ani Ramen House,218 Newark Ave,Hudson,Hudson,Jersey City,Hudson,On Premise,1.00,37.00
Jaime Colonna,170132,Cork City Pub,239 Bloomfield Street,Hudson,Hudson,Hoboken,Hudson,On Premise,1.00,81.00
Jaime Colonna,170133,The Ainsworth,310 Sinatra Drive,Hudson,Hudson,Hoboken,Hudson,On Premise,1.00,1271.00
Jaime Colonna,170137,Giannone Wine & Liq(#2),305 River St,Hudson,Hudson,Hoboken,Hudson,Off Premise,1.00,1062.00
Jaime Colonna,170141,Surf City,11 Marin Blvd,Hudson,Hudson,Jersey City,Hudson,On Premise,1.00,89.00
Jaime Colonna,170147,White Star Bar,230 Brunswick St,Hudson,Hudson,Jersey City,Hudson,On Premise,1.00,27.00
Jaime Colonna,170153,Molos Rest,1 Pershing Rd,Hudson,Hudson,Weehawken,Hudson,On Premise,1.00,83.00
Jaime Colonna,170154,White Star Harbor Bar(P),179 Warren St.,Hudson,Hudson,Jersey City,Hudson,On Premise,1.00,65.00
Jaime Colonna,170155,Bangalore Kitchen,126 River Dr S,Hudson,Hudson,Jersey City,Hudson,On Premise,1.00,20.00
Jaime Colonna,170156,City Bistro (A),56 14th St.,Hudson,Hudson,Hoboken,Hudson,On Premise,1.00,15.00
Jaime Colonna,170158,Sunset wine & spirits,702 Washington St,Hudson,Hudson,Hoboken,Hudson,Off Premise,1.00,110.00
Jaime Colonna,170166,BRICK LANE CURRY HOUSE,136 Newark Ave,Hudson,Hudson,Jersey City,Hudson,On Premise,1.00,19.00
Jaime Colonna,170167,South House,149 Newark Ave,Hudson,Hudson,Jersey City,Hudson,On Premise,1.00,20.00
Jaime Colonna,170170,Grand Vin,500 Grand St,Hudson,Hudson,Hoboken,Hudson,On Premise,1.00,8.00
Jaime Colonna,170177,LegendsFC,130 Newark Ave,Hudson,Hudson,Jersey City,Hudson,On Premise,1.00,4.00
Jaime Colonna,170179,Shop Rite/Metro Plaza,400 Luis Marin Blvd,Hudson,Hudson,Jersey City,Hudson,Off Premise,1.00,1031.00
Jaime Colonna,170204,Pint (Z),34 Wayne Street,Hudson,Hudson,Jersey City,Hudson,On Premise,1.00,64.00
Jaime Colonna,170220,Sprove Marketplace,70 Chris. Columbus Dr,Hudson,Hudson,Jersey City,Hudson,Off Premise,1.00,537.00
Jaime Colonna,170221,Hudson Hall(A),364 Marin Blvd,Hudson,Hudson,Jersey City,Hudson,On Premise,1.00,25.00
Jaime Colonna,170223,Ohara's Downtown,172 First St,Hudson,Hudson,Jersey City,Hudson,On Premise,1.00,35.00
Jaime Colonna,170231,Hyatt Regency,2 Exchange Place,Hudson,Hudson,Jersey City,Hudson,On Premise,1.00,32.00
Jaime Colonna,170235,Lucky 7 Tavern,322 2nd St.,Hudson,Hudson,Jersey City,Hudson,On Premise,1.00,726.00
Jaime Colonna,170236,Taphaus,2 2nd St,Hudson,Hudson,Jersey City,Hudson,On Premise,1.00,9.00
Jaime Colonna,170241,American Legion Hoboken Post107,308 2nd St.,Hudson,Hudson,Hoboken,Hudson,On Premise,1.00,42.00
Jaime Colonna,170248,Coolvines Powerhouse,350 Warren St,Hudson,Hudson,Jersey City,Hudson,Off Premise,1.00,325.00
Jaime Colonna,170249,White Eagle Hall,335-337 Newark Ave,Hudson,Hudson,Jersey City,Hudson,On Premise,1.00,101.00
Jaime Colonna,170255,Liquor House,118 Erie St,Hudson,Hudson,Jersey City,Hudson,Off Premise,1.00,438.00
Jaime Colonna,170258,Village Wine & Liquors Ii,366 2nd St,Hudson,Hudson,Jersey City,Hudson,Off Premise,1.00,268.00
Jaime Colonna,17026,Wine Dad's Jersey City,273 16th St.,Hudson,Hudson,Jersey City,Hudson,Off Premise,1.00,220.00
Jaime Colonna,170260,Schmitty's,359 First Street,Hudson,Hudson,Hoboken,Hudson,On Premise,1.00,48.00
Jaime Colonna,170264,Boots and Bones,116 Newark Ave,Hudson,Hudson,Jersey City,Hudson,On Premise,1.00,43.00
Jaime Colonna,170265,Metropolis,96 River St,Hudson,Hudson,Hoboken,Hudson,Off Premise,1.00,167.00
Jaime Colonna,170268,The Ashford/Six 26,145 Newark Ave,Hudson,Hudson,Jersey City,Hudson,On Premise,1.00,41.00
Jaime Colonna,170275,Buddy's,247 Washington St,Hudson,Hudson,Jersey City,Hudson,On Premise,1.00,46.00
Jaime Colonna,170278,Hyatt House Jersey City,1 Exchange Place,Hudson,Hudson,Jersey City,Hudson,On Premise,1.00,16.00
Jaime Colonna,170280,Stingray Lounge,1210 Washington St,Hudson,Hudson,Hoboken,Hudson,On Premise,1.00,22.00
Jaime Colonna,170282,The Hoboken Biergarten,1422 Grand Street,Hudson,Hudson,Hoboken,Hudson,On Premise,1.00,680.00
Jaime Colonna,170288,Canopy Jersey City,159 Morgan St,Hudson,Hudson,Jersey City,Hudson,On Premise,1.00,3.00
Jaime Colonna,17029,Wine Dad's - Summit Ave Jersey City,425 Summit Ave,Hudson,Hudson,Jersey City,Hudson,Off Premise,1.00,29.00
Jaime Colonna,170294,Halifax Restaurant,225 River St,Hudson,Hudson,Hoboken,Hudson,On Premise,1.00,11.00
Jaime Colonna,170300,Ray's Liquors,266 Martin Luther King Dr,Hudson,Hudson,Jersey City,Hudson,Off Premise,1.00,3827.64
Jaime Colonna,170313,Astor Bar & Grill,725 Montgomery St,Hudson,Hudson,Jersey City,Hudson,On Premise,1.00,20.00
Jaime Colonna,170332,Abbey's Pub,326 Third St,Hudson,Hudson,Jersey City,Hudson,On Premise,1.00,47.00
Jaime Colonna,170429,Village W & L (P),348 Grove St,Hudson,Hudson,Jersey City,Hudson,Off Premise,1.00,213.00
Jaime Colonna,170463,Willie Mcbride's Pub/Rest,616 Grand St,Hudson,Hudson,Hoboken,Hudson,On Premise,1.00,20.00
Jaime Colonna,170467,80 River St Restaurant,80 River St,Hudson,Hudson,Hoboken,Hudson,On Premise,1.00,2.00
Jaime Colonna,170468,The Ferryman On 1st,94 Bloomfield St,Hudson,Hudson,Hoboken,Hudson,On Premise,1.00,52.00
Jaime Colonna,170469,Pier 13,1301 Sinatra Driver North,Hudson,Hudson,Hoboken,Hudson,On Premise,1.00,421.00
Jaime Colonna,170471,Union Hall,306 Sinatra Drive,Hudson,Hudson,Hoboken,Hudson,On Premise,1.00,410.50
Jaime Colonna,171011,Belo Bar,104 Hudson St,Hudson,Hudson,Hoboken,Hudson,On Premise,1.00,9.00
Jaime Colonna,171012,Shepherd/Knucklehead Hobo,1313 Willow Ave,Hudson,Hudson,Hoboken,Hudson,On Premise,1.00,17.00
Jaime Colonna,171013,Hoboken Liquor & Grocery,98 Willow Avenue,Hudson,Hudson,Hoboken,Hudson,Off Premise,1.00,109.00
Jaime Colonna,171014,Giannone Wines & Liq.(P),55 Riverwalk Pl,Hudson,Hudson,West New York,Hudson,Off Premise,1.00,14984.70
Jaime Colonna,171015,Uncorked Wines & Spirits - Hoboken NJ,1450 Washington St,Hudson,Hudson,Hoboken,Hudson,Off Premise,1.00,186.00
Jaime Colonna,171018,Urban Coal House,116 14th St,Hudson,Hudson,Hoboken,Hudson,On Premise,1.00,58.00
Jaime Colonna,171117,Delite Market,420 Washington St,Hudson,Hudson,Hoboken,Hudson,Off Premise,1.00,373.00
Jaime Colonna,171118,Antique Bar And Bakery,122 Willow Ave,Hudson,Hudson,Hoboken,Hudson,On Premise,1.00,155.00
Jaime Colonna,171119,Wine Dads Hoboken,341 14th St,Hudson,Hudson,Hoboken,Hudson,Off Premise,1.00,433.00
Jaime Colonna,171413,Green Rock Tap & Grill,70 Hudson St.,Hudson,Hudson,Hoboken,Hudson,On Premise,1.00,6.00
Jaime Colonna,172015,Daniels Wine And Liq,87 Garden St,Hudson,Hudson,Hoboken,Hudson,Off Premise,1.00,102.00
Jaime Colonna,172016,Karma Kafe,505 Washington St,Hudson,Hudson,Hoboken,Hudson,On Premise,1.00,40.00
Jaime Colonna,173031,Sparrow's Wine & Liq(P) (1224 Hoboken),1224 Shipyard Lane,Hudson,Hudson,Hoboken,Hudson,Off Premise,1.00,1640.00
Jaime Colonna,173032,Sparrows Wine & Liq (P) (126 Hoboken),126 Washington St,Hudson,Hudson,Hoboken,Hudson,Off Premise,1.00,642.00
Jaime Colonna,173037,Hudson Golf,16 Hudson Place,Hudson,Hudson,Hoboken,Hudson,On Premise,1.00,25.00
Jaime Colonna,173039,The Brass Rail Restaurant,135 Washington St,Hudson,Hudson,Hoboken,Hudson,On Premise,1.00,63.00
Jaime Colonna,173041,Blue Ribbon Wine/Liq/Groc,450 1st St.,Hudson,Hudson,Hoboken,Hudson,Off Premise,1.00,326.00
Jaime Colonna,173043,The Shannon,106 1st Street,Hudson,Hudson,Hoboken,Hudson,On Premise,1.00,65.00
Jaime Colonna,173053,Finnegans,734 Willow Ave,Hudson,Hudson,Hoboken,Hudson,On Premise,1.00,91.00
Jaime Colonna,173054,10th & Willow Bar & Grill,935 Willow Ave,Hudson,Hudson,Hoboken,Hudson,On Premise,1.00,5.00
Jaime Colonna,173055,Hoboken Vine,400 Newark St,Hudson,Hudson,Hoboken,Hudson,Off Premise,1.00,468.00
Jaime Colonna,173056,Garden Wine & Liq (P),700 Park Avenue,Hudson,Hudson,Hoboken,Hudson,Off Premise,1.00,78.00
Jaime Colonna,173058,Ottomanelli's Liquor Store,422 Monroe St,Hudson,Hudson,Hoboken,Hudson,Off Premise,1.00,171.00
Jaime Colonna,173059,The Stewed Cow,400 Adams St,Hudson,Hudson,Hoboken,Hudson,On Premise,1.00,17.00
Jaime Colonna,173060,8th Street Tavern,800 Washington St,Hudson,Hudson,Hoboken,Hudson,On Premise,1.00,19.00
Jaime Colonna,173061,City Line Liquors (Hoboken),211 Washington St.,Hudson,Hudson,Hoboken,Hudson,Off Premise,1.00,20.00
Jaime Colonna,173064,The Thirsty Quaker (P),492 Monmouth St,Hudson,Hudson,Jersey City,Hudson,Off Premise,1.00,505.00
Jaime Colonna,173068,The Hutten Tavern,225 Hutten St,Hudson,Hudson,Jersey City,Hudson,On Premise,1.00,32.00
Jaime Colonna,173069,Curry On,765 Newark Ave,Hudson,Hudson,Jersey City,Hudson,On Premise,1.00,32.00
Jaime Colonna,173072,Rasoi Restaurant,810 Newark Ave,Hudson,Hudson,Jersey City,Hudson,On Premise,1.00,20.00
Jaime Colonna,173078,Cheese+Wine,720 Monroe St C102,Hudson,Hudson,Hoboken,Hudson,On Premise,1.00,46.00
Jaime Colonna,173079,Snack Bar,520 Adams ST,Hudson,Hudson,Hoboken,Hudson,On Premise,1.00,33.00
Jaime Colonna,178011,The Highwood,500 Ave @ Port Imperial,Hudson,Hudson,Weehawken,Hudson,On Premise,1.00,559.00
Jaime Colonna,178107,Empyrean Bistro & Bar,800 Jackson Street,Hudson,Hudson,Hoboken,Hudson,On Premise,1.00,30.00
Jaime Colonna,179012,Plank Road Inn (A),1538 Paterson Plank Road,Hudson,Hudson,Secaucus,Hudson,On Premise,1.00,13.00
Jaime Colonna,28001,One Stop Wine (A) & Liq,592 Ridge Road,Bergen,Bergen,North Arlington,Bergen,Off Premise,1.00,1578.00
Jaime Colonna,49001,Don Coqui,541 River Rd,Bergen,Bergen,Edgewater,Bergen,On Premise,1.00,663.00
Javier Melo,15014,Deli Parchardo Liquors,111 N Main St,Passaic,Passaic,Paterson,Passaic,Off Premise,1.00,2710.00
Javier Melo,15031,Pete's Family Liqs,49 N Main Street,Passaic,Passaic,Paterson,Passaic,Off Premise,1.00,3450.00
Javier Melo,15059,Belmont Liqrs (P),146 Belmont Avenue,Passaic,Passaic,Paterson,Passaic,Off Premise,1.00,3723.00
Javier Melo,15085,Reign,138 Belmont Ave,Passaic,Passaic,Paterson,Passaic,On Premise,1.00,500.00
Javier Melo,20021,Diamond Liquors (P),507 Summer St,Passaic,Passaic,Paterson,Passaic,Off Premise,1.00,11857.00
Javier Melo,20031,La Joya Liquors,15 Park Ave,Passaic,Passaic,Paterson,Passaic,Off Premise,1.00,7453.00
Javier Melo,20055,Paruta's (A),89 Market St,Passaic,Passaic,Paterson,Passaic,On Premise,1.00,7468.50
Javier Melo,20056,East Side Bar Liquors,442 10th Ave,Passaic,Passaic,Paterson,Passaic,Off Premise,1.00,9821.00
Javier Melo,20061,Seguidilla 56 Lounge & Liquors,227 Park Ave,Passaic,Passaic,Paterson,Passaic,On Premise,1.00,12324.00
Javier Melo,20069,Segundo's (P),293 Madison Ave,Passaic,Passaic,Paterson,Passaic,Off Premise,1.00,7344.00
Javier Melo,20104,Roses Bar & Liquors,102 Market Street,Passaic,Passaic,Paterson,Passaic,On Premise,1.00,1631.00
Javier Melo,20110,The Cathedral Restaurant,378 Main St,Passaic,Passaic,Paterson,Passaic,On Premise,1.00,690.00
Javier Melo,21005,La Fuente Bar (A),43 Ellison Street,Passaic,Passaic,Paterson,Passaic,On Premise,1.00,461.00
Javier Melo,21006,Camilo Liquors(A),424 6th Ave,Passaic,Passaic,Paterson,Passaic,Off Premise,1.00,4630.00
Javier Melo,21021,Park Avenue Liquors,307 Park Ave,Passaic,Passaic,Paterson,Passaic,Off Premise,1.00,4273.00
Javier Melo,21023,Luna Liquors,291 Park Avenue,Passaic,Passaic,Paterson,Passaic,Off Premise,1.00,11399.00
Javier Melo,21026,C Town Supermarket(P),444 20th Avenue,Passaic,Passaic,Paterson,Passaic,Off Premise,1.00,7701.00
Javier Melo,21028,Estevez Liquors & Grocery 2 LLC,262 22nd Ave,Passaic,Passaic,Paterson,Passaic,Off Premise,1.00,5971.00
Javier Melo,21044,Farm Boy,465 Getty Ave,Passaic,Passaic,Paterson,Passaic,Off Premise,1.00,14051.00
Javier Melo,21054,C & S Lucky Liquors (P),299 Grand Street,Passaic,Passaic,Paterson,Passaic,Off Premise,1.00,6476.00
Javier Melo,21055,C & S Lucky Liquors II,460 Chamberlain Ave,Passaic,Passaic,Paterson,Passaic,Off Premise,1.00,6049.00
Javier Melo,22024,Edwards (P) Wine & Liq,910 Main Street,Passaic,Passaic,Paterson,Passaic,Off Premise,1.00,44151.21
Javier Melo,22065,Mambo Lounge (P),62-64 Dover St,Passaic,Passaic,Paterson,Passaic,On Premise,1.00,1840.00
Javier Melo,24003,Paulison Liquors (P),621 Paulison Ave,Passaic,Passaic,Clifton,Passaic,Off Premise,1.00,7557.00
Javier Melo,24018,Agave Cantina Mexicana,421 Piaget Ave,Passaic,Passaic,Clifton,Passaic,On Premise,1.00,277.00
Javier Melo,24034,La Fortaleza (Clifton),590 Lexington Ave,Passaic,Passaic,Clifton,Passaic,On Premise,1.00,519.00
Javier Melo,24042,Made in Miami Bar Bistro,39 Harding Ave,Passaic,Passaic,Clifton,Passaic,On Premise,1.00,83.00
Javier Melo,25012,Bottle Liquor (P),550 Lexington Avenue,Passaic,Passaic,Clifton,Passaic,Off Premise,1.00,14010.00
Javier Melo,25047,Parker Liquors (Z),203 Parker Ave,Passaic,Passaic,Clifton,Passaic,Off Premise,1.00,13256.00
Javier Melo,26003,La Casona Cafe Restaurant Bar,829 Main Ave,Passaic,Passaic,Passaic,Passaic,On Premise,1.00,4342.00
Javier Melo,27001,Fiesta Night Club(P),115 President St,Passaic,Passaic,Passaic,Passaic,On Premise,1.00,4285.00
Javier Melo,27002,President Liqrs (A),158 President St,Passaic,Passaic,Passaic,Passaic,Off Premise,1.00,19683.05
Javier Melo,27008,Bermuda Liquors (P),177 Hope Ave,Passaic,Passaic,Passaic,Passaic,Off Premise,1.00,9445.00
Javier Melo,27009,La Rancherita,22 Jackson St,Passaic,Passaic,Passaic,Passaic,On Premise,1.00,5457.98
Javier Melo,27012,ESTEVEZ LIQUORS LLC,110 Market St,Passaic,Passaic,Passaic,Passaic,Off Premise,1.00,11618.00
Javier Melo,27018,Cantina Bar,165 Passaic St,Passaic,Passaic,Passaic,Passaic,On Premise,1.00,300.00
Javier Melo,27034,Liquor Stop (Passaic),321 Broadway,Passaic,Passaic,Passaic,Passaic,Off Premise,1.00,7124.00
Javier Melo,27037,Shanik Liqs.(P),952 Main Ave,Passaic,Passaic,Passaic,Passaic,Off Premise,1.00,11287.00
Javier Melo,27039,Venus Bar & Restaurant,68 Central Ave,Passaic,Passaic,Passaic,Passaic,On Premise,1.00,348.00
Javier Melo,27040,Danny's Liquor,268 Monroe St,Passaic,Passaic,Passaic,Passaic,Off Premise,1.00,11699.00
Javier Melo,27044,Clary's Restaurant & Bar,196 Monroe St,Passaic,Passaic,Passaic,Passaic,On Premise,1.00,608.00
Javier Melo,27046,New Eagle Liquors,126 Passaic St,Passaic,Passaic,Passaic,Passaic,Off Premise,1.00,13517.00
Javier Melo,27051,Factory 220,220 Passaic St,Passaic,Passaic,Passaic,Passaic,On Premise,1.00,228.00
Javier Melo,27053,Rumba Bar,234 Monroe St.,Passaic,Passaic,Passaic,Passaic,On Premise,1.00,93.00
Javier Melo,27055,Don Lalo Restaurant,879 Main Ave,Passaic,Passaic,Passaic,Passaic,On Premise,1.00,188.00
Javier Melo,27059,D'bar Liquors (P),898 Main Ave,Passaic,Passaic,Passaic,Passaic,Off Premise,1.00,37223.24
Javier Melo,27071,Mariana's Liquors,266 Passaic Street,Passaic,Passaic,Passaic,Passaic,Off Premise,1.00,4198.00
Javier Melo,27076,El Asadero Mexican Grill (Passaic),305 Passaic St,Passaic,Passaic,Passaic,Passaic,On Premise,1.00,27775.54
Javier Melo,27077,Mojito Bar,159 Market St,Passaic,Passaic,Passaic,Passaic,On Premise,1.00,24893.00
Javier Melo,27085,Cazadores Bar (Z) LLC,246 3rd St,Passaic,Passaic,Passaic,Passaic,On Premise,1.00,1132.00
Javier Melo,27094,El Anochecer,154 Passaic St,Passaic,Passaic,Passaic,Passaic,On Premise,1.00,4004.00
Javier Melo,27095,Club Sq (A),40 3rd St,Passaic,Passaic,Passaic,Passaic,On Premise,1.00,2943.00
Javier Melo,27102,Fragancia Sports Bar,161 8th St,Passaic,Passaic,Passaic,Passaic,On Premise,1.00,16681.11
Javier Melo,27108,Los Arcos (P) Rest.,305 Monroe St,Passaic,Passaic,Passaic,Passaic,On Premise,1.00,566.00
Javier Melo,27111,Davids' Place (P),361 Monroe St,Passaic,Passaic,Passaic,Passaic,On Premise,1.00,628.00
Javier Melo,27119,El Chever (P),228 Washington Pl,Passaic,Passaic,Passaic,Passaic,On Premise,1.00,23.00
Javier Melo,27144,La Fortaleza (Passaic),32 Market St,Passaic,Passaic,Passaic,Passaic,On Premise,1.00,3841.00
Javier Melo,27146,Foxes Place,201 Parker Ave,Passaic,Passaic,Passaic,Passaic,On Premise,1.00,23315.23
Javier Melo,36026,Agave Cocina Mexicana,32 Locust Ave,Bergen,Bergen,Wallington,Bergen,On Premise,1.00,131.33
Javier Melo,37066,La Fortaleza (Garfield),361 Midland Ave,Bergen,Bergen,Garfield,Bergen,On Premise,1.00,822.00
Javier Melo,38046,La Fortaleza (Lodi),10 Route 46,Bergen,Bergen,Lodi,Bergen,On Premise,1.00,596.00
Jayson Romine,191010,Liquor Factory II Jefferson,725 NJ-15,Morris 1,Morris,Lake Hopatcong,Morris 1,Off Premise,1.00,14542.00
Jayson Romine,191302,Liquor Factory I Landing,175 Lakeside Blvd # 9,Morris 1,Morris,Landing,Morris 1,Off Premise,1.00,8717.00
Jayson Romine,191408,Super Saver Liq,322 Howard Blvd,Morris 1,Morris,Mt Arlington,Morris 1,Off Premise,1.00,6898.00
Jayson Romine,191526,Liquor Factory IV Hopatcong,128 Lakeside Blvd,Sussex,Sussex,Hopatcong,Sussex,Off Premise,1.00,11934.00
Jayson Romine,191702,Liquor Factory VI Byram,8 Route 206 N,Morris 1,Sussex,Byram,Morris 1,Off Premise,1.00,9588.00
Jayson Romine,230105,ShopRite Wines & Spirits of Sparta,16 North Village Blvd,Sussex,Sussex,Sparta,Sussex,Off Premise,1.00,20657.00
Jayson Romine,230106,Burkes,6 Sparta Ave N,Sussex,Sussex,Sparta,Sussex,Off Premise,1.00,1795.17
Jayson Romine,230114,Liquor Factory III Sparta,41 Woodport Road,Sussex,Sussex,Sparta,Sussex,Off Premise,1.00,18253.83
Jayson Romine,230121,White Deer Inn,4 White Deer Plaza,Sussex,Sussex,Sparta,Sussex,Off Premise,1.00,3769.00
Jayson Romine,230314,Liquor Factory V Andover,231 Newton Sparta Rd # 3,Sussex,Sussex,Newton,Sussex,Off Premise,1.00,9806.00
Jayson Romine,230412,USA Wine Traders Club Of Newton (A),17 Hampton House Road,Sussex,Sussex,Newton,Sussex,Off Premise,1.00,21030.00
Jayson Romine,230420,Spring Street Liquors,110 Spring Street,Sussex,Sussex,Newton,Sussex,Off Premise,1.00,8560.00
Jayson Romine,230427,ShopRite Wine & Spirits of Newton#830,125 Water St,Sussex,Sussex,Newton,Sussex,Off Premise,1.00,15804.00
Jayson Romine,230431,Seplow's Liquors,5 Woodside Ave,Sussex,Sussex,Newton,Sussex,Off Premise,1.00,5939.00
Jayson Romine,230440,"Brix - Wine, Spirits, Beer (Fredon)",403 NJ-94,Sussex,Sussex,Fredon Township,Sussex,Off Premise,1.00,4173.00
Jayson Romine,230441,Wine Country Newton,49 Hampton House Road,Sussex,Sussex,Newton,Sussex,Off Premise,1.00,6827.00
Jayson Romine,230902,Buy Rite Liquors Franklin,244 NJ-23,Sussex,Sussex,Franklin,Sussex,Off Premise,1.00,14384.00
Jayson Romine,230905,ShopRite Wines & Spirits of Franklin,100 Rt 23,Sussex,Sussex,Franklin,Sussex,Off Premise,1.00,14418.00
Jayson Romine,230911,The Right Bottle,190 Munsonhurst Rd,Sussex,Sussex,Franklin,Sussex,Off Premise,1.00,5007.00
Jayson Romine,230913,Wine Grand (Franklin),288 Rt 23 North,Sussex,Sussex,Franklin,Sussex,Off Premise,1.00,1761.35
Jayson Romine,230918,Market Place Liquor,99 NJ-23,Sussex,Sussex,Hamburg,Sussex,Off Premise,1.00,1569.00
Jayson Romine,230920,Hamburg Liquor,90-92 NJ-23,Sussex,Morris,Hamburg,Sussex,Off Premise,1.00,3793.17
Jayson Romine,230924,Sussex Co.Discount Liq(P),3235 NJ-94,Sussex,Sussex,Franklin,Sussex,Off Premise,1.00,4983.00
Jayson Romine,231203,The George Inn,84 NJ-94,Sussex,Sussex,Vernon,Sussex,Off Premise,1.00,10126.00
Jayson Romine,231215,Mac & Lindy's W & S (A),530 Co Rd 515,Sussex,Sussex,Vernon,Sussex,Off Premise,1.00,14958.00
Jayson Romine,231308,Wantage Plaza Liq Outlet,205 NJ-23,Sussex,Sussex,Wantage,Sussex,Off Premise,1.00,8658.00
Jayson Romine,231315,Woody's Liq Shop (A),83 Hamburg Ave,Sussex,Sussex,Wantage,Sussex,Off Premise,1.00,4116.00
Jayson Romine,231316,Patricks Wine Barn,38 Hamburg Ave,Sussex,Sussex,Sussex,Sussex,Off Premise,1.00,22162.00
Jayson Romine,231501,Highland General Store,111 Highland Lakes Rd,Sussex,Sussex,Highland Lakes,Sussex,Off Premise,1.00,4144.00
Jayson Romine,231502,Lake Wanda Store,812 Canistear Rd,Sussex,Sussex,Highland Lakes,Sussex,Off Premise,1.00,1166.00
Jayson Romine,231701,George's Wine & Spirits,12 Morris Ave.,Sussex,Sussex,Branchville,Sussex,Off Premise,1.00,3971.00
Jayson Romine,231707,Kent's Liquors,333 Rte 206,Sussex,Sussex,Branchville,Sussex,Off Premise,1.00,1924.00
Jayson Romine,408,Fredon Liquor (Fredon Deli),428 RT 94,Sussex,Sussex,Fredon Township,Sussex,Off Premise,1.00,3134.00
Jim Heaney,13008,Little Falls Liq(P),315 Main Street,Passaic,Passaic,Little Falls,Passaic,Off Premise,1.00,8533.17
Jim Heaney,13017,On The Rocks,101 Newark Pompton Turnpike,Passaic,Passaic,Little Falls,Passaic,Off Premise,1.00,4016.00
Jim Heaney,14001,Wine & Bev. Depot (A),823 Riverview Dr N,Passaic,Passaic,Totowa,Passaic,Off Premise,1.00,150504.97
Jim Heaney,23002,Valley Liquors (A),343 Hazel St,Passaic,Passaic,Clifton,Passaic,Off Premise,1.00,5542.00
Jim Heaney,23003,Pete's Liquors,383 Valley Road,Passaic,Passaic,Clifton,Passaic,Off Premise,1.00,3922.00
Jim Heaney,23007,Field Liquors (A),1006 W Rt 46 W,Passaic,Passaic,Clifton,Passaic,Off Premise,1.00,2250.00
Jim Heaney,24001,Richfield Liquors,1362 Clifton Ave,Passaic,Passaic,Clifton,Passaic,Off Premise,1.00,2291.00
Jim Heaney,24002,Swizzle Stick Liq (A),137 3rd St,Passaic,Passaic,Clifton,Passaic,Off Premise,1.00,4580.00
Jim Heaney,24005,Henry's Liquors,1224 Van Houten Ave,Passaic,Passaic,Clifton,Passaic,Off Premise,1.00,3145.00
Jim Heaney,24009,Quik Stop Conv(Z),261 Clifton Avenue,Passaic,Passaic,Clifton,Passaic,Off Premise,1.00,5183.00
Jim Heaney,24011,Shoppers Vineyard (A),875 Bloomfield Ave,Passaic,Passaic,Clifton,Passaic,Off Premise,1.00,34288.00
Jim Heaney,24012,Dante's Liquor & Wine,729 Van Houten Ave,Passaic,Passaic,Clifton,Passaic,Off Premise,1.00,4707.00
Jim Heaney,24014,Bottleneck Liquors,120 Market St,Passaic,Passaic,Clifton,Passaic,Off Premise,1.00,1985.50
Jim Heaney,24015,Allwood Liquor Store,60 Market St,Passaic,Passaic,Clifton,Passaic,Off Premise,1.00,32609.34
Jim Heaney,24016,Broad Liquors (A),1187 Broad Street,Passaic,Passaic,Clifton,Passaic,Off Premise,1.00,12801.00
Jim Heaney,24017,Rainbow Liquor (P),292 Lakeview Ave,Passaic,Passaic,Clifton,Passaic,Off Premise,1.00,11147.17
Jim Heaney,24020,US#1 Wine & Liquor,534 Van Houten Ave,Passaic,Passaic,Clifton,Passaic,Off Premise,1.00,7041.00
Jim Heaney,24021,Liquor Stop (P) (Clifton),565 Clifton Ave,Passaic,Passaic,Clifton,Passaic,Off Premise,1.00,865.00
Jim Heaney,24037,Vasel's (A),586 Bloomfield Ave,Passaic,Passaic,Clifton,Passaic,Off Premise,1.00,2245.00
Jim Heaney,25008,Clifton Commons S & W,132 Kingsland Rd Suite 4,Passaic,Passaic,Clifton,Passaic,Off Premise,1.00,15142.00
Jim Heaney,25017,Savers Club Liquor Locker,314 Clifton Ave,Passaic,Passaic,Clifton,Passaic,Off Premise,1.00,8772.00
Jim Heaney,25023,Clifton Wine & Liquor,111 Lakeview Ave,Passaic,Passaic,Clifton,Passaic,Off Premise,1.00,2140.00
Jim Heaney,25031,Lexington Liquors (Z),430 Lexington Ave,Passaic,Passaic,Clifton,Passaic,Off Premise,1.00,17131.00
Jim Heaney,25032,Liquor Mart 46,1081 US-46,Passaic,Passaic,Clifton,Passaic,Off Premise,1.00,912.00
Jim Heaney,25042,Town Liquors,805 Van Houten Ave,Passaic,Passaic,Clifton,Passaic,Off Premise,1.00,6162.00
Jim Heaney,27016,Marina's Wine & Spirits,497 Van Houten Ave,Passaic,Passaic,Passaic,Passaic,Off Premise,1.00,9272.94
Jim Heaney,28004,Schuyler Food,574 Schuyler Ave,Bergen,Bergen,North Arlington,Bergen,Off Premise,1.00,2333.00
Jim Heaney,28007,Metro Liquors (North Arlington),17 Schuyler Ave,Bergen,Bergen,North Arlington,Bergen,Off Premise,1.00,5366.00
Jim Heaney,28011,Liquor Mart (North Arlington),126 Ridge Rd,Bergen,Bergen,North Arlington,Bergen,Off Premise,1.00,3421.17
Jim Heaney,28012,Lucky 7 (A),77 River Rd,Bergen,Bergen,North Arlington,Bergen,Off Premise,1.00,11499.83
Jim Heaney,29003,Liquor Shed,740 Ridge Road,Bergen,Bergen,Lyndhurst,Bergen,Off Premise,1.00,4902.50
Jim Heaney,29008,Krauszers Food,121-123 Valley Brook Ave,Bergen,Bergen,Lyndhurst,Bergen,Off Premise,1.00,962.00
Jim Heaney,29009,Quick Buy,149 Ridge Rd,Bergen,Bergen,Lyndhurst,Bergen,Off Premise,1.00,2561.00
Jim Heaney,29011,World of Wine & Liquor,419 Valley Brook Ave.,Bergen,Bergen,Lyndhurst,Bergen,Off Premise,1.00,28658.08
Jim Heaney,29012,Riverside Liquors,601 Riverside Ave,Bergen,Bergen,Lyndhurst,Bergen,Off Premise,1.00,3739.00
Jim Heaney,29013,Lyndhurst Liquors (P),298 Ridge Road,Bergen,Bergen,Lyndhurst,Bergen,Off Premise,1.00,2921.67
Jim Heaney,29017,Meadow Fine Liquors,425 Lewandowski St.,Bergen,Bergen,Lyndhurst,Bergen,Off Premise,1.00,3703.00
Jim Heaney,30003,Mason's Cellar (A),32 Ames Ave,Bergen,Bergen,Rutherford,Bergen,Off Premise,1.00,8409.70
Jim Heaney,30004,West End Wine & Liq,311 Union Ave,Bergen,Bergen,Rutherford,Bergen,Off Premise,1.00,4699.00
Jim Heaney,30005,Rutherford Wine (A),270 Park Ave,Bergen,Bergen,Rutherford,Bergen,Off Premise,1.00,6507.94
Jim Heaney,30006,Forest Dairy (A),10 Spring Dell,Bergen,Bergen,Rutherford,Bergen,Off Premise,1.00,2064.00
Jim Heaney,30007,Village Wine (P),75 Park Ave,Bergen,Bergen,Rutherford,Bergen,Off Premise,1.00,2567.15
Jim Heaney,30010,Krauser Food & Liq(A),275 Park Ave,Bergen,Bergen,Rutherford,Bergen,Off Premise,1.00,2455.00
Jim Heaney,30030,Sonoma Bistro,59 Park Ave,Bergen,Bergen,Rutherford,Bergen,On Premise,1.00,141.00
John Neukum,12060,Costco Whlse V#32366-Wayn,149 Rt. 23,Passaic,Passaic,Wayne,Passaic,Off Premise,1.00,51086.00
John Neukum,190931,Costco 315 Wharton (NA),315 Rt. 15 North,Bergen,Morris,Wharton,Bergen,Off Premise,1.00,1000.00
John Neukum,201026,Sam's Club (Secaucus),300 Park Plaza Dr,Hudson,Hudson,Secaucus,Hudson,Off Premise,1.00,1501.00
John Neukum,24010,Western Bev 21088 Clift,20 Bridewell Place,Passaic,Passaic,Clifton,Passaic,Off Premise,1.00,80003.00
John Neukum,24059,Costco 306 Clifton (NA),20 Bridewell Place,Passaic,Passaic,Clifton,Passaic,Off Premise,1.00,500.00
John Neukum,31019,Bj's Warehouse E Rutherfo,300 Rt 17 N,Bergen,Bergen,East Rutherford,Bergen,Off Premise,1.00,232048.00
John Neukum,39016,NB Liquors,2 Teterboro Landing Dr,Bergen,Bergen,Teterboro,Bergen,Off Premise,1.00,50092.00
John Neukum,39019,Costco 1214 Teterboro (NA),2 Teterboro Landing Dr,Bergen,Bergen,Teterboro,Bergen,Off Premise,1.00,1297.00
John O'Donoghue,150031,Fairfield Wine Cellar,99 Us-46,Essex,Essex,Fairfield,Essex,Off Premise,1.00,270.00
John O'Donoghue,150099,Prime 94 Steakhouse & Grill,94 Fairfield Road,Essex,Essex,Fairfield,Essex,On Premise,1.00,15.00
John O'Donoghue,150104,Sidelines Bar And Grill,198 Us-46,Essex,Essex,Fairfield,Essex,On Premise,1.00,11.00
John O'Donoghue,150228,Antik Greek Kitchens,335 Fairfield Road,Essex,Essex,Fairfield,Essex,On Premise,1.00,17.00
John O'Donoghue,150250,Par 440 Restaurant,440 Parsonage Hill Rd,Essex,Essex,Short Hills,Essex,On Premise,1.00,32.00
John O'Donoghue,250001,Vine Republik (Mountainside),1267 Rte 22,Union,Union,Mountainside,Union,Off Premise,1.00,294.00
John O'Donoghue,250044,Vine Republic (Berkeley Height),500 Springfield Ave,Union,Union,Berkeley Heights,Union,Off Premise,1.00,675.00
John O'Donoghue,250900,Arirang Hibachi Steakhous,1230 Us-22,Union,Union,Mountainside,Union,On Premise,1.00,196.00
John O'Donoghue,250901,Chrones Tavern,906 Mountain Ave,Union,Union,Mountainside,Union,On Premise,1.00,5.00
John O'Donoghue,60003,Charlie's Liquor and Convenience,68 E Madison Ave,Bergen,Bergen,Dumont,Bergen,Off Premise,1.00,876.00
John O'Donoghue,61001,Haworth Fine Wine/Spirits,155 Terrace St,Bergen,Bergen,Haworth,Bergen,Off Premise,1.00,226.00
John O'Donoghue,63001,X Plor Wine,27 Park Street,Bergen,Bergen,Demarest,Bergen,Off Premise,1.00,232.00
Klejdi Lamo,190101,Montville Wine & Spirits,223 Changebridge Road,Morris 1,Morris,Montville,Morris 1,Off Premise,1.00,4749.17
Klejdi Lamo,190207,Liquor Outlet,289 Myrtle Ave,Morris 1,Morris,Boonton,Morris 1,Off Premise,1.00,31126.50
Klejdi Lamo,190208,Boonton Liquor Locker,119 Hawkins Pl,Morris 1,Morris,Boonton,Morris 1,Off Premise,1.00,5368.00
Klejdi Lamo,190216,House of Wine & Liquor,308 E Wootton St,Morris 1,Morris,Boonton,Morris 1,Off Premise,1.00,92498.91
Klejdi Lamo,190302,Basket Of Cheer Ii (Lake Hiawatha),149 N Beverwyck Rd,Morris 1,Morris,Lake Hiawatha,Morris 1,Off Premise,1.00,5589.00
Klejdi Lamo,190304,Shoppers Disc Liquor,65-69 N Beverwyck Rd,Morris 1,Morris,Lake Hiawatha,Morris 1,Off Premise,1.00,9603.67
Klejdi Lamo,190501,Mountain Lakes Wine & Liquor,3 Romaine Rd,Morris 1,Morris,Mountain Lakes,Morris 1,Off Premise,1.00,28534.50
Klejdi Lamo,190603,Denville W & L,43 Broadway,Morris 1,Morris,Denville,Morris 1,Off Premise,1.00,3897.00
Klejdi Lamo,190702,Smith's Tavern,175 E Main St,Morris 1,Morris,Rockaway,Morris 1,On Premise,1.00,800.00
Klejdi Lamo,190705,Rockaway W/L,73 W Main St,Morris 1,Morris,Rockaway,Morris 1,Off Premise,1.00,9358.00
Klejdi Lamo,190802,Sam's Liq Wine (P),325 W Clinton St,Morris 1,Morris,Dover,Morris 1,Off Premise,1.00,6278.00
Klejdi Lamo,190804,Midtown Liq,101 White Meadow Rd,Morris 1,Morris,Rockaway,Morris 1,Off Premise,1.00,6440.17
Klejdi Lamo,190901,Berkshire(P) Bot. Shop,915 Berkshire Valley Rd,Morris 1,Morris,Wharton,Morris 1,Off Premise,1.00,1203.00
Klejdi Lamo,190907,Wharton Liquor Store,41 N Main St,Morris 1,Morris,Wharton,Morris 1,Off Premise,1.00,5367.00
Klejdi Lamo,190913,Main Street Liquor,340 S Main St,Morris 1,Morris,Wharton,Morris 1,Off Premise,1.00,5024.33
Klejdi Lamo,190917,Shop Rite Liq (A)Wharton,306 NJ-15,Morris 3,Morris,Wharton,Morris 3,Off Premise,1.00,33283.00
Klejdi Lamo,191210,Milton Inn,3 Ridge Rd & Berkshire,Morris 1,Morris,Oak Ridge,Morris 1,Off Premise,1.00,19754.00
Klejdi Lamo,191213,Island Of Spirits (P),3025 Rt 23 N,Passaic,Passaic,Oak Ridge,Passaic,Off Premise,1.00,6551.00
Klejdi Lamo,191511,Nova Liquors,49 Lakeside Blvd,Sussex,Sussex,Hopatcong,Sussex,Off Premise,1.00,8813.89
Klejdi Lamo,191518,3 IN 1 LIQUORS INC,47 Hopatchung Rd,Sussex,Sussex,Hopatcong,Sussex,Off Premise,1.00,4048.33
Klejdi Lamo,191604,The Village Place,31 Allen St,Morris 1,Morris,Netcong,Morris 1,Off Premise,1.00,903.00
Klejdi Lamo,191606,Quick Check Liquor (A),70 Main St,Morris 1,Morris,Netcong,Morris 1,Off Premise,1.00,11861.65
Klejdi Lamo,191608,Shop-Rite(A) Netcong,75 Us-46 Lackawanna Plaza,Morris 1,Morris,Netcong,Morris 1,Off Premise,1.00,9256.00
Klejdi Lamo,191710,Shop Rite Wine & Spirits Stanhope,90 Route 206,Sussex,Sussex,Stanhope,Sussex,Off Premise,1.00,21764.00
Klejdi Lamo,191713,Stanhope Liquors,141 Rt 183,Sussex,Sussex,Stanhope,Sussex,Off Premise,1.00,3770.00
Klejdi Lamo,191803,Kingston Liquors,7 Naughright Rd,Morris 1,Morris,Hackettstown,Morris 1,Off Premise,1.00,4571.00
Klejdi Lamo,191812,Patel Liqr & Gro(P),114 Us-46,Morris 1,Morris,Budd Lake,Morris 1,Off Premise,1.00,3922.33
Klejdi Lamo,191814,Sandy's Wine & Spirit (P) (Budd Lake),98 US Highway 46,Morris 1,Morris,Budd Lake,Morris 1,Off Premise,1.00,19983.00
Matt Powierski,26001,Luigi's Liquor (A),175 Jefferson St,Passaic,Passaic,Passaic,Passaic,Off Premise,1.00,6710.00
Matt Powierski,27031,Home Wine Liquor (Passaic),593 Main Ave,Passaic,Passaic,Passaic,Passaic,Off Premise,1.00,28031.00
Matt Powierski,27063,Archies (P),229 Main Ave,Passaic,Passaic,Passaic,Passaic,Off Premise,1.00,9268.00
Matt Powierski,31004,Metro Liquors (East Rutherford),576 Paterson Ave,Bergen,Bergen,East Rutherford,Bergen,Off Premise,1.00,8889.50
Matt Powierski,31008,Metro Wine And Liq(A),89 NJ-17,Bergen,Bergen,East Rutherford,Bergen,Off Premise,1.00,5373.67
Matt Powierski,31033,Capri Deli&Liq (P),226 Paterson Ave,Bergen,Bergen,East Rutherford,Bergen,Off Premise,1.00,13231.40
Matt Powierski,31060,Bottle Republic (Rutherford),10 NJ-17,Bergen,Bergen,Rutherford,Bergen,Off Premise,1.00,7676.00
Matt Powierski,32009,American Lgn (P) (Carlstadt),412 Third St,Bergen,Bergen,Carlstadt,Bergen,On Premise,1.00,590.00
Matt Powierski,32014,Wine Liquor Shop,434 Hackensack St,Bergen,Bergen,Carlstadt,Bergen,Off Premise,1.00,2412.00
Matt Powierski,32016,Cobblestone Hill Deli,287 Broad St,Bergen,Bergen,Carlstadt,Bergen,Off Premise,1.00,4481.00
Matt Powierski,32017,Wine Grand (Carlstadt),675 Paterson Ave,Bergen,Bergen,Carlstadt,Bergen,Off Premise,1.00,5013.67
Matt Powierski,33002,Moonachie Liquors,46 Moonachie Rd,Bergen,Bergen,Moonachie,Bergen,Off Premise,1.00,4732.00
Matt Powierski,33003,Segovia,150 Moonachie Road,Bergen,Bergen,Moonachie,Bergen,On Premise,1.00,101.00
Matt Powierski,33004,Gray Cliff (A),290 Moonachie Ave,Bergen,Bergen,Moonachie,Bergen,On Premise,1.00,441.00
Matt Powierski,33006,Bazzarellis (Z),117 Moonachie Rd,Bergen,Bergen,Moonachie,Bergen,On Premise,1.00,516.30
Matt Powierski,36007,Shop Rite Of Wallington,375 Paterson Ave,Bergen,Bergen,Wallington,Bergen,Off Premise,1.00,11492.17
Matt Powierski,36008,Vicki's Bar & Liquors,166 Maple Ave,Bergen,Bergen,Wallington,Bergen,Off Premise,1.00,2230.39
Matt Powierski,36016,King Liquors,434 Main Ave,Bergen,Bergen,Wallington,Bergen,Off Premise,1.00,3630.05
Matt Powierski,36025,Karol's Pub (A),252 Maple Ave,Bergen,Bergen,Wallington,Bergen,On Premise,1.00,399.00
Matt Powierski,36031,Ayla Restaurant & Bar,209 Paterson Ave,Bergen,Bergen,Wallington,Bergen,On Premise,1.00,3719.69
Matt Powierski,36038,Tatra Haus Restaurant,115 Main Ave,Bergen,Bergen,Wallington,Bergen,Off Premise,1.00,36.00
Matt Powierski,36043,Sports Bar & Liquors,171 Hathaway St,Bergen,Bergen,Wallington,Bergen,On Premise,1.00,292.00
Matt Powierski,37001,Good Fella's (Z) Rest.,661 Midland Ave,Bergen,Bergen,Garfield,Bergen,On Premise,1.00,106.00
Matt Powierski,37002,Garfield Bar & Liq (P),46 Wood St,Bergen,Bergen,Garfield,Bergen,Off Premise,1.00,3057.00
Matt Powierski,37006,Garfield Discount Liquors,76 Jewell St,Bergen,Bergen,Garfield,Bergen,Off Premise,1.00,3415.00
Matt Powierski,37007,Jay's Liquormart,142 Division Ave,Bergen,Bergen,Garfield,Bergen,Off Premise,1.00,1156.00
Matt Powierski,37013,Joe's Liquors,114 Outwater Lane,Bergen,Bergen,Garfield,Bergen,Off Premise,1.00,1712.00
Matt Powierski,37023,Worldwide Liquors,68 Van Winkle Ave,Bergen,Bergen,Garfield,Bergen,Off Premise,1.00,2005.00
Matt Powierski,37025,All Nations Liq,80 Passaic St,Bergen,Bergen,Garfield,Bergen,Off Premise,1.00,803.00
Matt Powierski,37026,"Michele (Z) Rest,",32 Passaic St,Bergen,Bergen,Garfield,Bergen,On Premise,1.00,10.00
Matt Powierski,37027,Piast Meats & Prov.,1 Passaic St,Bergen,Bergen,Garfield,Bergen,Off Premise,1.00,729.00
Matt Powierski,37029,River Drive Bar (P),85 River Dr,Bergen,Bergen,Garfield,Bergen,Off Premise,1.00,4371.00
Matt Powierski,37038,Wisla Center (Z),73 Main St,Bergen,Bergen,Garfield,Bergen,On Premise,1.00,247.00
Matt Powierski,37040,The Venetian,546 River Rd,Bergen,Bergen,Garfield,Bergen,On Premise,1.00,646.00
Matt Powierski,37047,Dp's Pub & Seafood Grill,732 River Dr,Bergen,Bergen,Garfield,Bergen,On Premise,1.00,485.00
Matt Powierski,37050,Royal Manor,454 Midland Ave,Bergen,Bergen,Garfield,Bergen,On Premise,1.00,133.00
Matt Powierski,37060,Pazza Luna (P),52 Chestnut St,Bergen,Bergen,Garfield,Bergen,On Premise,1.00,47.00
Matt Powierski,37068,Whoopee Liq (A),194 Van Winkle Ave,Bergen,Bergen,Garfield,Bergen,Off Premise,1.00,11335.33
Matt Powierski,37075,Deja Vu (Z),50 River Drive,Bergen,Bergen,Garfield,Bergen,On Premise,1.00,58.00
Matt Powierski,42002,L. F. Wine Country (P),299 Bergen Pike,Bergen,Bergen,Little Ferry,Bergen,Off Premise,1.00,2711.00
Matt Powierski,42004,Wine And People,260 Bergen Tpk,Bergen,Bergen,Little Ferry,Bergen,Off Premise,1.00,16899.38
Matt Powierski,42010,Little Ferry Wines/Liquor,66 Marshall Ave,Bergen,Bergen,Little Ferry,Bergen,Off Premise,1.00,2584.00
Matt Powierski,42012,Vinny's Disc Liq (P),315 Main St,Bergen,Bergen,Little Ferry,Bergen,Off Premise,1.00,4159.00
Matt Powierski,42014,Segovia Steak House(A),217 Main St,Bergen,Bergen,Little Ferry,Bergen,On Premise,1.00,235.00
Matt Powierski,42017,Cast Iron Pot Signature,260 Bergen Turnpike,Bergen,Bergen,Little Ferry,Bergen,On Premise,1.00,258.00
Matt Powierski,77001,Food Mart Liquor,430 Market St,Bergen,Bergen,Elmwood Park,Bergen,Off Premise,1.00,1174.00
Matt Powierski,77002,Birchwood Liq & Deli (Z),545 Boulevard,Bergen,Bergen,Elmwood Park,Bergen,Off Premise,1.00,5532.00
Matt Powierski,77007,Wine Land,894 River Dr,Bergen,Bergen,Elmwood Park,Bergen,Off Premise,1.00,3910.00
Matt Powierski,77009,M & M Wine & Spirits,429 Market St,Bergen,Bergen,Elmwood Park,Bergen,Off Premise,1.00,13826.17
Matt Powierski,77011,Asu Mare Peru Restobar,430 Market St,Bergen,Bergen,Elmwood Park,Bergen,On Premise,1.00,159.00
Matt Powierski,77012,Payless Liquor & Dell,251 Elm St,Bergen,Bergen,Elmwood Park,Bergen,Off Premise,1.00,2651.00
Matt Powierski,77014,Blvd Bar & Grill (Z),401 Boulevard,Bergen,Bergen,Elmwood Park,Bergen,On Premise,1.00,309.00
Matt Powierski,77016,Metro Liquor (Elmwood Park),100 Broadway,Bergen,Bergen,Elmwood Park,Bergen,Off Premise,1.00,11002.00
Matt Powierski,77017,Hook & Reel,100 Broaway Suite 13,Bergen,Bergen,Elmwood Park,Bergen,On Premise,1.00,219.00
Matt Powierski,77022,All Star Wine & Liquor,21 Midland Ave,Bergen,Bergen,Elmwood Park,Bergen,Off Premise,1.00,5390.00
Michael Harboy,11001,Lincoln Center Liq,261 Comly Road,Morris 3,Morris,Lincoln Park,Morris 3,Off Premise,1.00,11632.64
Michael Harboy,11005,Wolfson Market,480 Boonton Turnpike,Morris 3,Morris,Lincoln Park,Morris 3,Off Premise,1.00,4849.00
Michael Harboy,11014,Wayne Liquor Locker,598 Valley Rd,Passaic,Passaic,Wayne,Passaic,Off Premise,1.00,5874.00
Michael Harboy,12003,Whole Foods Market (Wayne),580 Valley Road,Passaic,Passaic,Wayne,Passaic,On Premise,1.00,267.00
Michael Harboy,12005,Shay's Liquors,1166 Hamburg Tnpk,Passaic,Passaic,Wayne,Passaic,Off Premise,1.00,12054.83
Michael Harboy,12017,Shays Liquors,1489 NJ-23,Passaic,Passaic,Wayne,Passaic,Off Premise,1.00,9552.00
Michael Harboy,150001,Verona Wine Cellar,360 Bloomfield Ave,Essex,Essex,Verona,Essex,Off Premise,1.00,1080.00
Michael Harboy,150002,Shoprite Wine & Spirits,478 Bloomfield Ave,Essex,Essex,Caldwell,Essex,Off Premise,1.00,1859.00
Michael Harboy,150004,Merit (P),599 Bloomfield Ave,Essex,Essex,Montclair,Essex,Off Premise,1.00,629.00
Michael Harboy,150005,The Bottle Stop (Caldwell),153 Roseland Ave,Essex,Essex,Caldwell,Essex,Off Premise,1.00,572.00
Michael Harboy,150008,Total Wine & More (West Orange),495 Prospect Ave,Essex,Essex,West Orange,Essex,Off Premise,1.00,4179.00
Michael Harboy,150010,Cloverleaf Tavern,395 Bloomfield Ave,Essex,Essex,Caldwell,Essex,On Premise,1.00,103.00
Michael Harboy,150018,Cedar Grove Liq (P),597 Pompton Ave,Essex,Essex,Cedar Grove,Essex,Off Premise,1.00,790.65
Michael Harboy,150036,Romany Liquor Shop (A),227 Glenridge Avenue,Essex,Essex,Montclair,Essex,Off Premise,1.00,233.00
Michael Harboy,150040,Krauser's Liquor Locker,645 Bloomfield Avenue,Essex,Essex,Verona,Essex,Off Premise,1.00,333.00
Michael Harboy,150041,A&M Liquor,517 Bloomfield Ave,Essex,Essex,Montclair,Essex,Off Premise,1.00,234.00
Michael Harboy,150042,St Cloud Liquors,533 Northfield Avenue,Essex,Essex,West Orange,Essex,Off Premise,1.00,124.00
Michael Harboy,150048,Cedar Grove Wine Cellar,402 Pompton Ave,Essex,Essex,Cedar Grove,Essex,Off Premise,1.00,603.00
Michael Harboy,150049,Verona Inn(Z),624 Bloomfield Ave,Essex,Essex,Verona,Essex,On Premise,1.00,36.00
Michael Harboy,150053,Pilgrim Liquor,283 Pompton Ave,Essex,Essex,Verona,Essex,Off Premise,1.00,179.00
Michael Harboy,150058,Fairchilds Market Place,171 Eagle Rock Ave,Essex,Essex,Roseland,Essex,Off Premise,1.00,25.00
Michael Harboy,150078,Tory Corner Liquors (P),261 Main St,Essex,Essex,West Orange,Essex,Off Premise,1.00,82.00
Michael Harboy,150081,Lucky 7 Wine & Liq (A),10 South Valley Rd,Essex,Essex,West Orange,Essex,Off Premise,1.00,573.00
Michael Harboy,150100,Angelbeck's,621 Valley Rd,Essex,Essex,Montclair,Essex,Off Premise,1.00,713.00
Michael Harboy,150101,Party Liquors,469 Mt.Pleasant Ave,Essex,Essex,West Orange,Essex,Off Premise,1.00,69.00
Michael Harboy,150103,Jacks Supermarket,370 Bloomfield Ave,Essex,Essex,Caldwell,Essex,Off Premise,1.00,211.00
Michael Harboy,150108,Caggiano Liquors,65-67 Glenridge Ave,Essex,Essex,Montclair,Essex,Off Premise,1.00,158.00
Michael Harboy,150110,Mountain Ridge Cc,713 Passaic Ave,Essex,Essex,West Caldwell,Essex,On Premise,1.00,20.00
Michael Harboy,150124,Just Jakes,30 Park St,Essex,Essex,Montclair,Essex,On Premise,1.00,87.00
Michael Harboy,150126,Valley Liquors,426 Valley Rd,Essex,Essex,West Orange,Essex,Off Premise,1.00,79.00
Michael Harboy,150137,Danahers,31 Passaic Ave,Essex,Essex,Fairfield,Essex,On Premise,1.00,53.00
Michael Harboy,150159,Castle Rock Bar and Grill,440 Main St,Essex,Essex,West Orange,Essex,On Premise,1.00,2.00
Michael Harboy,150161,Essex County Cc (A),350 Mt.Pleasant Ave,Essex,Essex,West Orange,Essex,On Premise,1.00,5.00
Michael Harboy,150162,Krauszer's Food & Liq,2 Central Ave,Essex,Essex,West Orange,Essex,Off Premise,1.00,298.00
Michael Harboy,150190,Quick Stop Liquors,627 Eagle Rock Ave,Essex,Essex,West Orange,Essex,Off Premise,1.00,276.00
Michael Harboy,150192,South End Liquors,310 Orange Rd,Essex,Essex,Montclair,Essex,Off Premise,1.00,142.00
Michael Harboy,150196,Franklin Steakhouse Tvrn,318 Passaic Ave,Essex,Essex,Fairfield,Essex,On Premise,1.00,9.00
Michael Harboy,150202,Brinks Wine & Liquors,39 Harrison Ave,Essex,Essex,West Orange,Essex,Off Premise,1.00,40.00
Michael Harboy,150203,B & B Liquors (West Orange),7 Northfield Ave,Essex,Essex,West Orange,Essex,Off Premise,1.00,271.00
Michael Harboy,150205,Dillon's,45 Freeman St,Essex,Essex,West Orange,Essex,On Premise,1.00,10.00
Michael Harboy,150232,Avenue Bistro,558 Bloomfield Ave,Essex,Essex,Verona,Essex,On Premise,1.00,7.00
Michael Harboy,150235,460 BISTRO,460 Pleasant Valley Way,Essex,Essex,West Orange,Essex,On Premise,1.00,27.00
Michael Harboy,150248,The Wine Rack North Caldwell,27 Bloomfield Ave,Essex,Essex,North Caldwell,Essex,Off Premise,1.00,450.00
Michael Harboy,150260,Glen Ridge Country Club,555 Ridgewood Ave,Essex,Essex,Glen Ridge,Essex,On Premise,1.00,19.00
Michael Harboy,150271,Cedar Hill Golf/Cc,100 Walnut St,Essex,Essex,Livingston,Essex,Off Premise,1.00,9.00
Michael Harboy,150450,Ringside Pub,379 Bloomfield Ave,Essex,Essex,Caldwell,Essex,On Premise,1.00,20.00
Michael Harboy,150451,Wine Village,363 Bloomfield Ave,Essex,Essex,Caldwell,Essex,Off Premise,1.00,507.00
Michael Harboy,150499,Garden State Tavern,811 Passaic Ave,Essex,Essex,West Caldwell,Essex,On Premise,1.00,9.00
Michael Harboy,150501,Nikko Hibachi Steakhouse,38 2 Bridges Rd,Essex,Essex,Fairfield,Essex,On Premise,1.00,123.00
Michael Harboy,150619,Grasshopper Cedar Grove,292 Grove Ave,Essex,Essex,Cedar Grove,Essex,On Premise,1.00,55.00
Michael Harboy,150628,Don's Wine & Liq(P),53 Washington St,Essex,Essex,West Orange,Essex,Off Premise,1.00,218.00
Michael Harboy,151020,Porta,499 Bloomfield Ave,Essex,Essex,Montclair,Essex,On Premise,1.00,3.00
Michael Harboy,151022,Egan & Sons,116-118 Walnut St,Essex,Essex,Montclair,Essex,On Premise,1.00,60.00
Michael Harboy,151023,Grove Liquors,131 Grove St,Essex,Essex,Montclair,Essex,Off Premise,1.00,333.00
Michael Harboy,151024,The Wellmont Theater,5 Seymour St,Essex,Essex,Montclair,Essex,On Premise,1.00,18.00
Michael Harboy,151027,Halcyon Seafood Brasserie,114 Walnut St,Essex,Essex,Montclair,Essex,On Premise,1.00,59.00
Michael Harboy,151028,Faubourg Montclair,544 Bloomfield Ave,Essex,Essex,Montclair,Essex,On Premise,1.00,6.00
Michael Harboy,201048,ShopRite of West Caldwell,900 Bloomfield Avenue,Essex,Essex,West Caldwell,Essex,Off Premise,1.00,981.00
Michael Harboy,6004,Kinnelon Country Wine & Liquor,86 Boonton Ave,Morris 3,Morris,Kinnelon,Morris 3,Off Premise,1.00,13317.45
Mike Ast,11003,Lincoln Park Fine Wines & Spirits,60 Beaverbrook Road,Morris 3,Morris,Lincoln Park,Morris 3,Off Premise,1.00,14976.50
Mike Ast,12011,Bottle King (A) Wayne,1950 NJ-23,Passaic,Passaic,Wayne,Passaic,Off Premise,1.00,38922.00
Mike Ast,17010,Frank's Fine Wine & Foods,431 Belmont Ave,Passaic,Passaic,Haledon,Passaic,Off Premise,1.00,14291.00
Mike Ast,17011,Nico's Wine & Spirits,408 Haledon Ave,Passaic,Passaic,Haledon,Passaic,Off Premise,1.00,11913.17
Mike Ast,17012,Speedy Mart (P),311 Haledon Ave,Passaic,Passaic,Haledon,Passaic,Off Premise,1.00,6117.00
Mike Ast,18001,Grand Opening Liq (A)_2,1068 High Mountain Road,Passaic,Passaic,North Haledon,Passaic,Off Premise,1.00,8697.00
Mike Ast,18002,Cinco De Mayo,371 High Mt Road,Passaic,Passaic,North Haledon,Passaic,On Premise,1.00,99.00
Mike Ast,19008,Hawthorne Liq (A),610 Lafayette Ave,Passaic,Passaic,Hawthorne,Passaic,Off Premise,1.00,15329.42
Mike Ast,19009,Diamond Liquor,203 Diamond Bridge Ave,Passaic,Passaic,Hawthorne,Passaic,Off Premise,1.00,6522.00
Mike Ast,19027,Goffle Road Wine and More,1100 Goffle Rd,Passaic,Passaic,Hawthorne,Passaic,Off Premise,1.00,7496.83
Mike Ast,201099,Whole Foods #10106 (Ridgewood),44 Godwin Ave,Bergen,Bergen,Ridgewood,Bergen,Off Premise,1.00,452.00
Mike Ast,81006,Fair Lawn Wine & Spirits,21-00 Maple Ave,Bergen,Bergen,Fair Lawn,Bergen,Off Premise,1.00,17532.82
Mike Ast,83003,Beekman's Wines and Liquors,246 Rock Rd,Bergen,Bergen,Glen Rock,Bergen,Off Premise,1.00,1639.00
Mike Ast,83005,Glen Rock Inn,222 Rock Rd,Bergen,Bergen,Glen Rock,Bergen,On Premise,1.00,2235.00
Mike Ast,83008,Glen Rock Ac Clb(P),221 Main St,Bergen,Bergen,Glen Rock,Bergen,On Premise,1.00,488.00
Mike Ast,83009,Jalapeno Mex. Grille(A),930 Prospect St,Bergen,Bergen,Glen Rock,Bergen,On Premise,1.00,232.00
Mike Ast,83011,Stone & Rail,175 Rock Rd,Bergen,Bergen,Glen Rock,Bergen,On Premise,1.00,202.00
Mike Ast,84001,Public Ridgewood,6 Van Neste Sq,Bergen,Bergen,Ridgewood,Bergen,Off Premise,1.00,459.00
Mike Ast,84002,GREEN WAY MARKETS,112 N. Maple Ave,Bergen,Bergen,Ridgewood,Bergen,Off Premise,1.00,1452.00
Mike Ast,84003,Stop & Shop (A)Ridgewood,175 Franklin Ave,Bergen,Bergen,Ridgewood,Bergen,Off Premise,1.00,2137.00
Mike Ast,84004,Quick Stop Liquor & Wine,83 Godwin Ave,Bergen,Bergen,Ridgewood,Bergen,Off Premise,1.00,2177.67
Mike Ast,84006,Roots Ridgewood (A),17 Chestnut St,Bergen,Bergen,Ridgewood,Bergen,On Premise,1.00,50.00
Mike Ast,84007,Steel Wheel Tavern,51 N Broad St,Bergen,Bergen,Ridgewood,Bergen,On Premise,1.00,397.33
Mike Ast,84008,The Wine Seller,6 W Ridgewood Ave,Bergen,Bergen,Ridgewood,Bergen,Off Premise,1.00,518.00
Mike Ast,84009,Mac Murphy,8 Godwin Ave,Bergen,Bergen,Ridgewood,Bergen,On Premise,1.00,984.00
Mike Ast,84010,Ridgewood Super Cellar,32 South Broad,Bergen,Bergen,Ridgewood,Bergen,Off Premise,1.00,4325.50
Mike Ast,84012,Bareburger (Ridgewood),15 E Ridgewood Ave,Bergen,Bergen,Ridgewood,Bergen,On Premise,1.00,585.00
Mike Ast,84015,The Office 2131 Ridgewood,32-34 Chestnut St,Bergen,Bergen,Ridgewood,Bergen,On Premise,1.00,228.17
Mike Ast,84022,Park West Tavern,30 Oak Street,Bergen,Bergen,Ridgewood,Bergen,On Premise,1.00,807.33
Mike Ast,87001,Uncorked Wine & Spirits (Hohokus),611 N Maple Ave,Bergen,Bergen,Hohokus,Bergen,Off Premise,1.00,2493.00
Mike Ast,87002,Wine & Spirits World (Hohokus),626 N Maple Ave,Bergen,Bergen,Hohokus,Bergen,Off Premise,1.00,339.33
Mike Ast,87004,Garbo's Ital Deli&Liq(Z),7 Sheridan Ave,Bergen,Bergen,Hohokus,Bergen,Off Premise,1.00,1071.40
Mike Ast,87006,Hohokus Inn & Tavern,1 Franklin Tpke,Bergen,Bergen,Hohokus,Bergen,On Premise,1.00,92.00
Mike Ast,88004,Discount Liq (P)_2,28 Franklin Tpke,Bergen,Bergen,Waldwick,Bergen,Off Premise,1.00,4911.00
Mike Ast,88005,Waldwick Wine/Spirits,23 Wyckoff Ave,Bergen,Bergen,Waldwick,Bergen,Off Premise,1.00,19439.05
Mike Ast,89005,Allendale Wine Shoppe,101 W Allendale Ave,Bergen,Bergen,Allendale,Bergen,Off Premise,1.00,5962.00
Mike Ast,93003,Mahwah Liqrs (P),139 Franklin Tpk,Bergen,Bergen,Mahwah,Bergen,Off Premise,1.00,9234.17
Mike Ast,93006,Mahwah Wine & Liquor (A),340 Ridge Rd Unit B,Bergen,Bergen,Mahwah,Bergen,Off Premise,1.00,3651.00
Mike Ast,93009,Scherer & Company,7 Miller Road,Bergen,Bergen,Mahwah,Bergen,Off Premise,1.00,4449.00
Mike Ast,94001,Long Hill Liquors (A),14 Post Rd,Bergen,Bergen,Oakland,Bergen,Off Premise,1.00,14466.00
Mike Ast,94008,Oakland Wine (A),390 Ramapo Valley Rd,Bergen,Bergen,Oakland,Bergen,Off Premise,1.00,7233.50
Mike Ast,95001,Pazza,794 Franklin Ave,Bergen,Bergen,Franklin Lakes,Bergen,On Premise,1.00,328.00
Mike Ast,95004,Franklin Lake Liq,799 Franklin Ave,Bergen,Bergen,Franklin Lakes,Bergen,Off Premise,1.00,4843.00
Mike Ast,96002,Wine & Spirit World(W),303 Franklin Ave,Bergen,Bergen,Wyckoff,Bergen,Off Premise,1.00,15037.00
Nick Melissari,120147,Port Imperial HOQ LLC,1 American Dream Way,Passaic,Bergen,East Rutherford,Passaic,Off Premise,1.00,4139.93
Nick Melissari,19006,Blackjack Mulligans (Hawthorne),237 Diamond Bridge Ave,Passaic,Passaic,Hawthorne,Passaic,On Premise,1.00,1104.50
Nick Melissari,28003,Ktb Coffee Shop & Lounge,323 Ridge Rd,Bergen,Bergen,North Arlington,Bergen,On Premise,1.00,12.00
Nick Melissari,28009,1 Republik,26 Ridge Rd,Bergen,Bergen,North Arlington,Bergen,On Premise,1.00,657.42
Nick Melissari,28013,Penelope's Pizzeria & Sports Bar,25 Schuyler Ave,Bergen,Bergen,North Arlington,Bergen,On Premise,1.00,71.00
Nick Melissari,28016,Inka Flames,11-35 River Rd,Bergen,Bergen,North Arlington,Bergen,On Premise,1.00,137.00
Nick Melissari,28019,Turf and Barrel,584 Ridge Rd,Bergen,Bergen,North Arlington,Bergen,On Premise,1.00,16665.08
Nick Melissari,28020,Tejo Bar & Rest,318 Belleville Tpke,Bergen,Bergen,North Arlington,Bergen,On Premise,1.00,416.00
Nick Melissari,28024,N Arlington Bowl O Drome,200 Schuyler Ave,Bergen,Bergen,North Arlington,Bergen,On Premise,1.00,322.00
Nick Melissari,28027,Roma Rest. (P),33 Crystal St,Bergen,Bergen,North Arlington,Bergen,On Premise,1.00,145.00
Nick Melissari,28031,Shawn's Crazy Saloon,350 Belleville Turnpike,Bergen,Hudson,North Arlington,Bergen,On Premise,1.00,5925.17
Nick Melissari,29019,Mickey's Bar & Grill (Z),601 Riverside Plaza,Bergen,Bergen,Lyndhurst,Bergen,On Premise,1.00,2648.30
Nick Melissari,29021,Uncle Vinnys Bar & Grill,37 Ridge Road,Bergen,Bergen,Lyndhurst,Bergen,On Premise,1.00,606.00
Nick Melissari,29028,Angelo's Restaurant,263 Ridge Road,Bergen,Bergen,Lyndhurst,Bergen,On Premise,1.00,30.00
Nick Melissari,29030,City Lounge (P),455 Valley Brook Ave,Bergen,Bergen,Lyndhurst,Bergen,On Premise,1.00,123.00
Nick Melissari,29035,Marty Gra's (A),601 Schuyler Ave,Bergen,Bergen,Lyndhurst,Bergen,On Premise,1.00,1060.00
Nick Melissari,29036,Mr.Bruno's,439 Valley Brook Ave,Bergen,Bergen,Lyndhurst,Bergen,On Premise,1.00,90.00
Nick Melissari,29045,Teros Snack Bar,224 Ridge Rd,Bergen,Bergen,Lyndhurst,Bergen,On Premise,1.00,75.00
Nick Melissari,30012,Elks Post 547 (A),48 Ames Avenue,Bergen,Bergen,Rutherford,Bergen,On Premise,1.00,54.00
Nick Melissari,30026,Simulcast,1 Racetrack Drive,Bergen,Bergen,East Rutherford,Bergen,On Premise,1.00,691.00
Nick Melissari,30029,Native Union Club,15 Sylvan St,Bergen,Bergen,Rutherford,Bergen,On Premise,1.00,514.00
Nick Melissari,30031,Paisano's,132 Park Ave,Bergen,Bergen,Rutherford,Bergen,On Premise,1.00,81.00
Nick Melissari,30032,Panebianco Cucina Italiana,88 Park Ave,Bergen,Bergen,Rutherford,Bergen,On Premise,1.00,55.00
Nick Melissari,31006,The Roosevelt,356 Paterson Ave,Bergen,Bergen,East Rutherford,Bergen,On Premise,1.00,141.00
Nick Melissari,31007,Nizi Japanese,340 Paterson Ave,Bergen,Bergen,East Rutherford,Bergen,On Premise,1.00,70.00
Nick Melissari,31011,Blarney Station,258 Park Ave,Bergen,Bergen,East Rutherford,Bergen,On Premise,1.00,959.00
Nick Melissari,31013,Elia Restaurant,240 Hackensack St,Bergen,Bergen,East Rutherford,Bergen,On Premise,1.00,227.00
Nick Melissari,31017,Victory Sports Bar,1 Racetrack Drive,Bergen,Bergen,East Rutherford,Bergen,On Premise,1.00,943.00
Nick Melissari,31020,Chili's B & G E Rutherfor,140 Rte 17 North,Bergen,Bergen,East Rutherford,Bergen,On Premise,1.00,231.00
Nick Melissari,31023,Applebee's Garfield (A),186 Passaic St,Bergen,Bergen,Garfield,Bergen,On Premise,1.00,371.00
Nick Melissari,31024,Castle Billiards (Z),349 Rt 17,Bergen,Bergen,East Rutherford,Bergen,On Premise,1.00,779.00
Nick Melissari,31026,Rockafella's,443 Paterson Aven,Bergen,Bergen,East Rutherford,Bergen,On Premise,1.00,698.00
Nick Melissari,31027,New Park Tav (A),250 Park Ave,Bergen,Bergen,East Rutherford,Bergen,On Premise,1.00,2030.00
Nick Melissari,31028,The Union Bar & Provisions,170 Union Ave,Bergen,Bergen,East Rutherford,Bergen,On Premise,1.00,271.00
Nick Melissari,31029,Annabella's House Of Mozz,900 Paterson Plank Rd,Bergen,Bergen,East Rutherford,Bergen,On Premise,1.00,29.00
Nick Melissari,31030,Al-Di-La' (P),1 Hoboken Rd,Bergen,Bergen,East Rutherford,Bergen,On Premise,1.00,79.00
Nick Melissari,31036,Eros Cafe,168 Union Ave,Bergen,Bergen,East Rutherford,Bergen,On Premise,1.00,636.00
Nick Melissari,31039,Yard House 8390,1 American Dream Way,Bergen,Bergen,East Rutherford,Bergen,On Premise,1.00,842.00
Nick Melissari,31042,Residence Inn East Rutherford,10 Murray Hill Pkway,Bergen,Bergen,East Rutherford,Bergen,On Premise,1.00,110.00
Nick Melissari,31043,House of Que (East Rutherford),1 American Dream Way,Bergen,Bergen,East Rutherford,Bergen,On Premise,1.00,667.00
Nick Melissari,31045,Dream Bar,1 American Dream Way,Bergen,Bergen,East Rutherford,Bergen,On Premise,1.00,139.00
Nick Melissari,31046,H Mart Inc (Space A101-A),1 American Dream Way,Bergen,Bergen,East Rutherford,Bergen,Off Premise,1.00,873.00
Nick Melissari,31047,Jarana,1 American Dream Way,Bergen,Bergen,East Rutherford,Bergen,On Premise,1.00,274.00
Nick Melissari,31048,Song'E Napule,106 Park Ave,Bergen,Bergen,Rutherford,Bergen,On Premise,1.00,82.00
Nick Melissari,31049,Marcus Live Bar & Grille,1 American Dream Way,Bergen,Bergen,East Rutherford,Bergen,On Premise,1.00,264.00
Nick Melissari,31051,Around The Clock Diner,1 American Dream Way,Bergen,Bergen,East Rutherford,Bergen,On Premise,1.00,35.00
Nick Melissari,31052,Mozzarella Bar,1 American Dream Way,Bergen,Bergen,East Rutherford,Bergen,On Premise,1.00,193.00
Nick Melissari,31053,Little Sheep Restaurant/Bar,1 American Dream Way,Bergen,Bergen,East Rutherford,Bergen,On Premise,1.00,131.00
Nick Melissari,31054,Burger Shack,1 American Dream Way,Bergen,Bergen,East Rutherford,Bergen,On Premise,1.00,1241.00
Nick Melissari,31055,The Game Room,1 American Dream Way,Bergen,Bergen,East Rutherford,Bergen,On Premise,1.00,83.00
Nick Melissari,31056,H Mart Inc (Space A103),1 American Dream Way,Bergen,Bergen,East Rutherford,Bergen,On Premise,1.00,551.00
Nick Melissari,31058,Dream 360,1 American Dream Way,Bergen,Bergen,East Rutherford,Bergen,On Premise,1.00,461.00
Nick Melissari,31059,Apres Cafe,1 American Dream Way,Bergen,Bergen,East Rutherford,Bergen,On Premise,1.00,172.00
Nick Melissari,31061,Tipsy Tie Dye,1 American Dream Way,Bergen,Bergen,East Rutherford,Bergen,On Premise,1.00,20.00
Nick Melissari,31062,Dream Live Performing Arts Center,1 American Dream Way,Bergen,Bergen,East Rutherford,Bergen,On Premise,1.00,142.00
Nick Melissari,32005,Biggies (A),430 Rte 17 So,Bergen,Bergen,Carlstadt,Bergen,On Premise,1.00,458.00
Nick Melissari,32008,Steve's Bar & Grill (A),620 Rt 17,Bergen,Bergen,Carlstadt,Bergen,On Premise,1.00,454.00
Nick Melissari,32010,Segovia Meson,645 Washington Ave,Bergen,Bergen,Carlstadt,Bergen,On Premise,1.00,92.00
Nick Melissari,32012,The Local Pub,442 Hackensack St,Bergen,Bergen,Carlstadt,Bergen,On Premise,1.00,978.00
Nick Melissari,32015,Cjd 2l Corp(Sofive),2 Palmer Terrace,Bergen,Bergen,Carlstadt,Bergen,On Premise,1.00,602.00
Nick Melissari,32023,Redd's Rest (Z),317 Washington Ave,Bergen,Bergen,Carlstadt,Bergen,On Premise,1.00,774.00
Nick Melissari,32026,Gianna's (Z),843 Washington Ave,Bergen,Bergen,Carlstadt,Bergen,On Premise,1.00,66.00
Nick Melissari,34002,Heights Bar (P),163 Boulevard,Bergen,Bergen,Hasbrouck Heights,Bergen,On Premise,1.00,563.00
Nick Melissari,34017,Ktb Coffee Shop,183 Boulevard,Bergen,Bergen,Hasbrouck Heights,Bergen,On Premise,1.00,101.00
Nick Melissari,35005,Chile,187 Hackensack St,Bergen,Bergen,Woodridge,Bergen,On Premise,1.00,278.00
Nick Melissari,36014,Viva Margarita Wallington,413 Paterson Ave,Bergen,Bergen,Wallington,Bergen,On Premise,1.00,176.00
Nick Melissari,37004,Tres Agaves,178 Palisade Ave,Bergen,Bergen,Garfield,Bergen,On Premise,1.00,172.00
Nick Melissari,37005,Charlies Tav(Z),147 Frederick St,Bergen,Bergen,Garfield,Bergen,On Premise,1.00,191.00
Nick Melissari,37011,The Firehouse,42 Plauderville Ave,Bergen,Bergen,Garfield,Bergen,On Premise,1.00,338.00
Nick Melissari,37012,Sportsmens (P) Tavern,245 Outwater Lane,Bergen,Bergen,Garfield,Bergen,On Premise,1.00,558.00
Nick Melissari,37019,BJ Polonia,126 Ray St,Bergen,Bergen,Garfield,Bergen,On Premise,1.00,877.00
Nick Melissari,37034,Blackjack Mulligans(P) (Garfield),279 Passaic St,Bergen,Bergen,Garfield,Bergen,On Premise,1.00,858.33
Nick Melissari,37045,Los Cantaritos Cantina,791 Midland Ave,Bergen,Bergen,Garfield,Bergen,On Premise,1.00,314.00
Nick Melissari,37063,Jojo's Bar & Grill,133 Monroe St,Bergen,Bergen,Garfield,Bergen,On Premise,1.00,562.00
Nick Melissari,37070,The Hive Bar & Bistro,142 Outwater Lane,Bergen,Bergen,Garfield,Bergen,On Premise,1.00,310.00
Nick Melissari,38002,Satin Dolls (A),230 Route 17,Bergen,Bergen,Lodi,Bergen,On Premise,1.00,1582.17
Nick Melissari,38020,Lodi Lanes (A),58 Terhune Ave,Bergen,Bergen,Lodi,Bergen,On Premise,1.00,882.50
Nick Melissari,38025,Rebar (Z),132 Essex St,Bergen,Bergen,Lodi,Bergen,On Premise,1.00,446.00
Nick Melissari,38039,Hilltop Tav.(Z),50 Essex St,Bergen,Bergen,Lodi,Bergen,On Premise,1.00,596.00
Nick Melissari,39017,Bj's Rest & Brewhouse(A),21 Teterboro Landing Dr,Bergen,Bergen,Teterboro,Bergen,On Premise,1.00,584.00
Nick Melissari,39018,Texas Roadhouse,20 Teterboro Landing Dr.,Bergen,Bergen,Teterboro,Bergen,On Premise,1.00,541.00
Nick Melissari,40024,Maggiano's Little(A)Italy,70 Riverside Square Mall,Bergen,Bergen,Hackensack,Bergen,On Premise,1.00,146.00
Nick Melissari,40025,Pf Changs China Bis(A) (Hackensack),50 Riverside Square Mall,Bergen,Bergen,Hackensack,Bergen,On Premise,1.00,99.00
Nick Melissari,41013,Viva Margarita Hackensack,774 Main St,Bergen,Bergen,Hackensack,Bergen,On Premise,1.00,313.00
Nick Melissari,41016,Cheesecake Fact (A)Hacken,197 Riverside Square Mall,Bergen,Bergen,Hackensack,Bergen,On Premise,1.00,454.00
Nick Melissari,41017,Rosa Mexicano (A),390 Hackensack Ave # 60,Bergen,Bergen,Hackensack,Bergen,On Premise,1.00,125.00
Nick Melissari,41025,Morton's The Stkhse Hacke,274 Riverside Square Mall,Bergen,Bergen,Hackensack,Bergen,On Premise,1.00,153.00
Nick Melissari,41026,Amc- Shops @ Riverside P,390 Hackensack Ave,Bergen,Bergen,Hackensack,Bergen,On Premise,1.00,224.00
Nick Melissari,41031,Houstons (A)Hackensack,1 Riverside Square (181),Bergen,Bergen,Hackensack,Bergen,On Premise,1.00,22.00
Nick Melissari,41033,Applebee's (A) Hackensack,450 Hackensack Ave.,Bergen,Bergen,Hackensack,Bergen,On Premise,1.00,269.00
Nick Melissari,42003,Whiskey Roads,152 Washington Ave,Bergen,Bergen,Little Ferry,Bergen,On Premise,1.00,3781.60
Nick Melissari,46007,Kumade,412 Bergen Blvd,Bergen,Bergen,Palisades Park,Bergen,On Premise,1.00,40.00
Nick Melissari,46028,Legends (P),16 Statehighway 5,Bergen,Bergen,Palisades Park,Bergen,On Premise,1.00,972.00
Nick Melissari,49004,Dino's Bar & Grill,1466 River Rd,Bergen,Bergen,Edgewater,Bergen,On Premise,1.00,496.00
Nick Melissari,49013,Cuba 57,2139 Hudson Terrace,Bergen,Bergen,Fort Lee,Bergen,On Premise,1.00,51.00
Nick Melissari,49015,PYEONGANDONG,89 Main St,Bergen,Bergen,Fort Lee,Bergen,On Premise,1.00,30.00
Nick Melissari,49021,Hyatt Place Fort Lee,2167 Route 4 East,Bergen,Bergen,Fort Lee,Bergen,On Premise,1.00,25.00
Nick Melissari,49022,El asadero Mexican Grill (Fort Lee),2052 Hudson St,Bergen,Bergen,Fort Lee,Bergen,On Premise,1.00,7935.68
Nick Melissari,49040,Healing Karaoke,2011 Lemoine Ave #303,Bergen,Bergen,Fort Lee,Bergen,On Premise,1.00,30.00
Nick Melissari,49043,De Novo European Pub,1257 River Rd,Bergen,Bergen,Edgewater,Bergen,On Premise,1.00,101.00
Nick Melissari,49049,The Metropolitan Lounge,190 River Rd,Bergen,Bergen,Edgewater,Bergen,On Premise,1.00,305.00
Nick Melissari,49054,Hiram's,1345 Palisade Ave,Bergen,Bergen,Fort Lee,Bergen,On Premise,1.00,615.00
Nick Melissari,49059,Outback Steakhouse(Z)Edg,539 River Rd,Bergen,Bergen,Edgewater,Bergen,On Premise,1.00,220.00
Nick Melissari,49060,Franco's Metro Rest (P),1475 Bergen Blvd,Bergen,Bergen,Fort Lee,Bergen,On Premise,1.00,65.00
Nick Melissari,49063,COV,115 River Rd,Bergen,Bergen,Edgewater,Bergen,On Premise,1.00,3894.56
Nick Melissari,49064,Bareburger (Edgewater),78 The Promenade,Bergen,Bergen,Edgewater,Bergen,On Premise,1.00,106.00
Nick Melissari,49085,Tommy's Tavern + Tap (Edgewater),11 The Promenade,Bergen,Bergen,Edgewater,Bergen,On Premise,1.00,561.00
Nick Melissari,77003,Blue 42 Restaurant & Bar,158 Market St,Bergen,Bergen,Elmwood Park,Bergen,On Premise,1.00,1003.50
Nick Melissari,77031,Parkway Lanes,200 Rt 46 East,Bergen,Bergen,Elmwood Park,Bergen,On Premise,1.00,342.00
Nick Melissari,78007,Woodstone Pizza B & G,352 W. Passaic Street,Bergen,Bergen,Rochelle Park,Bergen,On Premise,1.00,182.00
Nick Melissari,78014,Longhorn Steak Rochele Pk,160 Rte 17 North,Bergen,Bergen,Rochelle Park,Bergen,On Premise,1.00,311.00
Nick Melissari,78016,Outback Stk Hse Roch Pk,194 Rt 17 N,Bergen,Bergen,Rochelle Park,Bergen,On Premise,1.00,177.00
Nick Melissari,78017,El Asadero Mexican Grill (Rochelle Park),375 W. Passaic St.,Bergen,Bergen,Rochelle Park,Bergen,On Premise,1.00,13814.15
Nick Melissari,79001,Victor's Maywood Inn,122 W Pleasant Ave,Bergen,Bergen,Maywood,Bergen,On Premise,1.00,773.00
Nick Melissari,79010,Ruth's Chris Steakhouse (Maywood),83 W. Spring Valley Ave,Bergen,Bergen,Maywood,Bergen,On Premise,1.00,56.00
Nick Melissari,80003,The Capital Grille (A),1 Garden State Plaza,Bergen,Bergen,Paramus,Bergen,On Premise,1.00,158.00
Nick Melissari,80007,The Orange Lantern,15 E Firehouse Lane,Bergen,Bergen,Paramus,Bergen,On Premise,1.00,1349.00
Nick Melissari,80009,Houlihans (Para)(A),65 Rt 4 West,Bergen,Bergen,Paramus,Bergen,On Premise,1.00,198.00
Nick Melissari,80011,Casa De Montecristo,184 Route 17n.,Bergen,Bergen,Paramus,Bergen,On Premise,1.00,190.00
Nick Melissari,80012,California Pizza Paramus,1160 Garden State Plaza,Bergen,Bergen,Paramus,Bergen,On Premise,1.00,117.00
Nick Melissari,80013,Bonefish Grill (A) (Paramus),601 From Road,Bergen,Bergen,Paramus,Bergen,On Premise,1.00,148.00
Nick Melissari,80018,Millers Paramus Ale House,270 Rt. 4 East,Bergen,Bergen,Paramus,Bergen,On Premise,1.00,2076.00
Nick Melissari,80024,Applebee's Paramus,Fashion Ctr Mall Rt17 N,Bergen,Bergen,Paramus,Bergen,On Premise,1.00,270.00
Nick Melissari,80031,Grand Lux Cafe (A),1 Garden State Plaza,Bergen,Bergen,Paramus,Bergen,On Premise,1.00,203.00
Nick Melissari,80040,Biagio's,299 Paramus Rd,Bergen,Bergen,Paramus,Bergen,On Premise,1.00,1155.00
Nick Melissari,80042,Olive Garden Paramus,1620 Bergen Town Center,Bergen,Bergen,Paramus,Bergen,On Premise,1.00,152.00
Nick Melissari,80054,Chili's Paramus,75 Rt17 Garden State Pl,Bergen,Bergen,Paramus,Bergen,On Premise,1.00,243.00
Nick Melissari,80057,On The Border Paramus,71 Rt17 Garden State Pl,Bergen,Bergen,Paramus,Bergen,On Premise,1.00,30.00
Nick Melissari,80061,The Green Lounge,314 Paramus Rd,Bergen,Bergen,Paramus,Bergen,On Premise,1.00,2726.25
Nick Melissari,80062,Hampton Inn Paramus,625 From Rd,Bergen,Bergen,Paramus,Bergen,On Premise,1.00,74.00
Nick Melissari,85003,Arturo's Restaurnt,41 Central Ave,Bergen,Bergen,Midland Park,Bergen,On Premise,1.00,60.00
Nick Melissari,88002,Nellie's Place (P),9 Franklin Tpk,Bergen,Bergen,Waldwick,Bergen,On Premise,1.00,528.00
Nick Melissari,88003,W's Village Grille,71 Crescent Ave,Bergen,Bergen,Waldwick,Bergen,On Premise,1.00,363.00
Nick Melissari,88006,Andrea's Restaurant,20 E Prospect St,Bergen,Bergen,Waldwick,Bergen,On Premise,1.00,20.00
Nick Melissari,88007,Charlie's Place,18 W Prospect St,Bergen,Bergen,Waldwick,Bergen,On Premise,1.00,93.00
Nick Melissari,88008,American Lgn (P) (Waldwick),46 Franklin Tpke,Bergen,Bergen,Waldwick,Bergen,On Premise,1.00,129.00
Nick Melissari,89001,Savini Rest (A),168 W Cresent Ave,Bergen,Bergen,Allendale,Bergen,On Premise,1.00,153.00
Nick Melissari,89002,Allendale Bar & Grill,67 Allendale Ave,Bergen,Bergen,Allendale,Bergen,On Premise,1.00,873.00
Nick Melissari,92002,Anthony's CF Pizza (A) (Ramsey),984 Route 17 No Suite B,Bergen,Bergen,Ramsey,Bergen,On Premise,1.00,310.00
Nick Melissari,92003,Bar Boutique,110 E Main St,Bergen,Bergen,Ramsey,Bergen,On Premise,1.00,80.00
Nick Melissari,92004,Brothers Smokehouse,900 Rte 17 No,Bergen,Bergen,Ramsey,Bergen,On Premise,1.00,304.00
Nick Melissari,92005,Kinchley's,586 Franklin Tpk,Bergen,Bergen,Ramsey,Bergen,On Premise,1.00,621.00
Nick Melissari,92006,Chili's Ramsey (A),900 Rt 17 N,Bergen,Bergen,Ramsey,Bergen,On Premise,1.00,225.00
Nick Melissari,92007,Brady's At(A)The Station,5 W Main St,Bergen,Bergen,Ramsey,Bergen,On Premise,1.00,1182.00
Nick Melissari,92010,Houlihan's Ramsey,706 Rt 17 N,Bergen,Bergen,Ramsey,Bergen,On Premise,1.00,192.00
Nick Melissari,92012,The Shannon Rose/Ramsey,1200 Rt 17 N,Bergen,Bergen,Ramsey,Bergen,On Premise,1.00,504.00
Nick Melissari,92013,Varka,30 N Spruce St,Bergen,Bergen,Ramsey,Bergen,On Premise,1.00,218.50
Nick Melissari,92014,Ramsey Country Clb,105 Lakeside Dr,Bergen,Bergen,Ramsey,Bergen,On Premise,1.00,556.00
Nick Melissari,93002,Roxanne's A),150 Franklin Tpk,Bergen,Bergen,Mahwah,Bergen,On Premise,1.00,341.00
Nick Melissari,93004,Mahwah B & G (A),2 Island Rd,Bergen,Bergen,Mahwah,Bergen,On Premise,1.00,654.00
Nick Melissari,93005,Mason Jar Restaurant,219 Ramapo Valley Rd,Bergen,Bergen,Mahwah,Bergen,On Premise,1.00,674.00
Nick Melissari,93007,Rp Prime Restaurant,209 Ramapo Valley Rd,Bergen,Bergen,Mahwah,Bergen,On Premise,1.00,218.00
Nick Melissari,93008,Nonna's Pizza,11 Franklin Tpke,Bergen,Bergen,Mahwah,Bergen,On Premise,1.00,99.00
Nick Melissari,93014,Double Tree By Hilton,180 Rt 17 S,Bergen,Bergen,Mahwah,Bergen,On Premise,1.00,222.00
Nick Melissari,94002,Trovato's Due (Z),4 Barbara Lane,Bergen,Bergen,Oakland,Bergen,On Premise,1.00,204.00
Nick Melissari,94003,Segovia Tavern,110 W Oakland Ave,Bergen,Bergen,Oakland,Bergen,On Premise,1.00,314.00
Nick Melissari,94004,Hansil's Bar (P),7 Ramapo Valley Rd.,Bergen,Bergen,Oakland,Bergen,On Premise,1.00,251.00
Nick Melissari,94005,Cenzino's (P),589 Ramapo Valley Rd,Bergen,Bergen,Oakland,Bergen,On Premise,1.00,70.00
Nick Melissari,94009,Oakland Diner,72 Ramapo Valley Rd,Bergen,Bergen,Oakland,Bergen,On Premise,1.00,88.00
Nick Melissari,94010,Portobello Banquets,155 Ramapo Valley Rd,Bergen,Bergen,Oakland,Bergen,On Premise,1.00,120.00
Nick Melissari,94012,Holiday Bowl,29 Spruce St,Bergen,Bergen,Oakland,Bergen,On Premise,1.00,616.00
Nick Melissari,94013,Portobello Feasts,175 Ramapo Valley Rd,Bergen,Bergen,Oakland,Bergen,On Premise,1.00,271.00
Nick Melissari,96005,The Brick House (P),179 Godwin Ave,Bergen,Bergen,Wyckoff,Bergen,On Premise,1.00,537.00
Nick Melissari,96006,Blue Moon Mexican Cafe,327j Franklin Ave,Bergen,Bergen,Wyckoff,Bergen,On Premise,1.00,696.00
Nick Melissari,96007,The Original Barn,359 Sicomac Ave,Bergen,Bergen,Wyckoff,Bergen,On Premise,1.00,106.00
Nick Melissari,96010,Aldo's Italian Rest(Z),640 Wyckoff Ave,Bergen,Bergen,Wyckoff,Bergen,On Premise,1.00,320.00
Office Tell Sell,15002,Cost Plus,1730 Rt 46,Passaic,Passaic,Woodland Park,Passaic,Off Premise,1.00,102.00
Office Tell Sell,15053,Wrights Tavern(Z),80 Montgomery St,Passaic,Passaic,Paterson,Passaic,On Premise,1.00,1310.00
Office Tell Sell,15054,Blue Palace (A),4 North Bridge Street,Passaic,Passaic,Paterson,Passaic,On Premise,1.00,39.00
Office Tell Sell,20103,Moonlight (P) Lounge,100 Market St,Passaic,Passaic,Paterson,Passaic,On Premise,1.00,389.00
Office Tell Sell,21020,Rincon Criollo Restaurant,715 E 18th Street,Passaic,Passaic,Paterson,Passaic,On Premise,1.00,10.00
Office Tell Sell,22009,Paterson Fire Dept,226 Walnut Street,Passaic,Passaic,Paterson,Passaic,On Premise,1.00,35.00
Office Tell Sell,230110,Homestead Rest,294 N Church Rd,Sussex,Sussex,Sparta,Sussex,On Premise,1.00,1200.25
Office Tell Sell,31032,Fiesta Hut (Z),227 Park Ave,Bergen,Bergen,East Rutherford,Bergen,On Premise,1.00,1172.00
Office Tell Sell,33009,In Thyme,55 Moonachie Ave,Bergen,Bergen,Moonachie,Bergen,On Premise,1.00,95.00
Office Tell Sell,36035,Hillside (A) S A C,26 1st St,Bergen,Bergen,Wallington,Bergen,On Premise,1.00,128.00
Office Tell Sell,38035,The Elan (P),111 Rt 46 W,Bergen,Bergen,Lodi,Bergen,On Premise,1.00,108.00
Office Tell Sell,4008,Lina's Ristorante,49 Main Street,Passaic,Passaic,Bloomingdale,Passaic,On Premise,1.00,1.00
Office Tell Sell,42005,Empire Club (P),136 Mehrhof Rd,Bergen,Bergen,Little Ferry,Bergen,On Premise,1.00,817.23
Office Tell Sell,42016,Palermo Cafe (A),389 Liberty St,Bergen,Bergen,Little Ferry,Bergen,On Premise,1.00,10.00
Office Tell Sell,43014,Patsy's Bistro,344 Jersey Ave,Bergen,Bergen,Fairview,Bergen,On Premise,1.00,27.00
Office Tell Sell,44032,Rustica Bar & Restaurant,565 Gorge Rd,Bergen,Bergen,Cliffside Park,Bergen,On Premise,1.00,8.00
Office Tell Sell,47007,Luigi's Rest (P),54 Mt Vernon St,Bergen,Bergen,Ridgefield Park,Bergen,On Premise,1.00,5.00
Office Tell Sell,49003,Roberto's Restaurant (P),936 River Rd,Bergen,Bergen,Edgewater,Bergen,On Premise,1.00,29.00
Office Tell Sell,49006,Ga Yeon Restaurant,2020 Hudson St,Bergen,Bergen,Fort Lee,Bergen,On Premise,1.00,191.00
Office Tell Sell,49009,Ft Lee Athletic Club,2029 Lemoine Ave,Bergen,Bergen,Fort Lee,Bergen,On Premise,1.00,24.00
Office Tell Sell,49025,Flemings Stkhse (P),90 Promanade Ave,Bergen,Bergen,Edgewater,Bergen,On Premise,1.00,49.00
Office Tell Sell,49042,Fire Company 3 Ft Lee,557 Main St,Bergen,Bergen,Fort Lee,Bergen,On Premise,1.00,10.00
Office Tell Sell,52038,Grissini's Restaurant,484 Sylvan Ave,Bergen,Bergen,Englewood Cliff,Bergen,On Premise,1.00,67.00
Office Tell Sell,53006,Cafe Italiano (Z),14 Sylvan Ave,Bergen,Bergen,Englewood Cliff,Bergen,On Premise,1.00,27.00
Office Tell Sell,76007,Matsuya,490 Market St,Bergen,Bergen,Saddle Brook,Bergen,On Premise,1.00,63.00
Office Tell Sell,76008,Saddle Brook (A) Diner,30 Market St,Bergen,Bergen,Saddle Brook,Bergen,On Premise,1.00,63.00
Office Tell Sell,77038,Taverna Mykonos,238 Broadway,Bergen,Bergen,Elmwood Park,Bergen,On Premise,1.00,1507.83
Office Tell Sell,78018,Columbian Club (Z),235 Rochelle Ave,Bergen,Bergen,Rochelle Park,Bergen,On Premise,1.00,127.00
Pablo Lopez,15016,Gene's Liquor,26 N Straight St,Passaic,Passaic,Paterson,Passaic,Off Premise,1.00,13200.00
Pablo Lopez,15018,Diana's Bar (Z),235 Grand St,Passaic,Passaic,Paterson,Passaic,On Premise,1.00,1945.00
Pablo Lopez,15030,EL BOHEMIO 2 LIQUOR STORE & BAR,92 Belmont Ave,Passaic,Passaic,Paterson,Passaic,Off Premise,1.00,29864.40
Pablo Lopez,15034,Allen's Liquors,209 Mcbride Ave,Passaic,Passaic,Paterson,Passaic,Off Premise,1.00,18920.15
Pablo Lopez,15040,Legacy Bar & Liquor,1019 Mcbride Ave,Passaic,Passaic,Woodland Park,Passaic,Off Premise,1.00,1633.67
Pablo Lopez,15045,Bacchus Sport Bar & Grill,176 Union Ave,Passaic,Passaic,Paterson,Passaic,On Premise,1.00,1019.00
Pablo Lopez,15046,Romo Restaurant,177 3rd Ave,Passaic,Passaic,Paterson,Passaic,On Premise,1.00,750.00
Pablo Lopez,15047,Freddie's Corner,295 Mt Pleasant Ave,Passaic,Passaic,West Paterson,Passaic,Off Premise,1.00,2832.00
Pablo Lopez,15061,Boulevard Wine & Spirits,467 Union Ave,Passaic,Passaic,Paterson,Passaic,Off Premise,1.00,5896.00
Pablo Lopez,15062,Ragtime Gentlemen's Club,821 Mcbride Avenue,Passaic,Passaic,Woodland Park,Passaic,On Premise,1.00,23.00
Pablo Lopez,20004,Bocaditos Bistro,710 Madison Ave,Passaic,Passaic,Paterson,Passaic,On Premise,1.00,996.00
Pablo Lopez,20014,Bombolon Liquor & Grocery,192 E 16th St,Passaic,Passaic,Paterson,Passaic,Off Premise,1.00,110867.77
Pablo Lopez,20022,Caraballo's,495 Market Street,Passaic,Passaic,Paterson,Passaic,Off Premise,1.00,51120.90
Pablo Lopez,20029,Star Liquor Store,13 12th Ave,Passaic,Passaic,Paterson,Passaic,Off Premise,1.00,1755.00
Pablo Lopez,20042,Midtown Liquors,274 Broadway,Passaic,Passaic,Paterson,Passaic,Off Premise,1.00,38646.33
Pablo Lopez,20046,Circle Cafe (A),144 Washington St,Passaic,Passaic,Paterson,Passaic,On Premise,1.00,3200.00
Pablo Lopez,20051,Costambar Bar & Liquor Corp.,292-294 Market Street,Passaic,Passaic,Paterson,Passaic,Off Premise,1.00,3177.83
Pablo Lopez,20062,Intensity Lounge/Angie's Liquors,109 Main St,Passaic,Passaic,Paterson,Passaic,Off Premise,1.00,5586.00
Pablo Lopez,20068,Florida Drugs (A),507 Broadway,Passaic,Passaic,Paterson,Passaic,Off Premise,1.00,469.00
Pablo Lopez,20070,Joe's Liquor (A),328 11th Ave,Passaic,Passaic,Paterson,Passaic,Off Premise,1.00,6406.50
Pablo Lopez,20081,Hacienda (P),102 Mclean Blvd,Passaic,Passaic,Paterson,Passaic,On Premise,1.00,399.00
Pablo Lopez,20090,D'classico (P),58 Ellison St,Passaic,Passaic,Paterson,Passaic,On Premise,1.00,2380.10
Pablo Lopez,20102,La Fiesta,50 Cianci St,Passaic,Passaic,Paterson,Passaic,On Premise,1.00,3824.25
Pablo Lopez,20108,5th Avenue (P) Tavern,138 5th Ave,Passaic,Passaic,Paterson,Passaic,On Premise,1.00,395.00
Pablo Lopez,20114,Ronny's Liqrs (Z),389 Madison Avenue,Passaic,Passaic,Paterson,Passaic,Off Premise,1.00,2485.00
Pablo Lopez,21014,Ranchito Mi Peru,487 21st Ave,Passaic,Passaic,Paterson,Passaic,On Premise,1.00,8714.94
Pablo Lopez,21022,Costa Marina Lounge(A),182 Market St.,Passaic,Passaic,Paterson,Passaic,On Premise,1.00,3257.50
Pablo Lopez,21024,Altiero Liquors,498 Ellison St.,Passaic,Passaic,Paterson,Passaic,Off Premise,1.00,63576.01
Pablo Lopez,21030,Bonfire Mofongo House (P),999 Market St,Passaic,Passaic,Paterson,Passaic,On Premise,1.00,1324.00
Pablo Lopez,21032,Carisma Liq & Groc (P),230 Vreeland Ave,Passaic,Passaic,Paterson,Passaic,Off Premise,1.00,4474.00
Pablo Lopez,21034,Schulman's (P) Deli,521 Park Ave,Passaic,Passaic,Paterson,Passaic,Off Premise,1.00,5462.33
Pablo Lopez,21038,Freddie's Dugout,16 3rd Ave,Passaic,Passaic,Paterson,Passaic,On Premise,1.00,19995.22
Pablo Lopez,21042,Marcet Cafe,1011 Market St,Passaic,Passaic,Paterson,Passaic,On Premise,1.00,263.00
Pablo Lopez,22001,Lena Y Carbon Restaurant,201 Market St,Passaic,Passaic,Paterson,Passaic,On Premise,1.00,847.00
Pablo Lopez,22013,Hi-Beams (P),182 Getty Ave,Passaic,Passaic,Paterson,Passaic,On Premise,1.00,637.00
Pablo Lopez,22019,Noches De Colombia (Paterson),365 21st Avenue,Passaic,Passaic,Paterson,Passaic,On Premise,1.00,323.00
Pablo Lopez,22021,Super Korona (Z) Bar,991 Madison Ave,Passaic,Passaic,Paterson,Passaic,On Premise,1.00,10128.30
Pablo Lopez,22025,Dulce Patria,913 Main St,Passaic,Passaic,Paterson,Passaic,On Premise,1.00,54.00
Pablo Lopez,22031,Roxxie's (P),324 E Railway Ave,Passaic,Passaic,Paterson,Passaic,On Premise,1.00,1238.00
Pablo Lopez,22036,Tease (P),168 Getty Avenue,Passaic,Passaic,Paterson,Passaic,On Premise,1.00,40.00
Pablo Lopez,22044,Los Cristales (Z),409 21st Ave,Passaic,Passaic,Paterson,Passaic,On Premise,1.00,3058.00
Pablo Lopez,24030,El Mexicano Rest (P),1293 Main Ave,Passaic,Passaic,Clifton,Passaic,On Premise,1.00,122.00
Pablo Lopez,24032,El Dorado Rest (Z),255 Parker Ave,Passaic,Passaic,Clifton,Passaic,On Premise,1.00,348.00
Pablo Lopez,24063,Noches De Colombia (Clifton),1 Village Square,Passaic,Passaic,Clifton,Passaic,On Premise,1.00,629.33
Pablo Lopez,25015,Limonta Liqs (A),293 Vernon Ave,Passaic,Passaic,Clifton,Passaic,Off Premise,1.00,22880.94
Pablo Lopez,25040,Palenque Bar & Grill(A),283 Parker Ave,Passaic,Passaic,Clifton,Passaic,On Premise,1.00,2624.15
Pablo Lopez,25041,Family Association,282 Parker Ave,Passaic,Passaic,Clifton,Passaic,On Premise,1.00,18.00
Pablo Lopez,25046,Jay Aldo's (Z) Bar & Pizz,40 Highland Ave,Passaic,Passaic,Clifton,Passaic,On Premise,1.00,18250.80
Pablo Lopez,25051,Portuguese Tavern Steak House,507 Crooks Ave,Passaic,Passaic,Clifton,Passaic,On Premise,1.00,375.00
Pablo Lopez,25071,Jaimito's Crtside(Z),66 Center St,Passaic,Passaic,Clifton,Passaic,On Premise,1.00,128.00
Pablo Lopez,25073,Aruba Lounge (P),240 Dayton Ave,Passaic,Passaic,Clifton,Passaic,On Premise,1.00,228.00
Pablo Lopez,25086,Con Sabor A Peru (A),109 Lakeview Ave,Passaic,Passaic,Clifton,Passaic,On Premise,1.00,57.00
Pablo Lopez,25087,Sarina Bar,108 Center St,Passaic,Passaic,Clifton,Passaic,On Premise,1.00,206.00
Pablo Lopez,26014,Regalado Liq,168 Market St,Passaic,Passaic,Passaic,Passaic,Off Premise,1.00,12723.00
Pablo Lopez,27005,#1 Liqrs (P),130 Howe Ave,Passaic,Passaic,Passaic,Passaic,Off Premise,1.00,8006.00
Pablo Lopez,27015,Dona Maria Rest,32 Bergen St,Passaic,Passaic,Passaic,Passaic,On Premise,1.00,513.00
Pablo Lopez,27021,Johnny's Liqs (P),370 Monroe St,Passaic,Passaic,Passaic,Passaic,Off Premise,1.00,10190.00
Pablo Lopez,27043,Monroe Wine & Liq(P),199 Monroe St,Passaic,Passaic,Passaic,Passaic,Off Premise,1.00,12594.00
Pablo Lopez,27050,Grand Rodeo Night Club(Z),182 Third St,Passaic,Passaic,Passaic,Passaic,On Premise,1.00,1394.00
Pablo Lopez,27066,Sunny's Liqs.(P),413 Monroe St,Passaic,Passaic,Passaic,Passaic,Off Premise,1.00,12069.00
Pablo Lopez,27067,Ukranian (Z) Center,240 Hope Ave,Passaic,Passaic,Passaic,Passaic,On Premise,1.00,26.00
Pablo Lopez,27069,Broadway W&L,62 Broadway,Passaic,Passaic,Passaic,Passaic,Off Premise,1.00,12334.00
Pablo Lopez,27070,Saritas Mexican Rest(A),82 President Street,Passaic,Passaic,Passaic,Passaic,On Premise,1.00,2239.00
Pablo Lopez,27072,Passaic Discount Liquors,49 Market St,Passaic,Passaic,Passaic,Passaic,Off Premise,1.00,12729.00
Pablo Lopez,27073,Noches De Colombia (Passaic),210 Madison St,Passaic,Passaic,Passaic,Passaic,On Premise,1.00,282.00
Pablo Lopez,27099,Mama Sushi Rest & Lounge,663 Main Ave,Passaic,Passaic,Passaic,Passaic,On Premise,1.00,246.00
Pablo Lopez,27145,LOTUS,822 Main Ave,Passaic,Passaic,Passaic,Passaic,On Premise,1.00,299.00
Pablo Lopez,33005,La Havana 59,110 Moonachie Ave,Bergen,Bergen,Moonachie,Bergen,On Premise,1.00,257.33
Pablo Lopez,39004,Noches De Colombia (S. Hackensack)),370 Rt 46 West,Bergen,Bergen,South Hackensac,Bergen,On Premise,1.00,1386.00
Pablo Lopez,41008,Noches De Colombia (Hackensack),382 Main St,Bergen,Bergen,Hackensack,Bergen,On Premise,1.00,1123.33
Pablo Lopez,52005,Noches De Colombia(Englewood)),90 W. Palisade Ave,Bergen,Bergen,Englewood,Bergen,On Premise,1.00,631.00
Paul Mclaughlin,150014,Tierney's Tavern(A),138 Valley Road,Essex,Essex,Montclair,Essex,On Premise,1.00,231.17
Paul Mclaughlin,29051,Medieval Times,149 Polito Ave,Bergen,Bergen,Lyndhurst,Bergen,On Premise,1.00,745.00
Paul Mclaughlin,36015,Wallington Lane (Bowlero),299 Paterson Ave,Bergen,Bergen,Wallington,Bergen,On Premise,1.00,557.00
Paul Mclaughlin,39007,Club Flamingo (A),430 Route 46,Bergen,Bergen,South Hackensac,Bergen,On Premise,1.00,504.00
Paul Mclaughlin,39008,Blush Gentleman's Club,2 S Main St,Bergen,Bergen,South Hackensac,Bergen,On Premise,1.00,8321.89
Paul Mclaughlin,39010,Players Club (Z),213 Huyler St,Bergen,Bergen,South Hackensac,Bergen,On Premise,1.00,1286.17
Paul Mclaughlin,40005,Lazy Lanigans (A),604 Main Street,Bergen,Bergen,Hackensack,Bergen,On Premise,1.00,1148.17
Paul Mclaughlin,40008,Tavern 61 (Z),61 River St,Bergen,Bergen,Hackensack,Bergen,On Premise,1.00,199.50
Paul Mclaughlin,40021,Bowler City Bowling,85 Midtown Bridge St,Bergen,Bergen,Hackensack,Bergen,On Premise,1.00,799.00
Paul Mclaughlin,40026,Brooklyn's (A),161 Hackensack Ave,Bergen,Bergen,Hackensack,Bergen,On Premise,1.00,145.00
Paul Mclaughlin,40038,Forte Ristorante,160 Prospect Ave,Bergen,Bergen,Hackensack,Bergen,On Premise,1.00,222.00
Paul Mclaughlin,41001,Casual Habana Cafe(Hack),125 Main St,Bergen,Bergen,Hackensack,Bergen,On Premise,1.00,91.00
Paul Mclaughlin,41002,Mi Tierrita (P),252 Main St,Bergen,Bergen,Hackensack,Bergen,On Premise,1.00,3245.40
Paul Mclaughlin,41006,Straphanger Saloon (A),126 Anderson St,Bergen,Bergen,Hackensack,Bergen,On Premise,1.00,1903.32
Paul Mclaughlin,41010,Lenoras Bar (P),129 Johnson Ave,Bergen,Bergen,Hackensack,Bergen,On Premise,1.00,1011.50
Paul Mclaughlin,41020,Lidos Restaurant (P),701 Main St,Bergen,Bergen,Hackensack,Bergen,On Premise,1.00,260.00
Paul Mclaughlin,41022,Coach House Diner/Rest(Z),55 Rt 4 E,Bergen,Bergen,Hackensack,Bergen,On Premise,1.00,25.00
Paul Mclaughlin,41023,The Whiskey Priest (Hackensack),159 Main St.,Bergen,Bergen,Hackensack,Bergen,On Premise,1.00,685.33
Paul Mclaughlin,41027,Cubby's (P),249 S River St,Bergen,Bergen,Hackensack,Bergen,On Premise,1.00,22.00
Paul Mclaughlin,41029,Riviera Lounge (P),310 Main St,Bergen,Bergen,Hackensack,Bergen,On Premise,1.00,1934.00
Paul Mclaughlin,50001,Andy's Corner (Z),257 Queen Ann Rd,Bergen,Bergen,Bogota,Bergen,On Premise,1.00,460.50
Paul Mclaughlin,50006,Cozy Tavern (P),131 Queen Anne Rd,Bergen,Bergen,Bogota,Bergen,On Premise,1.00,448.00
Paul Mclaughlin,50008,101 Pub (A),101 Queen Anne Rd,Bergen,Bergen,Bogota,Bergen,On Premise,1.00,1244.17
Paul Mclaughlin,50015,PUB 178,178 Cedar Lane,Bergen,Bergen,Teaneck,Bergen,On Premise,1.00,256.00
Paul Mclaughlin,50018,Debonair Music Hall,1409 Queen Ann Road,Bergen,Bergen,Teaneck,Bergen,On Premise,1.00,195.00
Paul Mclaughlin,50029,La Tequilera Restaurant,293 Queen Anne Rd,Bergen,Bergen,Teaneck,Bergen,On Premise,1.00,8562.62
Paul Mclaughlin,50035,Nobo,1400 Palisade Ave,Bergen,Bergen,Teaneck,Bergen,On Premise,1.00,16.00
Paul Mclaughlin,51005,Zina's Steakhouse & Grill,827 Teaneck Rd,Bergen,Bergen,Teaneck,Bergen,On Premise,1.00,128.00
Paul Mclaughlin,51014,Marriott (A) Teaneck,100 Frank Burr Blvd,Bergen,Bergen,Teaneck,Bergen,On Premise,1.00,281.00
Paul Mclaughlin,52003,Cassies (A),18 S Dean St,Bergen,Bergen,Englewood,Bergen,On Premise,1.00,65.00
Paul Mclaughlin,52012,CZEN Restaurant,36 N Van Brunt St,Bergen,Bergen,Englewood,Bergen,On Premise,1.00,11.00
Paul Mclaughlin,52014,El Tango,22-24 N Van Brunt St,Bergen,Bergen,Englewood,Bergen,On Premise,1.00,304.00
Paul Mclaughlin,52018,Aumm Aumm @The Brownstone,73 Brownstone Way,Bergen,Bergen,Englewood,Bergen,On Premise,1.00,150.00
Paul Mclaughlin,52026,Englewood Field Club,341 Engle St,Bergen,Bergen,Englewood,Bergen,On Premise,1.00,43.00
Paul Mclaughlin,52030,Sofia,36 Engle St,Bergen,Bergen,Englewood,Bergen,On Premise,1.00,376.00
Paul Mclaughlin,52033,Blue Akai,23 E Palisade Ave,Bergen,Bergen,Englewood,Bergen,On Premise,1.00,271.00
Paul Mclaughlin,52036,Vida Garden,14-16 Armory St,Bergen,Bergen,Englewood,Bergen,On Premise,1.00,733.00
Paul Mclaughlin,52043,Balthazar Bakery (A),214 South Dean St,Bergen,Bergen,Englewood,Bergen,Off Premise,1.00,104.00
Paul Mclaughlin,52046,Bergen Performing Arts,30 N Van Brunt St,Bergen,Bergen,Englewood,Bergen,On Premise,1.00,3252.55
Paul Mclaughlin,52049,Sini Bistro,401 S Van Brunt St,Bergen,Bergen,Englewood,Bergen,On Premise,1.00,1010.85
Paul Mclaughlin,54001,Tenafly Pizza (Z),38 W Railroad Ave,Bergen,Bergen,Tenafly,Bergen,On Premise,1.00,104.17
Paul Mclaughlin,54005,The 130 Club,130 County Rd,Bergen,Bergen,Tenafly,Bergen,On Premise,1.00,54.00
Paul Mclaughlin,54011,Knickerbocker Golf (P),188 Knickerbocker Rd,Bergen,Bergen,Tenafly,Bergen,On Premise,1.00,235.17
Paul Mclaughlin,54012,Axia Taverna,18 Piermont Rd,Bergen,Bergen,Tenafly,Bergen,On Premise,1.00,42.00
Paul Mclaughlin,55005,Cresskill Tavern,29 E Madison Ave,Bergen,Bergen,Cresskill,Bergen,On Premise,1.00,673.00
Paul Mclaughlin,56004,Jack E Pooh's,22 N Front St,Bergen,Bergen,Bergenfield,Bergen,On Premise,1.00,476.17
Paul Mclaughlin,56006,Lula's Latin Cuisine,86 S. Washington Ave,Bergen,Bergen,Bergenfield,Bergen,On Premise,1.00,11.00
Paul Mclaughlin,56009,Tommy Fox's Pub Hse(P),32 S Washington Ave,Bergen,Bergen,Bergenfield,Bergen,On Premise,1.00,800.00
Paul Mclaughlin,56011,International Bar/Rest,96 S Washington Ave,Bergen,Bergen,Bergenfield,Bergen,On Premise,1.00,6594.52
Paul Mclaughlin,56016,Chapala Grill - Bergenfield,52 S Washington Ave,Bergen,Bergen,Bergenfield,Bergen,On Premise,1.00,415.00
Paul Mclaughlin,57004,River & Henley,704 River Rd,Bergen,Bergen,New Milford,Bergen,On Premise,1.00,692.00
Paul Mclaughlin,57007,New Bridge Inn(A),105 Old New Bridge Rd,Bergen,Bergen,New Milford,Bergen,On Premise,1.00,349.00
Paul Mclaughlin,57009,Pancho Burrito's (A),214 Main St,Bergen,Bergen,New Milford,Bergen,On Premise,1.00,1648.93
Paul Mclaughlin,57011,Casual Habana Cafe (P),200 Main St,Bergen,Bergen,New Milford,Bergen,On Premise,1.00,70.00
Paul Mclaughlin,57012,N Milford Ath Club,126 Boulevard,Bergen,Bergen,New Milford,Bergen,On Premise,1.00,182.00
Paul Mclaughlin,59005,Hackensack Golf (A),880 Soldier Hill Rd,Bergen,Bergen,Oradell,Bergen,On Premise,1.00,351.00
Paul Mclaughlin,59006,The Oak House,2 Kinderkamack Rd,Bergen,Bergen,Oradell,Bergen,On Premise,1.00,142.00
Paul Mclaughlin,60004,La Taberna Steak House,31 W Madison Ave,Bergen,Bergen,Dumont,Bergen,On Premise,1.00,147.00
Paul Mclaughlin,60012,Grant Street Cafe (A),25 Grant Ave.,Bergen,Bergen,Dumont,Bergen,On Premise,1.00,1524.00
Paul Mclaughlin,60014,Pop(xo) Taco,20 E. Madison Ave,Bergen,Bergen,Dumont,Bergen,On Premise,1.00,75.00
Paul Mclaughlin,61002,Haworth Golf Club(A),5 Lake Shore Dr,Bergen,Bergen,Haworth,Bergen,On Premise,1.00,71.00
Paul Mclaughlin,61003,White Beeches Golf Club,70 Haworth Dr,Bergen,Bergen,Haworth,Bergen,On Premise,1.00,449.67
Paul Mclaughlin,61004,Andiamo,23 Hardenburgh Ave,Bergen,Bergen,Haworth,Bergen,On Premise,1.00,254.17
Paul Mclaughlin,62002,Rudy's Pizzeria (P),65 Closter Plaza,Bergen,Bergen,Closter,Bergen,On Premise,1.00,94.00
Paul Mclaughlin,62003,Stern And Bow,171 Schraalenburgh Rd,Bergen,Bergen,Closter,Bergen,On Premise,1.00,247.00
Paul Mclaughlin,62007,The Hill,252 Schraalenburgh Rd,Bergen,Bergen,Closter,Bergen,On Premise,1.00,95.00
Paul Mclaughlin,62008,Bareburger (Closter),129 Vervalen St,Bergen,Bergen,Closter,Bergen,On Premise,1.00,226.00
Paul Mclaughlin,62010,LUCIOS,208 Piermont Rd,Bergen,Bergen,Closter,Bergen,On Premise,1.00,383.50
Paul Mclaughlin,62011,Sear House (A),411 Piermont Rd,Bergen,Bergen,Closter,Bergen,On Premise,1.00,241.00
Paul Mclaughlin,62012,Landmark Closter,130 Vervalen St,Bergen,Bergen,Closter,Bergen,On Premise,1.00,13.00
Paul Mclaughlin,63002,Alpine C.C. (Z),80 Anderson Ave,Bergen,Bergen,Demarest,Bergen,On Premise,1.00,271.00
Paul Mclaughlin,65003,Verana,530 Livingston St,Bergen,Bergen,Norwood,Bergen,On Premise,1.00,52.00
Paul Mclaughlin,65005,Dimora Ristorante (P),100 Piermont Rd,Bergen,Bergen,Norwood,Bergen,On Premise,1.00,197.00
Paul Mclaughlin,65006,Gerry's Place,595 Broadway,Bergen,Bergen,Norwood,Bergen,On Premise,1.00,932.00
Paul Mclaughlin,67001,Olar Noso,493 Tappan Rd,Bergen,Bergen,Northvale,Bergen,On Premise,1.00,30.00
Paul Mclaughlin,67002,Brady's Fox Hunt Inn,201 Livingston St,Bergen,Bergen,Northvale,Bergen,On Premise,1.00,317.00
Paul Mclaughlin,67010,Biddy O'malleys Pub (A),191 Paris Ave,Bergen,Bergen,Northvale,Bergen,On Premise,1.00,149.00
Paul Mclaughlin,67011,Mykos,416 Tappan Rd,Bergen,Bergen,Northvale,Bergen,Off Premise,1.00,66.00
Paul Mclaughlin,67014,The Rockleigh C C (P),26 Paris Ave,Bergen,Bergen,Rockleigh,Bergen,On Premise,1.00,269.33
Paul Mclaughlin,68006,Old Tappan Manor (P),137 Orangeburg Rd,Bergen,Bergen,Old Tappan,Bergen,On Premise,1.00,112.00
Paul Mclaughlin,69003,Edgewood Country Club,449 Rivervale Rd,Bergen,Bergen,Rivervale,Bergen,On Premise,1.00,250.33
Paul Mclaughlin,69005,Let's Meat Steakhouse,625 Rivervale Rd,Bergen,Bergen,Rivervale,Bergen,On Premise,1.00,87.00
Paul Mclaughlin,69007,Florentine Garden,97 Rivervale Road,Bergen,Bergen,Rivervale,Bergen,On Premise,1.00,316.00
Paul Mclaughlin,69009,Rivervale Country Club,660 Rivervale Road,Bergen,Bergen,Rivervale,Bergen,On Premise,1.00,635.33
Paul Mclaughlin,69011,Green Point Restaurant,15 Rivervale Rd,Bergen,Bergen,Rivervale,Bergen,On Premise,1.00,84.00
Paul Mclaughlin,69012,449 Prime @ Edgewood Country Club,449 Rivervale Rd,Bergen,Bergen,Rivervale,Bergen,On Premise,1.00,129.50
Paul Mclaughlin,70004,Davey's Locker (A),5 Park St,Bergen,Bergen,Montvale,Bergen,On Premise,1.00,973.00
Paul Mclaughlin,70005,Montvale Bowl (A),14 West Grand Ave,Bergen,Bergen,Montvale,Bergen,On Premise,1.00,804.00
Paul Mclaughlin,70008,Hearth & Tap Co.,125 N Kndrkmk Rd,Bergen,Bergen,Montvale,Bergen,On Premise,1.00,872.50
Paul Mclaughlin,70012,Fire & Oak (A),100 Chestnut Ridge Rd,Bergen,Bergen,Montvale,Bergen,On Premise,1.00,123.00
Paul Mclaughlin,70013,Flemings Prime Steakhouse and Wine Bar,210 Market St,Bergen,Bergen,Montvale,Bergen,On Premise,1.00,139.00
Paul Mclaughlin,71001,Peppercorn's,176 Colony Ave,Bergen,Bergen,Park Ridge,Bergen,On Premise,1.00,315.00
Paul Mclaughlin,71005,Park Steakhouse,151 Kinderkamack Rd,Bergen,Bergen,Park Ridge,Bergen,On Premise,1.00,175.33
Paul Mclaughlin,71007,103 Prime Time,103 Spring Valley Rd,Bergen,Bergen,Park Ridge,Bergen,On Premise,1.00,44.00
Paul Mclaughlin,71011,Marriott (P) Park Ridge,300 Brae Blvd,Bergen,Bergen,Park Ridge,Bergen,On Premise,1.00,243.17
Paul Mclaughlin,72002,Bareburger (Woodcliff Lake),453 Chestnut Ridge Rd 23c,Bergen,Bergen,Woodcliff Lake,Bergen,On Premise,1.00,105.00
Paul Mclaughlin,73001,Lou's,74 Broadway,Bergen,Bergen,Hillsdale,Bergen,On Premise,1.00,1666.50
Paul Mclaughlin,73002,The Cornerstone (P),84 Broadway,Bergen,Bergen,Hillsdale,Bergen,On Premise,1.00,1409.67
Paul Mclaughlin,74001,Lolitas Mexican Cantina,65 Old Hook Rd,Bergen,Bergen,Westwood,Bergen,On Premise,1.00,213.00
Paul Mclaughlin,74004,P J Finnegan's,274 Fairview Ave,Bergen,Bergen,Westwood,Bergen,On Premise,1.00,195.00
Paul Mclaughlin,74008,MeltToba Restaurant,250 Center Ave,Bergen,Bergen,Westwood,Bergen,On Premise,1.00,1.00
Paul Mclaughlin,74010,Osteria Crescendo,36 Jefferson Ave,Bergen,Bergen,Westwood,Bergen,On Premise,1.00,70.00
Paul Mclaughlin,74012,Iron Horse,20 Washington Ave,Bergen,Bergen,Westwood,Bergen,On Premise,1.00,188.00
Paul Mclaughlin,74021,Bar Mutz,90 Center Ave,Bergen,Bergen,Westwood,Bergen,On Premise,1.00,104.00
Paul Mclaughlin,75001,Emerson Hotel,31 Emerson Plaza E,Bergen,Bergen,Emerson,Bergen,On Premise,1.00,472.50
Paul Mclaughlin,76005,Midland Brewhouse (A),374 North Midland Ave,Bergen,Bergen,Saddle Brook,Bergen,On Premise,1.00,539.00
Paul Mclaughlin,76009,The Plank Pizza And Bar,383 Market St,Bergen,Bergen,Saddle Brook,Bergen,On Premise,1.00,68.00
Paul Mclaughlin,81003,Fair Lawn Lanes (P),22-22 Maple Ave,Bergen,Bergen,Fair Lawn,Bergen,On Premise,1.00,250.00
Paul Mclaughlin,81004,Stosh's Craft Bar (Z),18 15 Maple Ave,Bergen,Bergen,Fair Lawn,Bergen,On Premise,1.00,497.58
Paul Mclaughlin,81015,Fair Lawn Athletic Club,14-19 Paramelee Ave,Bergen,Bergen,Fair Lawn,Bergen,On Premise,1.00,389.00
Paul Mclaughlin,81019,Oceanos Osyter Bar Grill,2-27 Saddle River Rd,Bergen,Bergen,Fair Lawn,Bergen,On Premise,1.00,440.40
Paul Mclaughlin,81024,Anthony's Coal Fired Pizza (Fair Lawn),2101 Promenade Blvd,Bergen,Bergen,Fair Lawn,Bergen,On Premise,1.00,207.00
Paul Mclaughlin,81027,RP Prime Steakhouse,41-11 Rte 4 W,Bergen,Bergen,Fair Lawn,Bergen,On Premise,1.00,76.17
Paul Mclaughlin,81029,Cosmo Club (Z),33-02 Morlot Avenue,Bergen,Bergen,Fair Lawn,Bergen,On Premise,1.00,43.67
Paul Mclaughlin,85001,Eleven Central,11 Central Ave,Bergen,Bergen,Midland Park,Bergen,On Premise,1.00,455.33
Paul Mclaughlin,86002,Doghouse Saloon (Z),270 Pascack Rd,Bergen,Bergen,Washington Twsp,Bergen,On Premise,1.00,910.33
Paul Mclaughlin,86006,Seasons Catering (A),644 Pascack Rd,Bergen,Bergen,Washington Twsp,Bergen,On Premise,1.00,206.00
Paul Mclaughlin,86007,Bacari,800 Ridgewood Rd,Bergen,Bergen,Washington Twsp,Bergen,On Premise,1.00,190.00
Phil Ernst,12007,Gary's Wine & Marketplace (Wayne),1308 Rte 23,Passaic,Passaic,Wayne,Passaic,Off Premise,1.00,2026.00
Phil Ernst,20106,Super Wine Warehse(P)Pate,42 E 30th St,Passaic,Passaic,Paterson,Passaic,Off Premise,1.00,50573.00
Phil Ernst,208026,Stew Leonard's(A) Paramu (NA),700 Paramus Park,Bergen,Bergen,Paramus,Bergen,Off Premise,1.00,1414.00
Phil Ernst,25010,Stew Leonard's Wines & Spirits of Clifton,467 Allwood Rd,Passaic,Passaic,Clifton,Passaic,Off Premise,1.00,9016.00
Phil Ernst,25075,Stew Leonard's Wines & Spirits of Clifton (NA),467 Allwood Rd,Passaic,Passaic,Clifton,Passaic,Off Premise,1.00,234.00
Phil Ernst,29004,Shop-Rite Liq Lyndhurst,542 New York Ave,Bergen,Bergen,Lyndhurst,Bergen,Off Premise,1.00,13510.33
Phil Ernst,39001,Home Wines & Liq 75 (A) (South Hackensack),75 Saddle River Ave,Bergen,Bergen,South Hackensac,Bergen,Off Premise,1.00,8001.00
Phil Ernst,40019,Budy's Wine & Liq (A),139 Hudson St,Bergen,Bergen,Hackensack,Bergen,Off Premise,1.00,13391.00
Phil Ernst,43001,City Supermarket,289 Bergen Blvd,Bergen,Bergen,Fairview,Bergen,Off Premise,1.00,11028.00
Phil Ernst,46019,Palisades Wine And Liquor,534 Bergen Blvd,Bergen,Bergen,Palisades Park,Bergen,Off Premise,1.00,14982.00
Phil Ernst,47004,Wides Deli & Liquor,81-85 Central Ave,Bergen,Bergen,Ridgefield Park,Bergen,Off Premise,1.00,1260.00
Phil Ernst,49082,Beverage Depot,2151 Rt 4 East,Bergen,Bergen,Fort Lee,Bergen,Off Premise,1.00,85.00
Phil Ernst,50002,Lushka Liquors,358 Palisades Ave,Bergen,Bergen,Bogota,Bergen,Off Premise,1.00,1010.17
Phil Ernst,50003,"Agave Liquor, Wine & Spirits",74 W Main St,Bergen,Bergen,Bogota,Bergen,Off Premise,1.00,51424.38
Phil Ernst,50005,Megha Liquor & Grocery,8 East Fort Lee Rd,Bergen,Bergen,Bogota,Bergen,Off Premise,1.00,496.17
Phil Ernst,50009,Riverview Liq (P),55 River Rd,Bergen,Bergen,Bogota,Bergen,Off Premise,1.00,3013.00
Phil Ernst,76006,Wine Country Of Saddle Brook (A),195 Market St,Bergen,Bergen,Saddle Brook,Bergen,Off Premise,1.00,4529.00
Phil Ernst,76021,Saddle Brook Liquor & Bar,383 Market St,Bergen,Bergen,Saddle Brook,Bergen,On Premise,1.00,6319.33
Phil Ernst,78008,Shop Rite Liq(A) Roch Pk,220 W Passaic St,Bergen,Bergen,Rochelle Park,Bergen,Off Premise,1.00,17977.00
Phil Ernst,80002,Whole Foods Market (Paramus),300 Bergen Town Center,Bergen,Bergen,Paramus,Bergen,Off Premise,1.00,3153.00
Phil Ernst,80005,Shop Rite Liq (Paramus),224 Rt 4 E,Bergen,Bergen,Paramus,Bergen,Off Premise,1.00,11134.00
Phil Ernst,80026,Stew Leonard's(A) Paramus Wine,700 Paramus Park,Bergen,Bergen,Paramus,Bergen,Off Premise,1.00,10822.00
Phil Ernst,81014,Shop Rite Liq(A) Fair Lwn,35-07 Broadway,Bergen,Bergen,Fair Lawn,Bergen,Off Premise,1.00,16512.00
Phil Ernst,83001,Food Universe Marketplace,937 Lincoln Ave,Bergen,Bergen,Glen Rock,Bergen,Off Premise,1.00,10135.17
Phil Ernst,83010,Bottle King (A) Glen Rock,909 Prospect St,Bergen,Bergen,Glen Rock,Bergen,Off Premise,1.00,34861.00
Phil Ernst,89007,Acme Markets (Allendale),45 De Mercurio Dr.,Bergen,Bergen,Allendale,Bergen,Off Premise,1.00,3105.00
Robin Feldman,10002,American Lgn Pequannock 450,11 Oak Ave,Morris 3,Morris,Pequannock,Morris 3,On Premise,1.00,155.00
Robin Feldman,1026,American Legion Post 289 (A) West Milford,177 Lincoln Av,Passaic-FF,Passaic,West Milford,Passaic-FF,On Premise,1.00,242.00
Robin Feldman,1030,Elks Post 2236 (P),1860 Union Valley Road,Passaic-FF,Passaic,West Milford,Passaic-FF,On Premise,1.00,714.00
Robin Feldman,1032,Prime 374 - Seafood & Steak,374 Morestown Road,Passaic-FF,Passaic,West Milford,Passaic-FF,On Premise,1.00,31.00
Robin Feldman,11004,Arca,211 Main St,Morris 3,Morris,Lincoln Park,Morris 3,On Premise,1.00,163.00
Robin Feldman,11012,American Lg 279 Lincoln Park,133 Main Street,Morris 3,Morris,Lincoln Park,Morris 3,On Premise,1.00,105.00
Robin Feldman,12006,Novelli (P),2410 Hamburg Turnpike,Passaic,Passaic,Wayne,Passaic,On Premise,1.00,418.00
Robin Feldman,12012,Cosmopolitan,1377 NJ-23,Passaic,Passaic,Wayne,Passaic,On Premise,1.00,515.00
Robin Feldman,12019,In The Crease (P),10 Nevins Road,Passaic,Passaic,Wayne,Passaic,On Premise,1.00,150.00
Robin Feldman,12023,The Village Inn,422 Runnymede Drive,Passaic,Passaic,Wayne,Passaic,On Premise,1.00,270.75
Robin Feldman,12024,Park Wayne Diner,721 Hamburg Turnpike,Passaic,Passaic,Wayne,Passaic,On Premise,1.00,24.00
Robin Feldman,12025,Vila Verde (P) Rest.,120 Terhune Dr,Passaic,Passaic,Wayne,Passaic,On Premise,1.00,70.00
Robin Feldman,12042,Exotic Indian Cuisine,24 Rt 46 East,Passaic,Passaic,Wayne,Passaic,On Premise,1.00,10.00
Robin Feldman,12046,Packanack Lake Comm Asso,52 Lake Drive West,Passaic,Passaic,Wayne,Passaic,On Premise,1.00,23.00
Robin Feldman,12047,American Lgn 174 Wayne,55 Mountain View Blvd,Passaic,Passaic,Wayne,Passaic,On Premise,1.00,280.50
Robin Feldman,12058,Sports Friends Soccer (A),1 Ryerson Ave,Passaic,Passaic,Wayne,Passaic,On Premise,1.00,184.00
Robin Feldman,12066,Residence Inn,30 Nevins Rd,Passaic,Passaic,Wayne,Passaic,On Premise,1.00,32.00
Robin Feldman,12067,Hilton Garden Inn wayne,15 Nevins Rd,Passaic,Passaic,Wayne,Passaic,On Premise,1.00,93.00
Robin Feldman,12068,Courtyard by Marriott Wayne Fairfield,263 US-46,Passaic,Passaic,Wayne,Passaic,On Premise,1.00,107.00
Robin Feldman,13007,American Lgn 108 (Z) Little Falls,591 Main St,Passaic,Passaic,Little Falls,Passaic,On Premise,1.00,97.00
Robin Feldman,14013,Elks Post 2111 (A),1 Fellner Place,Passaic,Passaic,Totowa,Passaic,On Premise,1.00,122.00
Robin Feldman,15049,Francesco's In The Park,568 Mc Bride Ave,Passaic,Passaic,Woodland Park,Passaic,On Premise,1.00,64.00
Robin Feldman,15077,E & V (A) Restaurant,320 Chamberlain Ave,Passaic,Passaic,Paterson,Passaic,On Premise,1.00,50.00
Robin Feldman,15079,American Lgn Totowa,180 Union Blvd,Passaic,Passaic,Totowa,Passaic,On Premise,1.00,424.17
Robin Feldman,15081,Evolution Restaurant & Bar,279 W Browertown Rd,Passaic,Passaic,Woodland Park,Passaic,On Premise,1.00,2773.87
Robin Feldman,17015,Haledon Fire Dept(A),522 W Broadway,Passaic,Passaic,Haledon,Passaic,On Premise,1.00,10.00
Robin Feldman,17017,Veterans Club (Z),417 Roe Street,Passaic,Passaic,Haledon,Passaic,On Premise,1.00,134.00
Robin Feldman,17019,La Neves (P),276 Belmont Ave,Passaic,Passaic,Haledon,Passaic,On Premise,1.00,111.00
Robin Feldman,18005,Giuseppe (P) Rest.,5 Sicomac Road,Passaic,Passaic,North Haledon,Passaic,On Premise,1.00,6.00
Robin Feldman,18007,The Tides,1245 Belmont Ave,Passaic,Passaic,North Haledon,Passaic,On Premise,1.00,210.00
Robin Feldman,18008,Papa Joe's (Z),778 Belmont Ave,Passaic,Passaic,North Haledon,Passaic,On Premise,1.00,6.00
Robin Feldman,19014,Macaluso's (P),55 4th Ave,Passaic,Passaic,Hawthorne,Passaic,On Premise,1.00,169.00
Robin Feldman,190202,Boonton Elks,125 Cornelia St,Morris 1,Morris,Boonton,Morris 1,On Premise,1.00,21.00
Robin Feldman,190210,Matta Donna (Z),304 Myrtle Ave,Morris 1,Morris,Boonton,Morris 1,On Premise,1.00,63.00
Robin Feldman,19025,Riverside Veteran,123 Royal Avenue,Passaic,Passaic,Hawthorne,Passaic,On Premise,1.00,30.00
Robin Feldman,190301,American Lgn Lake Hiawath,91 N Beverwyck Rd,Morris 1,Morris,Lake Hiawatha,Morris 1,On Premise,1.00,61.00
Robin Feldman,190605,Hunan Taste (Z),67 Bloomfield Ave,Morris 1,Morris,Denville,Morris 1,On Premise,1.00,220.00
Robin Feldman,190607,Rockaway River Cc(P),39 Pocono Rd,Morris 1,Morris,Denville,Morris 1,On Premise,1.00,420.00
Robin Feldman,190608,Cedar Lake Club,134 Cedar Lake E,Morris 1,Morris,Denville,Morris 1,On Premise,1.00,59.00
Robin Feldman,190613,Rock Ridge Community,55 Entrance Way,Morris 1,Morris,Denville,Morris 1,On Premise,1.00,99.00
Robin Feldman,190708,American Lgn Rockaway,210 Chestnut Terr,Morris 1,Morris,Rockaway,Morris 1,On Premise,1.00,132.00
Robin Feldman,190710,Hilton Garden Inn Rockaway,375 Mt Hope Ave,Morris 1,Morris,Rockaway,Morris 1,On Premise,1.00,106.00
Robin Feldman,190712,White Meadow Lake Cc,100 White Meadow Rd,Morris 1,Morris,Rockaway,Morris 1,On Premise,1.00,228.00
Robin Feldman,190714,Green Pond Yacht Club (Z),7 Dawson Drive,Morris 1,Morris,Green Pond,Morris 1,On Premise,1.00,37.00
Robin Feldman,190716,Lake Telemark Country Clu,38 Telemark Road,Morris 1,Morris,Rockaway,Morris 1,On Premise,1.00,11.00
Robin Feldman,190717,Luzzi's (Z),439 Green Pond Rd,Morris 1,Morris,Rockaway,Morris 1,On Premise,1.00,68.00
Robin Feldman,190718,Marcella Community Club,831 Greenpond Road,Morris 1,Morris,Rockaway,Morris 1,On Premise,1.00,197.00
Robin Feldman,190908,4 Seasons Restaurant,322 S Main St,Morris 3,Morris,Wharton,Morris 3,On Premise,1.00,33.00
Robin Feldman,190919,Amer Lgn Of Wharton 91,99 N Main St,Morris 1,Morris,Wharton,Morris 1,On Premise,1.00,250.17
Robin Feldman,191202,Casa Bianca (P),5266 Berkshire Valley Rd,Morris 1,Morris,Oak Ridge,Morris 1,On Premise,1.00,70.00
Robin Feldman,191203,American Lgn Oak Ridge Post 423,28 Legion Road,Morris 1,Morris,Oak Ridge,Morris 1,On Premise,1.00,275.00
Robin Feldman,191206,Bella Vista,11 Moquis Trail,Morris 1,Morris,Oak Ridge,Morris 1,On Premise,1.00,12.00
Robin Feldman,191219,Berkshire Valley Gc,28 Cozy Lake Rd,Morris 1,Morris,Oak Ridge,Morris 1,On Premise,1.00,341.00
Robin Feldman,191301,Lake Hopatcong Yacht Club,75 N Bertrand Rd,Morris 1,Morris,Mt Arlington,Morris 1,On Premise,1.00,70.00
Robin Feldman,191306,Shore Hills Country Club,Vail Rd And Morse Pl,Morris 1,Morris,Landing,Morris 1,On Premise,1.00,21.00
Robin Feldman,191403,Davy's Dogs,14 Howard Blvd,Morris 1,Morris,Mt Arlington,Morris 1,On Premise,1.00,68.00
Robin Feldman,191406,Courtyard Marriott Mt Arl,15 Howard Blvd,Morris 1,Morris,Mt Arlington,Morris 1,On Premise,1.00,210.33
Robin Feldman,191524,GRIFFIN & HOWE,270 STANHOPE SPARTA RD,Sussex,Sussex,Andover,Sussex,On Premise,1.00,79.00
Robin Feldman,191527,Garden State Yacht Club,33 Point Pleasant Road,Morris 1,Sussex,Hopatcong,Morris 1,On Premise,1.00,10.00
Robin Feldman,191815,Eastern Asian Bistro/Bar,3 Mt Olive Rd,Morris 1,Morris,Budd Lake,Morris 1,On Premise,1.00,133.00
Robin Feldman,192156,Hapgoods Restaurant,44 Midvale Rd,Morris 1,Morris,Mountain Lakes,Morris 1,On Premise,1.00,370.33
Robin Feldman,2005,Arta Trattoria (P),1131 Greenwood Lake Turnp,Passaic-FF,Passaic,Ringwood,Passaic-FF,On Premise,1.00,170.00
Robin Feldman,2009,Frungillo Caterers,7 Morris Road,Passaic-FF,Passaic,Ringwood,Passaic-FF,On Premise,1.00,156.00
Robin Feldman,2010,Skyline Lakes Prop Owners,103 Skyline Lakes Dr,Passaic-FF,Passaic,Ringwood,Passaic-FF,On Premise,1.00,68.17
Robin Feldman,230108,Vfw 7248 Sparta,66 Main St,Sussex,Sussex,Sparta,Sussex,On Premise,1.00,84.00
Robin Feldman,230115,Elks Post 2356,6 West Shore Trail,Sussex,Sussex,Sparta,Sussex,On Premise,1.00,36.00
Robin Feldman,230118,Lake Mohawk (P) Golf Club,471 West Shore Trail,Sussex,Sussex,Sparta,Sussex,On Premise,1.00,237.00
Robin Feldman,23012,Moose Lodge (Z),1268 Main Ave,Passaic,Passaic,Clifton,Passaic,On Premise,1.00,175.17
Robin Feldman,230124,Fu's Chinese (P) Rest.,227 S Sparta Ave,Sussex,Sussex,Sparta,Sussex,On Premise,1.00,428.40
Robin Feldman,230126,Hudson Farm Club,270 Stanhope Sparta Rd,Sussex,Sussex,Andover,Sussex,On Premise,1.00,78.00
Robin Feldman,23015,Disabled Amvets (P),315 Hazel St,Passaic,Passaic,Clifton,Passaic,On Premise,1.00,37.00
Robin Feldman,230302,Perona Farms,350 Andover Sparta Rd,Sussex,Sussex,Andover,Sussex,On Premise,1.00,244.00
Robin Feldman,230303,Crossed Keys Inn,136 Main St.,Sussex,Sussex,Andover,Sussex,On Premise,1.00,185.00
Robin Feldman,230305,Casa Bellisma (A),269 Newton Sparta Rd,Sussex,Sussex,Andover,Sussex,On Premise,1.00,60.00
Robin Feldman,230404,American Lgn #86 Newton,20 Yates Ave,Sussex,Sussex,Newton,Sussex,On Premise,1.00,147.00
Robin Feldman,230417,Hampton (P) Diner,36 Hampton House Rd,Sussex,Sussex,Newton,Sussex,On Premise,1.00,86.00
Robin Feldman,230429,Chun Bo (P) Restaurant,66 Sparta Ave,Sussex,Sussex,Newton,Sussex,On Premise,1.00,20.00
Robin Feldman,230433,Stillwater Area Vol Fire,929 Stillwater Rd,Sussex,Sussex,Stillwater,Sussex,On Premise,1.00,58.00
Robin Feldman,230807,North Shore House,912 Swartswood Rd,Sussex,Sussex,Swartswood,Sussex,On Premise,1.00,118.00
Robin Feldman,230910,American Lgn Franklin,Legion Pl,Sussex,Sussex,Franklin,Sussex,On Premise,1.00,86.00
Robin Feldman,230934,Wallkill Golf Club,34 Maple Rd,Sussex,Sussex,Franklin,Sussex,On Premise,1.00,93.00
Robin Feldman,231005,Ogdensburg Fire Dept,30 Main St,Sussex,Sussex,Ogdensburg,Sussex,On Premise,1.00,44.00
Robin Feldman,231306,American Lgn 213 Sussex,915 NJ-23,Sussex,Sussex,Sussex,Sussex,On Premise,1.00,42.00
Robin Feldman,231314,Elks Lodge 2288,152 Compton Rd,Sussex,Sussex,Sussex,Sussex,On Premise,1.00,147.00
Robin Feldman,231708,American Lgn Branchville,325 Us-206,Sussex,Sussex,Branchville,Sussex,On Premise,1.00,257.00
Robin Feldman,231802,Candy's Pizza,452 Rte 206,Sussex,Sussex,Montague,Sussex,On Premise,1.00,30.00
Robin Feldman,24036,Elks Post (Z) #1569,775 Clifton Ave,Passaic,Passaic,Clifton,Passaic,On Premise,1.00,20.00
Robin Feldman,24043,Valley Regency,1129 Valley Road,Passaic,Passaic,Clifton,Passaic,On Premise,1.00,292.00
Robin Feldman,25018,Tick-Tock Diner (A),281 Alwood Rd,Passaic,Passaic,Clifton,Passaic,On Premise,1.00,37.00
Robin Feldman,28015,K Of C N Arlington (Z),194 River Rd,Bergen,Bergen,North Arlington,Bergen,On Premise,1.00,340.00
Robin Feldman,28017,Lassoni Ristorante(P),602 Ridge Rd,Bergen,Bergen,North Arlington,Bergen,On Premise,1.00,195.00
Robin Feldman,28025,Arlington Diner (A),1 River Road,Bergen,Bergen,North Arlington,Bergen,On Premise,1.00,32.00
Robin Feldman,28026,Elks Post 1992 (Z),129 Ridge Rd,Bergen,Bergen,North Arlington,Bergen,On Premise,1.00,509.00
Robin Feldman,28033,Homewood Suites By Hilton,125 Rt.17 South,Bergen,Bergen,East Rutherford,Bergen,On Premise,1.00,65.00
Robin Feldman,29018,Pietro's Trattoria,543 Ridge Road,Bergen,Bergen,Lyndhurst,Bergen,On Premise,1.00,22.00
Robin Feldman,29033,Courtyard Marriott(A),1 Polito Avenue,Bergen,Bergen,Lyndhurst,Bergen,On Premise,1.00,139.00
Robin Feldman,29039,Lee's Hawaiian (P),768 Stuyvesant Ave,Bergen,Bergen,Lyndhurst,Bergen,On Premise,1.00,87.00
Robin Feldman,29041,Masonic (A) Club,316 Riverside Ave,Bergen,Bergen,Lyndhurst,Bergen,On Premise,1.00,73.00
Robin Feldman,29043,Am Vets Post 20,323 New York Ave,Bergen,Bergen,Lyndhurst,Bergen,On Premise,1.00,17.00
Robin Feldman,29044,American Lgn Lyndhurst #139,217 Webster Ave,Bergen,Bergen,Lyndhurst,Bergen,On Premise,1.00,441.17
Robin Feldman,29047,Elks Post (P),251 Park Ave,Bergen,Bergen,Lyndhurst,Bergen,On Premise,1.00,24.00
Robin Feldman,29052,Polish American Club,730 New Jersey Ave,Bergen,Bergen,Lyndhurst,Bergen,On Premise,1.00,12.00
Robin Feldman,29054,San Carlo Restaurant,620 Stuyvesant Ave,Bergen,Bergen,Lyndhurst,Bergen,On Premise,1.00,145.00
Robin Feldman,29055,Vfw Lyndhurst (P),527 Valley Brook Ave,Bergen,Bergen,Lyndhurst,Bergen,On Premise,1.00,20.00
Robin Feldman,30002,American Lgn 109 (P) Rutherford,424 Carmita Ave,Bergen,Bergen,Rutherford,Bergen,On Premise,1.00,99.00
Robin Feldman,30017,Renaissance Meadowlands,801 Rutherford Ave,Bergen,Bergen,Rutherford,Bergen,On Premise,1.00,374.17
Robin Feldman,3012,Tree Tavern (A),17 Park St,Passaic-FF,Passaic,Wanaque,Passaic-FF,On Premise,1.00,89.00
Robin Feldman,31009,Vesta Wood Fired Pizza,64 Hoboken Road,Bergen,Bergen,East Rutherford,Bergen,On Premise,1.00,177.00
Robin Feldman,31022,Candlewick,179 Paterson Ave,Bergen,Bergen,East Rutherford,Bergen,On Premise,1.00,81.00
Robin Feldman,32020,Il Villaggio Rest,651 Rt 17 N,Bergen,Bergen,Carlstadt,Bergen,On Premise,1.00,175.00
Robin Feldman,32031,Spring Hill Suites Carlstadt,192 Paterson Plank Road,Bergen,Bergen,Carlstadt,Bergen,On Premise,1.00,91.00
Robin Feldman,34000,Holiday Inn (Hasbrook Height),283 Route 17 South,Bergen,Bergen,Hasbrouck Heights,Bergen,On Premise,1.00,152.00
Robin Feldman,34006,Bensi (P) (Shoprite Plza),459 Rt 17 S,Bergen,Bergen,Hasbrouck Heights,Bergen,On Premise,1.00,38.00
Robin Feldman,34008,The Ivy Inn,268 Terrace Ave,Bergen,Bergen,Hasbrouck Heights,Bergen,On Premise,1.00,40.00
Robin Feldman,34014,Hasbrouck Heights Elks,128 Baldwin Ave,Bergen,Bergen,Hasbrouck Heights,Bergen,On Premise,1.00,60.00
Robin Feldman,34016,Vfw Hasbrouck (A),513 Veterans Pl,Bergen,Bergen,Hasbrouck Heights,Bergen,On Premise,1.00,320.33
Robin Feldman,34018,Hilton Hasbrk Hts #50591,650 Terrace Ave,Bergen,Bergen,Hasbrouck Heights,Bergen,On Premise,1.00,505.33
Robin Feldman,34019,Home2 Suites by Hilton,377 RT 17 S,Bergen,Bergen,Hasbrouck Heights,Bergen,On Premise,1.00,71.00
Robin Feldman,37010,Vfw Outwater (Z) Lane,340 Outwater Lane,Bergen,Bergen,Garfield,Bergen,On Premise,1.00,39.00
Robin Feldman,38043,K Of C Lodi,39 Washington Ave,Bergen,Bergen,Lodi,Bergen,On Premise,1.00,36.00
Robin Feldman,38047,American Legion Lodi Post 136,41 Union St,Bergen,Bergen,Lodi,Bergen,On Premise,1.00,3.00
Robin Feldman,39015,Rudy's Inflight Caterers,180 North Street,Bergen,Bergen,Teterboro,Bergen,On Premise,1.00,977.00
Robin Feldman,40007,Elks Post 153 (Z),351 1st St,Bergen,Bergen,Hackensack,Bergen,On Premise,1.00,5073.38
Robin Feldman,40035,Chit Chat Diner,515 Essex St,Bergen,Bergen,Hackensack,Bergen,On Premise,1.00,115.00
Robin Feldman,40040,St Paul Lodge#7,184 Berdan Place,Bergen,Bergen,Hackensack,Bergen,On Premise,1.00,127.00
Robin Feldman,4011,Bloomingdale Fire Dept,97 Hamburg Tpke,Passaic,Passaic,Bloomingdale,Passaic,On Premise,1.00,152.00
Robin Feldman,41011,Bangkok Garden(P) Thai,261 Main St,Bergen,Bergen,Hackensack,Bergen,On Premise,1.00,17.00
Robin Feldman,41034,Lodi Moose Lodge 1971,215 Charles St,Bergen,Bergen,Hackensack,Bergen,On Premise,1.00,719.75
Robin Feldman,42001,Garden Shabu,1 Valley Road,Bergen,Bergen,Little Ferry,Bergen,On Premise,1.00,63.00
Robin Feldman,42007,Vfw 809 (P),100 Main St,Bergen,Bergen,Little Ferry,Bergen,On Premise,1.00,39.00
Robin Feldman,42009,Nikki's Bar & Grill,213 Washington Ave,Bergen,Bergen,Little Ferry,Bergen,On Premise,1.00,3464.68
Robin Feldman,42015,Amer Lgn (Z) Little Ferry,100 Liberty Ave,Bergen,Bergen,Little Ferry,Bergen,On Premise,1.00,493.00
Robin Feldman,43033,American Lgn Fairview (A),110 Anderson Ave,Bergen,Bergen,Fairview,Bergen,On Premise,1.00,101.00
Robin Feldman,43035,S & A Society (Z),270 Walker St,Bergen,Bergen,Fairview,Bergen,On Premise,1.00,124.33
Robin Feldman,46022,Te Min Quan (P) Rest.,270 Broad Ave,Bergen,Bergen,Palisades Park,Bergen,On Premise,1.00,19.00
Robin Feldman,47006,Elks Post 1506,30 Spruce St,Bergen,Bergen,Ridgefield Park,Bergen,On Premise,1.00,208.00
Robin Feldman,47014,K Of C 2229 (Z),106 Bergen Ave,Bergen,Bergen,Ridgefield Park,Bergen,On Premise,1.00,211.17
Robin Feldman,50028,Amarone (P),63 Cedar Lane,Bergen,Bergen,Teaneck,Bergen,On Premise,1.00,56.00
Robin Feldman,50032,Vfw 5561 Bogota,241 W Shore Ave,Bergen,Bergen,Bogota,Bergen,On Premise,1.00,88.00
Robin Feldman,50036,Moose Lodge 961 (Z),201 W Englewood Av Bx 717,Bergen,Bergen,Teaneck,Bergen,On Premise,1.00,441.00
Robin Feldman,50038,Hampton Inn & Suites,1 Glenwood Ave,Bergen,Bergen,Teaneck,Bergen,On Premise,1.00,106.00
Robin Feldman,5009,K Of C Pequannock Valley,65 Hamburg Turnpike,Morris 3,Morris,Butler,Morris 3,On Premise,1.00,150.00
Robin Feldman,5012,Butler Fire Department(P),26 28 Carey Ave,Morris 3,Morris,Butler,Morris 3,On Premise,1.00,4.00
Robin Feldman,5016,Vfw Butler,69 Carey Avenue,Morris 3,Morris,Butler,Morris 3,On Premise,1.00,140.08
Robin Feldman,51011,American Lgn Teaneck (Z),650 American Legion Dr,Bergen,Bergen,Teaneck,Bergen,On Premise,1.00,38.00
Robin Feldman,51015,K Of C Teaneck,829 Windsor Rd,Bergen,Bergen,Teaneck,Bergen,On Premise,1.00,18.00
Robin Feldman,52017,Tapas De Espana (P),47 N Dean St,Bergen,Bergen,Englewood,Bergen,On Premise,1.00,20.00
Robin Feldman,52023,Jerry's Outlet,410 S Dean St,Bergen,Bergen,Englewood,Bergen,Off Premise,1.00,343.00
Robin Feldman,52027,American Lgn 58 (A) Englewood,151 W Forest Ave,Bergen,Bergen,Englewood,Bergen,On Premise,1.00,274.00
Robin Feldman,52032,Ideal Lodge 470 (P),17 Bennett Rd,Bergen,Bergen,Englewood,Bergen,On Premise,1.00,153.00
Robin Feldman,54014,Elks Post 2271 (Z),20 Franklin St,Bergen,Bergen,Tenafly,Bergen,On Premise,1.00,186.00
Robin Feldman,54017,Tenafly Classic Diner,16 W Railroad Ave,Bergen,Bergen,Tenafly,Bergen,On Premise,1.00,28.00
Robin Feldman,55008,American Lgn (Z) (Cresskill),75 Legion Dr,Bergen,Bergen,Cresskill,Bergen,On Premise,1.00,159.00
Robin Feldman,56018,Vfw 6467 (Z),321 S Washington Ave,Bergen,Bergen,Bergenfield,Bergen,On Premise,1.00,23.00
Robin Feldman,56022,Elks Post 1477,40 W Church St,Bergen,Bergen,Bergenfield,Bergen,On Premise,1.00,647.00
Robin Feldman,57013,Vfw 4290 New Milford(P),267 Madison Ave,Bergen,Bergen,New Milford,Bergen,On Premise,1.00,14.00
Robin Feldman,57015,Elks Post 2290 (Z),1 Patrolman Ray Woods Dr,Bergen,Bergen,New Milford,Bergen,On Premise,1.00,408.00
Robin Feldman,58003,River Edge Diner & Rest.,516 Kinderkamack Road,Bergen,Bergen,River Edge,Bergen,On Premise,1.00,64.00
Robin Feldman,58008,K Of C River Edge,770 Kindekamack Rd,Bergen,Bergen,River Edge,Bergen,On Premise,1.00,43.00
Robin Feldman,60016,Elks Post (Z) Dumont,15 American Legion Place,Bergen,Bergen,Dumont,Bergen,On Premise,1.00,113.00
Robin Feldman,60017,K Of C Dumont,61 Armour Pl,Bergen,Bergen,Dumont,Bergen,On Premise,1.00,35.00
Robin Feldman,6003,Cypress,174 Kinnelon Road,Morris 3,Morris,Kinnelon,Morris 3,On Premise,1.00,95.00
Robin Feldman,6005,Smoke Rise Club (P),9 Perimeter Road,Morris 3,Morris,Kinnelon,Morris 3,On Premise,1.00,71.00
Robin Feldman,62015,Elks Lodge 2304(Z),148 Rail Road Ave,Bergen,Bergen,Closter,Bergen,On Premise,1.00,355.00
Robin Feldman,65008,American Lgn Norwood,480 Broadway,Bergen,Bergen,Norwood,Bergen,On Premise,1.00,22.00
Robin Feldman,66001,Montammy Golf Club (P),Route 9 W,Bergen,Bergen,Alpine,Bergen,On Premise,1.00,150.00
Robin Feldman,66002,Kiku (Z) Restaurant,385 Rte 9w,Bergen,Bergen,Alpine,Bergen,On Premise,1.00,178.00
Robin Feldman,67006,Northvale Diner,247 Livingston St,Bergen,Bergen,Northvale,Bergen,On Premise,1.00,42.00
Robin Feldman,67009,American Lgn Northvale,190 Paris Ave,Bergen,Bergen,Northvale,Bergen,On Premise,1.00,20.00
Robin Feldman,70009,Montvale Fire Company,35 W Grand Ave,Bergen,Bergen,Montvale,Bergen,On Premise,1.00,43.00
Robin Feldman,71009,American Lgn Park Ridge,118 Ridge Ave,Bergen,Bergen,Park Ridge,Bergen,On Premise,1.00,42.00
Robin Feldman,71010,Elks Post 2234,13 Sulak Lane,Bergen,Bergen,Park Ridge,Bergen,On Premise,1.00,290.00
Robin Feldman,71015,Park Ridge Vol Fire Dept,53 Park Avenue,Bergen,Bergen,Park Ridge,Bergen,On Premise,1.00,10.00
Robin Feldman,73004,Osso Buco,343 Broadway,Bergen,Bergen,Hillsdale,Bergen,On Premise,1.00,51.00
Robin Feldman,73007,Bensi (P),387 Washington Ave,Bergen,Bergen,Hillsdale,Bergen,On Premise,1.00,300.00
Robin Feldman,74002,Elks Post 1562,523 Kinderkamack Rd,Bergen,Bergen,Westwood,Bergen,On Premise,1.00,396.00
Robin Feldman,74014,American Lgn (Z) (Westwood),264 Washington Ave,Bergen,Bergen,Westwood,Bergen,On Premise,1.00,278.00
Robin Feldman,74019,K Of C Westwood,40 Crest St,Bergen,Bergen,Westwood,Bergen,On Premise,1.00,24.00
Robin Feldman,76004,Marriot Hotel(A)Saddle Bk,138 New Pehle Ave,Bergen,Bergen,Saddle Brook,Bergen,On Premise,1.00,237.00
Robin Feldman,76013,Vfw Of Saddlebrook,44 Market St,Bergen,Bergen,Saddle Brook,Bergen,On Premise,1.00,518.00
Robin Feldman,76022,American Lgn (Z) (Saddle Brook),302 Midland Ave,Bergen,Bergen,Saddle Brook,Bergen,On Premise,1.00,277.00
Robin Feldman,77013,William J. Mulligan VFW Post 281,6 Veterans Pl,Bergen,Bergen,Elmwood Park,Bergen,On Premise,1.00,417.00
Robin Feldman,77033,Elmwood Pk-Pater Elks #60,192 Market St,Bergen,Bergen,Elmwood Park,Bergen,On Premise,1.00,5.00
Robin Feldman,77034,American Lgn Elmwood Park,1 Legion Pl,Bergen,Bergen,Elmwood Park,Bergen,On Premise,1.00,16.00
Robin Feldman,78010,American Lgn Rochelle Pk,33 W Passaic St,Bergen,Bergen,Rochelle Park,Bergen,On Premise,1.00,640.00
Robin Feldman,79009,American Lgn (Z) (Maywood),135 E Passaic,Bergen,Bergen,Maywood,Bergen,On Premise,1.00,174.00
Robin Feldman,79011,K Of C Maywood,105 Grove Ave,Bergen,Bergen,Maywood,Bergen,On Premise,1.00,21.00
Robin Feldman,80019,Kiku Restaurant,365 Rte 17 So.,Bergen,Bergen,Paramus,Bergen,On Premise,1.00,326.00
Robin Feldman,80033,Elks Post 2001 Paramus,200 Rt 17,Bergen,Bergen,Paramus,Bergen,On Premise,1.00,50.00
Robin Feldman,8013,Vfw 2906 Pompt. Lks.(Z),260 Wanaque Avenue,Passaic,Passaic,Pompton Lakes,Passaic,On Premise,1.00,163.00
Robin Feldman,8016,Elks Pompton Lakes,1 Perrin Avenue,Passaic,Passaic,Pompton Lakes,Passaic,On Premise,1.00,82.00
Robin Feldman,81023,K Of C W Bergen,16-16 Maple Ave,Bergen,Bergen,Fair Lawn,Bergen,On Premise,1.00,52.00
Robin Feldman,81032,Hyatt Place Fair Lawn (A),41-01 Broadway,Bergen,Bergen,Fair Lawn,Bergen,On Premise,1.00,27.00
Robin Feldman,84021,Upper Ridgewood Tennis(A),915 Glenview Road,Bergen,Bergen,Ridgewood,Bergen,On Premise,1.00,58.00
Robin Feldman,85005,Vol Fire Co Midland Pk.,45 Witte Dr,Bergen,Bergen,Midland Park,Bergen,On Premise,1.00,20.00
Robin Feldman,86005,K Of C (Z) Washing. Twsp,79 Pascack Rd,Bergen,Bergen,Washington Twsp,Bergen,On Premise,1.00,240.00
Robin Feldman,88009,Matthew Colonial Rest(A),4 Franklin Tpke,Bergen,Bergen,Waldwick,Bergen,On Premise,1.00,25.00
Robin Feldman,9001,Pompton Queen (P),710 NJ-23,Morris 3,Morris,Pompton Plains,Morris 3,On Premise,1.00,193.33
Robin Feldman,9007,American Lgn Pompton Plains,700 Newark Pompton Turnp,Morris 3,Morris,Pompton Plains,Morris 3,On Premise,1.00,22.00
Robin Feldman,9009,Cedar Crest Village(607),1 Cedar Crest Drive,Morris 3,Morris,Pompton Plains,Morris 3,On Premise,1.00,98.00
Robin Feldman,92016,K Of C Ramsey,48 Mechanic St,Bergen,Bergen,Ramsey,Bergen,On Premise,1.00,26.00
Robin Feldman,93001,Stateline Diner (P),375 Rt 17 N,Bergen,Bergen,Mahwah,Bergen,On Premise,1.00,101.00
Robin Feldman,93013,Elks Post 1941 (Z),1 Foxwood Ln,Bergen,Bergen,Mahwah,Bergen,On Premise,1.00,478.00
Robin Feldman,93016,Sangria Taps/Rest(Z),1033 Mac Arthur Blvd(Ctr),Bergen,Bergen,Mahwah,Bergen,On Premise,1.00,32.00
Robin Feldman,93018,Courtyard Mahwah,140 Rt 17 S,Bergen,Bergen,Mahwah,Bergen,On Premise,1.00,96.67
Robin Feldman,94011,Elks Post 2167,33 Ramapo Valley Rd,Bergen,Bergen,Oakland,Bergen,On Premise,1.00,69.00
Robin Feldman,94016,Doc Watsons NJ,20 Elm St,Bergen,Bergen,Oakland,Bergen,On Premise,1.00,416.00
Robin Feldman,95002,Indian Trail Club,830 Franklin Lakes Rd,Bergen,Bergen,Franklin Lakes,Bergen,On Premise,1.00,324.00
Shane Barreca,201097,Whole Foods #10381 (Closter),45 Vervalen St.,Bergen,Bergen,Closter,Bergen,Off Premise,1.00,380.00
Shane Barreca,201098,Whole Foods #8407 (Woodcliff Lake),500 Chestnut Ridge Rd.,Bergen,Bergen,Woodcliff Lake,Bergen,Off Premise,1.00,438.00
Shane Barreca,55001,Coasters Liquors,37 Union Ave,Bergen,Bergen,Cresskill,Bergen,Off Premise,1.00,2899.00
Shane Barreca,59003,Oradell Mini Mart(P),219 Kinderkamack Road,Bergen,Bergen,Oradell,Bergen,Off Premise,1.00,1663.00
Shane Barreca,59004,Royal Wine & Spirits II,50 Kinderkamack Rd,Bergen,Bergen,Oradell,Bergen,Off Premise,1.00,2801.00
Shane Barreca,60001,Bottle King (A) Dumont,95 Washington Ave,Bergen,Bergen,Dumont,Bergen,Off Premise,1.00,36261.00
Shane Barreca,60010,D & L Dumont Liquors,46 Grant Ave,Bergen,Bergen,Dumont,Bergen,Off Premise,1.00,1823.00
Shane Barreca,62001,Garden State Deli (A),135 Oakland Ave,Bergen,Bergen,Closter,Bergen,Off Premise,1.00,6742.00
Shane Barreca,62006,Murphy's Fine Wines & Liquors (UNI 4H Inc.),230 Closter Dock Rd,Bergen,Bergen,Closter,Bergen,Off Premise,1.00,1289.00
Shane Barreca,62009,Gary's Wine & Marketplace (Closter),67 Ver Valen St,Bergen,Bergen,Closter,Bergen,Off Premise,1.00,6414.00
Shane Barreca,64002,The Store,102 La Roche Ave,Bergen,Bergen,Harrington Park,Bergen,Off Premise,1.00,140.00
Shane Barreca,65001,Wine & Whiskey (A),7 Broad St,Bergen,Bergen,Norwood,Bergen,Off Premise,1.00,3269.00
Shane Barreca,67004,Beverage Barn (A),224 Livingston St,Bergen,Bergen,Northvale,Bergen,Off Premise,1.00,24857.00
Shane Barreca,67005,Shoprite Liq (A)Northvle,254 F Livingston St.,Bergen,Bergen,Northvale,Bergen,Off Premise,1.00,18009.00
Shane Barreca,68002,Wine And Beverage Spirits,14 Bi State Shop Ctr 72d,Bergen,Bergen,Old Tappan,Bergen,Off Premise,1.00,4751.00
Shane Barreca,70001,Montvale Wine/Liq & Beer,110 Farm View,Bergen,Bergen,Montvale,Bergen,Off Premise,1.00,21475.00
Shane Barreca,70003,Montvale Wines & Spirits,18 S. Kinderkamack Rd,Bergen,Bergen,Montvale,Bergen,Off Premise,1.00,1823.00
Shane Barreca,71003,Brand Bar & Bev (A),73 Park Ave,Bergen,Bergen,Park Ridge,Bergen,Off Premise,1.00,7080.00
Shane Barreca,71006,Ridgemont Liquors (A),195 Kinderkamack Rd,Bergen,Bergen,Park Ridge,Bergen,Off Premise,1.00,2990.67
Shane Barreca,73003,Bottle King (A) Hillsdale,381 Washington Ave,Bergen,Bergen,Hillsdale,Bergen,Off Premise,1.00,19774.00
Shane Barreca,73008,Shop Rite Liq (A)Hillsdal,371 Broadway,Bergen,Bergen,Hillsdale,Bergen,Off Premise,1.00,15421.50
Shane Barreca,74005,Winemart Discount,700 Broadway Suite 42,Bergen,Bergen,Westwood,Bergen,Off Premise,1.00,8310.67
Shane Barreca,74007,Djm Liq Inc. (P)(Andrew),48 Washington Ave,Bergen,Bergen,Westwood,Bergen,Off Premise,1.00,2857.00
Shane Barreca,74009,Westwood Wine and Liquors,725 Broadway,Bergen,Bergen,Westwood,Bergen,Off Premise,1.00,5404.00
Shane Barreca,75002,Shop Rite Liq (A)Emerson,425 Old Hook Rd,Bergen,Bergen,Emerson,Bergen,Off Premise,1.00,8480.00
Shane Barreca,75004,Cork & Keg (A),89 Kinderkamack Rd,Bergen,Bergen,Emerson,Bergen,Off Premise,1.00,11978.17
Shane Barreca,86003,Township Liq (P),309 Pascack Rd,Bergen,Bergen,Washington Twsp,Bergen,Off Premise,1.00,7349.00
Shane Barreca,92008,Ramsey Wine & Liquor,47 W Main St,Bergen,Bergen,Ramsey,Bergen,Off Premise,1.00,24068.00
Shane Barreca,92011,Bottle King (A) Ramsey,476 Rt 17 N,Bergen,Bergen,Ramsey,Bergen,Off Premise,1.00,44746.00
