Sales Rep Assigned,Customer Num,Customer Name,Shipping Address,City,Distribution Area,Product Num,Product Name,Date,Buyer Count   1/1/2025 - 12/31/2026,Units   1/1/2025 - 12/31/2026,Revenue   1/1/2025 - 12/31/2026,Gross Profit   1/1/2025 - 12/31/2026
Allison Scott,7003,Blu Ale House,92 NJ-23,Riverdale,Morris 3,201051,Green River Bourbon 1/750 mL Btl,1/21/2026,1.00,1.00,$26.83,$8.82
Allison Scott,7003,Blu Ale House,92 NJ-23,Riverdale,Morris 3,201051,Green River Bourbon 1/750 mL Btl,5/14/2025,1.00,2.00,$54.67,$18.64
Allison Scott,10007,Bardis (P),149 Newark Pompton Tpke,Pequannock,Morris 3,201077,Green River Honey 1/750 mL Btl,7/17/2026,1.00,1.00,$20.00,$7.65
Allison Scott,8006,pompton crafthouse,23 Wanaque Ave,Pompton Lakes,Passaic-FF,201054,Green River Wheated 1/750 mL,10/23/2025,1.00,6.00,$162.00,$53.91
Allison Scott,8006,pompton crafthouse,23 Wanaque Ave,Pompton Lakes,Passaic-FF,201076,Green River Wheated Full Proof 1/750 ml Btl,4/30/2026,1.00,6.00,$218.00,$60.91
Allison Scott,24019,Sharky's Wings(P),545 Highland Ave,Clifton,Passaic,201053,Green River Rye 1/750 mL,2/4/2025,1.00,1.00,$27.33,$9.32
Allison Scott,1005,Grasshopper Irish Pub (A),2891 Route 23,Newfoundland,Passaic,201056,Bardstown Origin Series Bourbon 1/750 mL Btl,7/17/2026,1.00,1.00,$36.67,$13.15
Allison Scott,24056,Jaime's (A),915 Bloomfield Ave,Clifton,Passaic,201056,Bardstown Origin Series Bourbon 1/750 mL Btl,3/4/2025,1.00,1.00,$34.67,$0.49
Allison Scott,15004,Blackjack Mulligan's Public House,1145 Mcbride Ave,Woodland Park,Passaic,201053,Green River Rye 1/750 mL,5/7/2026,1.00,1.00,$26.83,$8.82
Allison Scott,8006,pompton crafthouse,23 Wanaque Ave,Pompton Lakes,Passaic-FF,201054,Green River Wheated 1/750 mL,4/30/2026,1.00,6.00,$154.00,$45.91
Allison Scott,12026,WAYNE ALE HOUSE & PIZZA,611 Ratzer Road,Wayne,Passaic,201055,Bardstown Origin Series Bottle-In-Bond 1/750 mL Btl,4/30/2025,1.00,2.00,$76.67,$24.30
Allison Scott,8006,pompton crafthouse,23 Wanaque Ave,Pompton Lakes,Passaic-FF,201056,Bardstown Origin Series Bourbon 1/750 mL Btl,2/5/2025,1.00,6.00,$196.00,$54.91
Allison Scott,12022,Grasshopper Too (A),26 Erie Ave,Wayne,Passaic,201056,Bardstown Origin Series Bourbon 1/750 mL Btl,7/17/2026,1.00,1.00,$36.67,$13.15
Allison Scott,8015,Thatcher Mc Ghees (A),6 Wanaque Ave,Pompton Lakes,Passaic-FF,201056,Bardstown Origin Series Bourbon 1/750 mL Btl,2/27/2025,1.00,1.00,$34.67,$0.49
Allison Scott,24048,Dante's,955 Valley Rd,Clifton,Passaic,201056,Bardstown Origin Series Bourbon 1/750 mL Btl,2/28/2025,1.00,1.00,$34.67,$0.49
Allison Scott,7003,Blu Ale House,92 NJ-23,Riverdale,Morris 3,201051,Green River Bourbon 1/750 mL Btl,9/9/2025,1.00,2.00,$58.66,$22.63
Allison Scott,24048,Dante's,955 Valley Rd,Clifton,Passaic,201053,Green River Rye 1/750 mL,2/28/2025,1.00,1.00,$27.33,$9.32
Allison Scott,14010,Uncorked (P),650 Union Blvd,Totowa,Passaic,201056,Bardstown Origin Series Bourbon 1/750 mL Btl,4/8/2026,1.00,1.00,$36.67,$13.15
Allison Scott,25083,Rutt's Hut (A),417 River Rd,Clifton,Passaic,201056,Bardstown Origin Series Bourbon 1/750 mL Btl,3/4/2026,1.00,1.00,$36.67,$13.15
Allison Scott,24029,Dingo's Den (P),615 Van Houten Ave,Clifton,Passaic,201056,Bardstown Origin Series Bourbon 1/750 mL Btl,10/7/2025,1.00,1.00,$36.67,$13.15
Allison Scott,24019,Sharky's Wings(P),545 Highland Ave,Clifton,Passaic,201051,Green River Bourbon 1/750 mL Btl,2/4/2025,1.00,1.00,$27.33,$9.32
Allison Scott,24054,Upper Montclair Cc (A),177 Hepburn Rd,Clifton,Passaic,201056,Bardstown Origin Series Bourbon 1/750 mL Btl,5/29/2026,1.00,1.00,$36.67,$13.15
Allison Scott,15004,Blackjack Mulligan's Public House,1145 Mcbride Ave,Woodland Park,Passaic,201058,Bardstown Origin Series High Wheat 1/750 mL Btl,4/30/2025,1.00,2.00,$76.67,$24.30
Allison Scott,7003,Blu Ale House,92 NJ-23,Riverdale,Morris 3,201051,Green River Bourbon 1/750 mL Btl,1/6/2026,1.00,1.00,$26.83,$8.82
Allison Scott,8006,pompton crafthouse,23 Wanaque Ave,Pompton Lakes,Passaic-FF,201072,Green River Bourbon 250th Army Anniversary 1/750 mL,6/9/2026,1.00,2.00,$77.33,$22.79
Allison Scott,24044,Pub 46 B & G (Z),1081 Rt 46 East,Clifton,Passaic,201051,Green River Bourbon 1/750 mL Btl,2/5/2025,1.00,1.00,$27.33,$9.32
Allison Scott,15004,Blackjack Mulligan's Public House,1145 Mcbride Ave,Woodland Park,Passaic,201056,Bardstown Origin Series Bourbon 1/750 mL Btl,1/24/2025,1.00,1.00,$34.50,$34.32
Allison Scott,12026,WAYNE ALE HOUSE & PIZZA,611 Ratzer Road,Wayne,Passaic,201055,Bardstown Origin Series Bottle-In-Bond 1/750 mL Btl,5/29/2025,1.00,1.00,$38.67,$12.49
Allison Scott,25083,Rutt's Hut (A),417 River Rd,Clifton,Passaic,201056,Bardstown Origin Series Bourbon 1/750 mL Btl,7/14/2026,1.00,1.00,$36.67,$13.15
Allison Scott,15004,Blackjack Mulligan's Public House,1145 Mcbride Ave,Woodland Park,Passaic,201058,Bardstown Origin Series High Wheat 1/750 mL Btl,3/26/2026,1.00,5.00,$188.33,$57.43
Allison Scott,8006,pompton crafthouse,23 Wanaque Ave,Pompton Lakes,Passaic-FF,201051,Green River Bourbon 1/750 mL Btl,4/30/2026,1.00,6.00,$154.00,$45.91
Allison Scott,15004,Blackjack Mulligan's Public House,1145 Mcbride Ave,Woodland Park,Passaic,201058,Bardstown Origin Series High Wheat 1/750 mL Btl,1/24/2025,1.00,1.00,$38.33,$12.15
Allison Scott,24054,Upper Montclair Cc (A),177 Hepburn Rd,Clifton,Passaic,201054,Green River Wheated 1/750 mL,5/29/2026,1.00,1.00,$26.83,$8.82
Allison Scott,7003,Blu Ale House,92 NJ-23,Riverdale,Morris 3,201051,Green River Bourbon 1/750 mL Btl,4/22/2025,1.00,2.00,$54.67,$18.64
Allison Scott,10007,Bardis (P),149 Newark Pompton Tpke,Pequannock,Morris 3,201051,Green River Bourbon 1/750 mL Btl,6/6/2025,1.00,1.00,$27.33,$9.32
Allison Scott,24054,Upper Montclair Cc (A),177 Hepburn Rd,Clifton,Passaic,201077,Green River Honey 1/750 mL Btl,5/29/2026,1.00,1.00,$20.00,$7.65
Allison Scott,7003,Blu Ale House,92 NJ-23,Riverdale,Morris 3,201051,Green River Bourbon 1/750 mL Btl,2/25/2025,1.00,1.00,$27.33,$9.32
Allison Scott,8006,pompton crafthouse,23 Wanaque Ave,Pompton Lakes,Passaic-FF,201057,Bardstown Origin Series Double Barrel Rye 1/750 mL Btl,2/5/2025,1.00,6.00,$218.00,$60.91
Allison Scott,19012,Bottagra Rest (P),80 Wagaraw Road,Hawthorne,Passaic,201056,Bardstown Origin Series Bourbon 1/750 mL Btl,1/22/2025,1.00,2.00,$68.00,$67.64
Allison Scott,8015,Thatcher Mc Ghees (A),6 Wanaque Ave,Pompton Lakes,Passaic-FF,201077,Green River Honey 1/750 mL Btl,7/15/2026,1.00,1.00,$20.00,$7.65
Allison Scott,7003,Blu Ale House,92 NJ-23,Riverdale,Morris 3,201051,Green River Bourbon 1/750 mL Btl,4/8/2025,1.00,2.00,$54.67,$18.64
Allison Scott,8006,pompton crafthouse,23 Wanaque Ave,Pompton Lakes,Passaic-FF,201054,Green River Wheated 1/750 mL,12/18/2025,1.00,6.00,$161.00,$52.91
Allison Scott,8006,pompton crafthouse,23 Wanaque Ave,Pompton Lakes,Passaic-FF,201066,Green River Single Barrel GSPD #1 1/750 mL,4/30/2026,1.00,6.00,$267.96,$71.87
Allison Scott,19012,Bottagra Rest (P),80 Wagaraw Road,Hawthorne,Passaic,201051,Green River Bourbon 1/750 mL Btl,1/22/2025,1.00,2.00,$54.00,($160.36)
Allison Scott,15004,Blackjack Mulligan's Public House,1145 Mcbride Ave,Woodland Park,Passaic,201057,Bardstown Origin Series Double Barrel Rye 1/750 mL Btl,3/27/2026,1.00,-1.00,($37.67),($11.49)
Allison Scott,8006,pompton crafthouse,23 Wanaque Ave,Pompton Lakes,Passaic-FF,201054,Green River Wheated 1/750 mL,11/20/2025,1.00,6.00,$161.00,$52.91
Allison Scott,7003,Blu Ale House,92 NJ-23,Riverdale,Morris 3,201058,Bardstown Origin Series High Wheat 1/750 mL Btl,5/27/2025,1.00,1.00,$38.67,$12.49
Allison Scott,12022,Grasshopper Too (A),26 Erie Ave,Wayne,Passaic,201056,Bardstown Origin Series Bourbon 1/750 mL Btl,2/14/2025,1.00,1.00,$34.67,$11.15
Allison Scott,7003,Blu Ale House,92 NJ-23,Riverdale,Morris 3,201051,Green River Bourbon 1/750 mL Btl,5/5/2026,1.00,2.00,$53.67,$17.64
Allison Scott,15004,Blackjack Mulligan's Public House,1145 Mcbride Ave,Woodland Park,Passaic,201058,Bardstown Origin Series High Wheat 1/750 mL Btl,3/27/2026,1.00,-5.00,($188.33),($57.43)
Allison Scott,7003,Blu Ale House,92 NJ-23,Riverdale,Morris 3,201051,Green River Bourbon 1/750 mL Btl,11/18/2025,1.00,1.00,$26.83,$8.82
Allison Scott,8006,pompton crafthouse,23 Wanaque Ave,Pompton Lakes,Passaic-FF,201077,Green River Honey 1/750 mL Btl,5/8/2026,1.00,6.00,$115.00,$40.91
Allison Scott,7003,Blu Ale House,92 NJ-23,Riverdale,Morris 3,201051,Green River Bourbon 1/750 mL Btl,9/24/2025,1.00,1.00,$29.33,$11.32
Allison Scott,24019,Sharky's Wings(P),545 Highland Ave,Clifton,Passaic,201056,Bardstown Origin Series Bourbon 1/750 mL Btl,10/7/2025,1.00,1.00,$36.67,$13.15
Allison Scott,15074,Bask 46,1530 Rt 46 West,Woodland Park,Passaic,201051,Green River Bourbon 1/750 mL Btl,10/20/2025,1.00,1.00,$29.33,$11.32
Allison Scott,7003,Blu Ale House,92 NJ-23,Riverdale,Morris 3,201051,Green River Bourbon 1/750 mL Btl,6/10/2025,1.00,1.00,$27.33,$9.32
Allison Scott,24019,Sharky's Wings(P),545 Highland Ave,Clifton,Passaic,201056,Bardstown Origin Series Bourbon 1/750 mL Btl,2/4/2025,1.00,1.00,$34.67,$11.15
Allison Scott,15074,Bask 46,1530 Rt 46 West,Woodland Park,Passaic,201058,Bardstown Origin Series High Wheat 1/750 mL Btl,4/30/2025,1.00,2.00,$76.67,$24.30
Allison Scott,24019,Sharky's Wings(P),545 Highland Ave,Clifton,Passaic,201055,Bardstown Origin Series Bottle-In-Bond 1/750 mL Btl,2/4/2025,1.00,1.00,$38.67,$12.49
Allison Scott,12026,WAYNE ALE HOUSE & PIZZA,611 Ratzer Road,Wayne,Passaic,201056,Bardstown Origin Series Bourbon 1/750 mL Btl,2/11/2025,1.00,1.00,$34.67,$11.15
Allison Scott,15004,Blackjack Mulligan's Public House,1145 Mcbride Ave,Woodland Park,Passaic,201057,Bardstown Origin Series Double Barrel Rye 1/750 mL Btl,1/24/2025,1.00,1.00,$38.33,$38.15
Allison Scott,15004,Blackjack Mulligan's Public House,1145 Mcbride Ave,Woodland Park,Passaic,201053,Green River Rye 1/750 mL,3/27/2026,1.00,1.00,$26.83,$8.82
Allison Scott,25083,Rutt's Hut (A),417 River Rd,Clifton,Passaic,201056,Bardstown Origin Series Bourbon 1/750 mL Btl,6/25/2026,1.00,1.00,$36.67,$13.15
Allison Scott,7003,Blu Ale House,92 NJ-23,Riverdale,Morris 3,201054,Green River Wheated 1/750 mL,5/5/2026,1.00,1.00,$26.83,$8.82
Allison Scott,14010,Uncorked (P),650 Union Blvd,Totowa,Passaic,201054,Green River Wheated 1/750 mL,4/8/2026,1.00,1.00,$26.83,$8.82
Allison Scott,7003,Blu Ale House,92 NJ-23,Riverdale,Morris 3,201054,Green River Wheated 1/750 mL,4/8/2026,1.00,1.00,$26.83,$8.82
Allison Scott,7003,Blu Ale House,92 NJ-23,Riverdale,Morris 3,201051,Green River Bourbon 1/750 mL Btl,3/3/2026,1.00,1.00,$26.83,$8.82
Allison Scott,7003,Blu Ale House,92 NJ-23,Riverdale,Morris 3,201058,Bardstown Origin Series High Wheat 1/750 mL Btl,4/8/2025,1.00,1.00,$38.67,$12.49
Allison Scott,8006,pompton crafthouse,23 Wanaque Ave,Pompton Lakes,Passaic-FF,201058,Bardstown Origin Series High Wheat 1/750 mL Btl,5/28/2026,1.00,3.00,$122.00,$43.46
Allison Scott,7003,Blu Ale House,92 NJ-23,Riverdale,Morris 3,201051,Green River Bourbon 1/750 mL Btl,10/2/2025,1.00,1.00,$29.33,$11.32
Allison Scott,8006,pompton crafthouse,23 Wanaque Ave,Pompton Lakes,Passaic-FF,201072,Green River Bourbon 250th Army Anniversary 1/750 mL,4/30/2026,1.00,6.00,$218.00,$60.91
Allison Scott,15004,Blackjack Mulligan's Public House,1145 Mcbride Ave,Woodland Park,Passaic,201054,Green River Wheated 1/750 mL,3/27/2026,1.00,5.00,$134.17,$44.09
Allison Scott,10007,Bardis (P),149 Newark Pompton Tpke,Pequannock,Morris 3,201056,Bardstown Origin Series Bourbon 1/750 mL Btl,6/6/2025,1.00,1.00,$34.67,$11.15
Allison Scott,7003,Blu Ale House,92 NJ-23,Riverdale,Morris 3,201051,Green River Bourbon 1/750 mL Btl,5/27/2025,1.00,2.00,$54.67,$18.64
Allison Scott,25083,Rutt's Hut (A),417 River Rd,Clifton,Passaic,201056,Bardstown Origin Series Bourbon 1/750 mL Btl,5/13/2026,1.00,1.00,$36.67,$13.15
Allison Scott,24056,Jaime's (A),915 Bloomfield Ave,Clifton,Passaic,201057,Bardstown Origin Series Double Barrel Rye 1/750 mL Btl,3/4/2025,1.00,1.00,$38.67,$12.49
Allison Scott,7003,Blu Ale House,92 NJ-23,Riverdale,Morris 3,201051,Green River Bourbon 1/750 mL Btl,10/28/2025,1.00,1.00,$27.00,$8.99
Allison Scott,15004,Blackjack Mulligan's Public House,1145 Mcbride Ave,Woodland Park,Passaic,201055,Bardstown Origin Series Bottle-In-Bond 1/750 mL Btl,4/30/2025,1.00,2.00,$76.67,$24.30
Allison Scott,17009,Jimmy Geez (P),436 Belmont Ave,Haledon,Passaic,201056,Bardstown Origin Series Bourbon 1/750 mL Btl,2/5/2025,1.00,1.00,$34.67,$11.15
Allison Scott,24054,Upper Montclair Cc (A),177 Hepburn Rd,Clifton,Passaic,201055,Bardstown Origin Series Bottle-In-Bond 1/750 mL Btl,5/29/2026,1.00,1.00,$40.67,$14.49
Allison Scott,15074,Bask 46,1530 Rt 46 West,Woodland Park,Passaic,201055,Bardstown Origin Series Bottle-In-Bond 1/750 mL Btl,4/30/2025,1.00,2.00,$76.67,$24.30
Allison Scott,24029,Dingo's Den (P),615 Van Houten Ave,Clifton,Passaic,201056,Bardstown Origin Series Bourbon 1/750 mL Btl,2/18/2025,1.00,1.00,$34.67,$11.15
Allison Scott,14003,Murph's Bar & Liquor,375 Union Blvd,Totowa,Passaic,201072,Green River Bourbon 250th Army Anniversary 1/750 mL,12/2/2025,1.00,2.00,$77.33,$24.97
Allison Scott,25056,Emerald Corner (Z),12 Oak St,Clifton,Passaic,201077,Green River Honey 1/750 mL Btl,7/17/2026,1.00,1.00,$20.00,$7.65
Allison Scott,7003,Blu Ale House,92 NJ-23,Riverdale,Morris 3,201051,Green River Bourbon 1/750 mL Btl,11/4/2025,1.00,1.00,$26.83,$8.82
Allison Scott,19012,Bottagra Rest (P),80 Wagaraw Road,Hawthorne,Passaic,201058,Bardstown Origin Series High Wheat 1/750 mL Btl,1/21/2026,1.00,1.00,$40.67,$14.49
Allison Scott,24038,J. Alexander's Restaurant,405 Allwood Road,Clifton,Passaic,201055,Bardstown Origin Series Bottle-In-Bond 1/750 mL Btl,3/13/2025,1.00,2.00,$76.67,$24.30
Allison Scott,15006,Great Notch Inn(Z),400 Us 46 West,Little Falls,Passaic,201053,Green River Rye 1/750 mL,6/5/2025,1.00,1.00,$27.33,$9.32
Allison Scott,7003,Blu Ale House,92 NJ-23,Riverdale,Morris 3,201051,Green River Bourbon 1/750 mL Btl,11/25/2025,1.00,1.00,$26.83,$8.82
Allison Scott,7003,Blu Ale House,92 NJ-23,Riverdale,Morris 3,201051,Green River Bourbon 1/750 mL Btl,10/21/2025,1.00,1.00,$29.33,$11.32
Allison Scott,10007,Bardis (P),149 Newark Pompton Tpke,Pequannock,Morris 3,201056,Bardstown Origin Series Bourbon 1/750 mL Btl,4/25/2025,1.00,1.00,$34.67,$11.15
Allison Scott,7003,Blu Ale House,92 NJ-23,Riverdale,Morris 3,201051,Green River Bourbon 1/750 mL Btl,7/2/2025,1.00,1.00,$27.33,$9.32
Allison Scott,8006,pompton crafthouse,23 Wanaque Ave,Pompton Lakes,Passaic-FF,201058,Bardstown Origin Series High Wheat 1/750 mL Btl,2/5/2025,1.00,6.00,$218.00,$60.91
Allison Scott,24038,J. Alexander's Restaurant,405 Allwood Road,Clifton,Passaic,201058,Bardstown Origin Series High Wheat 1/750 mL Btl,3/13/2025,1.00,2.00,$76.67,$24.30
Allison Scott,8006,pompton crafthouse,23 Wanaque Ave,Pompton Lakes,Passaic-FF,201055,Bardstown Origin Series Bottle-In-Bond 1/750 mL Btl,2/5/2025,1.00,6.00,$218.00,$60.91
Allison Scott,12026,WAYNE ALE HOUSE & PIZZA,611 Ratzer Road,Wayne,Passaic,201058,Bardstown Origin Series High Wheat 1/750 mL Btl,4/30/2025,1.00,2.00,$76.67,$24.30
Allison Scott,7003,Blu Ale House,92 NJ-23,Riverdale,Morris 3,201051,Green River Bourbon 1/750 mL Btl,11/11/2025,1.00,1.00,$26.83,$8.82
Allison Scott,15074,Bask 46,1530 Rt 46 West,Woodland Park,Passaic,201056,Bardstown Origin Series Bourbon 1/750 mL Btl,2/5/2025,1.00,1.00,$34.67,$11.15
Allison Scott,15004,Blackjack Mulligan's Public House,1145 Mcbride Ave,Woodland Park,Passaic,201057,Bardstown Origin Series Double Barrel Rye 1/750 mL Btl,3/26/2026,1.00,1.00,$37.67,$11.49
Allison Scott,24029,Dingo's Den (P),615 Van Houten Ave,Clifton,Passaic,201051,Green River Bourbon 1/750 mL Btl,2/18/2025,1.00,1.00,$27.33,$9.32
Allison Scott,15074,Bask 46,1530 Rt 46 West,Woodland Park,Passaic,201054,Green River Wheated 1/750 mL,10/20/2025,1.00,1.00,$29.33,$11.32
Allison Scott,7003,Blu Ale House,92 NJ-23,Riverdale,Morris 3,201051,Green River Bourbon 1/750 mL Btl,2/3/2026,1.00,1.00,$26.83,$8.82
Anthony Palmisano,1012,Uncorked Wines & Spirits (West Milford),9 Marshall Hill Road,West Milford,Passaic-FF,201058,Bardstown Origin Series High Wheat 1/750 mL Btl,2/6/2025,1.00,6.00,$222.00,$64.91
Anthony Palmisano,4009,Usa Wine Traders Club (Bloomingdale),29 Main St,Bloomingdale,Passaic,201058,Bardstown Origin Series High Wheat 1/750 mL Btl,4/17/2025,1.00,6.00,$218.00,$60.91
Anthony Palmisano,7001,Home Wine and Liquors,92 RT 23,Riverdale,Morris 3,201055,Bardstown Origin Series Bottle-In-Bond 1/750 mL Btl,2/10/2026,1.00,6.00,$226.00,$68.91
Anthony Palmisano,10003,Buy Rite W &L Pompton(P),500 NJ-23,Pompton Plains,Morris 3,201055,Bardstown Origin Series Bottle-In-Bond 1/750 mL Btl,6/9/2026,1.00,6.00,$226.00,$68.91
Anthony Palmisano,1031,Highland Wine&Liquor Inc,1926 Union Valley Rd K,Hewitt,Passaic-FF,201051,Green River Bourbon 1/750 mL Btl,6/6/2025,1.00,6.00,$162.00,$53.91
Anthony Palmisano,7001,Home Wine and Liquors,92 RT 23,Riverdale,Morris 3,201055,Bardstown Origin Series Bottle-In-Bond 1/750 mL Btl,7/7/2026,1.00,6.00,$226.00,$68.91
Anthony Palmisano,230903,Black Bear Golf(A),138 New Jersey 23,Franklin,Sussex,201054,Green River Wheated 1/750 mL,4/25/2025,1.00,2.00,$54.67,$18.64
Anthony Palmisano,3001,Best Cellars (Wanaque),1069 Ringwood Ave,Wanaque,Passaic-FF,201058,Bardstown Origin Series High Wheat 1/750 mL Btl,5/29/2025,1.00,6.00,$226.00,$68.91
Anthony Palmisano,1012,Uncorked Wines & Spirits (West Milford),9 Marshall Hill Road,West Milford,Passaic-FF,201055,Bardstown Origin Series Bottle-In-Bond 1/750 mL Btl,5/20/2026,1.00,6.00,$218.00,$60.91
Anthony Palmisano,6002,Roserne Liquors North,1150 NJ-23,Kinnelon,Morris 3,201056,Bardstown Origin Series Bourbon 1/750 mL Btl,1/21/2025,1.00,1.00,$34.50,$34.32
Anthony Palmisano,230915,Crystal Sprs/Wild Turkey,123 Crystal Springs Rd,Hamburg,Sussex,201051,Green River Bourbon 1/750 mL Btl,3/13/2026,1.00,6.00,$161.00,$52.91
Anthony Palmisano,6002,Roserne Liquors North,1150 NJ-23,Kinnelon,Morris 3,201057,Bardstown Origin Series Double Barrel Rye 1/750 mL Btl,1/21/2025,1.00,1.00,$38.33,$38.15
Anthony Palmisano,2003,Ringwood W&L,130 Skyline Drive,Ringwood,Passaic-FF,201058,Bardstown Origin Series High Wheat 1/750 mL Btl,3/13/2025,1.00,2.00,$75.33,$22.97
Anthony Palmisano,231213,The Kites (P),2 Chamonix Drive,Vernon,Sussex,201056,Bardstown Origin Series Bourbon 1/750 mL Btl,5/9/2025,1.00,2.00,$69.33,$22.30
Anthony Palmisano,3005,Usa Wine Traders (Wanaque),207 Ringwood Ave,Wanaque,Passaic-FF,201056,Bardstown Origin Series Bourbon 1/750 mL Btl,1/22/2025,1.00,6.00,$196.00,$194.91
Anthony Palmisano,1012,Uncorked Wines & Spirits (West Milford),9 Marshall Hill Road,West Milford,Passaic-FF,201072,Green River Bourbon 250th Army Anniversary 1/750 mL,11/20/2025,1.00,6.00,$218.00,$60.91
Anthony Palmisano,2003,Ringwood W&L,130 Skyline Drive,Ringwood,Passaic-FF,201052,Green River Full Proof 1/750 mL,3/13/2025,1.00,3.00,$113.00,$34.46
Anthony Palmisano,3001,Best Cellars (Wanaque),1069 Ringwood Ave,Wanaque,Passaic-FF,201055,Bardstown Origin Series Bottle-In-Bond 1/750 mL Btl,1/30/2025,1.00,6.00,$226.00,$68.91
Anthony Palmisano,4009,Usa Wine Traders Club (Bloomingdale),29 Main St,Bloomingdale,Passaic,201057,Bardstown Origin Series Double Barrel Rye 1/750 mL Btl,4/17/2025,1.00,6.00,$218.00,$60.91
Anthony Palmisano,3001,Best Cellars (Wanaque),1069 Ringwood Ave,Wanaque,Passaic-FF,201051,Green River Bourbon 1/750 mL Btl,1/30/2025,1.00,6.00,$162.00,($481.09)
Anthony Palmisano,4009,Usa Wine Traders Club (Bloomingdale),29 Main St,Bloomingdale,Passaic,201054,Green River Wheated 1/750 mL,2/17/2026,1.00,12.00,$322.00,$105.82
Anthony Palmisano,1012,Uncorked Wines & Spirits (West Milford),9 Marshall Hill Road,West Milford,Passaic-FF,201056,Bardstown Origin Series Bourbon 1/750 mL Btl,5/20/2026,1.00,6.00,$196.00,$54.91
Anthony Palmisano,5006,Roserne Pkg Store South,1477 NJ-23,Butler,Morris 3,201055,Bardstown Origin Series Bottle-In-Bond 1/750 mL Btl,1/15/2025,1.00,12.00,$436.00,$433.82
Anthony Palmisano,7001,Home Wine and Liquors,92 RT 23,Riverdale,Morris 3,201056,Bardstown Origin Series Bourbon 1/750 mL Btl,10/14/2025,1.00,2.00,$73.33,$26.30
Anthony Palmisano,4004,The River Of Beer,133 Main St,Bloomingdale,Passaic,201054,Green River Wheated 1/750 mL,9/18/2025,1.00,1.00,$29.33,$11.32
Anthony Palmisano,230915,Crystal Sprs/Wild Turkey,123 Crystal Springs Rd,Hamburg,Sussex,201056,Bardstown Origin Series Bourbon 1/750 mL Btl,1/28/2025,1.00,6.00,$204.00,$202.91
Anthony Palmisano,4009,Usa Wine Traders Club (Bloomingdale),29 Main St,Bloomingdale,Passaic,201056,Bardstown Origin Series Bourbon 1/750 mL Btl,4/17/2025,1.00,6.00,$196.00,$54.91
Anthony Palmisano,7001,Home Wine and Liquors,92 RT 23,Riverdale,Morris 3,201056,Bardstown Origin Series Bourbon 1/750 mL Btl,2/10/2026,1.00,6.00,$208.00,$66.91
Anthony Palmisano,5006,Roserne Pkg Store South,1477 NJ-23,Butler,Morris 3,201057,Bardstown Origin Series Double Barrel Rye 1/750 mL Btl,1/15/2025,1.00,6.00,$218.00,$216.91
Anthony Palmisano,5001,River Place Food Store,1284 Rt. 23,Butler,Morris 3,201051,Green River Bourbon 1/750 mL Btl,4/10/2026,1.00,6.00,$161.00,$52.91
Anthony Palmisano,231210,Bally Owen Golf Club,105 Wheatsworth Rd,Hamburg,Sussex,201056,Bardstown Origin Series Bourbon 1/750 mL Btl,4/15/2026,1.00,6.00,$208.00,$66.91
Anthony Palmisano,5001,River Place Food Store,1284 Rt. 23,Butler,Morris 3,201056,Bardstown Origin Series Bourbon 1/750 mL Btl,4/10/2026,1.00,6.00,$208.00,$66.91
Anthony Palmisano,3011,Flip's Bar (P),18 Railroad Ave,Wanaque,Passaic-FF,201051,Green River Bourbon 1/750 mL Btl,6/26/2025,1.00,2.00,$54.67,$18.64
Anthony Palmisano,1012,Uncorked Wines & Spirits (West Milford),9 Marshall Hill Road,West Milford,Passaic-FF,201055,Bardstown Origin Series Bottle-In-Bond 1/750 mL Btl,1/23/2025,1.00,6.00,$222.00,$220.91
Anthony Palmisano,4004,The River Of Beer,133 Main St,Bloomingdale,Passaic,201054,Green River Wheated 1/750 mL,10/30/2025,1.00,6.00,$148.02,$39.93
Anthony Palmisano,231213,The Kites (P),2 Chamonix Drive,Vernon,Sussex,201051,Green River Bourbon 1/750 mL Btl,8/21/2025,1.00,1.00,$29.33,$11.32
Anthony Palmisano,4009,Usa Wine Traders Club (Bloomingdale),29 Main St,Bloomingdale,Passaic,201052,Green River Full Proof 1/750 mL,11/13/2025,1.00,12.00,$436.00,$121.82
Anthony Palmisano,4004,The River Of Beer,133 Main St,Bloomingdale,Passaic,201054,Green River Wheated 1/750 mL,10/1/2025,1.00,6.00,$162.00,$53.91
Anthony Palmisano,231210,Bally Owen Golf Club,105 Wheatsworth Rd,Hamburg,Sussex,201056,Bardstown Origin Series Bourbon 1/750 mL Btl,4/22/2025,1.00,4.00,$138.00,$43.94
Anthony Palmisano,1031,Highland Wine&Liquor Inc,1926 Union Valley Rd K,Hewitt,Passaic-FF,201077,Green River Honey 1/750 mL Btl,5/29/2026,1.00,6.00,$115.00,$40.91
Anthony Palmisano,4009,Usa Wine Traders Club (Bloomingdale),29 Main St,Bloomingdale,Passaic,201053,Green River Rye 1/750 mL,4/17/2025,1.00,6.00,$154.00,$45.91
Anthony Palmisano,4009,Usa Wine Traders Club (Bloomingdale),29 Main St,Bloomingdale,Passaic,201051,Green River Bourbon 1/750 mL Btl,11/13/2025,1.00,12.00,$308.00,$91.82
Anthony Palmisano,5006,Roserne Pkg Store South,1477 NJ-23,Butler,Morris 3,201056,Bardstown Origin Series Bourbon 1/750 mL Btl,1/15/2025,1.00,12.00,$392.00,$389.82
Anthony Palmisano,1012,Uncorked Wines & Spirits (West Milford),9 Marshall Hill Road,West Milford,Passaic-FF,201077,Green River Honey 1/750 mL Btl,6/11/2026,1.00,-18.00,($330.00),($107.73)
Anthony Palmisano,230903,Black Bear Golf(A),138 New Jersey 23,Franklin,Sussex,201056,Bardstown Origin Series Bourbon 1/750 mL Btl,4/15/2026,1.00,6.00,$208.00,$66.91
Anthony Palmisano,1012,Uncorked Wines & Spirits (West Milford),9 Marshall Hill Road,West Milford,Passaic-FF,201058,Bardstown Origin Series High Wheat 1/750 mL Btl,4/2/2026,1.00,6.00,$226.00,$68.91
Anthony Palmisano,1031,Highland Wine&Liquor Inc,1926 Union Valley Rd K,Hewitt,Passaic-FF,201056,Bardstown Origin Series Bourbon 1/750 mL Btl,6/6/2025,1.00,6.00,$204.00,$62.91
Anthony Palmisano,231213,The Kites (P),2 Chamonix Drive,Vernon,Sussex,201056,Bardstown Origin Series Bourbon 1/750 mL Btl,8/21/2025,1.00,6.00,$208.00,$66.91
Anthony Palmisano,1012,Uncorked Wines & Spirits (West Milford),9 Marshall Hill Road,West Milford,Passaic-FF,201058,Bardstown Origin Series High Wheat 1/750 mL Btl,8/11/2025,1.00,6.00,$218.00,$60.91
Anthony Palmisano,231210,Bally Owen Golf Club,105 Wheatsworth Rd,Hamburg,Sussex,201054,Green River Wheated 1/750 mL,5/6/2025,1.00,-2.00,($54.34),($18.30)
Anthony Palmisano,231302,Thirsty Farmer,31 Loomis Ave,Sussex,Sussex,201051,Green River Bourbon 1/750 mL Btl,9/24/2025,1.00,6.00,$162.00,$53.91
Anthony Palmisano,4009,Usa Wine Traders Club (Bloomingdale),29 Main St,Bloomingdale,Passaic,201055,Bardstown Origin Series Bottle-In-Bond 1/750 mL Btl,8/4/2025,1.00,6.00,$218.00,$60.91
Anthony Palmisano,6002,Roserne Liquors North,1150 NJ-23,Kinnelon,Morris 3,201053,Green River Rye 1/750 mL,1/21/2025,1.00,1.00,$27.17,$26.99
Anthony Palmisano,3005,Usa Wine Traders (Wanaque),207 Ringwood Ave,Wanaque,Passaic-FF,201057,Bardstown Origin Series Double Barrel Rye 1/750 mL Btl,4/30/2025,1.00,1.00,$38.33,$12.15
Anthony Palmisano,3001,Best Cellars (Wanaque),1069 Ringwood Ave,Wanaque,Passaic-FF,201051,Green River Bourbon 1/750 mL Btl,9/5/2025,1.00,1.00,$29.33,$11.32
Anthony Palmisano,7001,Home Wine and Liquors,92 RT 23,Riverdale,Morris 3,201055,Bardstown Origin Series Bottle-In-Bond 1/750 mL Btl,3/3/2026,1.00,6.00,$244.00,$86.91
Anthony Palmisano,231805,Meloi Liquors,10 NJ-23,Montague,Sussex,201051,Green River Bourbon 1/750 mL Btl,2/19/2026,1.00,6.00,$161.00,$52.91
Anthony Palmisano,4009,Usa Wine Traders Club (Bloomingdale),29 Main St,Bloomingdale,Passaic,201058,Bardstown Origin Series High Wheat 1/750 mL Btl,2/17/2026,1.00,12.00,$436.00,$121.82
Anthony Palmisano,1012,Uncorked Wines & Spirits (West Milford),9 Marshall Hill Road,West Milford,Passaic-FF,201056,Bardstown Origin Series Bourbon 1/750 mL Btl,4/2/2026,1.00,6.00,$208.00,$66.91
Anthony Palmisano,3011,Flip's Bar (P),18 Railroad Ave,Wanaque,Passaic-FF,201051,Green River Bourbon 1/750 mL Btl,7/30/2025,1.00,2.00,$54.67,$18.64
Anthony Palmisano,10003,Buy Rite W &L Pompton(P),500 NJ-23,Pompton Plains,Morris 3,201055,Bardstown Origin Series Bottle-In-Bond 1/750 mL Btl,2/18/2025,1.00,1.00,$38.67,$12.49
Anthony Palmisano,4009,Usa Wine Traders Club (Bloomingdale),29 Main St,Bloomingdale,Passaic,201058,Bardstown Origin Series High Wheat 1/750 mL Btl,8/4/2025,1.00,12.00,$436.00,$121.82
Anthony Palmisano,3001,Best Cellars (Wanaque),1069 Ringwood Ave,Wanaque,Passaic-FF,201072,Green River Bourbon 250th Army Anniversary 1/750 mL,11/21/2025,1.00,6.00,$218.00,$60.91
Anthony Palmisano,231213,The Kites (P),2 Chamonix Drive,Vernon,Sussex,201056,Bardstown Origin Series Bourbon 1/750 mL Btl,7/9/2025,1.00,6.00,$204.00,$62.91
Anthony Palmisano,7001,Home Wine and Liquors,92 RT 23,Riverdale,Morris 3,201051,Green River Bourbon 1/750 mL Btl,2/13/2026,1.00,6.00,$161.00,$52.91
Anthony Palmisano,10003,Buy Rite W &L Pompton(P),500 NJ-23,Pompton Plains,Morris 3,201056,Bardstown Origin Series Bourbon 1/750 mL Btl,2/18/2025,1.00,1.00,$34.67,$11.15
Anthony Palmisano,1012,Uncorked Wines & Spirits (West Milford),9 Marshall Hill Road,West Milford,Passaic-FF,201056,Bardstown Origin Series Bourbon 1/750 mL Btl,8/11/2025,1.00,6.00,$196.00,$54.91
Anthony Palmisano,3005,Usa Wine Traders (Wanaque),207 Ringwood Ave,Wanaque,Passaic-FF,201056,Bardstown Origin Series Bourbon 1/750 mL Btl,4/30/2025,1.00,1.00,$34.50,$10.99
Anthony Palmisano,4004,The River Of Beer,133 Main St,Bloomingdale,Passaic,201054,Green River Wheated 1/750 mL,11/20/2025,1.00,6.00,$161.00,$52.91
Anthony Palmisano,230903,Black Bear Golf(A),138 New Jersey 23,Franklin,Sussex,201058,Bardstown Origin Series High Wheat 1/750 mL Btl,6/18/2025,1.00,1.00,$37.67,$11.49
Anthony Palmisano,231302,Thirsty Farmer,31 Loomis Ave,Sussex,Sussex,201051,Green River Bourbon 1/750 mL Btl,6/11/2026,1.00,6.00,$161.00,$52.91
Anthony Palmisano,1012,Uncorked Wines & Spirits (West Milford),9 Marshall Hill Road,West Milford,Passaic-FF,201054,Green River Wheated 1/750 mL,12/10/2025,1.00,6.00,$161.00,$52.91
Anthony Palmisano,3005,Usa Wine Traders (Wanaque),207 Ringwood Ave,Wanaque,Passaic-FF,201051,Green River Bourbon 1/750 mL Btl,4/30/2025,1.00,1.00,$27.17,$9.15
Anthony Palmisano,4009,Usa Wine Traders Club (Bloomingdale),29 Main St,Bloomingdale,Passaic,201056,Bardstown Origin Series Bourbon 1/750 mL Btl,2/17/2026,1.00,12.00,$392.00,$109.82
Anthony Palmisano,3005,Usa Wine Traders (Wanaque),207 Ringwood Ave,Wanaque,Passaic-FF,201053,Green River Rye 1/750 mL,4/30/2025,1.00,1.00,$27.17,$9.15
Anthony Palmisano,4009,Usa Wine Traders Club (Bloomingdale),29 Main St,Bloomingdale,Passaic,201055,Bardstown Origin Series Bottle-In-Bond 1/750 mL Btl,2/17/2026,1.00,12.00,$436.00,$121.82
Anthony Palmisano,231213,The Kites (P),2 Chamonix Drive,Vernon,Sussex,201051,Green River Bourbon 1/750 mL Btl,5/9/2025,1.00,2.00,$54.67,$18.64
Anthony Palmisano,1012,Uncorked Wines & Spirits (West Milford),9 Marshall Hill Road,West Milford,Passaic-FF,201058,Bardstown Origin Series High Wheat 1/750 mL Btl,1/20/2026,1.00,6.00,$226.00,$68.91
Anthony Palmisano,230930,Brick & Brew,27 NJ-23,Franklin,Sussex,201051,Green River Bourbon 1/750 mL Btl,6/26/2025,1.00,2.00,$54.67,$18.64
Anthony Palmisano,8008,Shoppers Disc(A)Pompton,744 Hamburg Tpke,Pompton Lakes,Passaic,201077,Green River Honey 1/750 mL Btl,7/17/2026,1.00,18.00,$330.00,$107.73
Anthony Palmisano,6002,Roserne Liquors North,1150 NJ-23,Kinnelon,Morris 3,201054,Green River Wheated 1/750 mL,1/21/2025,1.00,1.00,$27.17,$26.99
Anthony Palmisano,8008,Shoppers Disc(A)Pompton,744 Hamburg Tpke,Pompton Lakes,Passaic,201051,Green River Bourbon 1/750 mL Btl,4/28/2026,1.00,1.00,$26.83,$8.82
Anthony Palmisano,231213,The Kites (P),2 Chamonix Drive,Vernon,Sussex,201056,Bardstown Origin Series Bourbon 1/750 mL Btl,5/14/2025,1.00,6.00,$204.00,$62.91
Anthony Palmisano,4009,Usa Wine Traders Club (Bloomingdale),29 Main St,Bloomingdale,Passaic,201052,Green River Full Proof 1/750 mL,4/17/2025,1.00,6.00,$218.00,$60.91
Anthony Palmisano,5001,River Place Food Store,1284 Rt. 23,Butler,Morris 3,201051,Green River Bourbon 1/750 mL Btl,3/17/2026,1.00,6.00,$161.00,$52.91
Anthony Palmisano,2003,Ringwood W&L,130 Skyline Drive,Ringwood,Passaic-FF,201051,Green River Bourbon 1/750 mL Btl,3/13/2025,1.00,3.00,$81.00,$26.96
Anthony Palmisano,6002,Roserne Liquors North,1150 NJ-23,Kinnelon,Morris 3,201051,Green River Bourbon 1/750 mL Btl,1/21/2025,1.00,1.00,$27.17,($80.01)
Anthony Palmisano,1012,Uncorked Wines & Spirits (West Milford),9 Marshall Hill Road,West Milford,Passaic-FF,201055,Bardstown Origin Series Bottle-In-Bond 1/750 mL Btl,8/11/2025,1.00,6.00,$218.00,$60.91
Anthony Palmisano,3005,Usa Wine Traders (Wanaque),207 Ringwood Ave,Wanaque,Passaic-FF,201054,Green River Wheated 1/750 mL,4/30/2025,1.00,1.00,$27.17,$9.15
Anthony Palmisano,231210,Bally Owen Golf Club,105 Wheatsworth Rd,Hamburg,Sussex,201054,Green River Wheated 1/750 mL,4/22/2025,1.00,4.00,$108.67,$36.61
Anthony Palmisano,4009,Usa Wine Traders Club (Bloomingdale),29 Main St,Bloomingdale,Passaic,201054,Green River Wheated 1/750 mL,11/13/2025,1.00,12.00,$308.00,$91.82
Anthony Palmisano,230903,Black Bear Golf(A),138 New Jersey 23,Franklin,Sussex,201054,Green River Wheated 1/750 mL,4/15/2026,1.00,6.00,$161.00,$52.91
Anthony Palmisano,3001,Best Cellars (Wanaque),1069 Ringwood Ave,Wanaque,Passaic-FF,201051,Green River Bourbon 1/750 mL Btl,4/29/2026,1.00,1.00,$26.83,$8.82
Anthony Palmisano,4004,The River Of Beer,133 Main St,Bloomingdale,Passaic,201055,Bardstown Origin Series Bottle-In-Bond 1/750 mL Btl,9/18/2025,1.00,2.00,$81.33,$28.97
Anthony Palmisano,4009,Usa Wine Traders Club (Bloomingdale),29 Main St,Bloomingdale,Passaic,201053,Green River Rye 1/750 mL,11/13/2025,1.00,6.00,$154.00,$45.91
Anthony Palmisano,1012,Uncorked Wines & Spirits (West Milford),9 Marshall Hill Road,West Milford,Passaic-FF,201077,Green River Honey 1/750 mL Btl,5/20/2026,1.00,18.00,$330.00,$107.73
Anthony Palmisano,2003,Ringwood W&L,130 Skyline Drive,Ringwood,Passaic-FF,201055,Bardstown Origin Series Bottle-In-Bond 1/750 mL Btl,3/13/2025,1.00,2.00,$75.33,$22.97
Anthony Palmisano,3001,Best Cellars (Wanaque),1069 Ringwood Ave,Wanaque,Passaic-FF,201077,Green River Honey 1/750 mL Btl,5/20/2026,1.00,6.00,$115.00,$40.91
Anthony Palmisano,3005,Usa Wine Traders (Wanaque),207 Ringwood Ave,Wanaque,Passaic-FF,201058,Bardstown Origin Series High Wheat 1/750 mL Btl,4/30/2025,1.00,1.00,$38.33,$12.15
Anthony Palmisano,4009,Usa Wine Traders Club (Bloomingdale),29 Main St,Bloomingdale,Passaic,201054,Green River Wheated 1/750 mL,4/17/2025,1.00,6.00,$154.00,$45.91
Anthony Palmisano,3005,Usa Wine Traders (Wanaque),207 Ringwood Ave,Wanaque,Passaic-FF,201052,Green River Full Proof 1/750 mL,4/30/2025,1.00,1.00,$38.50,$12.32
Anthony Palmisano,230915,Crystal Sprs/Wild Turkey,123 Crystal Springs Rd,Hamburg,Sussex,201054,Green River Wheated 1/750 mL,1/28/2025,1.00,6.00,$162.00,$160.91
Anthony Palmisano,4009,Usa Wine Traders Club (Bloomingdale),29 Main St,Bloomingdale,Passaic,201076,Green River Wheated Full Proof 1/750 ml Btl,3/24/2026,1.00,18.00,$654.00,$182.73
Anthony Palmisano,230915,Crystal Sprs/Wild Turkey,123 Crystal Springs Rd,Hamburg,Sussex,201056,Bardstown Origin Series Bourbon 1/750 mL Btl,5/29/2025,1.00,6.00,$204.00,$62.91
Anthony Palmisano,230903,Black Bear Golf(A),138 New Jersey 23,Franklin,Sussex,201056,Bardstown Origin Series Bourbon 1/750 mL Btl,6/18/2025,1.00,2.00,$68.00,$20.97
Anthony Palmisano,10003,Buy Rite W &L Pompton(P),500 NJ-23,Pompton Plains,Morris 3,201055,Bardstown Origin Series Bottle-In-Bond 1/750 mL Btl,7/14/2025,1.00,12.00,$436.00,$121.82
Anthony Palmisano,4009,Usa Wine Traders Club (Bloomingdale),29 Main St,Bloomingdale,Passaic,201055,Bardstown Origin Series Bottle-In-Bond 1/750 mL Btl,4/17/2025,1.00,6.00,$218.00,$60.91
Anthony Palmisano,1012,Uncorked Wines & Spirits (West Milford),9 Marshall Hill Road,West Milford,Passaic-FF,201056,Bardstown Origin Series Bourbon 1/750 mL Btl,1/23/2025,1.00,6.00,$200.00,$198.91
Anthony Palmisano,3001,Best Cellars (Wanaque),1069 Ringwood Ave,Wanaque,Passaic-FF,201055,Bardstown Origin Series Bottle-In-Bond 1/750 mL Btl,9/5/2025,1.00,1.00,$40.67,$14.49
Anthony Palmisano,231210,Bally Owen Golf Club,105 Wheatsworth Rd,Hamburg,Sussex,201056,Bardstown Origin Series Bourbon 1/750 mL Btl,5/6/2025,1.00,-2.00,($69.00),($21.97)
Anthony Palmisano,231210,Bally Owen Golf Club,105 Wheatsworth Rd,Hamburg,Sussex,201056,Bardstown Origin Series Bourbon 1/750 mL Btl,8/20/2025,1.00,2.00,$73.33,$26.30
Anthony Palmisano,230903,Black Bear Golf(A),138 New Jersey 23,Franklin,Sussex,201055,Bardstown Origin Series Bottle-In-Bond 1/750 mL Btl,6/18/2025,1.00,2.00,$75.33,$22.97
Anthony Palmisano,6002,Roserne Liquors North,1150 NJ-23,Kinnelon,Morris 3,201055,Bardstown Origin Series Bottle-In-Bond 1/750 mL Btl,1/21/2025,1.00,1.00,$38.33,$38.15
Anthony Palmisano,2003,Ringwood W&L,130 Skyline Drive,Ringwood,Passaic-FF,201056,Bardstown Origin Series Bourbon 1/750 mL Btl,3/13/2025,1.00,2.00,$68.00,$20.97
Anthony Palmisano,231213,The Kites (P),2 Chamonix Drive,Vernon,Sussex,201056,Bardstown Origin Series Bourbon 1/750 mL Btl,7/29/2025,1.00,6.00,$204.00,$62.91
Anthony Palmisano,3001,Best Cellars (Wanaque),1069 Ringwood Ave,Wanaque,Passaic-FF,201055,Bardstown Origin Series Bottle-In-Bond 1/750 mL Btl,1/23/2026,1.00,6.00,$226.00,$68.91
Anthony Palmisano,230903,Black Bear Golf(A),138 New Jersey 23,Franklin,Sussex,201054,Green River Wheated 1/750 mL,6/23/2025,1.00,-2.00,($54.67),($18.64)
Anthony Palmisano,230915,Crystal Sprs/Wild Turkey,123 Crystal Springs Rd,Hamburg,Sussex,201056,Bardstown Origin Series Bourbon 1/750 mL Btl,3/13/2026,1.00,6.00,$208.00,$66.91
Anthony Palmisano,230903,Black Bear Golf(A),138 New Jersey 23,Franklin,Sussex,201057,Bardstown Origin Series Double Barrel Rye 1/750 mL Btl,6/18/2025,1.00,1.00,$37.67,$11.49
Anthony Palmisano,10003,Buy Rite W &L Pompton(P),500 NJ-23,Pompton Plains,Morris 3,201057,Bardstown Origin Series Double Barrel Rye 1/750 mL Btl,7/14/2025,1.00,6.00,$218.00,$60.91
Anthony Palmisano,3005,Usa Wine Traders (Wanaque),207 Ringwood Ave,Wanaque,Passaic-FF,201055,Bardstown Origin Series Bottle-In-Bond 1/750 mL Btl,4/30/2025,1.00,1.00,$38.33,$12.15
Anthony Palmisano,230903,Black Bear Golf(A),138 New Jersey 23,Franklin,Sussex,201056,Bardstown Origin Series Bourbon 1/750 mL Btl,6/23/2025,1.00,-2.00,($69.33),($22.30)
Anthony Palmisano,7001,Home Wine and Liquors,92 RT 23,Riverdale,Morris 3,201055,Bardstown Origin Series Bottle-In-Bond 1/750 mL Btl,10/14/2025,1.00,2.00,$81.33,$28.97
Anthony Palmisano,231213,The Kites (P),2 Chamonix Drive,Vernon,Sussex,201056,Bardstown Origin Series Bourbon 1/750 mL Btl,6/24/2026,1.00,6.00,$208.00,$66.91
Anthony Palmisano,4009,Usa Wine Traders Club (Bloomingdale),29 Main St,Bloomingdale,Passaic,201051,Green River Bourbon 1/750 mL Btl,4/17/2025,1.00,6.00,$154.00,$45.91
Anthony Palmisano,230903,Black Bear Golf(A),138 New Jersey 23,Franklin,Sussex,201056,Bardstown Origin Series Bourbon 1/750 mL Btl,4/25/2025,1.00,2.00,$69.33,$22.30
Anthony Palmisano,1012,Uncorked Wines & Spirits (West Milford),9 Marshall Hill Road,West Milford,Passaic-FF,201058,Bardstown Origin Series High Wheat 1/750 mL Btl,5/20/2026,1.00,6.00,$218.00,$60.91
Brian Sengebush,190108,Harrigan's Rest. (P),144 Main Rd,Montville,Morris 1,201077,Green River Honey 1/750 mL Btl,5/14/2026,1.00,1.00,$20.00,$7.65
Brian Sengebush,230122,Krogh's Restaurant & Brew Pub,23 White Deer Plaza,Sparta,Sussex,201055,Bardstown Origin Series Bottle-In-Bond 1/750 mL Btl,1/20/2026,1.00,6.00,$218.00,$60.91
Brian Sengebush,230122,Krogh's Restaurant & Brew Pub,23 White Deer Plaza,Sparta,Sussex,201056,Bardstown Origin Series Bourbon 1/750 mL Btl,10/29/2025,1.00,6.00,$208.00,$66.91
Brian Sengebush,190104,Black Rabbit Saloon LLC,8 Main Rd,Montville,Morris 1,201055,Bardstown Origin Series Bottle-In-Bond 1/750 mL Btl,2/14/2025,1.00,1.00,$38.67,$12.49
Brian Sengebush,191007,Charley's Tavern,57 NJ-181,Lake Hopatcong,Morris 1,201051,Green River Bourbon 1/750 mL Btl,6/16/2025,1.00,1.00,$27.33,$9.32
Brian Sengebush,230122,Krogh's Restaurant & Brew Pub,23 White Deer Plaza,Sparta,Sussex,201055,Bardstown Origin Series Bottle-In-Bond 1/750 mL Btl,9/16/2025,1.00,-3.00,($109.00),($30.46)
Brian Sengebush,190108,Harrigan's Rest. (P),144 Main Rd,Montville,Morris 1,201058,Bardstown Origin Series High Wheat 1/750 mL Btl,10/30/2025,1.00,1.00,$40.67,$14.49
Brian Sengebush,190503,The Station,99 Midvale Rd.,Mountain Lakes,Morris 1,201056,Bardstown Origin Series Bourbon 1/750 mL Btl,9/29/2025,1.00,1.00,$36.67,$13.15
Brian Sengebush,190217,Nostrana Ristorante,91 Elcock Ave,Boonton,Morris 1,201056,Bardstown Origin Series Bourbon 1/750 mL Btl,7/15/2026,1.00,6.00,$208.00,$66.91
Brian Sengebush,230428,O'reilly Pub (P),271 Spring St,Newton,Sussex,201051,Green River Bourbon 1/750 mL Btl,9/19/2025,1.00,1.00,$29.33,$11.32
Brian Sengebush,191509,The Beacon,453 River Styx Rd,Hopatcong,Sussex,201055,Bardstown Origin Series Bottle-In-Bond 1/750 mL Btl,3/3/2025,1.00,1.00,$38.67,$12.49
Brian Sengebush,230122,Krogh's Restaurant & Brew Pub,23 White Deer Plaza,Sparta,Sussex,201057,Bardstown Origin Series Double Barrel Rye 1/750 mL Btl,3/31/2026,1.00,6.00,$226.00,$68.91
Brian Sengebush,190709,Adams (P),123 Hibernia Ave,Rockaway,Morris 1,201051,Green River Bourbon 1/750 mL Btl,6/10/2025,1.00,1.00,$27.33,$9.32
Brian Sengebush,230122,Krogh's Restaurant & Brew Pub,23 White Deer Plaza,Sparta,Sussex,201060,Bardstown Discovery Series #11 1/750 mL Btl,10/8/2025,1.00,1.00,$104.67,$27.15
Brian Sengebush,190503,The Station,99 Midvale Rd.,Mountain Lakes,Morris 1,201056,Bardstown Origin Series Bourbon 1/750 mL Btl,10/8/2025,1.00,2.00,$73.33,$26.30
Brian Sengebush,191505,Mckenna's Pub (P),260 Espanong Rd,Lake Hopatcong,Morris 1,201077,Green River Honey 1/750 mL Btl,5/28/2026,1.00,1.00,$20.00,$7.65
Brian Sengebush,190214,Johnnie's Tavern,301 Boonton Ave,Boonton,Morris 1,201051,Green River Bourbon 1/750 mL Btl,6/5/2025,1.00,1.00,$27.33,$9.32
Brian Sengebush,230122,Krogh's Restaurant & Brew Pub,23 White Deer Plaza,Sparta,Sussex,201074,Bardstown Discovery #13 1/750 mL Btl,10/8/2025,1.00,2.00,$205.32,$50.29
Brian Sengebush,230122,Krogh's Restaurant & Brew Pub,23 White Deer Plaza,Sparta,Sussex,201056,Bardstown Origin Series Bourbon 1/750 mL Btl,12/19/2025,1.00,6.00,$208.00,$66.91
Brian Sengebush,191407,Pub 199,199 Howard Blvd,Mt Arlington,Morris 1,201077,Green River Honey 1/750 mL Btl,5/13/2026,1.00,1.00,$20.00,$7.65
Brian Sengebush,191009,Mason Street Grille,24 Mason St,Lake Hopatcong,Morris 1,201051,Green River Bourbon 1/750 mL Btl,6/26/2025,1.00,1.00,$27.33,$9.32
Brian Sengebush,231715,Gyp's Tavern,25 Us-206,Sandyston,Sussex,201051,Green River Bourbon 1/750 mL Btl,6/10/2025,1.00,1.00,$27.33,$9.32
Brian Sengebush,230122,Krogh's Restaurant & Brew Pub,23 White Deer Plaza,Sparta,Sussex,201055,Bardstown Origin Series Bottle-In-Bond 1/750 mL Btl,9/18/2025,1.00,3.00,$109.00,$30.46
Brian Sengebush,230103,St.Moritz Grill & Bar,9 White Deer Plaza,Sparta,Sussex,201056,Bardstown Origin Series Bourbon 1/750 mL Btl,7/14/2026,1.00,1.00,$36.67,$13.15
Brian Sengebush,231715,Gyp's Tavern,25 Us-206,Sandyston,Sussex,201051,Green River Bourbon 1/750 mL Btl,5/26/2026,1.00,3.00,$80.50,$26.46
Brian Sengebush,230122,Krogh's Restaurant & Brew Pub,23 White Deer Plaza,Sparta,Sussex,201061,Bardstown Discovery Series #12 1/750 mL Btl,10/8/2025,1.00,1.00,$104.67,$27.15
Brian Sengebush,191509,The Beacon,453 River Styx Rd,Hopatcong,Sussex,201055,Bardstown Origin Series Bottle-In-Bond 1/750 mL Btl,9/24/2025,1.00,1.00,$40.67,$14.49
Brian Sengebush,190108,Harrigan's Rest. (P),144 Main Rd,Montville,Morris 1,201054,Green River Wheated 1/750 mL,4/22/2026,1.00,6.00,$161.00,$52.91
Brian Sengebush,230103,St.Moritz Grill & Bar,9 White Deer Plaza,Sparta,Sussex,201056,Bardstown Origin Series Bourbon 1/750 mL Btl,5/20/2026,1.00,1.00,$36.67,$13.15
Brian Sengebush,190220,Reservoir Tavern(A),92 Parsippany Blvd,Boonton,Morris 1,201051,Green River Bourbon 1/750 mL Btl,2/14/2025,1.00,3.00,$81.50,$27.46
Brian Sengebush,230122,Krogh's Restaurant & Brew Pub,23 White Deer Plaza,Sparta,Sussex,201073,Bardstown Collaboration Series Pierre Ferrand 1/750 mL Btl,10/8/2025,1.00,2.00,$205.32,$50.29
Brian Sengebush,190206,Ombra,516 Main St,Boonton,Morris 1,201058,Bardstown Origin Series High Wheat 1/750 mL Btl,2/5/2026,1.00,2.00,$81.33,$28.97
Brian Sengebush,230122,Krogh's Restaurant & Brew Pub,23 White Deer Plaza,Sparta,Sussex,201055,Bardstown Origin Series Bottle-In-Bond 1/750 mL Btl,9/12/2025,1.00,3.00,$109.00,$30.46
Brian Sengebush,230122,Krogh's Restaurant & Brew Pub,23 White Deer Plaza,Sparta,Sussex,201058,Bardstown Origin Series High Wheat 1/750 mL Btl,5/13/2026,1.00,6.00,$226.00,$68.91
Brian Sengebush,190108,Harrigan's Rest. (P),144 Main Rd,Montville,Morris 1,201054,Green River Wheated 1/750 mL,10/30/2025,1.00,1.00,$27.00,$8.99
Brian Sengebush,191509,The Beacon,453 River Styx Rd,Hopatcong,Sussex,201055,Bardstown Origin Series Bottle-In-Bond 1/750 mL Btl,7/29/2025,1.00,1.00,$38.67,$12.49
Brian Sengebush,191007,Charley's Tavern,57 NJ-181,Lake Hopatcong,Morris 1,201077,Green River Honey 1/750 mL Btl,6/15/2026,1.00,1.00,$20.00,$7.65
Brian Sengebush,230122,Krogh's Restaurant & Brew Pub,23 White Deer Plaza,Sparta,Sussex,201063,Bardstown Collaboration Series Goose Island 1/750 mL Btl,10/8/2025,1.00,2.00,$149.33,$39.64
Brian Sengebush,191509,The Beacon,453 River Styx Rd,Hopatcong,Sussex,201058,Bardstown Origin Series High Wheat 1/750 mL Btl,3/3/2025,1.00,1.00,$38.67,$12.49
Brian Sengebush,230122,Krogh's Restaurant & Brew Pub,23 White Deer Plaza,Sparta,Sussex,201058,Bardstown Origin Series High Wheat 1/750 mL Btl,12/26/2025,1.00,6.00,$226.00,$68.91
Brian Sengebush,191505,Mckenna's Pub (P),260 Espanong Rd,Lake Hopatcong,Morris 1,201051,Green River Bourbon 1/750 mL Btl,9/24/2025,1.00,1.00,$29.33,$11.32
Brian Sengebush,191509,The Beacon,453 River Styx Rd,Hopatcong,Sussex,201055,Bardstown Origin Series Bottle-In-Bond 1/750 mL Btl,9/3/2025,1.00,1.00,$40.67,$14.49
Brian Sengebush,230122,Krogh's Restaurant & Brew Pub,23 White Deer Plaza,Sparta,Sussex,201056,Bardstown Origin Series Bourbon 1/750 mL Btl,9/12/2025,1.00,6.00,$196.00,$54.91
Brian Sengebush,230103,St.Moritz Grill & Bar,9 White Deer Plaza,Sparta,Sussex,201056,Bardstown Origin Series Bourbon 1/750 mL Btl,9/9/2025,1.00,1.00,$36.67,$13.15
Brian Sengebush,230122,Krogh's Restaurant & Brew Pub,23 White Deer Plaza,Sparta,Sussex,201058,Bardstown Origin Series High Wheat 1/750 mL Btl,9/12/2025,1.00,6.00,$218.00,$60.91
Brian Sengebush,230122,Krogh's Restaurant & Brew Pub,23 White Deer Plaza,Sparta,Sussex,201057,Bardstown Origin Series Double Barrel Rye 1/750 mL Btl,9/16/2025,1.00,3.00,$109.00,$30.46
Brian Sengebush,230122,Krogh's Restaurant & Brew Pub,23 White Deer Plaza,Sparta,Sussex,201057,Bardstown Origin Series Double Barrel Rye 1/750 mL Btl,9/18/2025,1.00,-3.00,($109.00),($30.46)
Brian Sengebush,190104,Black Rabbit Saloon LLC,8 Main Rd,Montville,Morris 1,201054,Green River Wheated 1/750 mL,7/2/2026,1.00,6.00,$161.00,$52.91
Brian Sengebush,230122,Krogh's Restaurant & Brew Pub,23 White Deer Plaza,Sparta,Sussex,201056,Bardstown Origin Series Bourbon 1/750 mL Btl,12/26/2025,1.00,6.00,$208.00,$66.91
Brian Sengebush,230122,Krogh's Restaurant & Brew Pub,23 White Deer Plaza,Sparta,Sussex,201056,Bardstown Origin Series Bourbon 1/750 mL Btl,1/20/2026,1.00,6.00,$196.00,$54.91
Brian Sengebush,190108,Harrigan's Rest. (P),144 Main Rd,Montville,Morris 1,201054,Green River Wheated 1/750 mL,11/25/2025,1.00,6.00,$161.00,$52.91
Brian Sengebush,231715,Gyp's Tavern,25 Us-206,Sandyston,Sussex,201051,Green River Bourbon 1/750 mL Btl,10/15/2025,1.00,2.00,$58.66,$22.63
Brian Sengebush,230103,St.Moritz Grill & Bar,9 White Deer Plaza,Sparta,Sussex,201056,Bardstown Origin Series Bourbon 1/750 mL Btl,2/24/2026,1.00,1.00,$36.67,$13.15
Brian Sengebush,190923,Knotty Pine Pub (P),242 E Union Turnpike,Wharton,Morris 1,201051,Green River Bourbon 1/750 mL Btl,6/5/2025,1.00,1.00,$27.33,$9.32
Brian Sengebush,190214,Johnnie's Tavern,301 Boonton Ave,Boonton,Morris 1,201054,Green River Wheated 1/750 mL,12/23/2025,1.00,1.00,$26.83,$8.82
Brian Sengebush,230122,Krogh's Restaurant & Brew Pub,23 White Deer Plaza,Sparta,Sussex,201057,Bardstown Origin Series Double Barrel Rye 1/750 mL Btl,10/8/2025,1.00,6.00,$226.00,$68.91
Brian Sengebush,190206,Ombra,516 Main St,Boonton,Morris 1,201058,Bardstown Origin Series High Wheat 1/750 mL Btl,3/4/2025,1.00,2.00,$77.33,$24.97
Brian Sengebush,190503,The Station,99 Midvale Rd.,Mountain Lakes,Morris 1,201056,Bardstown Origin Series Bourbon 1/750 mL Btl,11/19/2025,1.00,2.00,$73.33,$26.30
Brian Sengebush,230122,Krogh's Restaurant & Brew Pub,23 White Deer Plaza,Sparta,Sussex,201057,Bardstown Origin Series Double Barrel Rye 1/750 mL Btl,9/12/2025,1.00,3.00,$109.00,$30.46
Brian Sengebush,190219,Columbia Inn,29 Main Rd.,Montville,Morris 1,201076,Green River Wheated Full Proof 1/750 ml Btl,6/5/2026,1.00,2.00,$75.33,$22.97
Brian Sengebush,190108,Harrigan's Rest. (P),144 Main Rd,Montville,Morris 1,201077,Green River Honey 1/750 mL Btl,6/11/2026,1.00,3.00,$57.50,$20.46
Brian Sengebush,190108,Harrigan's Rest. (P),144 Main Rd,Montville,Morris 1,201054,Green River Wheated 1/750 mL,11/12/2025,1.00,1.00,$26.83,$8.82
Brian Sengebush,190709,Adams (P),123 Hibernia Ave,Rockaway,Morris 1,201077,Green River Honey 1/750 mL Btl,5/14/2026,1.00,1.00,$20.00,$7.65
Brian Sengebush,231715,Gyp's Tavern,25 Us-206,Sandyston,Sussex,201051,Green River Bourbon 1/750 mL Btl,2/3/2026,1.00,3.00,$80.50,$26.46
Brian Sengebush,191509,The Beacon,453 River Styx Rd,Hopatcong,Sussex,201058,Bardstown Origin Series High Wheat 1/750 mL Btl,9/3/2025,1.00,1.00,$40.67,$14.49
Brian Sengebush,190104,Black Rabbit Saloon LLC,8 Main Rd,Montville,Morris 1,201052,Green River Full Proof 1/750 mL,2/14/2025,1.00,2.00,$75.33,$22.97
Brian Sengebush,190206,Ombra,516 Main St,Boonton,Morris 1,201058,Bardstown Origin Series High Wheat 1/750 mL Btl,4/29/2025,1.00,2.00,$77.33,$24.97
Brian Sengebush,190214,Johnnie's Tavern,301 Boonton Ave,Boonton,Morris 1,201077,Green River Honey 1/750 mL Btl,5/26/2026,1.00,1.00,$20.00,$7.65
Brian Sengebush,190220,Reservoir Tavern(A),92 Parsippany Blvd,Boonton,Morris 1,201056,Bardstown Origin Series Bourbon 1/750 mL Btl,2/14/2025,1.00,3.00,$103.50,$32.96
Brian Sengebush,190104,Black Rabbit Saloon LLC,8 Main Rd,Montville,Morris 1,201051,Green River Bourbon 1/750 mL Btl,2/14/2025,1.00,2.00,$54.00,$17.97
Brian Sengebush,190219,Columbia Inn,29 Main Rd.,Montville,Morris 1,201076,Green River Wheated Full Proof 1/750 ml Btl,6/11/2026,1.00,0.00,$0.00,$0.00
Brian Sengebush,190104,Black Rabbit Saloon LLC,8 Main Rd,Montville,Morris 1,201054,Green River Wheated 1/750 mL,2/14/2025,1.00,2.00,$54.00,$17.97
Brian Sengebush,230122,Krogh's Restaurant & Brew Pub,23 White Deer Plaza,Sparta,Sussex,201057,Bardstown Origin Series Double Barrel Rye 1/750 mL Btl,1/20/2026,1.00,6.00,$218.00,$60.91
Brian Sengebush,231715,Gyp's Tavern,25 Us-206,Sandyston,Sussex,201051,Green River Bourbon 1/750 mL Btl,8/5/2025,1.00,2.00,$58.66,$22.63
Chris Payton,35002,Woodridge Wines & Liq(A),206 Hackensack St,Woodridge,Bergen,201062,Bardstown Collaboration Series Amrut 1/750 mL Btl,4/30/2025,1.00,1.00,$105.67,$28.15
Chris Payton,76010,Usa Wine Traders Club (Saddle Brook),66 Market St,Saddle Brook,Bergen,201067,Green River Single Barrel GSPD#2 1/750 mL,6/12/2025,1.00,3.00,$145.00,$46.96
Chris Payton,80027,Ridgewood Country Club,96 W Midland Ave,Paramus,Bergen,201055,Bardstown Origin Series Bottle-In-Bond 1/750 mL Btl,3/19/2025,1.00,2.00,$75.33,$22.97
Chris Payton,38040,Buy Rite Discount Liquor,183 Route 46 West,Lodi,Bergen,201058,Bardstown Origin Series High Wheat 1/750 mL Btl,4/29/2025,1.00,2.00,$76.67,$24.30
Chris Payton,34001,Meadowland Wine & Liquor,280 Valley Blvd,Woodridge,Bergen,201055,Bardstown Origin Series Bottle-In-Bond 1/750 mL Btl,6/5/2026,1.00,6.00,$226.00,$68.91
Chris Payton,80027,Ridgewood Country Club,96 W Midland Ave,Paramus,Bergen,201057,Bardstown Origin Series Double Barrel Rye 1/750 mL Btl,3/19/2025,1.00,2.00,$75.33,$22.97
Chris Payton,35002,Woodridge Wines & Liq(A),206 Hackensack St,Woodridge,Bergen,201069,Bardstown Single Barrel GSPD #1 1/750 mL Btl,7/9/2025,1.00,2.00,$126.67,$37.97
Chris Payton,34009,The Wine Rack Hasbrouck Hts,69 Route 17 South,Hasbrouck Heights,Bergen,201057,Bardstown Origin Series Double Barrel Rye 1/750 mL Btl,2/18/2025,1.00,6.00,$222.00,$64.91
Chris Payton,76010,Usa Wine Traders Club (Saddle Brook),66 Market St,Saddle Brook,Bergen,201069,Bardstown Single Barrel GSPD #1 1/750 mL Btl,6/12/2025,1.00,3.00,$190.00,$56.96
Chris Payton,50020,Wineland,247 Degraw Ave,Teaneck,Bergen,201058,Bardstown Origin Series High Wheat 1/750 mL Btl,1/12/2026,1.00,6.00,$226.00,$68.91
Chris Payton,76010,Usa Wine Traders Club (Saddle Brook),66 Market St,Saddle Brook,Bergen,201060,Bardstown Discovery Series #11 1/750 mL Btl,4/17/2025,1.00,1.00,$104.67,$27.15
Chris Payton,50020,Wineland,247 Degraw Ave,Teaneck,Bergen,201056,Bardstown Origin Series Bourbon 1/750 mL Btl,11/13/2025,1.00,6.00,$208.00,$66.91
Chris Payton,34009,The Wine Rack Hasbrouck Hts,69 Route 17 South,Hasbrouck Heights,Bergen,201052,Green River Full Proof 1/750 mL,4/30/2025,1.00,2.00,$75.33,$22.97
Chris Payton,76010,Usa Wine Traders Club (Saddle Brook),66 Market St,Saddle Brook,Bergen,201057,Bardstown Origin Series Double Barrel Rye 1/750 mL Btl,2/3/2025,1.00,6.00,$218.00,$60.91
Chris Payton,35002,Woodridge Wines & Liq(A),206 Hackensack St,Woodridge,Bergen,201077,Green River Honey 1/750 mL Btl,5/8/2026,1.00,3.00,$60.00,$22.96
Chris Payton,47011,Ridgefield Deli & Liq,284 Teaneck Road,Ridgefield Park,Bergen,201056,Bardstown Origin Series Bourbon 1/750 mL Btl,9/25/2025,1.00,3.00,$104.00,$33.46
Chris Payton,76010,Usa Wine Traders Club (Saddle Brook),66 Market St,Saddle Brook,Bergen,201063,Bardstown Collaboration Series Goose Island 1/750 mL Btl,4/17/2025,1.00,2.00,$149.33,$39.64
Chris Payton,35002,Woodridge Wines & Liq(A),206 Hackensack St,Woodridge,Bergen,201070,Bardstown Single Barrel GSPD #2 1/750 mL Btl,7/9/2025,1.00,2.00,$126.67,$37.97
Chris Payton,76010,Usa Wine Traders Club (Saddle Brook),66 Market St,Saddle Brook,Bergen,201064,Bardstown Collaboration Series Silver Oak 1/750 mL Btl,4/17/2025,1.00,3.00,$314.00,$81.46
Chris Payton,34009,The Wine Rack Hasbrouck Hts,69 Route 17 South,Hasbrouck Heights,Bergen,201054,Green River Wheated 1/750 mL,3/13/2026,1.00,3.00,$80.50,$26.46
Chris Payton,35002,Woodridge Wines & Liq(A),206 Hackensack St,Woodridge,Bergen,201072,Green River Bourbon 250th Army Anniversary 1/750 mL,7/9/2025,1.00,3.00,$115.50,$36.96
Chris Payton,76010,Usa Wine Traders Club (Saddle Brook),66 Market St,Saddle Brook,Bergen,201053,Green River Rye 1/750 mL,3/17/2025,1.00,12.00,$308.00,$91.82
Chris Payton,76010,Usa Wine Traders Club (Saddle Brook),66 Market St,Saddle Brook,Bergen,201055,Bardstown Origin Series Bottle-In-Bond 1/750 mL Btl,4/15/2025,1.00,48.00,"$1,744.00",$487.28
Chris Payton,47005,Exquisite W & L (A),215 Main St,Ridgefield Park,Bergen,201055,Bardstown Origin Series Bottle-In-Bond 1/750 mL Btl,1/30/2025,1.00,1.00,$38.33,$12.15
Chris Payton,47011,Ridgefield Deli & Liq,284 Teaneck Road,Ridgefield Park,Bergen,201052,Green River Full Proof 1/750 mL,9/25/2025,1.00,3.00,$113.00,$34.46
Chris Payton,34009,The Wine Rack Hasbrouck Hts,69 Route 17 South,Hasbrouck Heights,Bergen,201055,Bardstown Origin Series Bottle-In-Bond 1/750 mL Btl,1/16/2025,1.00,3.00,$113.00,$112.46
Chris Payton,50020,Wineland,247 Degraw Ave,Teaneck,Bergen,201077,Green River Honey 1/750 mL Btl,7/16/2026,1.00,6.00,$115.00,$40.91
Chris Payton,35002,Woodridge Wines & Liq(A),206 Hackensack St,Woodridge,Bergen,201052,Green River Full Proof 1/750 mL,4/30/2025,1.00,1.00,$38.50,$12.32
Chris Payton,76010,Usa Wine Traders Club (Saddle Brook),66 Market St,Saddle Brook,Bergen,201059,Bardstown Discovery Series #10 1/750 mL Btl,4/17/2025,1.00,3.00,$314.00,$81.46
Chris Payton,76010,Usa Wine Traders Club (Saddle Brook),66 Market St,Saddle Brook,Bergen,201055,Bardstown Origin Series Bottle-In-Bond 1/750 mL Btl,1/15/2025,1.00,12.00,$436.00,$433.82
Chris Payton,35002,Woodridge Wines & Liq(A),206 Hackensack St,Woodridge,Bergen,201051,Green River Bourbon 1/750 mL Btl,4/30/2025,1.00,1.00,$27.17,$9.15
Chris Payton,38007,Garden Liquors (P),300 Harrison Ave,Lodi,Bergen,201055,Bardstown Origin Series Bottle-In-Bond 1/750 mL Btl,3/5/2025,1.00,2.00,$75.33,$22.97
Chris Payton,79004,Coronet Variety,138 West Pleasant Ave,Maywood,Bergen,201051,Green River Bourbon 1/750 mL Btl,1/16/2025,1.00,2.00,$54.33,($160.03)
Chris Payton,38040,Buy Rite Discount Liquor,183 Route 46 West,Lodi,Bergen,201055,Bardstown Origin Series Bottle-In-Bond 1/750 mL Btl,9/26/2025,1.00,1.00,$40.67,$14.49
Chris Payton,76010,Usa Wine Traders Club (Saddle Brook),66 Market St,Saddle Brook,Bergen,201057,Bardstown Origin Series Double Barrel Rye 1/750 mL Btl,4/15/2025,1.00,36.00,"$1,308.00",$365.46
Chris Payton,76010,Usa Wine Traders Club (Saddle Brook),66 Market St,Saddle Brook,Bergen,201053,Green River Rye 1/750 mL,5/6/2025,1.00,12.00,$308.00,$91.82
Chris Payton,76010,Usa Wine Traders Club (Saddle Brook),66 Market St,Saddle Brook,Bergen,201071,Bardstown Single Barrel GSPD #3 1/750 mL Btl,2/10/2026,1.00,181.00,"$10,798.46","$2,771.42"
Chris Payton,76010,Usa Wine Traders Club (Saddle Brook),66 Market St,Saddle Brook,Bergen,201051,Green River Bourbon 1/750 mL Btl,5/6/2025,1.00,30.00,$770.00,$229.55
Chris Payton,76010,Usa Wine Traders Club (Saddle Brook),66 Market St,Saddle Brook,Bergen,201066,Green River Single Barrel GSPD #1 1/750 mL,6/12/2025,1.00,3.00,$145.00,$46.96
Chris Payton,35002,Woodridge Wines & Liq(A),206 Hackensack St,Woodridge,Bergen,201064,Bardstown Collaboration Series Silver Oak 1/750 mL Btl,4/30/2025,1.00,1.00,$105.67,$28.15
Chris Payton,47011,Ridgefield Deli & Liq,284 Teaneck Road,Ridgefield Park,Bergen,201051,Green River Bourbon 1/750 mL Btl,9/25/2025,1.00,3.00,$81.00,$26.96
Chris Payton,35002,Woodridge Wines & Liq(A),206 Hackensack St,Woodridge,Bergen,201071,Bardstown Single Barrel GSPD #3 1/750 mL Btl,7/9/2025,1.00,2.00,$126.67,$37.97
Chris Payton,76010,Usa Wine Traders Club (Saddle Brook),66 Market St,Saddle Brook,Bergen,201061,Bardstown Discovery Series #12 1/750 mL Btl,6/12/2025,1.00,2.00,$211.33,$56.30
Chris Payton,38040,Buy Rite Discount Liquor,183 Route 46 West,Lodi,Bergen,201056,Bardstown Origin Series Bourbon 1/750 mL Btl,4/29/2025,1.00,2.00,$69.00,$21.97
Chris Payton,80027,Ridgewood Country Club,96 W Midland Ave,Paramus,Bergen,201056,Bardstown Origin Series Bourbon 1/750 mL Btl,3/19/2025,1.00,2.00,$68.00,$20.97
Chris Payton,38007,Garden Liquors (P),300 Harrison Ave,Lodi,Bergen,201058,Bardstown Origin Series High Wheat 1/750 mL Btl,3/5/2025,1.00,2.00,$75.33,$22.97
Chris Payton,76010,Usa Wine Traders Club (Saddle Brook),66 Market St,Saddle Brook,Bergen,201054,Green River Wheated 1/750 mL,2/27/2026,1.00,18.00,$462.00,$137.73
Chris Payton,80027,Ridgewood Country Club,96 W Midland Ave,Paramus,Bergen,201058,Bardstown Origin Series High Wheat 1/750 mL Btl,3/19/2025,1.00,6.00,$226.00,$68.91
Chris Payton,34009,The Wine Rack Hasbrouck Hts,69 Route 17 South,Hasbrouck Heights,Bergen,201074,Bardstown Discovery #13 1/750 mL Btl,10/2/2025,1.00,2.00,$205.32,$50.29
Chris Payton,76010,Usa Wine Traders Club (Saddle Brook),66 Market St,Saddle Brook,Bergen,201052,Green River Full Proof 1/750 mL,5/6/2025,1.00,24.00,$872.00,$243.64
Chris Payton,76010,Usa Wine Traders Club (Saddle Brook),66 Market St,Saddle Brook,Bergen,201054,Green River Wheated 1/750 mL,1/15/2025,1.00,6.00,$154.00,$152.91
Chris Payton,50020,Wineland,247 Degraw Ave,Teaneck,Bergen,201058,Bardstown Origin Series High Wheat 1/750 mL Btl,5/20/2025,1.00,6.00,$226.00,$68.91
Chris Payton,34007,Liquor Masters (P),459 Route 17,Hasbrouck Heights,Bergen,201055,Bardstown Origin Series Bottle-In-Bond 1/750 mL Btl,9/9/2025,1.00,5.00,$181.67,$50.76
Chris Payton,34009,The Wine Rack Hasbrouck Hts,69 Route 17 South,Hasbrouck Heights,Bergen,201055,Bardstown Origin Series Bottle-In-Bond 1/750 mL Btl,2/18/2025,1.00,6.00,$222.00,$64.91
Chris Payton,34009,The Wine Rack Hasbrouck Hts,69 Route 17 South,Hasbrouck Heights,Bergen,201059,Bardstown Discovery Series #10 1/750 mL Btl,9/5/2025,1.00,2.00,$211.33,$56.30
Chris Payton,80035,Arcola Country C.,24 Paramus Rd,Paramus,Bergen,201055,Bardstown Origin Series Bottle-In-Bond 1/750 mL Btl,7/24/2025,1.00,2.00,$76.67,$24.30
Chris Payton,76010,Usa Wine Traders Club (Saddle Brook),66 Market St,Saddle Brook,Bergen,201074,Bardstown Discovery #13 1/750 mL Btl,11/10/2025,1.00,6.00,$633.96,$168.87
Chris Payton,35002,Woodridge Wines & Liq(A),206 Hackensack St,Woodridge,Bergen,201059,Bardstown Discovery Series #10 1/750 mL Btl,4/30/2025,1.00,1.00,$105.67,$28.15
Chris Payton,38040,Buy Rite Discount Liquor,183 Route 46 West,Lodi,Bergen,201052,Green River Full Proof 1/750 mL,1/16/2025,1.00,3.00,$113.00,$112.46
Chris Payton,76010,Usa Wine Traders Club (Saddle Brook),66 Market St,Saddle Brook,Bergen,201056,Bardstown Origin Series Bourbon 1/750 mL Btl,2/3/2025,1.00,6.00,$196.00,$54.91
Chris Payton,38040,Buy Rite Discount Liquor,183 Route 46 West,Lodi,Bergen,201057,Bardstown Origin Series Double Barrel Rye 1/750 mL Btl,9/26/2025,1.00,1.00,$40.67,$14.49
Chris Payton,50020,Wineland,247 Degraw Ave,Teaneck,Bergen,201055,Bardstown Origin Series Bottle-In-Bond 1/750 mL Btl,6/18/2025,1.00,6.00,$226.00,$68.91
Chris Payton,76010,Usa Wine Traders Club (Saddle Brook),66 Market St,Saddle Brook,Bergen,201056,Bardstown Origin Series Bourbon 1/750 mL Btl,4/15/2025,1.00,48.00,"$1,568.00",$439.28
Chris Payton,34009,The Wine Rack Hasbrouck Hts,69 Route 17 South,Hasbrouck Heights,Bergen,201058,Bardstown Origin Series High Wheat 1/750 mL Btl,2/18/2025,1.00,6.00,$222.00,$64.91
Chris Payton,34007,Liquor Masters (P),459 Route 17,Hasbrouck Heights,Bergen,201056,Bardstown Origin Series Bourbon 1/750 mL Btl,9/9/2025,1.00,6.00,$196.00,$54.91
Chris Payton,35002,Woodridge Wines & Liq(A),206 Hackensack St,Woodridge,Bergen,201058,Bardstown Origin Series High Wheat 1/750 mL Btl,3/4/2025,1.00,2.00,$75.33,$22.97
Chris Payton,78013,J R W & Liq (A),332 Rochelle Ave,Rochelle Park,Bergen,201065,Green River 1/1 L Btl,3/17/2026,1.00,1.00,$18.33,$7.13
Chris Payton,34009,The Wine Rack Hasbrouck Hts,69 Route 17 South,Hasbrouck Heights,Bergen,201056,Bardstown Origin Series Bourbon 1/750 mL Btl,12/18/2025,1.00,6.00,$208.00,$66.91
Chris Payton,38040,Buy Rite Discount Liquor,183 Route 46 West,Lodi,Bergen,201054,Green River Wheated 1/750 mL,9/26/2025,1.00,1.00,$29.33,$11.32
Chris Payton,38021,Buy Rite Of Main St Lodi,449 Main St,Lodi,Bergen,201051,Green River Bourbon 1/750 mL Btl,4/28/2026,1.00,1.00,$26.83,$8.82
Chris Payton,76010,Usa Wine Traders Club (Saddle Brook),66 Market St,Saddle Brook,Bergen,201076,Green River Wheated Full Proof 1/750 ml Btl,4/10/2026,1.00,6.00,$226.00,$68.91
Chris Payton,76010,Usa Wine Traders Club (Saddle Brook),66 Market St,Saddle Brook,Bergen,201077,Green River Honey 1/750 mL Btl,5/8/2026,1.00,18.00,$330.00,$107.73
Chris Payton,34009,The Wine Rack Hasbrouck Hts,69 Route 17 South,Hasbrouck Heights,Bergen,201051,Green River Bourbon 1/750 mL Btl,4/30/2025,1.00,2.00,$54.00,$17.97
Chris Payton,76010,Usa Wine Traders Club (Saddle Brook),66 Market St,Saddle Brook,Bergen,201058,Bardstown Origin Series High Wheat 1/750 mL Btl,2/3/2025,1.00,12.00,$436.00,$121.82
Chris Payton,76010,Usa Wine Traders Club (Saddle Brook),66 Market St,Saddle Brook,Bergen,201054,Green River Wheated 1/750 mL,5/6/2025,1.00,24.00,$616.00,$183.64
Chris Payton,25045,Clifton Disc Liq (A),73 Ackerman Ave Botony Pl,Clifton,Passaic,201058,Bardstown Origin Series High Wheat 1/750 mL Btl,2/14/2025,1.00,3.00,$113.00,$34.46
Chris Payton,76010,Usa Wine Traders Club (Saddle Brook),66 Market St,Saddle Brook,Bergen,201055,Bardstown Origin Series Bottle-In-Bond 1/750 mL Btl,1/21/2025,1.00,6.00,$218.00,$216.91
Chris Payton,34009,The Wine Rack Hasbrouck Hts,69 Route 17 South,Hasbrouck Heights,Bergen,201054,Green River Wheated 1/750 mL,4/30/2025,1.00,2.00,$54.00,$17.97
Chris Payton,50020,Wineland,247 Degraw Ave,Teaneck,Bergen,201055,Bardstown Origin Series Bottle-In-Bond 1/750 mL Btl,4/14/2026,1.00,6.00,$226.00,$68.91
Chris Payton,50020,Wineland,247 Degraw Ave,Teaneck,Bergen,201058,Bardstown Origin Series High Wheat 1/750 mL Btl,9/15/2025,1.00,6.00,$226.00,$68.91
Chris Payton,76010,Usa Wine Traders Club (Saddle Brook),66 Market St,Saddle Brook,Bergen,201057,Bardstown Origin Series Double Barrel Rye 1/750 mL Btl,1/21/2025,1.00,6.00,$218.00,$216.91
Chris Payton,81012,Dutch House,24-07 Fair Lawn Ave,Fair Lawn,Bergen,201058,Bardstown Origin Series High Wheat 1/750 mL Btl,3/19/2025,1.00,1.00,$38.67,$12.49
Chris Payton,38008,Shop Rite Liq.(A)Lodi,150 Main Str,Lodi,Bergen,201055,Bardstown Origin Series Bottle-In-Bond 1/750 mL Btl,3/5/2025,1.00,3.00,$113.00,$34.46
Chris Payton,38008,Shop Rite Liq.(A)Lodi,150 Main Str,Lodi,Bergen,201058,Bardstown Origin Series High Wheat 1/750 mL Btl,2/19/2025,1.00,18.00,$654.00,$182.73
Chris Payton,50020,Wineland,247 Degraw Ave,Teaneck,Bergen,201056,Bardstown Origin Series Bourbon 1/750 mL Btl,9/30/2025,1.00,3.00,$104.00,$33.46
Chris Payton,47005,Exquisite W & L (A),215 Main St,Ridgefield Park,Bergen,201051,Green River Bourbon 1/750 mL Btl,1/30/2025,1.00,1.00,$27.33,($79.85)
Chris Payton,47005,Exquisite W & L (A),215 Main St,Ridgefield Park,Bergen,201057,Bardstown Origin Series Double Barrel Rye 1/750 mL Btl,1/30/2025,1.00,1.00,$38.33,$12.15
Chris Payton,76010,Usa Wine Traders Club (Saddle Brook),66 Market St,Saddle Brook,Bergen,201062,Bardstown Collaboration Series Amrut 1/750 mL Btl,4/17/2025,1.00,4.00,$418.67,$108.61
Chris Payton,76010,Usa Wine Traders Club (Saddle Brook),66 Market St,Saddle Brook,Bergen,201054,Green River Wheated 1/750 mL,3/17/2025,1.00,6.00,$154.00,$45.91
Chris Payton,76010,Usa Wine Traders Club (Saddle Brook),66 Market St,Saddle Brook,Bergen,201076,Green River Wheated Full Proof 1/750 ml Btl,2/27/2026,1.00,18.00,$654.00,$182.73
Chris Payton,76010,Usa Wine Traders Club (Saddle Brook),66 Market St,Saddle Brook,Bergen,201053,Green River Rye 1/750 mL,1/15/2025,1.00,6.00,$154.00,$152.91
Chris Payton,78013,J R W & Liq (A),332 Rochelle Ave,Rochelle Park,Bergen,201054,Green River Wheated 1/750 mL,3/17/2026,1.00,1.00,$26.83,$8.82
Chris Payton,76010,Usa Wine Traders Club (Saddle Brook),66 Market St,Saddle Brook,Bergen,201052,Green River Full Proof 1/750 mL,1/15/2025,1.00,6.00,$218.00,$216.91
Chris Payton,38008,Shop Rite Liq.(A)Lodi,150 Main Str,Lodi,Bergen,201058,Bardstown Origin Series High Wheat 1/750 mL Btl,2/24/2025,1.00,-12.00,($436.00),($121.82)
Chris Payton,76010,Usa Wine Traders Club (Saddle Brook),66 Market St,Saddle Brook,Bergen,201070,Bardstown Single Barrel GSPD #2 1/750 mL Btl,6/12/2025,1.00,3.00,$190.00,$56.96
Chris Payton,76010,Usa Wine Traders Club (Saddle Brook),66 Market St,Saddle Brook,Bergen,201057,Bardstown Origin Series Double Barrel Rye 1/750 mL Btl,3/17/2025,1.00,12.00,$436.00,$121.82
Chris Payton,76010,Usa Wine Traders Club (Saddle Brook),66 Market St,Saddle Brook,Bergen,201054,Green River Wheated 1/750 mL,1/21/2025,1.00,6.00,$154.00,$152.91
Chris Payton,76010,Usa Wine Traders Club (Saddle Brook),66 Market St,Saddle Brook,Bergen,201055,Bardstown Origin Series Bottle-In-Bond 1/750 mL Btl,2/3/2025,1.00,12.00,$436.00,$121.82
Chris Payton,76010,Usa Wine Traders Club (Saddle Brook),66 Market St,Saddle Brook,Bergen,201054,Green River Wheated 1/750 mL,7/2/2026,1.00,18.00,$462.00,$137.73
Chris Payton,34007,Liquor Masters (P),459 Route 17,Hasbrouck Heights,Bergen,201058,Bardstown Origin Series High Wheat 1/750 mL Btl,9/9/2025,1.00,4.00,$145.33,$40.61
Chris Payton,38007,Garden Liquors (P),300 Harrison Ave,Lodi,Bergen,201077,Green River Honey 1/750 mL Btl,5/8/2026,1.00,6.00,$115.00,$40.91
Chris Payton,76010,Usa Wine Traders Club (Saddle Brook),66 Market St,Saddle Brook,Bergen,201052,Green River Full Proof 1/750 mL,1/21/2025,1.00,12.00,$436.00,$433.82
Chris Payton,76010,Usa Wine Traders Club (Saddle Brook),66 Market St,Saddle Brook,Bergen,201072,Green River Bourbon 250th Army Anniversary 1/750 mL,11/7/2025,1.00,18.00,$654.00,$182.73
Chris Payton,34009,The Wine Rack Hasbrouck Hts,69 Route 17 South,Hasbrouck Heights,Bergen,201064,Bardstown Collaboration Series Silver Oak 1/750 mL Btl,4/30/2025,1.00,1.00,$105.67,$28.15
Chris Payton,76010,Usa Wine Traders Club (Saddle Brook),66 Market St,Saddle Brook,Bergen,201058,Bardstown Origin Series High Wheat 1/750 mL Btl,4/15/2025,1.00,54.00,"$1,962.00",$548.19
Chris Payton,80027,Ridgewood Country Club,96 W Midland Ave,Paramus,Bergen,201051,Green River Bourbon 1/750 mL Btl,3/19/2025,1.00,6.00,$162.00,$53.91
Chris Payton,76010,Usa Wine Traders Club (Saddle Brook),66 Market St,Saddle Brook,Bergen,201072,Green River Bourbon 250th Army Anniversary 1/750 mL,7/1/2025,1.00,12.00,$436.00,$121.82
Chris Payton,76010,Usa Wine Traders Club (Saddle Brook),66 Market St,Saddle Brook,Bergen,201073,Bardstown Collaboration Series Pierre Ferrand 1/750 mL Btl,9/19/2025,1.00,6.00,$615.96,$150.87
Chris Payton,34007,Liquor Masters (P),459 Route 17,Hasbrouck Heights,Bergen,201057,Bardstown Origin Series Double Barrel Rye 1/750 mL Btl,9/9/2025,1.00,3.00,$109.00,$30.46
Chris Payton,35002,Woodridge Wines & Liq(A),206 Hackensack St,Woodridge,Bergen,201055,Bardstown Origin Series Bottle-In-Bond 1/750 mL Btl,3/4/2025,1.00,2.00,$75.33,$22.97
Chris Payton,34009,The Wine Rack Hasbrouck Hts,69 Route 17 South,Hasbrouck Heights,Bergen,201057,Bardstown Origin Series Double Barrel Rye 1/750 mL Btl,1/16/2025,1.00,3.00,$113.00,$112.46
Chris Payton,76010,Usa Wine Traders Club (Saddle Brook),66 Market St,Saddle Brook,Bergen,201074,Bardstown Discovery #13 1/750 mL Btl,9/19/2025,1.00,6.00,$615.96,$150.87
Chris Payton,35002,Woodridge Wines & Liq(A),206 Hackensack St,Woodridge,Bergen,201054,Green River Wheated 1/750 mL,4/30/2025,1.00,1.00,$27.17,$9.15
Chris Payton,76010,Usa Wine Traders Club (Saddle Brook),66 Market St,Saddle Brook,Bergen,201054,Green River Wheated 1/750 mL,2/11/2026,1.00,18.00,$462.00,$137.73
Chris Payton,76010,Usa Wine Traders Club (Saddle Brook),66 Market St,Saddle Brook,Bergen,201058,Bardstown Origin Series High Wheat 1/750 mL Btl,1/31/2025,1.00,6.00,$218.00,$60.91
Chris Payton,76010,Usa Wine Traders Club (Saddle Brook),66 Market St,Saddle Brook,Bergen,201060,Bardstown Discovery Series #11 1/750 mL Btl,6/12/2025,1.00,2.00,$211.33,$56.30
Chris Payton,35002,Woodridge Wines & Liq(A),206 Hackensack St,Woodridge,Bergen,201056,Bardstown Origin Series Bourbon 1/750 mL Btl,3/4/2025,1.00,2.00,$68.00,($0.36)
Chris Payton,76010,Usa Wine Traders Club (Saddle Brook),66 Market St,Saddle Brook,Bergen,201054,Green River Wheated 1/750 mL,1/24/2025,1.00,6.00,$162.00,$160.91
Chris Payton,50020,Wineland,247 Degraw Ave,Teaneck,Bergen,201055,Bardstown Origin Series Bottle-In-Bond 1/750 mL Btl,3/6/2025,1.00,3.00,$113.00,$34.46
Chris Payton,76010,Usa Wine Traders Club (Saddle Brook),66 Market St,Saddle Brook,Bergen,201051,Green River Bourbon 1/750 mL Btl,1/15/2025,1.00,12.00,$308.00,($978.18)
Chris Payton,76010,Usa Wine Traders Club (Saddle Brook),66 Market St,Saddle Brook,Bergen,201052,Green River Full Proof 1/750 mL,2/24/2025,1.00,18.00,$666.00,$194.73
Chris Payton,80035,Arcola Country C.,24 Paramus Rd,Paramus,Bergen,201056,Bardstown Origin Series Bourbon 1/750 mL Btl,9/5/2025,1.00,1.00,$36.67,$13.15
Chris Payton,34009,The Wine Rack Hasbrouck Hts,69 Route 17 South,Hasbrouck Heights,Bergen,201053,Green River Rye 1/750 mL,4/30/2025,1.00,2.00,$54.00,$17.97
Chris Payton,34009,The Wine Rack Hasbrouck Hts,69 Route 17 South,Hasbrouck Heights,Bergen,201053,Green River Rye 1/750 mL,3/20/2026,1.00,2.00,$53.67,$17.64
Chris Payton,38021,Buy Rite Of Main St Lodi,449 Main St,Lodi,Bergen,201055,Bardstown Origin Series Bottle-In-Bond 1/750 mL Btl,4/28/2026,1.00,1.00,$40.67,$14.49
Chris Payton,47005,Exquisite W & L (A),215 Main St,Ridgefield Park,Bergen,201058,Bardstown Origin Series High Wheat 1/750 mL Btl,1/30/2025,1.00,1.00,$38.33,$12.15
Chris Payton,76010,Usa Wine Traders Club (Saddle Brook),66 Market St,Saddle Brook,Bergen,201057,Bardstown Origin Series Double Barrel Rye 1/750 mL Btl,1/15/2025,1.00,6.00,$218.00,$216.91
Chris Payton,80035,Arcola Country C.,24 Paramus Rd,Paramus,Bergen,201077,Green River Honey 1/750 mL Btl,6/11/2026,1.00,3.00,$60.00,$22.96
Chris Payton,76010,Usa Wine Traders Club (Saddle Brook),66 Market St,Saddle Brook,Bergen,201061,Bardstown Discovery Series #12 1/750 mL Btl,4/17/2025,1.00,1.00,$104.67,$27.15
Chris Payton,35002,Woodridge Wines & Liq(A),206 Hackensack St,Woodridge,Bergen,201051,Green River Bourbon 1/750 mL Btl,4/28/2026,1.00,1.00,$26.83,$8.82
Chris Payton,25045,Clifton Disc Liq (A),73 Ackerman Ave Botony Pl,Clifton,Passaic,201055,Bardstown Origin Series Bottle-In-Bond 1/750 mL Btl,2/14/2025,1.00,3.00,$113.00,$34.46
Chris Payton,80035,Arcola Country C.,24 Paramus Rd,Paramus,Bergen,201055,Bardstown Origin Series Bottle-In-Bond 1/750 mL Btl,9/5/2025,1.00,1.00,$40.67,$14.49
Chris Payton,50020,Wineland,247 Degraw Ave,Teaneck,Bergen,201056,Bardstown Origin Series Bourbon 1/750 mL Btl,7/16/2026,1.00,6.00,$208.00,$66.91
Chris Payton,76010,Usa Wine Traders Club (Saddle Brook),66 Market St,Saddle Brook,Bergen,201056,Bardstown Origin Series Bourbon 1/750 mL Btl,1/15/2025,1.00,6.00,$196.00,$194.91
Chris Payton,76010,Usa Wine Traders Club (Saddle Brook),66 Market St,Saddle Brook,Bergen,201054,Green River Wheated 1/750 mL,1/9/2026,1.00,18.00,$462.00,$137.73
Chris Payton,34009,The Wine Rack Hasbrouck Hts,69 Route 17 South,Hasbrouck Heights,Bergen,201056,Bardstown Origin Series Bourbon 1/750 mL Btl,1/16/2025,1.00,3.00,$102.00,$101.46
Chris Payton,38040,Buy Rite Discount Liquor,183 Route 46 West,Lodi,Bergen,201051,Green River Bourbon 1/750 mL Btl,4/30/2026,1.00,1.00,$26.83,$8.82
Chris Payton,38040,Buy Rite Discount Liquor,183 Route 46 West,Lodi,Bergen,201053,Green River Rye 1/750 mL,9/26/2025,1.00,1.00,$29.33,$11.32
Chris Payton,76010,Usa Wine Traders Club (Saddle Brook),66 Market St,Saddle Brook,Bergen,201071,Bardstown Single Barrel GSPD #3 1/750 mL Btl,6/12/2025,1.00,3.00,$190.00,$56.96
Chris Payton,34009,The Wine Rack Hasbrouck Hts,69 Route 17 South,Hasbrouck Heights,Bergen,201077,Green River Honey 1/750 mL Btl,5/8/2026,1.00,6.00,$115.00,$40.91
Chris Payton,79002,Hollywd Liq&Deli (A),40 W Pleasant Ave,Maywood,Bergen,201054,Green River Wheated 1/750 mL,3/3/2026,1.00,6.00,$161.00,$52.91
Chris Payton,34009,The Wine Rack Hasbrouck Hts,69 Route 17 South,Hasbrouck Heights,Bergen,201058,Bardstown Origin Series High Wheat 1/750 mL Btl,12/18/2025,1.00,6.00,$226.00,$68.91
Chris Payton,50020,Wineland,247 Degraw Ave,Teaneck,Bergen,201058,Bardstown Origin Series High Wheat 1/750 mL Btl,3/6/2025,1.00,3.00,$113.00,$34.46
Chris Payton,34009,The Wine Rack Hasbrouck Hts,69 Route 17 South,Hasbrouck Heights,Bergen,201059,Bardstown Discovery Series #10 1/750 mL Btl,4/30/2025,1.00,1.00,$105.67,$28.15
Chris Payton,34009,The Wine Rack Hasbrouck Hts,69 Route 17 South,Hasbrouck Heights,Bergen,201062,Bardstown Collaboration Series Amrut 1/750 mL Btl,4/30/2025,1.00,1.00,$105.67,$28.15
Chris Payton,76010,Usa Wine Traders Club (Saddle Brook),66 Market St,Saddle Brook,Bergen,201055,Bardstown Origin Series Bottle-In-Bond 1/750 mL Btl,3/17/2025,1.00,6.00,$218.00,$60.91
Chris Payton,47005,Exquisite W & L (A),215 Main St,Ridgefield Park,Bergen,201056,Bardstown Origin Series Bourbon 1/750 mL Btl,1/30/2025,1.00,1.00,$34.50,$10.99
Chris Payton,76010,Usa Wine Traders Club (Saddle Brook),66 Market St,Saddle Brook,Bergen,201068,Green River Single Barrel GSPD#3 1/750 mL,6/12/2025,1.00,3.00,$145.00,$46.96
Chris Payton,34009,The Wine Rack Hasbrouck Hts,69 Route 17 South,Hasbrouck Heights,Bergen,201052,Green River Full Proof 1/750 mL,3/13/2026,1.00,2.00,$75.33,$22.97
Chris Payton,25045,Clifton Disc Liq (A),73 Ackerman Ave Botony Pl,Clifton,Passaic,201058,Bardstown Origin Series High Wheat 1/750 mL Btl,4/11/2025,1.00,6.00,$226.00,$68.91
Chris Payton,50020,Wineland,247 Degraw Ave,Teaneck,Bergen,201057,Bardstown Origin Series Double Barrel Rye 1/750 mL Btl,9/30/2025,1.00,3.00,$113.00,$34.46
Chris Payton,80035,Arcola Country C.,24 Paramus Rd,Paramus,Bergen,201058,Bardstown Origin Series High Wheat 1/750 mL Btl,7/24/2025,1.00,2.00,$76.67,$24.30
Chris Payton,79004,Coronet Variety,138 West Pleasant Ave,Maywood,Bergen,201054,Green River Wheated 1/750 mL,1/16/2025,1.00,2.00,$54.33,$53.97
Chris Payton,76010,Usa Wine Traders Club (Saddle Brook),66 Market St,Saddle Brook,Bergen,201075,Green River Single Barrel Wheated 1/1/750mL Btl,12/12/2025,1.00,6.00,$267.96,$71.87
Chris Payton,76010,Usa Wine Traders Club (Saddle Brook),66 Market St,Saddle Brook,Bergen,201056,Bardstown Origin Series Bourbon 1/750 mL Btl,1/21/2025,1.00,12.00,$392.00,$389.82
Chris Payton,34009,The Wine Rack Hasbrouck Hts,69 Route 17 South,Hasbrouck Heights,Bergen,201063,Bardstown Collaboration Series Goose Island 1/750 mL Btl,4/30/2025,1.00,1.00,$75.67,$20.82
Chris Payton,76010,Usa Wine Traders Club (Saddle Brook),66 Market St,Saddle Brook,Bergen,201058,Bardstown Origin Series High Wheat 1/750 mL Btl,3/17/2025,1.00,6.00,$218.00,$60.91
Chris Payton,38007,Garden Liquors (P),300 Harrison Ave,Lodi,Bergen,201056,Bardstown Origin Series Bourbon 1/750 mL Btl,3/5/2025,1.00,2.00,$68.00,($0.36)
Chris Payton,47011,Ridgefield Deli & Liq,284 Teaneck Road,Ridgefield Park,Bergen,201055,Bardstown Origin Series Bottle-In-Bond 1/750 mL Btl,9/25/2025,1.00,3.00,$113.00,$34.46
Chris Payton,38040,Buy Rite Discount Liquor,183 Route 46 West,Lodi,Bergen,201051,Green River Bourbon 1/750 mL Btl,1/16/2025,1.00,3.00,$81.00,($240.54)
Chris Payton,76010,Usa Wine Traders Club (Saddle Brook),66 Market St,Saddle Brook,Bergen,201066,Green River Single Barrel GSPD #1 1/750 mL,1/8/2026,1.00,193.00,"$8,619.38","$2,311.83"
Chris Payton,34009,The Wine Rack Hasbrouck Hts,69 Route 17 South,Hasbrouck Heights,Bergen,201051,Green River Bourbon 1/750 mL Btl,3/13/2026,1.00,3.00,$80.50,$26.46
Chris Payton,79002,Hollywd Liq&Deli (A),40 W Pleasant Ave,Maywood,Bergen,201056,Bardstown Origin Series Bourbon 1/750 mL Btl,4/15/2026,1.00,6.00,$208.00,$66.91
Dan Lagala,49020,Hudson Wine Market,1638 Schlosser St,Fort Lee,Bergen,201064,Bardstown Collaboration Series Silver Oak 1/750 mL Btl,4/11/2025,1.00,1.00,$105.67,$28.15
Dan Lagala,43013,Buy Rite Of Fairview,201 Broad Ave,Fairview,Bergen,201077,Green River Honey 1/750 mL Btl,5/27/2026,1.00,3.00,$60.00,$22.96
Dan Lagala,43013,Buy Rite Of Fairview,201 Broad Ave,Fairview,Bergen,201057,Bardstown Origin Series Double Barrel Rye 1/750 mL Btl,12/30/2025,1.00,2.00,$75.33,$22.97
Dan Lagala,45004,Ridgefield Liq (Z),520 Shaler Blvd,Ridgefield,Bergen,201058,Bardstown Origin Series High Wheat 1/750 mL Btl,2/5/2025,1.00,2.00,$75.33,$22.97
Dan Lagala,43013,Buy Rite Of Fairview,201 Broad Ave,Fairview,Bergen,201055,Bardstown Origin Series Bottle-In-Bond 1/750 mL Btl,12/30/2025,1.00,2.00,$75.33,$22.97
Dan Lagala,43013,Buy Rite Of Fairview,201 Broad Ave,Fairview,Bergen,201056,Bardstown Origin Series Bourbon 1/750 mL Btl,1/21/2025,1.00,3.00,$102.00,$101.46
Dan Lagala,43013,Buy Rite Of Fairview,201 Broad Ave,Fairview,Bergen,201076,Green River Wheated Full Proof 1/750 ml Btl,5/27/2026,1.00,4.00,$145.33,$40.61
Dan Lagala,49027,Linwood Wine-Linwood Plaza,102 Linwood Plaza,Fort Lee,Bergen,201058,Bardstown Origin Series High Wheat 1/750 mL Btl,3/9/2026,1.00,6.00,$226.00,$68.91
Dan Lagala,43013,Buy Rite Of Fairview,201 Broad Ave,Fairview,Bergen,201052,Green River Full Proof 1/750 mL,2/3/2026,1.00,3.00,$109.00,$30.46
Dan Lagala,49027,Linwood Wine-Linwood Plaza,102 Linwood Plaza,Fort Lee,Bergen,201058,Bardstown Origin Series High Wheat 1/750 mL Btl,4/30/2026,1.00,6.00,$218.00,$60.91
Dan Lagala,43013,Buy Rite Of Fairview,201 Broad Ave,Fairview,Bergen,201057,Bardstown Origin Series Double Barrel Rye 1/750 mL Btl,6/23/2025,1.00,3.00,$113.00,$34.46
Dan Lagala,49027,Linwood Wine-Linwood Plaza,102 Linwood Plaza,Fort Lee,Bergen,201056,Bardstown Origin Series Bourbon 1/750 mL Btl,3/9/2026,1.00,6.00,$208.00,$66.91
Dan Lagala,49020,Hudson Wine Market,1638 Schlosser St,Fort Lee,Bergen,201055,Bardstown Origin Series Bottle-In-Bond 1/750 mL Btl,1/24/2025,1.00,1.00,$38.33,$38.15
Dan Lagala,43013,Buy Rite Of Fairview,201 Broad Ave,Fairview,Bergen,201055,Bardstown Origin Series Bottle-In-Bond 1/750 mL Btl,1/21/2025,1.00,3.00,$113.00,$112.46
Dan Lagala,49027,Linwood Wine-Linwood Plaza,102 Linwood Plaza,Fort Lee,Bergen,201055,Bardstown Origin Series Bottle-In-Bond 1/750 mL Btl,4/17/2025,1.00,6.00,$218.00,$60.91
Dan Lagala,43013,Buy Rite Of Fairview,201 Broad Ave,Fairview,Bergen,201065,Green River 1/1 L Btl,9/22/2025,1.00,3.00,$55.00,$21.39
Dan Lagala,43013,Buy Rite Of Fairview,201 Broad Ave,Fairview,Bergen,201055,Bardstown Origin Series Bottle-In-Bond 1/750 mL Btl,10/14/2025,1.00,3.00,$113.00,$34.46
Dan Lagala,43013,Buy Rite Of Fairview,201 Broad Ave,Fairview,Bergen,201065,Green River 1/1 L Btl,5/27/2026,1.00,8.00,$132.00,($15.64)
Dan Lagala,43013,Buy Rite Of Fairview,201 Broad Ave,Fairview,Bergen,201055,Bardstown Origin Series Bottle-In-Bond 1/750 mL Btl,7/8/2026,1.00,2.00,$75.33,$22.97
Dan Lagala,49027,Linwood Wine-Linwood Plaza,102 Linwood Plaza,Fort Lee,Bergen,201054,Green River Wheated 1/750 mL,10/29/2025,1.00,6.00,$138.02,$29.93
Dan Lagala,49045,Liquor World,1475 Bergen Blvd,Fort Lee,Bergen,201053,Green River Rye 1/750 mL,2/4/2025,1.00,6.00,$154.00,$45.91
Dan Lagala,49044,Linwood Wine-Hudson Light,675 Park Ave,Fort Lee,Bergen,201054,Green River Wheated 1/750 mL,10/30/2025,1.00,6.00,$148.02,$39.93
Dan Lagala,43013,Buy Rite Of Fairview,201 Broad Ave,Fairview,Bergen,201055,Bardstown Origin Series Bottle-In-Bond 1/750 mL Btl,2/18/2025,1.00,2.00,$75.33,$22.97
Dan Lagala,43013,Buy Rite Of Fairview,201 Broad Ave,Fairview,Bergen,201054,Green River Wheated 1/750 mL,10/14/2025,1.00,3.00,$76.00,$21.96
Dan Lagala,43013,Buy Rite Of Fairview,201 Broad Ave,Fairview,Bergen,201056,Bardstown Origin Series Bourbon 1/750 mL Btl,2/18/2025,1.00,3.00,$102.00,$31.46
Dan Lagala,49045,Liquor World,1475 Bergen Blvd,Fort Lee,Bergen,201052,Green River Full Proof 1/750 mL,2/4/2025,1.00,6.00,$218.00,$60.91
Dan Lagala,49045,Liquor World,1475 Bergen Blvd,Fort Lee,Bergen,201056,Bardstown Origin Series Bourbon 1/750 mL Btl,2/4/2025,1.00,6.00,$196.00,$54.91
Dan Lagala,43013,Buy Rite Of Fairview,201 Broad Ave,Fairview,Bergen,201054,Green River Wheated 1/750 mL,2/3/2026,1.00,6.00,$154.00,$45.91
Dan Lagala,43013,Buy Rite Of Fairview,201 Broad Ave,Fairview,Bergen,201057,Bardstown Origin Series Double Barrel Rye 1/750 mL Btl,7/8/2026,1.00,2.00,$75.33,$22.97
Dan Lagala,43013,Buy Rite Of Fairview,201 Broad Ave,Fairview,Bergen,201058,Bardstown Origin Series High Wheat 1/750 mL Btl,6/23/2025,1.00,3.00,$113.00,$34.46
Dan Lagala,49027,Linwood Wine-Linwood Plaza,102 Linwood Plaza,Fort Lee,Bergen,201057,Bardstown Origin Series Double Barrel Rye 1/750 mL Btl,4/30/2026,1.00,6.00,$218.00,$60.91
Dan Lagala,43013,Buy Rite Of Fairview,201 Broad Ave,Fairview,Bergen,201053,Green River Rye 1/750 mL,11/3/2025,1.00,2.00,$51.33,$15.30
Dan Lagala,43013,Buy Rite Of Fairview,201 Broad Ave,Fairview,Bergen,201065,Green River 1/1 L Btl,11/3/2025,1.00,12.00,$198.00,$63.55
Dan Lagala,44009,Metro Liquor (Cliffside Park),341 Gorge Rd.,Cliffside Park,Sales,201058,Bardstown Origin Series High Wheat 1/750 mL Btl,2/5/2025,1.00,1.00,$37.67,$11.49
Dan Lagala,49045,Liquor World,1475 Bergen Blvd,Fort Lee,Bergen,201054,Green River Wheated 1/750 mL,2/4/2025,1.00,6.00,$154.00,$45.91
Dan Lagala,49044,Linwood Wine-Hudson Light,675 Park Ave,Fort Lee,Bergen,201057,Bardstown Origin Series Double Barrel Rye 1/750 mL Btl,1/22/2025,1.00,6.00,$218.00,$216.91
Dan Lagala,49027,Linwood Wine-Linwood Plaza,102 Linwood Plaza,Fort Lee,Bergen,201053,Green River Rye 1/750 mL,1/8/2026,1.00,6.00,$154.00,$45.91
Dan Lagala,49027,Linwood Wine-Linwood Plaza,102 Linwood Plaza,Fort Lee,Bergen,201055,Bardstown Origin Series Bottle-In-Bond 1/750 mL Btl,4/30/2026,1.00,6.00,$218.00,$60.91
Dan Lagala,43013,Buy Rite Of Fairview,201 Broad Ave,Fairview,Bergen,201055,Bardstown Origin Series Bottle-In-Bond 1/750 mL Btl,6/23/2025,1.00,3.00,$113.00,$34.46
Dan Lagala,49027,Linwood Wine-Linwood Plaza,102 Linwood Plaza,Fort Lee,Bergen,201051,Green River Bourbon 1/750 mL Btl,1/14/2026,1.00,12.00,$276.04,$59.86
Dan Lagala,43013,Buy Rite Of Fairview,201 Broad Ave,Fairview,Bergen,201056,Bardstown Origin Series Bourbon 1/750 mL Btl,7/8/2026,1.00,2.00,$69.33,$22.30
Dan Lagala,49045,Liquor World,1475 Bergen Blvd,Fort Lee,Bergen,201058,Bardstown Origin Series High Wheat 1/750 mL Btl,2/4/2025,1.00,6.00,$218.00,$60.91
Dan Lagala,43013,Buy Rite Of Fairview,201 Broad Ave,Fairview,Bergen,201053,Green River Rye 1/750 mL,9/22/2025,1.00,3.00,$81.00,$26.96
Dan Lagala,49027,Linwood Wine-Linwood Plaza,102 Linwood Plaza,Fort Lee,Bergen,201051,Green River Bourbon 1/750 mL Btl,10/29/2025,1.00,6.00,$138.02,$29.93
Dan Lagala,43013,Buy Rite Of Fairview,201 Broad Ave,Fairview,Bergen,201058,Bardstown Origin Series High Wheat 1/750 mL Btl,2/3/2026,1.00,2.00,$81.33,$28.97
Dan Lagala,49027,Linwood Wine-Linwood Plaza,102 Linwood Plaza,Fort Lee,Bergen,201056,Bardstown Origin Series Bourbon 1/750 mL Btl,9/18/2025,1.00,6.00,$208.00,$66.91
Dan Lagala,49027,Linwood Wine-Linwood Plaza,102 Linwood Plaza,Fort Lee,Bergen,201057,Bardstown Origin Series Double Barrel Rye 1/750 mL Btl,4/21/2025,1.00,0.00,$0.00,$0.00
Dan Lagala,43013,Buy Rite Of Fairview,201 Broad Ave,Fairview,Bergen,201052,Green River Full Proof 1/750 mL,5/27/2026,1.00,4.00,$145.33,$40.61
Dan Lagala,49027,Linwood Wine-Linwood Plaza,102 Linwood Plaza,Fort Lee,Bergen,201057,Bardstown Origin Series Double Barrel Rye 1/750 mL Btl,1/28/2025,1.00,6.00,$222.00,$220.91
Dan Lagala,49044,Linwood Wine-Hudson Light,675 Park Ave,Fort Lee,Bergen,201058,Bardstown Origin Series High Wheat 1/750 mL Btl,2/12/2026,1.00,6.00,$226.00,$68.91
Dan Lagala,43013,Buy Rite Of Fairview,201 Broad Ave,Fairview,Bergen,201065,Green River 1/1 L Btl,10/14/2025,1.00,12.00,$198.00,$63.55
Dan Lagala,43013,Buy Rite Of Fairview,201 Broad Ave,Fairview,Bergen,201056,Bardstown Origin Series Bourbon 1/750 mL Btl,2/3/2026,1.00,2.00,$73.33,$26.30
Dan Lagala,45004,Ridgefield Liq (Z),520 Shaler Blvd,Ridgefield,Bergen,201055,Bardstown Origin Series Bottle-In-Bond 1/750 mL Btl,2/5/2025,1.00,1.00,$37.67,$11.49
Dan Lagala,49027,Linwood Wine-Linwood Plaza,102 Linwood Plaza,Fort Lee,Bergen,201053,Green River Rye 1/750 mL,10/29/2025,1.00,6.00,$138.02,$29.93
Dan Lagala,43013,Buy Rite Of Fairview,201 Broad Ave,Fairview,Bergen,201054,Green River Wheated 1/750 mL,11/3/2025,1.00,12.00,$308.00,$91.82
Dan Lagala,49044,Linwood Wine-Hudson Light,675 Park Ave,Fort Lee,Bergen,201052,Green River Full Proof 1/750 mL,2/12/2026,1.00,6.00,$226.00,$68.91
Dan Lagala,49044,Linwood Wine-Hudson Light,675 Park Ave,Fort Lee,Bergen,201064,Bardstown Collaboration Series Silver Oak 1/750 mL Btl,4/17/2025,1.00,1.00,$105.67,$28.15
Dan Lagala,54006,Tenafly Fine Wine & Spirits,14 Riveredge Rd,Tenafly,Bergen,201051,Green River Bourbon 1/750 mL Btl,3/4/2026,1.00,2.00,$53.67,$17.64
Dan Lagala,49045,Liquor World,1475 Bergen Blvd,Fort Lee,Bergen,201057,Bardstown Origin Series Double Barrel Rye 1/750 mL Btl,2/4/2025,1.00,6.00,$218.00,$60.91
Dan Lagala,49044,Linwood Wine-Hudson Light,675 Park Ave,Fort Lee,Bergen,201064,Bardstown Collaboration Series Silver Oak 1/750 mL Btl,4/21/2025,1.00,0.00,$0.00,$0.00
Dan Lagala,49027,Linwood Wine-Linwood Plaza,102 Linwood Plaza,Fort Lee,Bergen,201058,Bardstown Origin Series High Wheat 1/750 mL Btl,4/15/2025,1.00,6.00,$226.00,$68.91
Dan Lagala,49044,Linwood Wine-Hudson Light,675 Park Ave,Fort Lee,Bergen,201055,Bardstown Origin Series Bottle-In-Bond 1/750 mL Btl,1/22/2025,1.00,6.00,$218.00,$216.91
Dan Lagala,54006,Tenafly Fine Wine & Spirits,14 Riveredge Rd,Tenafly,Bergen,201055,Bardstown Origin Series Bottle-In-Bond 1/750 mL Btl,3/4/2026,1.00,2.00,$81.33,$28.97
Dan Lagala,49045,Liquor World,1475 Bergen Blvd,Fort Lee,Bergen,201055,Bardstown Origin Series Bottle-In-Bond 1/750 mL Btl,2/4/2025,1.00,6.00,$218.00,$60.91
Dan Lagala,43013,Buy Rite Of Fairview,201 Broad Ave,Fairview,Bergen,201054,Green River Wheated 1/750 mL,5/27/2026,1.00,4.00,$102.67,$30.61
Dan Lagala,48002,Manor Wine & Liquor,430 Broad Ave,Leonia,Bergen,201054,Green River Wheated 1/750 mL,5/6/2026,1.00,1.00,$26.83,$8.82
Dan Lagala,49027,Linwood Wine-Linwood Plaza,102 Linwood Plaza,Fort Lee,Bergen,201077,Green River Honey 1/750 mL Btl,5/19/2026,1.00,6.00,$115.00,$40.91
Dan Lagala,43013,Buy Rite Of Fairview,201 Broad Ave,Fairview,Bergen,201053,Green River Rye 1/750 mL,5/27/2026,1.00,2.00,$51.33,$15.30
Dan Lagala,48002,Manor Wine & Liquor,430 Broad Ave,Leonia,Bergen,201054,Green River Wheated 1/750 mL,3/13/2026,1.00,1.00,$26.83,$8.82
Dan Lagala,44009,Metro Liquor (Cliffside Park),341 Gorge Rd.,Cliffside Park,Sales,201055,Bardstown Origin Series Bottle-In-Bond 1/750 mL Btl,2/5/2025,1.00,2.00,$75.33,$22.97
Dan Lagala,43013,Buy Rite Of Fairview,201 Broad Ave,Fairview,Bergen,201057,Bardstown Origin Series Double Barrel Rye 1/750 mL Btl,2/18/2025,1.00,2.00,$75.33,$22.97
Dan Lagala,43013,Buy Rite Of Fairview,201 Broad Ave,Fairview,Bergen,201058,Bardstown Origin Series High Wheat 1/750 mL Btl,2/18/2025,1.00,6.00,$226.00,$68.91
Dan Lagala,43013,Buy Rite Of Fairview,201 Broad Ave,Fairview,Bergen,201065,Green River 1/1 L Btl,2/3/2026,1.00,12.00,$198.00,$63.55
Dan Lagala,49065,Haven Rest/Bar (A),2 Main St,Edgewater,Bergen,201053,Green River Rye 1/750 mL,9/19/2025,1.00,2.00,$58.66,$22.63
Dan Lagala,43013,Buy Rite Of Fairview,201 Broad Ave,Fairview,Bergen,201052,Green River Full Proof 1/750 mL,10/14/2025,1.00,3.00,$109.00,$30.46
Dan Lagala,49065,Haven Rest/Bar (A),2 Main St,Edgewater,Bergen,201053,Green River Rye 1/750 mL,10/3/2025,1.00,1.00,$29.33,$11.32
Dan Lagala,49020,Hudson Wine Market,1638 Schlosser St,Fort Lee,Bergen,201058,Bardstown Origin Series High Wheat 1/750 mL Btl,1/24/2025,1.00,1.00,$38.33,$12.15
Dan Lagala,54006,Tenafly Fine Wine & Spirits,14 Riveredge Rd,Tenafly,Bergen,201052,Green River Full Proof 1/750 mL,3/4/2026,1.00,2.00,$81.33,$28.97
Dan Lagala,49027,Linwood Wine-Linwood Plaza,102 Linwood Plaza,Fort Lee,Bergen,201055,Bardstown Origin Series Bottle-In-Bond 1/750 mL Btl,2/4/2025,1.00,6.00,$222.00,$64.91
Dan Lagala,49027,Linwood Wine-Linwood Plaza,102 Linwood Plaza,Fort Lee,Bergen,201059,Bardstown Discovery Series #10 1/750 mL Btl,4/17/2025,1.00,1.00,$104.67,$27.15
Dan Lagala,49027,Linwood Wine-Linwood Plaza,102 Linwood Plaza,Fort Lee,Bergen,201054,Green River Wheated 1/750 mL,1/14/2026,1.00,-12.00,($317.34),($101.15)
Dan Lagala,49027,Linwood Wine-Linwood Plaza,102 Linwood Plaza,Fort Lee,Bergen,201051,Green River Bourbon 1/750 mL Btl,1/13/2026,1.00,-12.00,($276.04),($59.86)
Dan Lagala,49044,Linwood Wine-Hudson Light,675 Park Ave,Fort Lee,Bergen,201059,Bardstown Discovery Series #10 1/750 mL Btl,4/21/2025,1.00,0.00,$0.00,$0.00
Dan Lagala,54007,Wine Ventures,7 Washington St,Tenafly,Bergen,201055,Bardstown Origin Series Bottle-In-Bond 1/750 mL Btl,2/4/2025,1.00,6.00,$226.00,$68.91
Dan Lagala,49044,Linwood Wine-Hudson Light,675 Park Ave,Fort Lee,Bergen,201059,Bardstown Discovery Series #10 1/750 mL Btl,4/17/2025,1.00,1.00,$105.67,$28.15
Dan Lagala,44009,Metro Liquor (Cliffside Park),341 Gorge Rd.,Cliffside Park,Sales,201077,Green River Honey 1/750 mL Btl,5/6/2026,1.00,1.00,$20.00,$7.65
Dan Lagala,49020,Hudson Wine Market,1638 Schlosser St,Fort Lee,Bergen,201056,Bardstown Origin Series Bourbon 1/750 mL Btl,1/24/2025,1.00,1.00,$34.50,$34.32
Dan Lagala,54006,Tenafly Fine Wine & Spirits,14 Riveredge Rd,Tenafly,Bergen,201056,Bardstown Origin Series Bourbon 1/750 mL Btl,3/4/2026,1.00,2.00,$73.33,$26.30
Dan Lagala,43013,Buy Rite Of Fairview,201 Broad Ave,Fairview,Bergen,201056,Bardstown Origin Series Bourbon 1/750 mL Btl,10/14/2025,1.00,3.00,$104.00,$33.46
Dan Lagala,54006,Tenafly Fine Wine & Spirits,14 Riveredge Rd,Tenafly,Bergen,201054,Green River Wheated 1/750 mL,3/4/2026,1.00,2.00,$53.67,$17.64
Dan Lagala,43013,Buy Rite Of Fairview,201 Broad Ave,Fairview,Bergen,201057,Bardstown Origin Series Double Barrel Rye 1/750 mL Btl,1/21/2025,1.00,3.00,$113.00,$112.46
Dan Lagala,49027,Linwood Wine-Linwood Plaza,102 Linwood Plaza,Fort Lee,Bergen,201054,Green River Wheated 1/750 mL,1/9/2026,1.00,8.00,$214.67,$70.55
Dan Lagala,54006,Tenafly Fine Wine & Spirits,14 Riveredge Rd,Tenafly,Bergen,201055,Bardstown Origin Series Bottle-In-Bond 1/750 mL Btl,2/26/2025,1.00,2.00,$75.33,($0.36)
Dan Lagala,43013,Buy Rite Of Fairview,201 Broad Ave,Fairview,Bergen,201058,Bardstown Origin Series High Wheat 1/750 mL Btl,1/27/2025,1.00,3.00,$115.00,$36.46
Dan Lagala,49065,Haven Rest/Bar (A),2 Main St,Edgewater,Bergen,201053,Green River Rye 1/750 mL,12/12/2025,1.00,1.00,$26.83,$8.82
Dan Lagala,43013,Buy Rite Of Fairview,201 Broad Ave,Fairview,Bergen,201058,Bardstown Origin Series High Wheat 1/750 mL Btl,5/27/2026,1.00,2.00,$81.33,$28.97
Dan Lagala,49065,Haven Rest/Bar (A),2 Main St,Edgewater,Bergen,201073,Bardstown Collaboration Series Pierre Ferrand 1/750 mL Btl,11/25/2025,1.00,1.00,$108.66,$31.15
Dan Lagala,43013,Buy Rite Of Fairview,201 Broad Ave,Fairview,Bergen,201056,Bardstown Origin Series Bourbon 1/750 mL Btl,6/23/2025,1.00,3.00,$102.00,$31.46
Dan Lagala,44009,Metro Liquor (Cliffside Park),341 Gorge Rd.,Cliffside Park,Sales,201057,Bardstown Origin Series Double Barrel Rye 1/750 mL Btl,2/5/2025,1.00,1.00,$37.67,$11.49
Dan Lagala,49027,Linwood Wine-Linwood Plaza,102 Linwood Plaza,Fort Lee,Bergen,201064,Bardstown Collaboration Series Silver Oak 1/750 mL Btl,4/17/2025,1.00,1.00,$104.67,$27.15
Dan Lagala,45004,Ridgefield Liq (Z),520 Shaler Blvd,Ridgefield,Bergen,201056,Bardstown Origin Series Bourbon 1/750 mL Btl,2/5/2025,1.00,2.00,$68.00,$20.97
Dan Lagala,49027,Linwood Wine-Linwood Plaza,102 Linwood Plaza,Fort Lee,Bergen,201054,Green River Wheated 1/750 mL,1/8/2026,1.00,12.00,$308.00,$91.82
Dan Lagala,49027,Linwood Wine-Linwood Plaza,102 Linwood Plaza,Fort Lee,Bergen,201055,Bardstown Origin Series Bottle-In-Bond 1/750 mL Btl,4/21/2025,1.00,0.00,$0.00,$0.00
Dan Lagala,43013,Buy Rite Of Fairview,201 Broad Ave,Fairview,Bergen,201065,Green River 1/1 L Btl,12/30/2025,1.00,12.00,$198.00,$63.55
Dan Lagala,48002,Manor Wine & Liquor,430 Broad Ave,Leonia,Bergen,201077,Green River Honey 1/750 mL Btl,5/6/2026,1.00,1.00,$20.00,$7.65
Dan Lagala,49065,Haven Rest/Bar (A),2 Main St,Edgewater,Bergen,201053,Green River Rye 1/750 mL,11/6/2025,1.00,1.00,$26.83,$8.82
Dan Lagala,45004,Ridgefield Liq (Z),520 Shaler Blvd,Ridgefield,Bergen,201057,Bardstown Origin Series Double Barrel Rye 1/750 mL Btl,2/5/2025,1.00,1.00,$37.67,$11.49
Dan Lagala,43013,Buy Rite Of Fairview,201 Broad Ave,Fairview,Bergen,201058,Bardstown Origin Series High Wheat 1/750 mL Btl,10/14/2025,1.00,3.00,$113.00,$34.46
Dan Lagala,49027,Linwood Wine-Linwood Plaza,102 Linwood Plaza,Fort Lee,Bergen,201054,Green River Wheated 1/750 mL,4/30/2026,1.00,6.00,$154.00,$45.91
Dan Lagala,49027,Linwood Wine-Linwood Plaza,102 Linwood Plaza,Fort Lee,Bergen,201058,Bardstown Origin Series High Wheat 1/750 mL Btl,1/28/2025,1.00,6.00,$222.00,$64.91
Dan Lagala,44009,Metro Liquor (Cliffside Park),341 Gorge Rd.,Cliffside Park,Sales,201056,Bardstown Origin Series Bourbon 1/750 mL Btl,2/5/2025,1.00,2.00,$68.00,$20.97
Dan Lagala,49027,Linwood Wine-Linwood Plaza,102 Linwood Plaza,Fort Lee,Bergen,201056,Bardstown Origin Series Bourbon 1/750 mL Btl,1/28/2025,1.00,6.00,$200.00,$198.91
Dan Lagala,49027,Linwood Wine-Linwood Plaza,102 Linwood Plaza,Fort Lee,Bergen,201064,Bardstown Collaboration Series Silver Oak 1/750 mL Btl,4/21/2025,1.00,0.00,$0.00,$0.00
Dan Lagala,49027,Linwood Wine-Linwood Plaza,102 Linwood Plaza,Fort Lee,Bergen,201059,Bardstown Discovery Series #10 1/750 mL Btl,4/21/2025,1.00,0.00,$0.00,$0.00
Dan Lagala,43013,Buy Rite Of Fairview,201 Broad Ave,Fairview,Bergen,201056,Bardstown Origin Series Bourbon 1/750 mL Btl,12/30/2025,1.00,2.00,$69.33,$22.30
Dan Lagala,49027,Linwood Wine-Linwood Plaza,102 Linwood Plaza,Fort Lee,Bergen,201057,Bardstown Origin Series Double Barrel Rye 1/750 mL Btl,4/17/2025,1.00,12.00,$436.00,$121.82
Dan Lagala,54006,Tenafly Fine Wine & Spirits,14 Riveredge Rd,Tenafly,Bergen,201058,Bardstown Origin Series High Wheat 1/750 mL Btl,3/4/2026,1.00,2.00,$81.33,$28.97
Dan Lagala,54006,Tenafly Fine Wine & Spirits,14 Riveredge Rd,Tenafly,Bergen,201056,Bardstown Origin Series Bourbon 1/750 mL Btl,2/26/2025,1.00,2.00,$68.00,($0.36)
Dan Lagala,49027,Linwood Wine-Linwood Plaza,102 Linwood Plaza,Fort Lee,Bergen,201051,Green River Bourbon 1/750 mL Btl,4/30/2026,1.00,12.00,$308.00,$91.82
Dan Lagala,49045,Liquor World,1475 Bergen Blvd,Fort Lee,Bergen,201051,Green River Bourbon 1/750 mL Btl,2/4/2025,1.00,6.00,$154.00,$45.91
Dave Ehlers,58001,Total Wine & More (River Edge),1001 Main St,River Edge,Bergen,201055,Bardstown Origin Series Bottle-In-Bond 1/750 mL Btl,6/26/2026,1.00,6.00,$218.00,$60.91
Dave Ehlers,58001,Total Wine & More (River Edge),1001 Main St,River Edge,Bergen,201058,Bardstown Origin Series High Wheat 1/750 mL Btl,12/12/2025,1.00,6.00,$218.00,$60.91
Dave Ehlers,14007,Total Wine & More (Totowa),465 US Highway 46,Totowa,Passaic,201056,Bardstown Origin Series Bourbon 1/750 mL Btl,3/18/2026,1.00,18.00,$588.00,$164.73
Dave Ehlers,14007,Total Wine & More (Totowa),465 US Highway 46,Totowa,Passaic,201055,Bardstown Origin Series Bottle-In-Bond 1/750 mL Btl,6/24/2026,1.00,12.00,$436.00,$121.82
Dave Ehlers,40022,Buy Rite Of Hackensack,410 River St,Hackensack,Bergen,201054,Green River Wheated 1/750 mL,7/15/2026,1.00,2.00,$53.67,$17.64
Dave Ehlers,58001,Total Wine & More (River Edge),1001 Main St,River Edge,Bergen,201054,Green River Wheated 1/750 mL,3/17/2026,1.00,12.00,$308.00,$91.82
Dave Ehlers,14007,Total Wine & More (Totowa),465 US Highway 46,Totowa,Passaic,201056,Bardstown Origin Series Bourbon 1/750 mL Btl,2/25/2026,1.00,12.00,$392.00,$109.82
Dave Ehlers,58001,Total Wine & More (River Edge),1001 Main St,River Edge,Bergen,201052,Green River Full Proof 1/750 mL,5/6/2025,1.00,6.00,$218.00,$60.91
Dave Ehlers,58001,Total Wine & More (River Edge),1001 Main St,River Edge,Bergen,201056,Bardstown Origin Series Bourbon 1/750 mL Btl,4/28/2026,1.00,12.00,$392.00,$109.82
Dave Ehlers,14007,Total Wine & More (Totowa),465 US Highway 46,Totowa,Passaic,201058,Bardstown Origin Series High Wheat 1/750 mL Btl,1/29/2025,1.00,12.00,$436.00,$121.82
Dave Ehlers,56015,VINEYARD,89 New Bridge Rd,Bergenfield,Sales,201058,Bardstown Origin Series High Wheat 1/750 mL Btl,11/20/2025,1.00,3.00,$113.00,$34.46
Dave Ehlers,14007,Total Wine & More (Totowa),465 US Highway 46,Totowa,Passaic,201056,Bardstown Origin Series Bourbon 1/750 mL Btl,6/19/2026,1.00,6.00,$196.00,$54.91
Dave Ehlers,51018,Teaneck Discount Liquor,764 New Bridge Road,Teaneck,Bergen,201056,Bardstown Origin Series Bourbon 1/750 mL Btl,2/20/2025,1.00,3.00,$102.00,$31.46
Dave Ehlers,58001,Total Wine & More (River Edge),1001 Main St,River Edge,Bergen,201056,Bardstown Origin Series Bourbon 1/750 mL Btl,6/23/2026,1.00,6.00,$196.00,$54.91
Dave Ehlers,58001,Total Wine & More (River Edge),1001 Main St,River Edge,Bergen,201052,Green River Full Proof 1/750 mL,1/17/2025,1.00,6.00,$222.00,$220.91
Dave Ehlers,14007,Total Wine & More (Totowa),465 US Highway 46,Totowa,Passaic,201055,Bardstown Origin Series Bottle-In-Bond 1/750 mL Btl,2/4/2026,1.00,6.00,$218.00,$60.91
Dave Ehlers,40022,Buy Rite Of Hackensack,410 River St,Hackensack,Bergen,201051,Green River Bourbon 1/750 mL Btl,7/15/2026,1.00,2.00,$53.67,$17.64
Dave Ehlers,58001,Total Wine & More (River Edge),1001 Main St,River Edge,Bergen,201054,Green River Wheated 1/750 mL,9/3/2025,1.00,12.00,$304.00,$87.82
Dave Ehlers,40022,Buy Rite Of Hackensack,410 River St,Hackensack,Bergen,201055,Bardstown Origin Series Bottle-In-Bond 1/750 mL Btl,6/5/2025,1.00,-6.00,($226.00),($68.91)
Dave Ehlers,40022,Buy Rite Of Hackensack,410 River St,Hackensack,Bergen,201057,Bardstown Origin Series Double Barrel Rye 1/750 mL Btl,1/30/2025,1.00,2.00,$75.33,$22.97
Dave Ehlers,51018,Teaneck Discount Liquor,764 New Bridge Road,Teaneck,Bergen,201055,Bardstown Origin Series Bottle-In-Bond 1/750 mL Btl,12/5/2025,1.00,3.00,$113.00,$34.46
Dave Ehlers,14007,Total Wine & More (Totowa),465 US Highway 46,Totowa,Passaic,201055,Bardstown Origin Series Bottle-In-Bond 1/750 mL Btl,1/24/2025,1.00,6.00,$226.00,$224.91
Dave Ehlers,14007,Total Wine & More (Totowa),465 US Highway 46,Totowa,Passaic,201058,Bardstown Origin Series High Wheat 1/750 mL Btl,12/17/2025,1.00,24.00,$872.00,$243.64
Dave Ehlers,40001,Bottle & Cork,380 W Pleasantview Ave,Hackensack,Bergen,201056,Bardstown Origin Series Bourbon 1/750 mL Btl,2/11/2026,1.00,2.00,$73.33,$26.30
Dave Ehlers,40022,Buy Rite Of Hackensack,410 River St,Hackensack,Bergen,201056,Bardstown Origin Series Bourbon 1/750 mL Btl,1/30/2025,1.00,2.00,$68.00,$20.97
Dave Ehlers,14007,Total Wine & More (Totowa),465 US Highway 46,Totowa,Passaic,201055,Bardstown Origin Series Bottle-In-Bond 1/750 mL Btl,1/7/2026,1.00,6.00,$218.00,$60.91
Dave Ehlers,40022,Buy Rite Of Hackensack,410 River St,Hackensack,Bergen,201055,Bardstown Origin Series Bottle-In-Bond 1/750 mL Btl,6/4/2025,1.00,6.00,$226.00,$68.91
Dave Ehlers,40022,Buy Rite Of Hackensack,410 River St,Hackensack,Bergen,201074,Bardstown Discovery #13 1/750 mL Btl,10/2/2025,1.00,2.00,$205.32,$50.29
Dave Ehlers,58001,Total Wine & More (River Edge),1001 Main St,River Edge,Bergen,201060,Bardstown Discovery Series #11 1/750 mL Btl,4/25/2025,1.00,1.00,$104.67,$27.15
Dave Ehlers,14007,Total Wine & More (Totowa),465 US Highway 46,Totowa,Passaic,201058,Bardstown Origin Series High Wheat 1/750 mL Btl,4/1/2026,1.00,18.00,$654.00,$182.73
Dave Ehlers,14007,Total Wine & More (Totowa),465 US Highway 46,Totowa,Passaic,201056,Bardstown Origin Series Bourbon 1/750 mL Btl,9/19/2025,1.00,6.00,$196.00,$54.91
Dave Ehlers,14007,Total Wine & More (Totowa),465 US Highway 46,Totowa,Passaic,201052,Green River Full Proof 1/750 mL,1/17/2025,1.00,6.00,$226.00,$224.91
Dave Ehlers,56015,VINEYARD,89 New Bridge Rd,Bergenfield,Sales,201058,Bardstown Origin Series High Wheat 1/750 mL Btl,2/13/2025,1.00,2.00,$75.33,$22.97
Dave Ehlers,51018,Teaneck Discount Liquor,764 New Bridge Road,Teaneck,Bergen,201058,Bardstown Origin Series High Wheat 1/750 mL Btl,2/20/2025,1.00,3.00,$113.00,$34.46
Dave Ehlers,58001,Total Wine & More (River Edge),1001 Main St,River Edge,Bergen,201054,Green River Wheated 1/750 mL,10/28/2025,1.00,18.00,$414.06,$89.79
Dave Ehlers,58001,Total Wine & More (River Edge),1001 Main St,River Edge,Bergen,201055,Bardstown Origin Series Bottle-In-Bond 1/750 mL Btl,4/22/2025,1.00,18.00,$654.00,$182.73
Dave Ehlers,58001,Total Wine & More (River Edge),1001 Main St,River Edge,Bergen,201052,Green River Full Proof 1/750 mL,3/14/2025,1.00,6.00,$218.00,$60.91
Dave Ehlers,14007,Total Wine & More (Totowa),465 US Highway 46,Totowa,Passaic,201056,Bardstown Origin Series Bourbon 1/750 mL Btl,5/29/2026,1.00,12.00,$392.00,$109.82
Dave Ehlers,58001,Total Wine & More (River Edge),1001 Main St,River Edge,Bergen,201055,Bardstown Origin Series Bottle-In-Bond 1/750 mL Btl,7/1/2025,1.00,18.00,$654.00,$182.73
Dave Ehlers,58001,Total Wine & More (River Edge),1001 Main St,River Edge,Bergen,201056,Bardstown Origin Series Bourbon 1/750 mL Btl,6/9/2026,1.00,6.00,$196.00,$54.91
Dave Ehlers,14007,Total Wine & More (Totowa),465 US Highway 46,Totowa,Passaic,201056,Bardstown Origin Series Bourbon 1/750 mL Btl,2/4/2026,1.00,6.00,$196.00,$54.91
Dave Ehlers,57006,New Milford Liquors,401 River Rd,New Milford,Bergen,201053,Green River Rye 1/750 mL,2/13/2025,1.00,1.00,$27.00,$8.99
Dave Ehlers,40022,Buy Rite Of Hackensack,410 River St,Hackensack,Bergen,201055,Bardstown Origin Series Bottle-In-Bond 1/750 mL Btl,1/30/2025,1.00,2.00,$75.33,$22.97
Dave Ehlers,40022,Buy Rite Of Hackensack,410 River St,Hackensack,Bergen,201055,Bardstown Origin Series Bottle-In-Bond 1/750 mL Btl,6/11/2025,1.00,2.00,$77.33,$24.97
Dave Ehlers,58001,Total Wine & More (River Edge),1001 Main St,River Edge,Bergen,201058,Bardstown Origin Series High Wheat 1/750 mL Btl,1/6/2026,1.00,18.00,$654.00,$182.73
Dave Ehlers,40022,Buy Rite Of Hackensack,410 River St,Hackensack,Bergen,201055,Bardstown Origin Series Bottle-In-Bond 1/750 mL Btl,7/15/2026,1.00,2.00,$81.33,$28.97
Dave Ehlers,51004,Fill Er Up Kosher Wine(P),174 West Englewood Ave,Teaneck,Bergen,201056,Bardstown Origin Series Bourbon 1/750 mL Btl,12/9/2025,1.00,12.00,$392.00,$109.82
Dave Ehlers,14007,Total Wine & More (Totowa),465 US Highway 46,Totowa,Passaic,201060,Bardstown Discovery Series #11 1/750 mL Btl,4/25/2025,1.00,1.00,$104.67,$27.15
Dave Ehlers,14007,Total Wine & More (Totowa),465 US Highway 46,Totowa,Passaic,201055,Bardstown Origin Series Bottle-In-Bond 1/750 mL Btl,6/4/2025,1.00,18.00,$654.00,$182.73
Dave Ehlers,14007,Total Wine & More (Totowa),465 US Highway 46,Totowa,Passaic,201055,Bardstown Origin Series Bottle-In-Bond 1/750 mL Btl,2/5/2025,1.00,12.00,$436.00,$121.82
Dave Ehlers,58001,Total Wine & More (River Edge),1001 Main St,River Edge,Bergen,201053,Green River Rye 1/750 mL,1/17/2025,1.00,6.00,$158.00,$156.91
Dave Ehlers,40022,Buy Rite Of Hackensack,410 River St,Hackensack,Bergen,201063,Bardstown Collaboration Series Goose Island 1/750 mL Btl,6/12/2025,1.00,1.00,$75.67,$20.82
Dave Ehlers,58001,Total Wine & More (River Edge),1001 Main St,River Edge,Bergen,201058,Bardstown Origin Series High Wheat 1/750 mL Btl,11/14/2025,1.00,18.00,$654.00,$182.73
Dave Ehlers,14007,Total Wine & More (Totowa),465 US Highway 46,Totowa,Passaic,201058,Bardstown Origin Series High Wheat 1/750 mL Btl,2/26/2025,1.00,18.00,$654.00,$182.73
Dave Ehlers,58001,Total Wine & More (River Edge),1001 Main St,River Edge,Bergen,201056,Bardstown Origin Series Bourbon 1/750 mL Btl,6/19/2026,1.00,6.00,$196.00,$54.91
Dave Ehlers,14007,Total Wine & More (Totowa),465 US Highway 46,Totowa,Passaic,201058,Bardstown Origin Series High Wheat 1/750 mL Btl,11/5/2025,1.00,12.00,$436.00,$121.82
Dave Ehlers,58001,Total Wine & More (River Edge),1001 Main St,River Edge,Bergen,201056,Bardstown Origin Series Bourbon 1/750 mL Btl,6/10/2025,1.00,18.00,$588.00,$164.73
Dave Ehlers,56015,VINEYARD,89 New Bridge Rd,Bergenfield,Sales,201056,Bardstown Origin Series Bourbon 1/750 mL Btl,11/20/2025,1.00,3.00,$104.00,$33.46
Dave Ehlers,40001,Bottle & Cork,380 W Pleasantview Ave,Hackensack,Bergen,201056,Bardstown Origin Series Bourbon 1/750 mL Btl,9/5/2025,1.00,2.00,$73.33,$26.30
Dave Ehlers,56015,VINEYARD,89 New Bridge Rd,Bergenfield,Sales,201054,Green River Wheated 1/750 mL,2/13/2025,1.00,2.00,$54.00,$17.97
Dave Ehlers,14007,Total Wine & More (Totowa),465 US Highway 46,Totowa,Passaic,201058,Bardstown Origin Series High Wheat 1/750 mL Btl,2/5/2025,1.00,18.00,$654.00,$182.73
Dave Ehlers,14007,Total Wine & More (Totowa),465 US Highway 46,Totowa,Passaic,201055,Bardstown Origin Series Bottle-In-Bond 1/750 mL Btl,1/29/2025,1.00,12.00,$436.00,$121.82
Dave Ehlers,58001,Total Wine & More (River Edge),1001 Main St,River Edge,Bergen,201054,Green River Wheated 1/750 mL,6/23/2026,1.00,24.00,$616.00,$183.64
Dave Ehlers,14007,Total Wine & More (Totowa),465 US Highway 46,Totowa,Passaic,201055,Bardstown Origin Series Bottle-In-Bond 1/750 mL Btl,11/25/2025,1.00,12.00,$436.00,$121.82
Dave Ehlers,57006,New Milford Liquors,401 River Rd,New Milford,Bergen,201051,Green River Bourbon 1/750 mL Btl,2/13/2025,1.00,2.00,$54.00,$17.97
Dave Ehlers,58001,Total Wine & More (River Edge),1001 Main St,River Edge,Bergen,201058,Bardstown Origin Series High Wheat 1/750 mL Btl,2/10/2026,1.00,6.00,$218.00,$60.91
Dave Ehlers,40001,Bottle & Cork,380 W Pleasantview Ave,Hackensack,Bergen,201056,Bardstown Origin Series Bourbon 1/750 mL Btl,5/6/2026,1.00,2.00,$73.33,$26.30
Dave Ehlers,40022,Buy Rite Of Hackensack,410 River St,Hackensack,Bergen,201058,Bardstown Origin Series High Wheat 1/750 mL Btl,11/12/2025,1.00,2.00,$81.33,$28.97
Dave Ehlers,58001,Total Wine & More (River Edge),1001 Main St,River Edge,Bergen,201056,Bardstown Origin Series Bourbon 1/750 mL Btl,3/11/2025,1.00,18.00,$588.00,$164.73
Dave Ehlers,58001,Total Wine & More (River Edge),1001 Main St,River Edge,Bergen,201061,Bardstown Discovery Series #12 1/750 mL Btl,4/25/2025,1.00,1.00,$104.67,$27.15
Dave Ehlers,51018,Teaneck Discount Liquor,764 New Bridge Road,Teaneck,Bergen,201055,Bardstown Origin Series Bottle-In-Bond 1/750 mL Btl,2/20/2025,1.00,1.00,$37.67,$11.49
Dave Ehlers,40022,Buy Rite Of Hackensack,410 River St,Hackensack,Bergen,201058,Bardstown Origin Series High Wheat 1/750 mL Btl,1/30/2025,1.00,2.00,$75.33,$22.97
Dave Ehlers,58001,Total Wine & More (River Edge),1001 Main St,River Edge,Bergen,201053,Green River Rye 1/750 mL,2/7/2025,1.00,12.00,$308.00,$91.82
Dave Ehlers,58001,Total Wine & More (River Edge),1001 Main St,River Edge,Bergen,201077,Green River Honey 1/750 mL Btl,5/6/2026,1.00,30.00,$550.00,$179.55
Dave Ehlers,14007,Total Wine & More (Totowa),465 US Highway 46,Totowa,Passaic,201056,Bardstown Origin Series Bourbon 1/750 mL Btl,4/16/2025,1.00,12.00,$392.00,$109.82
Dave Ehlers,40022,Buy Rite Of Hackensack,410 River St,Hackensack,Bergen,201072,Green River Bourbon 250th Army Anniversary 1/750 mL,11/18/2025,1.00,2.00,$77.33,$24.97
Dave Ehlers,58001,Total Wine & More (River Edge),1001 Main St,River Edge,Bergen,201054,Green River Wheated 1/750 mL,5/9/2025,1.00,18.00,$462.00,$137.73
Dave Ehlers,14007,Total Wine & More (Totowa),465 US Highway 46,Totowa,Passaic,201052,Green River Full Proof 1/750 mL,2/12/2025,1.00,30.00,"$1,090.00",$304.55
Dave Ehlers,14007,Total Wine & More (Totowa),465 US Highway 46,Totowa,Passaic,201055,Bardstown Origin Series Bottle-In-Bond 1/750 mL Btl,1/17/2025,1.00,6.00,$218.00,$216.91
Dave Ehlers,52011,Englewood Wine (A),1 Engle St,Englewood,Bergen,201052,Green River Full Proof 1/750 mL,1/23/2025,1.00,6.00,$226.00,$224.91
Dave Ehlers,51018,Teaneck Discount Liquor,764 New Bridge Road,Teaneck,Bergen,201057,Bardstown Origin Series Double Barrel Rye 1/750 mL Btl,2/20/2025,1.00,1.00,$37.67,$11.49
Dave Ehlers,58001,Total Wine & More (River Edge),1001 Main St,River Edge,Bergen,201058,Bardstown Origin Series High Wheat 1/750 mL Btl,1/28/2025,1.00,30.00,"$1,090.00",$304.55
Dave Ehlers,40022,Buy Rite Of Hackensack,410 River St,Hackensack,Bergen,201056,Bardstown Origin Series Bourbon 1/750 mL Btl,4/16/2025,1.00,2.00,$69.00,$21.97
Dave Ehlers,58001,Total Wine & More (River Edge),1001 Main St,River Edge,Bergen,201056,Bardstown Origin Series Bourbon 1/750 mL Btl,2/10/2026,1.00,12.00,$392.00,$109.82
Dave Ehlers,58001,Total Wine & More (River Edge),1001 Main St,River Edge,Bergen,201055,Bardstown Origin Series Bottle-In-Bond 1/750 mL Btl,11/24/2025,1.00,12.00,$436.00,$121.82
Dave Ehlers,14007,Total Wine & More (Totowa),465 US Highway 46,Totowa,Passaic,201055,Bardstown Origin Series Bottle-In-Bond 1/750 mL Btl,2/28/2025,1.00,24.00,$872.00,($36.36)
Dave Ehlers,40022,Buy Rite Of Hackensack,410 River St,Hackensack,Bergen,201053,Green River Rye 1/750 mL,5/7/2025,1.00,1.00,$27.17,$9.15
Dave Ehlers,58001,Total Wine & More (River Edge),1001 Main St,River Edge,Bergen,201058,Bardstown Origin Series High Wheat 1/750 mL Btl,4/15/2025,1.00,18.00,$654.00,$182.73
Dave Ehlers,58001,Total Wine & More (River Edge),1001 Main St,River Edge,Bergen,201052,Green River Full Proof 1/750 mL,4/21/2026,1.00,12.00,$436.00,$121.82
Dave Ehlers,58001,Total Wine & More (River Edge),1001 Main St,River Edge,Bergen,201052,Green River Full Proof 1/750 mL,9/3/2025,1.00,18.00,$654.00,$182.73
Dave Ehlers,51004,Fill Er Up Kosher Wine(P),174 West Englewood Ave,Teaneck,Bergen,201052,Green River Full Proof 1/750 mL,12/9/2025,1.00,12.00,$436.00,$121.82
Dave Ehlers,14007,Total Wine & More (Totowa),465 US Highway 46,Totowa,Passaic,201055,Bardstown Origin Series Bottle-In-Bond 1/750 mL Btl,2/25/2026,1.00,12.00,$436.00,$121.82
Dave Ehlers,14007,Total Wine & More (Totowa),465 US Highway 46,Totowa,Passaic,201056,Bardstown Origin Series Bourbon 1/750 mL Btl,1/17/2025,1.00,12.00,$392.00,$389.82
Dave Ehlers,40010,Hackensack Liquors,500 South River St,Hackensack,Bergen,201058,Bardstown Origin Series High Wheat 1/750 mL Btl,1/28/2025,1.00,6.00,$226.00,$68.91
Dave Ehlers,56015,VINEYARD,89 New Bridge Rd,Bergenfield,Sales,201057,Bardstown Origin Series Double Barrel Rye 1/750 mL Btl,11/20/2025,1.00,3.00,$113.00,$34.46
Dave Ehlers,14007,Total Wine & More (Totowa),465 US Highway 46,Totowa,Passaic,201058,Bardstown Origin Series High Wheat 1/750 mL Btl,7/2/2025,1.00,18.00,$654.00,$182.73
Dave Ehlers,58001,Total Wine & More (River Edge),1001 Main St,River Edge,Bergen,201052,Green River Full Proof 1/750 mL,3/17/2026,1.00,6.00,$218.00,$60.91
Dave Ehlers,58001,Total Wine & More (River Edge),1001 Main St,River Edge,Bergen,201055,Bardstown Origin Series Bottle-In-Bond 1/750 mL Btl,1/24/2025,1.00,6.00,$226.00,$224.91
Dave Ehlers,14007,Total Wine & More (Totowa),465 US Highway 46,Totowa,Passaic,201061,Bardstown Discovery Series #12 1/750 mL Btl,4/25/2025,1.00,1.00,$104.67,$27.15
Dave Ehlers,14007,Total Wine & More (Totowa),465 US Highway 46,Totowa,Passaic,201058,Bardstown Origin Series High Wheat 1/750 mL Btl,5/21/2025,1.00,18.00,$654.00,$182.73
Dave Ehlers,58001,Total Wine & More (River Edge),1001 Main St,River Edge,Bergen,201055,Bardstown Origin Series Bottle-In-Bond 1/750 mL Btl,12/12/2025,1.00,18.00,$654.00,$182.73
Dave Ehlers,14007,Total Wine & More (Totowa),465 US Highway 46,Totowa,Passaic,201054,Green River Wheated 1/750 mL,6/10/2026,1.00,18.00,$462.00,$137.73
Dave Ehlers,57006,New Milford Liquors,401 River Rd,New Milford,Bergen,201054,Green River Wheated 1/750 mL,2/13/2025,1.00,1.00,$27.00,$8.99
Dave Ehlers,40022,Buy Rite Of Hackensack,410 River St,Hackensack,Bergen,201056,Bardstown Origin Series Bourbon 1/750 mL Btl,6/5/2025,1.00,6.00,$204.00,$62.91
Dave Ehlers,14007,Total Wine & More (Totowa),465 US Highway 46,Totowa,Passaic,201054,Green River Wheated 1/750 mL,4/8/2026,1.00,24.00,$616.00,$183.64
Dave Ehlers,40022,Buy Rite Of Hackensack,410 River St,Hackensack,Bergen,201054,Green River Wheated 1/750 mL,11/12/2025,1.00,2.00,$53.67,$17.64
Dave Ehlers,51004,Fill Er Up Kosher Wine(P),174 West Englewood Ave,Teaneck,Bergen,201053,Green River Rye 1/750 mL,12/9/2025,1.00,12.00,$308.00,$91.82
Dave Ehlers,57006,New Milford Liquors,401 River Rd,New Milford,Bergen,201055,Bardstown Origin Series Bottle-In-Bond 1/750 mL Btl,2/13/2025,1.00,1.00,$37.67,$11.49
Dave Ehlers,58001,Total Wine & More (River Edge),1001 Main St,River Edge,Bergen,201054,Green River Wheated 1/750 mL,4/21/2026,1.00,18.00,$462.00,$137.73
Dave Ehlers,40022,Buy Rite Of Hackensack,410 River St,Hackensack,Bergen,201063,Bardstown Collaboration Series Goose Island 1/750 mL Btl,5/8/2025,1.00,1.00,$75.67,$20.82
Dave Ehlers,14007,Total Wine & More (Totowa),465 US Highway 46,Totowa,Passaic,201052,Green River Full Proof 1/750 mL,3/6/2026,1.00,12.00,$436.00,$121.82
Dave Ehlers,58001,Total Wine & More (River Edge),1001 Main St,River Edge,Bergen,201054,Green River Wheated 1/750 mL,12/22/2025,1.00,24.00,$616.00,$183.64
Dave Ehlers,14007,Total Wine & More (Totowa),465 US Highway 46,Totowa,Passaic,201056,Bardstown Origin Series Bourbon 1/750 mL Btl,1/7/2026,1.00,12.00,$392.00,$109.82
Dave Ehlers,40010,Hackensack Liquors,500 South River St,Hackensack,Bergen,201056,Bardstown Origin Series Bourbon 1/750 mL Btl,1/28/2025,1.00,6.00,$204.00,$202.91
Dave Ehlers,58001,Total Wine & More (River Edge),1001 Main St,River Edge,Bergen,201054,Green River Wheated 1/750 mL,12/2/2025,1.00,30.00,$770.00,$229.55
Dave Ehlers,56015,VINEYARD,89 New Bridge Rd,Bergenfield,Sales,201051,Green River Bourbon 1/750 mL Btl,2/13/2025,1.00,2.00,$54.00,$17.97
Dave Ehlers,58001,Total Wine & More (River Edge),1001 Main St,River Edge,Bergen,201055,Bardstown Origin Series Bottle-In-Bond 1/750 mL Btl,4/28/2026,1.00,12.00,$436.00,$121.82
Dave Ehlers,58001,Total Wine & More (River Edge),1001 Main St,River Edge,Bergen,201055,Bardstown Origin Series Bottle-In-Bond 1/750 mL Btl,1/17/2025,1.00,6.00,$222.00,$220.91
Dave Ehlers,57006,New Milford Liquors,401 River Rd,New Milford,Bergen,201052,Green River Full Proof 1/750 mL,2/13/2025,1.00,2.00,$75.33,$22.97
Dave Ehlers,14007,Total Wine & More (Totowa),465 US Highway 46,Totowa,Passaic,201054,Green River Wheated 1/750 mL,3/6/2026,1.00,12.00,$308.00,$91.82
Dave Ehlers,58001,Total Wine & More (River Edge),1001 Main St,River Edge,Bergen,201053,Green River Rye 1/750 mL,9/3/2025,1.00,6.00,$152.00,$43.91
Dave Ehlers,14007,Total Wine & More (Totowa),465 US Highway 46,Totowa,Passaic,201056,Bardstown Origin Series Bourbon 1/750 mL Btl,11/5/2025,1.00,12.00,$392.00,$109.82
Dave Ehlers,58001,Total Wine & More (River Edge),1001 Main St,River Edge,Bergen,201052,Green River Full Proof 1/750 mL,3/4/2025,1.00,6.00,$218.00,$60.91
Dave Ehlers,40001,Bottle & Cork,380 W Pleasantview Ave,Hackensack,Bergen,201055,Bardstown Origin Series Bottle-In-Bond 1/750 mL Btl,9/5/2025,1.00,2.00,$81.33,$28.97
Dave Ehlers,14007,Total Wine & More (Totowa),465 US Highway 46,Totowa,Passaic,201058,Bardstown Origin Series High Wheat 1/750 mL Btl,11/25/2025,1.00,12.00,$436.00,$121.82
Dave Ehlers,58001,Total Wine & More (River Edge),1001 Main St,River Edge,Bergen,201052,Green River Full Proof 1/750 mL,2/7/2025,1.00,12.00,$436.00,$121.82
Dave Ehlers,58001,Total Wine & More (River Edge),1001 Main St,River Edge,Bergen,201054,Green River Wheated 1/750 mL,3/14/2025,1.00,12.00,$308.00,$91.82
Dave Ehlers,56015,VINEYARD,89 New Bridge Rd,Bergenfield,Sales,201057,Bardstown Origin Series Double Barrel Rye 1/750 mL Btl,2/13/2025,1.00,2.00,$75.33,$22.97
Dave Ehlers,58001,Total Wine & More (River Edge),1001 Main St,River Edge,Bergen,201056,Bardstown Origin Series Bourbon 1/750 mL Btl,11/24/2025,1.00,12.00,$392.00,$109.82
Dave Ehlers,14007,Total Wine & More (Totowa),465 US Highway 46,Totowa,Passaic,201055,Bardstown Origin Series Bottle-In-Bond 1/750 mL Btl,9/19/2025,1.00,12.00,$436.00,$121.82
Dave Ehlers,40022,Buy Rite Of Hackensack,410 River St,Hackensack,Bergen,201057,Bardstown Origin Series Double Barrel Rye 1/750 mL Btl,6/4/2025,1.00,2.00,$75.33,$22.97
Dave Ehlers,58001,Total Wine & More (River Edge),1001 Main St,River Edge,Bergen,201055,Bardstown Origin Series Bottle-In-Bond 1/750 mL Btl,1/28/2025,1.00,12.00,$436.00,$433.82
Dave Ehlers,52011,Englewood Wine (A),1 Engle St,Englewood,Bergen,201055,Bardstown Origin Series Bottle-In-Bond 1/750 mL Btl,1/23/2025,1.00,3.00,$115.00,$114.46
Dave Ehlers,14007,Total Wine & More (Totowa),465 US Highway 46,Totowa,Passaic,201058,Bardstown Origin Series High Wheat 1/750 mL Btl,2/4/2026,1.00,6.00,$218.00,$60.91
Dave Ehlers,40022,Buy Rite Of Hackensack,410 River St,Hackensack,Bergen,201064,Bardstown Collaboration Series Silver Oak 1/750 mL Btl,6/12/2025,1.00,1.00,$105.67,$28.15
Dave Ehlers,40022,Buy Rite Of Hackensack,410 River St,Hackensack,Bergen,201077,Green River Honey 1/750 mL Btl,5/18/2026,1.00,2.00,$40.00,$15.30
Dave Ehlers,40022,Buy Rite Of Hackensack,410 River St,Hackensack,Bergen,201064,Bardstown Collaboration Series Silver Oak 1/750 mL Btl,5/8/2025,1.00,1.00,$105.67,$28.15
Dave Ehlers,58001,Total Wine & More (River Edge),1001 Main St,River Edge,Bergen,201056,Bardstown Origin Series Bourbon 1/750 mL Btl,1/17/2025,1.00,6.00,$200.00,$198.91
Dave Ehlers,58001,Total Wine & More (River Edge),1001 Main St,River Edge,Bergen,201058,Bardstown Origin Series High Wheat 1/750 mL Btl,2/4/2025,1.00,12.00,$436.00,$121.82
Dave Ehlers,58001,Total Wine & More (River Edge),1001 Main St,River Edge,Bergen,201056,Bardstown Origin Series Bourbon 1/750 mL Btl,2/4/2025,1.00,12.00,$392.00,$109.82
Dave Ehlers,57006,New Milford Liquors,401 River Rd,New Milford,Bergen,201056,Bardstown Origin Series Bourbon 1/750 mL Btl,2/13/2025,1.00,2.00,$68.00,$20.97
Dave Ehlers,58001,Total Wine & More (River Edge),1001 Main St,River Edge,Bergen,201058,Bardstown Origin Series High Wheat 1/750 mL Btl,9/3/2025,1.00,18.00,$654.00,$182.73
Dave Ehlers,14007,Total Wine & More (Totowa),465 US Highway 46,Totowa,Passaic,201056,Bardstown Origin Series Bourbon 1/750 mL Btl,2/26/2025,1.00,12.00,$392.00,($18.18)
Dave Ehlers,58001,Total Wine & More (River Edge),1001 Main St,River Edge,Bergen,201058,Bardstown Origin Series High Wheat 1/750 mL Btl,11/24/2025,1.00,6.00,$218.00,$60.91
Dave Ehlers,51004,Fill Er Up Kosher Wine(P),174 West Englewood Ave,Teaneck,Bergen,201057,Bardstown Origin Series Double Barrel Rye 1/750 mL Btl,12/9/2025,1.00,12.00,$436.00,$121.82
Dave Ehlers,51018,Teaneck Discount Liquor,764 New Bridge Road,Teaneck,Bergen,201056,Bardstown Origin Series Bourbon 1/750 mL Btl,12/5/2025,1.00,3.00,$104.00,$33.46
Dave Ehlers,14007,Total Wine & More (Totowa),465 US Highway 46,Totowa,Passaic,201052,Green River Full Proof 1/750 mL,1/29/2025,1.00,12.00,$452.00,$449.82
Dave Ehlers,40022,Buy Rite Of Hackensack,410 River St,Hackensack,Bergen,201052,Green River Full Proof 1/750 mL,5/7/2025,1.00,1.00,$38.50,$12.32
Dave Ehlers,58001,Total Wine & More (River Edge),1001 Main St,River Edge,Bergen,201055,Bardstown Origin Series Bottle-In-Bond 1/750 mL Btl,2/10/2026,1.00,12.00,$436.00,$121.82
Dave Ehlers,58001,Total Wine & More (River Edge),1001 Main St,River Edge,Bergen,201058,Bardstown Origin Series High Wheat 1/750 mL Btl,3/24/2026,1.00,18.00,$654.00,$182.73
Dave Ehlers,58001,Total Wine & More (River Edge),1001 Main St,River Edge,Bergen,201055,Bardstown Origin Series Bottle-In-Bond 1/750 mL Btl,2/4/2025,1.00,6.00,$218.00,$60.91
Dave Ehlers,40022,Buy Rite Of Hackensack,410 River St,Hackensack,Bergen,201057,Bardstown Origin Series Double Barrel Rye 1/750 mL Btl,11/12/2025,1.00,2.00,$81.33,$28.97
Dave Ehlers,58001,Total Wine & More (River Edge),1001 Main St,River Edge,Bergen,201054,Green River Wheated 1/750 mL,1/20/2026,1.00,24.00,$616.00,$183.64
Dave Ehlers,14007,Total Wine & More (Totowa),465 US Highway 46,Totowa,Passaic,201056,Bardstown Origin Series Bourbon 1/750 mL Btl,6/13/2025,1.00,18.00,$588.00,$164.73
Dave Ehlers,40022,Buy Rite Of Hackensack,410 River St,Hackensack,Bergen,201073,Bardstown Collaboration Series Pierre Ferrand 1/750 mL Btl,10/2/2025,1.00,2.00,$205.32,$50.29
Dave Ehlers,40022,Buy Rite Of Hackensack,410 River St,Hackensack,Bergen,201054,Green River Wheated 1/750 mL,5/7/2025,1.00,1.00,$27.17,$9.15
Dave Ehlers,40022,Buy Rite Of Hackensack,410 River St,Hackensack,Bergen,201063,Bardstown Collaboration Series Goose Island 1/750 mL Btl,10/2/2025,1.00,2.00,$151.33,$41.64
Dave Ehlers,14007,Total Wine & More (Totowa),465 US Highway 46,Totowa,Passaic,201058,Bardstown Origin Series High Wheat 1/750 mL Btl,1/7/2026,1.00,6.00,$218.00,$60.91
Dave Ehlers,14007,Total Wine & More (Totowa),465 US Highway 46,Totowa,Passaic,201055,Bardstown Origin Series Bottle-In-Bond 1/750 mL Btl,4/16/2025,1.00,6.00,$218.00,$60.91
Dave Ehlers,52011,Englewood Wine (A),1 Engle St,Englewood,Bergen,201052,Green River Full Proof 1/750 mL,4/11/2025,1.00,12.00,$452.00,$137.82
Dave Ehlers,14007,Total Wine & More (Totowa),465 US Highway 46,Totowa,Passaic,201063,Bardstown Collaboration Series Goose Island 1/750 mL Btl,4/25/2025,1.00,4.00,$298.67,$79.27
Dave Ehlers,40022,Buy Rite Of Hackensack,410 River St,Hackensack,Bergen,201051,Green River Bourbon 1/750 mL Btl,11/12/2025,1.00,2.00,$53.67,$17.64
Dave Ehlers,56015,VINEYARD,89 New Bridge Rd,Bergenfield,Sales,201052,Green River Full Proof 1/750 mL,2/13/2025,1.00,2.00,$75.33,$22.97
Dave Ehlers,14007,Total Wine & More (Totowa),465 US Highway 46,Totowa,Passaic,201058,Bardstown Origin Series High Wheat 1/750 mL Btl,9/19/2025,1.00,12.00,$436.00,$121.82
Dave Ehlers,57006,New Milford Liquors,401 River Rd,New Milford,Bergen,201058,Bardstown Origin Series High Wheat 1/750 mL Btl,2/13/2025,1.00,2.00,$75.33,$22.97
Dave Ehlers,58001,Total Wine & More (River Edge),1001 Main St,River Edge,Bergen,201054,Green River Wheated 1/750 mL,1/17/2025,1.00,6.00,$158.00,$156.91
Dave Ehlers,58001,Total Wine & More (River Edge),1001 Main St,River Edge,Bergen,201058,Bardstown Origin Series High Wheat 1/750 mL Btl,6/3/2025,1.00,18.00,$654.00,$182.73
Dave Ehlers,14007,Total Wine & More (Totowa),465 US Highway 46,Totowa,Passaic,201077,Green River Honey 1/750 mL Btl,5/8/2026,1.00,30.00,$550.00,$179.55
Dave Ehlers,14007,Total Wine & More (Totowa),465 US Highway 46,Totowa,Passaic,201058,Bardstown Origin Series High Wheat 1/750 mL Btl,4/2/2025,1.00,18.00,$654.00,$182.73
Dave Ehlers,57006,New Milford Liquors,401 River Rd,New Milford,Bergen,201057,Bardstown Origin Series Double Barrel Rye 1/750 mL Btl,2/13/2025,1.00,1.00,$37.67,$11.49
Dave Ehlers,58001,Total Wine & More (River Edge),1001 Main St,River Edge,Bergen,201077,Green River Honey 1/750 mL Btl,5/8/2026,1.00,30.00,$550.00,$179.55
Dave Ehlers,40022,Buy Rite Of Hackensack,410 River St,Hackensack,Bergen,201059,Bardstown Discovery Series #10 1/750 mL Btl,5/8/2025,1.00,1.00,$105.67,$28.15
Dave Ehlers,40022,Buy Rite Of Hackensack,410 River St,Hackensack,Bergen,201058,Bardstown Origin Series High Wheat 1/750 mL Btl,4/16/2025,1.00,2.00,$76.67,$24.30
Dave Ehlers,58001,Total Wine & More (River Edge),1001 Main St,River Edge,Bergen,201063,Bardstown Collaboration Series Goose Island 1/750 mL Btl,4/25/2025,1.00,4.00,$298.67,$79.27
Dave Ehlers,56015,VINEYARD,89 New Bridge Rd,Bergenfield,Sales,201056,Bardstown Origin Series Bourbon 1/750 mL Btl,2/13/2025,1.00,2.00,$68.00,$20.97
Dave Ehlers,14007,Total Wine & More (Totowa),465 US Highway 46,Totowa,Passaic,201056,Bardstown Origin Series Bourbon 1/750 mL Btl,1/29/2025,1.00,12.00,$392.00,$109.82
Dave Ehlers,40001,Bottle & Cork,380 W Pleasantview Ave,Hackensack,Bergen,201055,Bardstown Origin Series Bottle-In-Bond 1/750 mL Btl,2/26/2026,1.00,2.00,$81.33,$28.97
Dave Ehlers,40022,Buy Rite Of Hackensack,410 River St,Hackensack,Bergen,201051,Green River Bourbon 1/750 mL Btl,5/7/2025,1.00,1.00,$27.17,$9.15
Derrick Laws,21031,Broadway Liq (A),732 Broadway,Paterson,Passaic,201077,Green River Honey 1/750 mL Btl,5/27/2026,1.00,3.00,$60.00,$22.96
Derrick Laws,23004,Shop Rite Wines/Spirits,895 Paulison Ave,Clifton,Passaic,201054,Green River Wheated 1/750 mL,4/30/2026,1.00,3.00,$80.50,$26.46
Derrick Laws,21035,M & R Disc (A) Liqs.,408 21st Ave,Paterson,Passaic,201051,Green River Bourbon 1/750 mL Btl,2/19/2025,1.00,1.00,$27.33,$9.32
Derrick Laws,23004,Shop Rite Wines/Spirits,895 Paulison Ave,Clifton,Passaic,201053,Green River Rye 1/750 mL,4/30/2026,1.00,3.00,$80.50,$26.46
Derrick Laws,23004,Shop Rite Wines/Spirits,895 Paulison Ave,Clifton,Passaic,201057,Bardstown Origin Series Double Barrel Rye 1/750 mL Btl,1/31/2025,1.00,2.00,$75.33,$22.97
Derrick Laws,23004,Shop Rite Wines/Spirits,895 Paulison Ave,Clifton,Passaic,201058,Bardstown Origin Series High Wheat 1/750 mL Btl,2/27/2026,1.00,6.00,$226.00,$68.91
Derrick Laws,23004,Shop Rite Wines/Spirits,895 Paulison Ave,Clifton,Passaic,201055,Bardstown Origin Series Bottle-In-Bond 1/750 mL Btl,10/22/2025,1.00,2.00,$75.33,$22.97
Derrick Laws,23004,Shop Rite Wines/Spirits,895 Paulison Ave,Clifton,Passaic,201056,Bardstown Origin Series Bourbon 1/750 mL Btl,8/21/2025,1.00,6.00,$208.00,$66.91
Derrick Laws,15037,Liquor Gallery (Paterson),459 Mcbride Ave,Paterson,Passaic,201058,Bardstown Origin Series High Wheat 1/750 mL Btl,9/29/2025,1.00,2.00,$75.33,$22.97
Derrick Laws,23004,Shop Rite Wines/Spirits,895 Paulison Ave,Clifton,Passaic,201077,Green River Honey 1/750 mL Btl,5/8/2026,1.00,6.00,$115.00,$40.91
Derrick Laws,23004,Shop Rite Wines/Spirits,895 Paulison Ave,Clifton,Passaic,201052,Green River Full Proof 1/750 mL,4/30/2026,1.00,3.00,$113.00,$34.46
Derrick Laws,23004,Shop Rite Wines/Spirits,895 Paulison Ave,Clifton,Passaic,201058,Bardstown Origin Series High Wheat 1/750 mL Btl,1/31/2025,1.00,2.00,$75.33,$22.97
Derrick Laws,21033,The Liquor Shop,498 E 30th Street,Paterson,Passaic,201058,Bardstown Origin Series High Wheat 1/750 mL Btl,9/26/2025,1.00,3.00,$113.00,$34.46
Derrick Laws,23004,Shop Rite Wines/Spirits,895 Paulison Ave,Clifton,Passaic,201055,Bardstown Origin Series Bottle-In-Bond 1/750 mL Btl,1/31/2025,1.00,3.00,$113.00,$34.46
Derrick Laws,23004,Shop Rite Wines/Spirits,895 Paulison Ave,Clifton,Passaic,201076,Green River Wheated Full Proof 1/750 ml Btl,4/30/2026,1.00,3.00,$113.00,$34.46
Derrick Laws,23004,Shop Rite Wines/Spirits,895 Paulison Ave,Clifton,Passaic,201057,Bardstown Origin Series Double Barrel Rye 1/750 mL Btl,10/22/2025,1.00,3.00,$113.00,$34.46
Derrick Laws,15037,Liquor Gallery (Paterson),459 Mcbride Ave,Paterson,Passaic,201056,Bardstown Origin Series Bourbon 1/750 mL Btl,9/29/2025,1.00,2.00,$69.33,$22.30
Derrick Laws,23004,Shop Rite Wines/Spirits,895 Paulison Ave,Clifton,Passaic,201056,Bardstown Origin Series Bourbon 1/750 mL Btl,5/9/2025,1.00,3.00,$102.00,$31.46
Derrick Laws,21033,The Liquor Shop,498 E 30th Street,Paterson,Passaic,201056,Bardstown Origin Series Bourbon 1/750 mL Btl,9/26/2025,1.00,3.00,$104.00,$33.46
Derrick Laws,23004,Shop Rite Wines/Spirits,895 Paulison Ave,Clifton,Passaic,201051,Green River Bourbon 1/750 mL Btl,4/30/2026,1.00,3.00,$80.50,$26.46
Derrick Laws,15037,Liquor Gallery (Paterson),459 Mcbride Ave,Paterson,Passaic,201057,Bardstown Origin Series Double Barrel Rye 1/750 mL Btl,9/29/2025,1.00,2.00,$75.33,$22.97
Derrick Laws,23004,Shop Rite Wines/Spirits,895 Paulison Ave,Clifton,Passaic,201052,Green River Full Proof 1/750 mL,7/17/2026,1.00,3.00,$122.00,$43.46
Derrick Laws,23004,Shop Rite Wines/Spirits,895 Paulison Ave,Clifton,Passaic,201058,Bardstown Origin Series High Wheat 1/750 mL Btl,10/22/2025,1.00,3.00,$113.00,$34.46
Derrick Laws,23004,Shop Rite Wines/Spirits,895 Paulison Ave,Clifton,Passaic,201058,Bardstown Origin Series High Wheat 1/750 mL Btl,5/9/2025,1.00,3.00,$113.00,$34.46
Derrick Laws,23004,Shop Rite Wines/Spirits,895 Paulison Ave,Clifton,Passaic,201056,Bardstown Origin Series Bourbon 1/750 mL Btl,1/31/2025,1.00,3.00,$102.00,$31.46
Derrick Laws,20005,La Sorpresa Liq (P),115 4th Ave,Paterson,Passaic,201058,Bardstown Origin Series High Wheat 1/750 mL Btl,12/19/2025,1.00,1.00,$40.67,$14.49
Jaime Colonna,170068,Central Ave Liquors,210-212 Central Ave,Jersey City,Hudson,201054,Green River Wheated 1/750 mL,2/18/2026,1.00,18.00,$462.00,$137.73
Jaime Colonna,170068,Central Ave Liquors,210-212 Central Ave,Jersey City,Hudson,201054,Green River Wheated 1/750 mL,12/26/2025,1.00,12.00,$308.00,$91.82
Jaime Colonna,171117,Delite Market,420 Washington St,Hoboken,Hudson,201055,Bardstown Origin Series Bottle-In-Bond 1/750 mL Btl,1/22/2025,1.00,6.00,$218.00,$216.91
Jaime Colonna,170068,Central Ave Liquors,210-212 Central Ave,Jersey City,Hudson,201052,Green River Full Proof 1/750 mL,12/26/2025,1.00,12.00,$436.00,$121.82
Javier Melo,25053,Lamayoria Bar Restaurant,110 Ackerman Ave,Clifton,Sales,201051,Green River Bourbon 1/750 mL Btl,3/19/2025,1.00,2.00,$54.67,$18.64
Javier Melo,27002,President Liqrs (A),158 President St,Passaic,Passaic,201051,Green River Bourbon 1/750 mL Btl,9/12/2025,1.00,1.00,$29.33,$11.32
Javier Melo,27002,President Liqrs (A),158 President St,Passaic,Passaic,201077,Green River Honey 1/750 mL Btl,5/20/2026,1.00,6.00,$115.00,$40.91
Javier Melo,25053,Lamayoria Bar Restaurant,110 Ackerman Ave,Clifton,Sales,201055,Bardstown Origin Series Bottle-In-Bond 1/750 mL Btl,3/19/2025,1.00,2.00,$77.33,$24.97
Javier Melo,25047,Parker Liquors (Z),203 Parker Ave,Clifton,Passaic,201077,Green River Honey 1/750 mL Btl,5/20/2026,1.00,6.00,$115.00,$40.91
Javier Melo,25047,Parker Liquors (Z),203 Parker Ave,Clifton,Passaic,201056,Bardstown Origin Series Bourbon 1/750 mL Btl,9/11/2025,1.00,1.00,$36.67,$13.15
Javier Melo,20055,Paruta's (A),89 Market St,Paterson,Passaic,201077,Green River Honey 1/750 mL Btl,5/27/2026,1.00,3.00,$60.00,$22.96
Javier Melo,25053,Lamayoria Bar Restaurant,110 Ackerman Ave,Clifton,Sales,201051,Green River Bourbon 1/750 mL Btl,5/2/2025,1.00,6.00,$162.00,$53.91
Javier Melo,25053,Lamayoria Bar Restaurant,110 Ackerman Ave,Clifton,Sales,201055,Bardstown Origin Series Bottle-In-Bond 1/750 mL Btl,5/2/2025,1.00,6.00,$226.00,$68.91
Javier Melo,27002,President Liqrs (A),158 President St,Passaic,Passaic,201056,Bardstown Origin Series Bourbon 1/750 mL Btl,9/12/2025,1.00,1.00,$36.67,$13.15
Javier Melo,25047,Parker Liquors (Z),203 Parker Ave,Clifton,Passaic,201051,Green River Bourbon 1/750 mL Btl,9/11/2025,1.00,1.00,$29.33,$11.32
Javier Melo,37065,Voraz Fuision,68 Lanza Ave,Garfield,Sales,201051,Green River Bourbon 1/750 mL Btl,11/24/2025,1.00,12.00,$322.00,$105.82
Javier Melo,25053,Lamayoria Bar Restaurant,110 Ackerman Ave,Clifton,Sales,201051,Green River Bourbon 1/750 mL Btl,11/24/2025,1.00,18.00,$462.00,$137.73
Javier Melo,25047,Parker Liquors (Z),203 Parker Ave,Clifton,Passaic,201051,Green River Bourbon 1/750 mL Btl,3/6/2026,1.00,6.00,$161.00,$52.91
Javier Melo,21044,Farm Boy,465 Getty Ave,Paterson,Passaic,201056,Bardstown Origin Series Bourbon 1/750 mL Btl,2/13/2025,1.00,6.00,$204.00,$62.91
Jayson Romine,230911,The Right Bottle,190 Munsonhurst Rd,Franklin,Sussex,201058,Bardstown Origin Series High Wheat 1/750 mL Btl,2/5/2025,1.00,2.00,$75.33,$22.97
Jayson Romine,231316,Patricks Wine Barn,38 Hamburg Ave,Sussex,Sussex,201055,Bardstown Origin Series Bottle-In-Bond 1/750 mL Btl,3/27/2026,1.00,12.00,$436.00,$121.82
Jayson Romine,230412,USA Wine Traders Club Of Newton (A),17 Hampton House Road,Newton,Sussex,201054,Green River Wheated 1/750 mL,8/27/2025,1.00,12.00,$304.00,$87.82
Jayson Romine,230114,Liquor Factory III Sparta,41 Woodport Road,Sparta,Sussex,201056,Bardstown Origin Series Bourbon 1/750 mL Btl,6/22/2026,1.00,5.00,$163.33,$45.76
Jayson Romine,231701,George's Wine & Spirits,12 Morris Ave.,Branchville,Sussex,201055,Bardstown Origin Series Bottle-In-Bond 1/750 mL Btl,4/24/2025,1.00,6.00,$226.00,$68.91
Jayson Romine,231501,Highland General Store,111 Highland Lakes Rd,Highland Lakes,Sussex,201051,Green River Bourbon 1/750 mL Btl,2/4/2026,1.00,1.00,$26.83,$8.82
Jayson Romine,230105,ShopRite Wines & Spirits of Sparta,16 North Village Blvd,Sparta,Sussex,201075,Green River Single Barrel Wheated 1/1/750mL Btl,12/10/2025,1.00,6.00,$267.96,$71.87
Jayson Romine,230412,USA Wine Traders Club Of Newton (A),17 Hampton House Road,Newton,Sussex,201064,Bardstown Collaboration Series Silver Oak 1/750 mL Btl,4/15/2025,1.00,1.00,$105.67,$28.15
Jayson Romine,231316,Patricks Wine Barn,38 Hamburg Ave,Sussex,Sussex,201055,Bardstown Origin Series Bottle-In-Bond 1/750 mL Btl,6/25/2025,1.00,6.00,$218.00,$60.91
Jayson Romine,230114,Liquor Factory III Sparta,41 Woodport Road,Sparta,Sussex,201058,Bardstown Origin Series High Wheat 1/750 mL Btl,3/10/2025,1.00,4.00,$145.33,$40.61
Jayson Romine,230427,ShopRite Wine & Spirits of Newton#830,125 Water St,Newton,Sussex,201058,Bardstown Origin Series High Wheat 1/750 mL Btl,2/6/2025,1.00,6.00,$218.00,$60.91
Jayson Romine,230427,ShopRite Wine & Spirits of Newton#830,125 Water St,Newton,Sussex,201057,Bardstown Origin Series Double Barrel Rye 1/750 mL Btl,5/2/2025,1.00,6.00,$218.00,$60.91
Jayson Romine,230427,ShopRite Wine & Spirits of Newton#830,125 Water St,Newton,Sussex,201054,Green River Wheated 1/750 mL,6/16/2026,1.00,6.00,$154.00,$45.91
Jayson Romine,230114,Liquor Factory III Sparta,41 Woodport Road,Sparta,Sussex,201057,Bardstown Origin Series Double Barrel Rye 1/750 mL Btl,10/6/2025,1.00,3.00,$109.00,$30.46
Jayson Romine,230412,USA Wine Traders Club Of Newton (A),17 Hampton House Road,Newton,Sussex,201051,Green River Bourbon 1/750 mL Btl,1/20/2026,1.00,6.00,$154.00,$45.91
Jayson Romine,230911,The Right Bottle,190 Munsonhurst Rd,Franklin,Sussex,201055,Bardstown Origin Series Bottle-In-Bond 1/750 mL Btl,10/22/2025,1.00,4.00,$150.67,$45.94
Jayson Romine,230114,Liquor Factory III Sparta,41 Woodport Road,Sparta,Sussex,201056,Bardstown Origin Series Bourbon 1/750 mL Btl,5/18/2026,1.00,3.00,$98.00,$27.46
Jayson Romine,230902,Buy Rite Liquors Franklin,244 NJ-23,Franklin,Sussex,201058,Bardstown Origin Series High Wheat 1/750 mL Btl,3/6/2025,1.00,3.00,$113.00,$34.46
Jayson Romine,191702,Liquor Factory VI Byram,8 Route 206 N,Byram,Morris 1,201058,Bardstown Origin Series High Wheat 1/750 mL Btl,4/21/2025,1.00,6.00,$218.00,$60.91
Jayson Romine,230412,USA Wine Traders Club Of Newton (A),17 Hampton House Road,Newton,Sussex,201052,Green River Full Proof 1/750 mL,6/12/2025,1.00,6.00,$218.00,$60.91
Jayson Romine,230427,ShopRite Wine & Spirits of Newton#830,125 Water St,Newton,Sussex,201051,Green River Bourbon 1/750 mL Btl,6/16/2026,1.00,6.00,$154.00,$45.91
Jayson Romine,230427,ShopRite Wine & Spirits of Newton#830,125 Water St,Newton,Sussex,201056,Bardstown Origin Series Bourbon 1/750 mL Btl,2/6/2025,1.00,6.00,$196.00,$54.91
Jayson Romine,230114,Liquor Factory III Sparta,41 Woodport Road,Sparta,Sussex,201052,Green River Full Proof 1/750 mL,7/17/2026,1.00,4.00,$145.33,$40.61
Jayson Romine,230427,ShopRite Wine & Spirits of Newton#830,125 Water St,Newton,Sussex,201053,Green River Rye 1/750 mL,7/8/2025,1.00,6.00,$154.00,$45.91
Jayson Romine,230427,ShopRite Wine & Spirits of Newton#830,125 Water St,Newton,Sussex,201068,Green River Single Barrel GSPD#3 1/750 mL,7/8/2025,1.00,3.00,$145.00,$46.96
Jayson Romine,191408,Super Saver Liq,322 Howard Blvd,Mt Arlington,Morris 1,201055,Bardstown Origin Series Bottle-In-Bond 1/750 mL Btl,1/23/2025,1.00,2.00,$76.67,$76.30
Jayson Romine,231701,George's Wine & Spirits,12 Morris Ave.,Branchville,Sussex,201058,Bardstown Origin Series High Wheat 1/750 mL Btl,9/3/2025,1.00,6.00,$226.00,$68.91
Jayson Romine,230114,Liquor Factory III Sparta,41 Woodport Road,Sparta,Sussex,201073,Bardstown Collaboration Series Pierre Ferrand 1/750 mL Btl,7/14/2026,1.00,1.00,$108.66,$31.15
Jayson Romine,230114,Liquor Factory III Sparta,41 Woodport Road,Sparta,Sussex,201057,Bardstown Origin Series Double Barrel Rye 1/750 mL Btl,12/22/2025,1.00,2.00,$72.67,$20.30
Jayson Romine,191408,Super Saver Liq,322 Howard Blvd,Mt Arlington,Morris 1,201058,Bardstown Origin Series High Wheat 1/750 mL Btl,1/30/2025,1.00,6.00,$222.00,$64.91
Jayson Romine,230412,USA Wine Traders Club Of Newton (A),17 Hampton House Road,Newton,Sussex,201055,Bardstown Origin Series Bottle-In-Bond 1/750 mL Btl,2/24/2025,1.00,12.00,$436.00,($18.18)
Jayson Romine,230911,The Right Bottle,190 Munsonhurst Rd,Franklin,Sussex,201057,Bardstown Origin Series Double Barrel Rye 1/750 mL Btl,2/4/2026,1.00,4.00,$150.67,$45.94
Jayson Romine,230114,Liquor Factory III Sparta,41 Woodport Road,Sparta,Sussex,201064,Bardstown Collaboration Series Silver Oak 1/750 mL Btl,4/15/2025,1.00,1.00,$105.67,$28.15
Jayson Romine,230902,Buy Rite Liquors Franklin,244 NJ-23,Franklin,Sussex,201055,Bardstown Origin Series Bottle-In-Bond 1/750 mL Btl,3/6/2025,1.00,3.00,$113.00,$34.46
Jayson Romine,230905,ShopRite Wines & Spirits of Franklin,100 Rt 23,Franklin,Sussex,201053,Green River Rye 1/750 mL,4/15/2026,1.00,12.00,$308.00,$91.82
Jayson Romine,230412,USA Wine Traders Club Of Newton (A),17 Hampton House Road,Newton,Sussex,201058,Bardstown Origin Series High Wheat 1/750 mL Btl,6/12/2025,1.00,12.00,$436.00,$121.82
Jayson Romine,230105,ShopRite Wines & Spirits of Sparta,16 North Village Blvd,Sparta,Sussex,201057,Bardstown Origin Series Double Barrel Rye 1/750 mL Btl,2/6/2025,1.00,6.00,$218.00,$60.91
Jayson Romine,230114,Liquor Factory III Sparta,41 Woodport Road,Sparta,Sussex,201056,Bardstown Origin Series Bourbon 1/750 mL Btl,12/22/2025,1.00,12.00,$392.00,$109.82
Jayson Romine,230905,ShopRite Wines & Spirits of Franklin,100 Rt 23,Franklin,Sussex,201052,Green River Full Proof 1/750 mL,9/3/2025,1.00,12.00,$436.00,$121.82
Jayson Romine,230905,ShopRite Wines & Spirits of Franklin,100 Rt 23,Franklin,Sussex,201054,Green River Wheated 1/750 mL,2/25/2026,1.00,18.00,$462.00,$137.73
Jayson Romine,230114,Liquor Factory III Sparta,41 Woodport Road,Sparta,Sussex,201058,Bardstown Origin Series High Wheat 1/750 mL Btl,6/23/2025,1.00,6.00,$218.00,$60.91
Jayson Romine,231215,Mac & Lindy's W & S (A),530 Co Rd 515,Vernon,Sussex,201058,Bardstown Origin Series High Wheat 1/750 mL Btl,7/30/2025,1.00,6.00,$226.00,$68.91
Jayson Romine,230105,ShopRite Wines & Spirits of Sparta,16 North Village Blvd,Sparta,Sussex,201058,Bardstown Origin Series High Wheat 1/750 mL Btl,10/23/2025,1.00,6.00,$218.00,$60.91
Jayson Romine,231501,Highland General Store,111 Highland Lakes Rd,Highland Lakes,Sussex,201055,Bardstown Origin Series Bottle-In-Bond 1/750 mL Btl,2/4/2026,1.00,1.00,$40.67,$14.49
Jayson Romine,230114,Liquor Factory III Sparta,41 Woodport Road,Sparta,Sussex,201058,Bardstown Origin Series High Wheat 1/750 mL Btl,12/1/2025,1.00,6.00,$218.00,$60.91
Jayson Romine,231701,George's Wine & Spirits,12 Morris Ave.,Branchville,Sussex,201052,Green River Full Proof 1/750 mL,2/20/2025,1.00,3.00,$113.00,$34.46
Jayson Romine,231215,Mac & Lindy's W & S (A),530 Co Rd 515,Vernon,Sussex,201072,Green River Bourbon 250th Army Anniversary 1/750 mL,11/24/2025,1.00,18.00,$654.00,$182.73
Jayson Romine,230412,USA Wine Traders Club Of Newton (A),17 Hampton House Road,Newton,Sussex,201053,Green River Rye 1/750 mL,1/17/2025,1.00,6.00,$154.00,$152.91
Jayson Romine,230412,USA Wine Traders Club Of Newton (A),17 Hampton House Road,Newton,Sussex,201077,Green River Honey 1/750 mL Btl,5/6/2026,1.00,18.00,$330.00,$107.73
Jayson Romine,230412,USA Wine Traders Club Of Newton (A),17 Hampton House Road,Newton,Sussex,201054,Green River Wheated 1/750 mL,1/17/2025,1.00,6.00,$154.00,$152.91
Jayson Romine,231701,George's Wine & Spirits,12 Morris Ave.,Branchville,Sussex,201055,Bardstown Origin Series Bottle-In-Bond 1/750 mL Btl,12/18/2025,1.00,6.00,$226.00,$68.91
Jayson Romine,230412,USA Wine Traders Club Of Newton (A),17 Hampton House Road,Newton,Sussex,201056,Bardstown Origin Series Bourbon 1/750 mL Btl,10/22/2025,1.00,6.00,$196.00,$54.91
Jayson Romine,230412,USA Wine Traders Club Of Newton (A),17 Hampton House Road,Newton,Sussex,201056,Bardstown Origin Series Bourbon 1/750 mL Btl,4/7/2025,1.00,12.00,$392.00,$109.82
Jayson Romine,231701,George's Wine & Spirits,12 Morris Ave.,Branchville,Sussex,201055,Bardstown Origin Series Bottle-In-Bond 1/750 mL Btl,3/20/2025,1.00,6.00,$226.00,$68.91
Jayson Romine,230105,ShopRite Wines & Spirits of Sparta,16 North Village Blvd,Sparta,Sussex,201055,Bardstown Origin Series Bottle-In-Bond 1/750 mL Btl,5/8/2025,1.00,6.00,$218.00,$60.91
Jayson Romine,230427,ShopRite Wine & Spirits of Newton#830,125 Water St,Newton,Sussex,201052,Green River Full Proof 1/750 mL,2/6/2025,1.00,6.00,$218.00,$60.91
Jayson Romine,230427,ShopRite Wine & Spirits of Newton#830,125 Water St,Newton,Sussex,201064,Bardstown Collaboration Series Silver Oak 1/750 mL Btl,4/15/2025,1.00,1.00,$105.67,$28.15
Jayson Romine,230114,Liquor Factory III Sparta,41 Woodport Road,Sparta,Sussex,201053,Green River Rye 1/750 mL,5/18/2026,1.00,3.00,$80.50,$26.46
Jayson Romine,230105,ShopRite Wines & Spirits of Sparta,16 North Village Blvd,Sparta,Sussex,201051,Green River Bourbon 1/750 mL Btl,7/10/2025,1.00,6.00,$154.00,$45.91
Jayson Romine,191702,Liquor Factory VI Byram,8 Route 206 N,Byram,Morris 1,201056,Bardstown Origin Series Bourbon 1/750 mL Btl,1/5/2026,1.00,6.00,$208.00,$66.91
Jayson Romine,231701,George's Wine & Spirits,12 Morris Ave.,Branchville,Sussex,201064,Bardstown Collaboration Series Silver Oak 1/750 mL Btl,7/23/2025,1.00,2.00,$209.33,$54.30
Jayson Romine,230911,The Right Bottle,190 Munsonhurst Rd,Franklin,Sussex,201058,Bardstown Origin Series High Wheat 1/750 mL Btl,10/22/2025,1.00,1.00,$37.67,$11.49
Jayson Romine,230114,Liquor Factory III Sparta,41 Woodport Road,Sparta,Sussex,201057,Bardstown Origin Series Double Barrel Rye 1/750 mL Btl,12/1/2025,1.00,2.00,$72.67,$20.30
Jayson Romine,230905,ShopRite Wines & Spirits of Franklin,100 Rt 23,Franklin,Sussex,201059,Bardstown Discovery Series #10 1/750 mL Btl,6/19/2025,1.00,1.00,$105.67,$28.15
Jayson Romine,191526,Liquor Factory IV Hopatcong,128 Lakeside Blvd,Hopatcong,Sussex,201056,Bardstown Origin Series Bourbon 1/750 mL Btl,4/7/2025,1.00,8.00,$261.33,$73.21
Jayson Romine,231316,Patricks Wine Barn,38 Hamburg Ave,Sussex,Sussex,201056,Bardstown Origin Series Bourbon 1/750 mL Btl,6/25/2025,1.00,6.00,$196.00,$54.91
Jayson Romine,230427,ShopRite Wine & Spirits of Newton#830,125 Water St,Newton,Sussex,201053,Green River Rye 1/750 mL,12/4/2025,1.00,18.00,$462.00,$137.73
Jayson Romine,230412,USA Wine Traders Club Of Newton (A),17 Hampton House Road,Newton,Sussex,201054,Green River Wheated 1/750 mL,4/7/2025,1.00,12.00,$308.00,$91.82
Jayson Romine,230911,The Right Bottle,190 Munsonhurst Rd,Franklin,Sussex,201055,Bardstown Origin Series Bottle-In-Bond 1/750 mL Btl,2/4/2026,1.00,2.00,$75.33,$22.97
Jayson Romine,230114,Liquor Factory III Sparta,41 Woodport Road,Sparta,Sussex,201054,Green River Wheated 1/750 mL,6/8/2026,1.00,6.00,$161.00,$52.91
Jayson Romine,230427,ShopRite Wine & Spirits of Newton#830,125 Water St,Newton,Sussex,201051,Green River Bourbon 1/750 mL Btl,4/9/2026,1.00,6.00,$154.00,$45.91
Jayson Romine,230105,ShopRite Wines & Spirits of Sparta,16 North Village Blvd,Sparta,Sussex,201064,Bardstown Collaboration Series Silver Oak 1/750 mL Btl,6/19/2025,1.00,1.00,$105.67,$28.15
Jayson Romine,231215,Mac & Lindy's W & S (A),530 Co Rd 515,Vernon,Sussex,201051,Green River Bourbon 1/750 mL Btl,5/7/2025,1.00,6.00,$162.00,$53.91
Jayson Romine,231215,Mac & Lindy's W & S (A),530 Co Rd 515,Vernon,Sussex,201055,Bardstown Origin Series Bottle-In-Bond 1/750 mL Btl,4/22/2026,1.00,1.00,$40.67,$14.49
Jayson Romine,230427,ShopRite Wine & Spirits of Newton#830,125 Water St,Newton,Sussex,201053,Green River Rye 1/750 mL,2/6/2025,1.00,6.00,$154.00,$45.91
Jayson Romine,230924,Sussex Co.Discount Liq(P),3235 NJ-94,Franklin,Sussex,201058,Bardstown Origin Series High Wheat 1/750 mL Btl,6/10/2025,1.00,6.00,$218.00,$60.91
Jayson Romine,230105,ShopRite Wines & Spirits of Sparta,16 North Village Blvd,Sparta,Sussex,201064,Bardstown Collaboration Series Silver Oak 1/750 mL Btl,4/15/2025,1.00,1.00,$105.67,$28.15
Jayson Romine,230905,ShopRite Wines & Spirits of Franklin,100 Rt 23,Franklin,Sussex,201057,Bardstown Origin Series Double Barrel Rye 1/750 mL Btl,10/16/2025,1.00,6.00,$218.00,$60.91
Jayson Romine,230427,ShopRite Wine & Spirits of Newton#830,125 Water St,Newton,Sussex,201067,Green River Single Barrel GSPD#2 1/750 mL,7/8/2025,1.00,3.00,$145.00,$46.96
Jayson Romine,230105,ShopRite Wines & Spirits of Sparta,16 North Village Blvd,Sparta,Sussex,201072,Green River Bourbon 250th Army Anniversary 1/750 mL,11/6/2025,1.00,18.00,$654.00,$182.73
Jayson Romine,230924,Sussex Co.Discount Liq(P),3235 NJ-94,Franklin,Sussex,201057,Bardstown Origin Series Double Barrel Rye 1/750 mL Btl,4/2/2025,1.00,1.00,$37.67,$11.49
Jayson Romine,230114,Liquor Factory III Sparta,41 Woodport Road,Sparta,Sussex,201055,Bardstown Origin Series Bottle-In-Bond 1/750 mL Btl,4/14/2025,1.00,2.00,$72.67,$20.30
Jayson Romine,231701,George's Wine & Spirits,12 Morris Ave.,Branchville,Sussex,201059,Bardstown Discovery Series #10 1/750 mL Btl,7/23/2025,1.00,2.00,$209.33,$54.30
Jayson Romine,191408,Super Saver Liq,322 Howard Blvd,Mt Arlington,Morris 1,201056,Bardstown Origin Series Bourbon 1/750 mL Btl,1/30/2025,1.00,6.00,$200.00,$58.91
Jayson Romine,230105,ShopRite Wines & Spirits of Sparta,16 North Village Blvd,Sparta,Sussex,201054,Green River Wheated 1/750 mL,2/12/2026,1.00,6.00,$154.00,$45.91
Jayson Romine,230905,ShopRite Wines & Spirits of Franklin,100 Rt 23,Franklin,Sussex,201063,Bardstown Collaboration Series Goose Island 1/750 mL Btl,6/19/2025,1.00,1.00,$75.67,$20.82
Jayson Romine,230105,ShopRite Wines & Spirits of Sparta,16 North Village Blvd,Sparta,Sussex,201057,Bardstown Origin Series Double Barrel Rye 1/750 mL Btl,4/16/2026,1.00,6.00,$218.00,$60.91
Jayson Romine,191702,Liquor Factory VI Byram,8 Route 206 N,Byram,Morris 1,201055,Bardstown Origin Series Bottle-In-Bond 1/750 mL Btl,4/21/2025,1.00,6.00,$218.00,$60.91
Jayson Romine,230105,ShopRite Wines & Spirits of Sparta,16 North Village Blvd,Sparta,Sussex,201077,Green River Honey 1/750 mL Btl,5/7/2026,1.00,18.00,$330.00,$107.73
Jayson Romine,230427,ShopRite Wine & Spirits of Newton#830,125 Water St,Newton,Sussex,201055,Bardstown Origin Series Bottle-In-Bond 1/750 mL Btl,5/2/2025,1.00,6.00,$218.00,$60.91
Jayson Romine,230105,ShopRite Wines & Spirits of Sparta,16 North Village Blvd,Sparta,Sussex,201057,Bardstown Origin Series Double Barrel Rye 1/750 mL Btl,7/10/2025,1.00,6.00,$218.00,$60.91
Jayson Romine,230905,ShopRite Wines & Spirits of Franklin,100 Rt 23,Franklin,Sussex,201054,Green River Wheated 1/750 mL,9/3/2025,1.00,6.00,$152.00,$43.91
Jayson Romine,230412,USA Wine Traders Club Of Newton (A),17 Hampton House Road,Newton,Sussex,201056,Bardstown Origin Series Bourbon 1/750 mL Btl,1/17/2025,1.00,12.00,$392.00,$389.82
Jayson Romine,191702,Liquor Factory VI Byram,8 Route 206 N,Byram,Morris 1,201057,Bardstown Origin Series Double Barrel Rye 1/750 mL Btl,10/27/2025,1.00,6.00,$218.00,$60.91
Jayson Romine,230427,ShopRite Wine & Spirits of Newton#830,125 Water St,Newton,Sussex,201076,Green River Wheated Full Proof 1/750 ml Btl,6/16/2026,1.00,6.00,$218.00,$60.91
Jayson Romine,230105,ShopRite Wines & Spirits of Sparta,16 North Village Blvd,Sparta,Sussex,201051,Green River Bourbon 1/750 mL Btl,2/12/2026,1.00,6.00,$154.00,$45.91
Jayson Romine,230427,ShopRite Wine & Spirits of Newton#830,125 Water St,Newton,Sussex,201058,Bardstown Origin Series High Wheat 1/750 mL Btl,2/20/2025,1.00,12.00,$436.00,$121.82
Jayson Romine,230114,Liquor Factory III Sparta,41 Woodport Road,Sparta,Sussex,201057,Bardstown Origin Series Double Barrel Rye 1/750 mL Btl,5/18/2026,1.00,7.00,$254.33,$71.06
Jayson Romine,230412,USA Wine Traders Club Of Newton (A),17 Hampton House Road,Newton,Sussex,201058,Bardstown Origin Series High Wheat 1/750 mL Btl,4/8/2026,1.00,6.00,$218.00,$60.91
Jayson Romine,231701,George's Wine & Spirits,12 Morris Ave.,Branchville,Sussex,201051,Green River Bourbon 1/750 mL Btl,7/2/2025,1.00,3.00,$81.50,$27.46
Jayson Romine,230114,Liquor Factory III Sparta,41 Woodport Road,Sparta,Sussex,201057,Bardstown Origin Series Double Barrel Rye 1/750 mL Btl,7/28/2025,1.00,2.00,$72.67,$20.30
Jayson Romine,231316,Patricks Wine Barn,38 Hamburg Ave,Sussex,Sussex,201058,Bardstown Origin Series High Wheat 1/750 mL Btl,3/27/2026,1.00,6.00,$218.00,$60.91
Jayson Romine,230427,ShopRite Wine & Spirits of Newton#830,125 Water St,Newton,Sussex,201063,Bardstown Collaboration Series Goose Island 1/750 mL Btl,6/19/2025,1.00,2.00,$151.33,$41.64
Jayson Romine,230114,Liquor Factory III Sparta,41 Woodport Road,Sparta,Sussex,201056,Bardstown Origin Series Bourbon 1/750 mL Btl,10/6/2025,1.00,8.00,$261.33,$73.21
Jayson Romine,230412,USA Wine Traders Club Of Newton (A),17 Hampton House Road,Newton,Sussex,201051,Green River Bourbon 1/750 mL Btl,4/29/2026,1.00,6.00,$154.00,$45.91
Jayson Romine,230412,USA Wine Traders Club Of Newton (A),17 Hampton House Road,Newton,Sussex,201055,Bardstown Origin Series Bottle-In-Bond 1/750 mL Btl,12/29/2025,1.00,6.00,$218.00,$60.91
Jayson Romine,230412,USA Wine Traders Club Of Newton (A),17 Hampton House Road,Newton,Sussex,201058,Bardstown Origin Series High Wheat 1/750 mL Btl,2/21/2025,1.00,6.00,$218.00,$60.91
Jayson Romine,230427,ShopRite Wine & Spirits of Newton#830,125 Water St,Newton,Sussex,201063,Bardstown Collaboration Series Goose Island 1/750 mL Btl,4/15/2025,1.00,1.00,$75.67,$20.82
Jayson Romine,231316,Patricks Wine Barn,38 Hamburg Ave,Sussex,Sussex,201054,Green River Wheated 1/750 mL,6/10/2025,1.00,-2.00,($54.67),($18.64)
Jayson Romine,230911,The Right Bottle,190 Munsonhurst Rd,Franklin,Sussex,201055,Bardstown Origin Series Bottle-In-Bond 1/750 mL Btl,2/5/2025,1.00,2.00,$75.33,$22.97
Jayson Romine,230114,Liquor Factory III Sparta,41 Woodport Road,Sparta,Sussex,201056,Bardstown Origin Series Bourbon 1/750 mL Btl,7/28/2025,1.00,7.00,$228.67,$64.06
Jayson Romine,230412,USA Wine Traders Club Of Newton (A),17 Hampton House Road,Newton,Sussex,201056,Bardstown Origin Series Bourbon 1/750 mL Btl,3/9/2026,1.00,6.00,$196.00,$54.91
Jayson Romine,230412,USA Wine Traders Club Of Newton (A),17 Hampton House Road,Newton,Sussex,201063,Bardstown Collaboration Series Goose Island 1/750 mL Btl,9/23/2025,1.00,2.00,$151.33,$41.64
Jayson Romine,230412,USA Wine Traders Club Of Newton (A),17 Hampton House Road,Newton,Sussex,201053,Green River Rye 1/750 mL,1/20/2026,1.00,6.00,$154.00,$45.91
Jayson Romine,230105,ShopRite Wines & Spirits of Sparta,16 North Village Blvd,Sparta,Sussex,201058,Bardstown Origin Series High Wheat 1/750 mL Btl,1/22/2026,1.00,6.00,$218.00,$60.91
Jayson Romine,230427,ShopRite Wine & Spirits of Newton#830,125 Water St,Newton,Sussex,201062,Bardstown Collaboration Series Amrut 1/750 mL Btl,4/15/2025,1.00,1.00,$105.67,$28.15
Jayson Romine,231316,Patricks Wine Barn,38 Hamburg Ave,Sussex,Sussex,201056,Bardstown Origin Series Bourbon 1/750 mL Btl,6/10/2025,1.00,-2.00,($69.33),($22.30)
Jayson Romine,230427,ShopRite Wine & Spirits of Newton#830,125 Water St,Newton,Sussex,201058,Bardstown Origin Series High Wheat 1/750 mL Btl,2/12/2026,1.00,6.00,$218.00,$60.91
Jayson Romine,230114,Liquor Factory III Sparta,41 Woodport Road,Sparta,Sussex,201055,Bardstown Origin Series Bottle-In-Bond 1/750 mL Btl,10/6/2025,1.00,3.00,$109.00,$30.46
Jayson Romine,230427,ShopRite Wine & Spirits of Newton#830,125 Water St,Newton,Sussex,201064,Bardstown Collaboration Series Silver Oak 1/750 mL Btl,6/19/2025,1.00,2.00,$211.33,$56.30
Jayson Romine,230114,Liquor Factory III Sparta,41 Woodport Road,Sparta,Sussex,201055,Bardstown Origin Series Bottle-In-Bond 1/750 mL Btl,5/18/2026,1.00,5.00,$181.67,$50.76
Jayson Romine,230105,ShopRite Wines & Spirits of Sparta,16 North Village Blvd,Sparta,Sussex,201055,Bardstown Origin Series Bottle-In-Bond 1/750 mL Btl,7/10/2025,1.00,6.00,$218.00,$60.91
Jayson Romine,230105,ShopRite Wines & Spirits of Sparta,16 North Village Blvd,Sparta,Sussex,201056,Bardstown Origin Series Bourbon 1/750 mL Btl,4/16/2026,1.00,6.00,$196.00,$54.91
Jayson Romine,230427,ShopRite Wine & Spirits of Newton#830,125 Water St,Newton,Sussex,201054,Green River Wheated 1/750 mL,7/10/2025,1.00,6.00,$154.00,$45.91
Jayson Romine,230105,ShopRite Wines & Spirits of Sparta,16 North Village Blvd,Sparta,Sussex,201056,Bardstown Origin Series Bourbon 1/750 mL Btl,2/6/2025,1.00,6.00,$196.00,$54.91
Jayson Romine,230412,USA Wine Traders Club Of Newton (A),17 Hampton House Road,Newton,Sussex,201055,Bardstown Origin Series Bottle-In-Bond 1/750 mL Btl,10/22/2025,1.00,6.00,$218.00,$60.91
Jayson Romine,230427,ShopRite Wine & Spirits of Newton#830,125 Water St,Newton,Sussex,201054,Green River Wheated 1/750 mL,5/2/2025,1.00,12.00,$308.00,$91.82
Jayson Romine,230412,USA Wine Traders Club Of Newton (A),17 Hampton House Road,Newton,Sussex,201064,Bardstown Collaboration Series Silver Oak 1/750 mL Btl,6/19/2025,1.00,1.00,$105.67,$28.15
Jayson Romine,230412,USA Wine Traders Club Of Newton (A),17 Hampton House Road,Newton,Sussex,201056,Bardstown Origin Series Bourbon 1/750 mL Btl,2/21/2025,1.00,6.00,$196.00,$54.91
Jayson Romine,230105,ShopRite Wines & Spirits of Sparta,16 North Village Blvd,Sparta,Sussex,201054,Green River Wheated 1/750 mL,2/6/2025,1.00,6.00,$154.00,$45.91
Jayson Romine,230905,ShopRite Wines & Spirits of Franklin,100 Rt 23,Franklin,Sussex,201056,Bardstown Origin Series Bourbon 1/750 mL Btl,3/18/2026,1.00,6.00,$196.00,$54.91
Jayson Romine,191702,Liquor Factory VI Byram,8 Route 206 N,Byram,Morris 1,201056,Bardstown Origin Series Bourbon 1/750 mL Btl,10/27/2025,1.00,6.00,$196.00,$54.91
Jayson Romine,230114,Liquor Factory III Sparta,41 Woodport Road,Sparta,Sussex,201055,Bardstown Origin Series Bottle-In-Bond 1/750 mL Btl,6/22/2026,1.00,6.00,$218.00,$60.91
Jayson Romine,230412,USA Wine Traders Club Of Newton (A),17 Hampton House Road,Newton,Sussex,201058,Bardstown Origin Series High Wheat 1/750 mL Btl,10/22/2025,1.00,6.00,$218.00,$60.91
Jayson Romine,191702,Liquor Factory VI Byram,8 Route 206 N,Byram,Morris 1,201058,Bardstown Origin Series High Wheat 1/750 mL Btl,6/2/2025,1.00,6.00,$218.00,$60.91
Jayson Romine,230924,Sussex Co.Discount Liq(P),3235 NJ-94,Franklin,Sussex,201055,Bardstown Origin Series Bottle-In-Bond 1/750 mL Btl,5/6/2025,1.00,6.00,$226.00,$68.91
Jayson Romine,230924,Sussex Co.Discount Liq(P),3235 NJ-94,Franklin,Sussex,201056,Bardstown Origin Series Bourbon 1/750 mL Btl,6/10/2025,1.00,3.00,$98.00,$27.46
Jayson Romine,230427,ShopRite Wine & Spirits of Newton#830,125 Water St,Newton,Sussex,201072,Green River Bourbon 250th Army Anniversary 1/750 mL,7/8/2025,1.00,6.00,$218.00,$60.91
Jayson Romine,230114,Liquor Factory III Sparta,41 Woodport Road,Sparta,Sussex,201057,Bardstown Origin Series Double Barrel Rye 1/750 mL Btl,6/23/2025,1.00,2.00,$72.67,$20.30
Jayson Romine,230427,ShopRite Wine & Spirits of Newton#830,125 Water St,Newton,Sussex,201074,Bardstown Discovery #13 1/750 mL Btl,10/9/2025,1.00,6.00,$615.96,$150.87
Jayson Romine,230427,ShopRite Wine & Spirits of Newton#830,125 Water St,Newton,Sussex,201070,Bardstown Single Barrel GSPD #2 1/750 mL Btl,7/8/2025,1.00,3.00,$190.00,$56.96
Jayson Romine,230114,Liquor Factory III Sparta,41 Woodport Road,Sparta,Sussex,201055,Bardstown Origin Series Bottle-In-Bond 1/750 mL Btl,7/28/2025,1.00,3.00,$109.00,$30.46
Jayson Romine,191408,Super Saver Liq,322 Howard Blvd,Mt Arlington,Morris 1,201057,Bardstown Origin Series Double Barrel Rye 1/750 mL Btl,1/23/2025,1.00,1.00,$38.33,$38.15
Jayson Romine,230924,Sussex Co.Discount Liq(P),3235 NJ-94,Franklin,Sussex,201056,Bardstown Origin Series Bourbon 1/750 mL Btl,4/2/2025,1.00,4.00,$136.00,$41.94
Jayson Romine,231701,George's Wine & Spirits,12 Morris Ave.,Branchville,Sussex,201058,Bardstown Origin Series High Wheat 1/750 mL Btl,5/7/2026,1.00,6.00,$226.00,$68.91
Jayson Romine,230924,Sussex Co.Discount Liq(P),3235 NJ-94,Franklin,Sussex,201055,Bardstown Origin Series Bottle-In-Bond 1/750 mL Btl,6/10/2025,1.00,3.00,$109.00,$30.46
Jayson Romine,230105,ShopRite Wines & Spirits of Sparta,16 North Village Blvd,Sparta,Sussex,201058,Bardstown Origin Series High Wheat 1/750 mL Btl,5/8/2025,1.00,6.00,$218.00,$60.91
Jayson Romine,230114,Liquor Factory III Sparta,41 Woodport Road,Sparta,Sussex,201058,Bardstown Origin Series High Wheat 1/750 mL Btl,7/28/2025,1.00,6.00,$218.00,$60.91
Jayson Romine,230427,ShopRite Wine & Spirits of Newton#830,125 Water St,Newton,Sussex,201073,Bardstown Collaboration Series Pierre Ferrand 1/750 mL Btl,10/9/2025,1.00,6.00,$615.96,$150.87
Jayson Romine,230106,Burkes,6 Sparta Ave N,Sparta,Sussex,201052,Green River Full Proof 1/750 mL,2/6/2025,1.00,3.00,$113.00,$34.46
Jayson Romine,231215,Mac & Lindy's W & S (A),530 Co Rd 515,Vernon,Sussex,201058,Bardstown Origin Series High Wheat 1/750 mL Btl,5/7/2025,1.00,6.00,$226.00,$68.91
Jayson Romine,230905,ShopRite Wines & Spirits of Franklin,100 Rt 23,Franklin,Sussex,201053,Green River Rye 1/750 mL,2/7/2025,1.00,6.00,$154.00,$45.91
Jayson Romine,230905,ShopRite Wines & Spirits of Franklin,100 Rt 23,Franklin,Sussex,201056,Bardstown Origin Series Bourbon 1/750 mL Btl,2/7/2025,1.00,6.00,$196.00,$54.91
Jayson Romine,230105,ShopRite Wines & Spirits of Sparta,16 North Village Blvd,Sparta,Sussex,201051,Green River Bourbon 1/750 mL Btl,2/6/2025,1.00,6.00,$154.00,$45.91
Jayson Romine,231308,Wantage Plaza Liq Outlet,205 NJ-23,Wantage,Sussex,201052,Green River Full Proof 1/750 mL,3/11/2025,1.00,2.00,$75.33,$22.97
Jayson Romine,230427,ShopRite Wine & Spirits of Newton#830,125 Water St,Newton,Sussex,201056,Bardstown Origin Series Bourbon 1/750 mL Btl,2/12/2026,1.00,6.00,$196.00,$54.91
Jayson Romine,230412,USA Wine Traders Club Of Newton (A),17 Hampton House Road,Newton,Sussex,201056,Bardstown Origin Series Bourbon 1/750 mL Btl,5/19/2025,1.00,6.00,$196.00,$54.91
Jayson Romine,230114,Liquor Factory III Sparta,41 Woodport Road,Sparta,Sussex,201074,Bardstown Discovery #13 1/750 mL Btl,7/14/2026,1.00,1.00,$108.66,$31.15
Jayson Romine,230105,ShopRite Wines & Spirits of Sparta,16 North Village Blvd,Sparta,Sussex,201054,Green River Wheated 1/750 mL,4/23/2026,1.00,12.00,$308.00,$91.82
Jayson Romine,230427,ShopRite Wine & Spirits of Newton#830,125 Water St,Newton,Sussex,201056,Bardstown Origin Series Bourbon 1/750 mL Btl,2/20/2025,1.00,6.00,$196.00,$54.91
Jayson Romine,191702,Liquor Factory VI Byram,8 Route 206 N,Byram,Morris 1,201055,Bardstown Origin Series Bottle-In-Bond 1/750 mL Btl,6/2/2025,1.00,6.00,$218.00,$60.91
Jayson Romine,230412,USA Wine Traders Club Of Newton (A),17 Hampton House Road,Newton,Sussex,201056,Bardstown Origin Series Bourbon 1/750 mL Btl,12/29/2025,1.00,6.00,$196.00,$54.91
Jayson Romine,230412,USA Wine Traders Club Of Newton (A),17 Hampton House Road,Newton,Sussex,201054,Green River Wheated 1/750 mL,4/29/2026,1.00,6.00,$154.00,$45.91
Jayson Romine,230105,ShopRite Wines & Spirits of Sparta,16 North Village Blvd,Sparta,Sussex,201059,Bardstown Discovery Series #10 1/750 mL Btl,4/15/2025,1.00,1.00,$105.67,$28.15
Jayson Romine,230412,USA Wine Traders Club Of Newton (A),17 Hampton House Road,Newton,Sussex,201058,Bardstown Origin Series High Wheat 1/750 mL Btl,12/29/2025,1.00,6.00,$218.00,$60.91
Jayson Romine,230441,Wine Country Newton,49 Hampton House Road,Newton,Sussex,201058,Bardstown Origin Series High Wheat 1/750 mL Btl,3/3/2026,1.00,2.00,$81.33,$28.97
Jayson Romine,231215,Mac & Lindy's W & S (A),530 Co Rd 515,Vernon,Sussex,201076,Green River Wheated Full Proof 1/750 ml Btl,4/29/2026,1.00,1.00,$37.67,$11.49
Jayson Romine,230427,ShopRite Wine & Spirits of Newton#830,125 Water St,Newton,Sussex,201076,Green River Wheated Full Proof 1/750 ml Btl,4/9/2026,1.00,6.00,$218.00,$60.91
Jayson Romine,191408,Super Saver Liq,322 Howard Blvd,Mt Arlington,Morris 1,201055,Bardstown Origin Series Bottle-In-Bond 1/750 mL Btl,1/30/2025,1.00,6.00,$222.00,$64.91
Jayson Romine,231308,Wantage Plaza Liq Outlet,205 NJ-23,Wantage,Sussex,201058,Bardstown Origin Series High Wheat 1/750 mL Btl,2/19/2025,1.00,2.00,$75.33,$22.97
Jayson Romine,231701,George's Wine & Spirits,12 Morris Ave.,Branchville,Sussex,201055,Bardstown Origin Series Bottle-In-Bond 1/750 mL Btl,10/2/2025,1.00,6.00,$226.00,$68.91
Jayson Romine,230105,ShopRite Wines & Spirits of Sparta,16 North Village Blvd,Sparta,Sussex,201062,Bardstown Collaboration Series Amrut 1/750 mL Btl,4/15/2025,1.00,1.00,$105.67,$28.15
Jayson Romine,230905,ShopRite Wines & Spirits of Franklin,100 Rt 23,Franklin,Sussex,201058,Bardstown Origin Series High Wheat 1/750 mL Btl,9/3/2025,1.00,6.00,$218.00,$60.91
Jayson Romine,230427,ShopRite Wine & Spirits of Newton#830,125 Water St,Newton,Sussex,201071,Bardstown Single Barrel GSPD #3 1/750 mL Btl,7/8/2025,1.00,3.00,$190.00,$56.96
Jayson Romine,230905,ShopRite Wines & Spirits of Franklin,100 Rt 23,Franklin,Sussex,201072,Green River Bourbon 250th Army Anniversary 1/750 mL,11/5/2025,1.00,18.00,$654.00,$182.73
Jayson Romine,230114,Liquor Factory III Sparta,41 Woodport Road,Sparta,Sussex,201056,Bardstown Origin Series Bourbon 1/750 mL Btl,12/1/2025,1.00,8.00,$261.33,$73.21
Jayson Romine,230905,ShopRite Wines & Spirits of Franklin,100 Rt 23,Franklin,Sussex,201058,Bardstown Origin Series High Wheat 1/750 mL Btl,2/7/2025,1.00,6.00,$218.00,$60.91
Jayson Romine,231701,George's Wine & Spirits,12 Morris Ave.,Branchville,Sussex,201055,Bardstown Origin Series Bottle-In-Bond 1/750 mL Btl,6/19/2025,1.00,6.00,$226.00,$68.91
Jayson Romine,230412,USA Wine Traders Club Of Newton (A),17 Hampton House Road,Newton,Sussex,201063,Bardstown Collaboration Series Goose Island 1/750 mL Btl,6/19/2025,1.00,1.00,$75.67,$20.82
Jayson Romine,230412,USA Wine Traders Club Of Newton (A),17 Hampton House Road,Newton,Sussex,201052,Green River Full Proof 1/750 mL,1/17/2025,1.00,6.00,$218.00,$216.91
Jayson Romine,230427,ShopRite Wine & Spirits of Newton#830,125 Water St,Newton,Sussex,201054,Green River Wheated 1/750 mL,3/25/2025,1.00,6.00,$154.00,$45.91
Jayson Romine,231701,George's Wine & Spirits,12 Morris Ave.,Branchville,Sussex,201052,Green River Full Proof 1/750 mL,3/20/2025,1.00,2.00,$75.33,$22.97
Jayson Romine,230427,ShopRite Wine & Spirits of Newton#830,125 Water St,Newton,Sussex,201055,Bardstown Origin Series Bottle-In-Bond 1/750 mL Btl,3/25/2025,1.00,6.00,$218.00,$60.91
Jayson Romine,230905,ShopRite Wines & Spirits of Franklin,100 Rt 23,Franklin,Sussex,201057,Bardstown Origin Series Double Barrel Rye 1/750 mL Btl,2/7/2025,1.00,6.00,$218.00,$60.91
Jayson Romine,191526,Liquor Factory IV Hopatcong,128 Lakeside Blvd,Hopatcong,Sussex,201057,Bardstown Origin Series Double Barrel Rye 1/750 mL Btl,4/7/2025,1.00,3.00,$109.00,$30.46
Jayson Romine,230441,Wine Country Newton,49 Hampton House Road,Newton,Sussex,201056,Bardstown Origin Series Bourbon 1/750 mL Btl,3/3/2026,1.00,2.00,$73.33,$26.30
Jayson Romine,231316,Patricks Wine Barn,38 Hamburg Ave,Sussex,Sussex,201054,Green River Wheated 1/750 mL,6/11/2025,1.00,2.00,$54.67,$18.64
Jayson Romine,230105,ShopRite Wines & Spirits of Sparta,16 North Village Blvd,Sparta,Sussex,201056,Bardstown Origin Series Bourbon 1/750 mL Btl,5/8/2025,1.00,6.00,$196.00,$54.91
Jayson Romine,230105,ShopRite Wines & Spirits of Sparta,16 North Village Blvd,Sparta,Sussex,201058,Bardstown Origin Series High Wheat 1/750 mL Btl,2/6/2025,1.00,6.00,$218.00,$60.91
Jayson Romine,230905,ShopRite Wines & Spirits of Franklin,100 Rt 23,Franklin,Sussex,201058,Bardstown Origin Series High Wheat 1/750 mL Btl,4/8/2026,1.00,12.00,$436.00,$121.82
Jayson Romine,191702,Liquor Factory VI Byram,8 Route 206 N,Byram,Morris 1,201058,Bardstown Origin Series High Wheat 1/750 mL Btl,9/22/2025,1.00,6.00,$226.00,$68.91
Jayson Romine,230412,USA Wine Traders Club Of Newton (A),17 Hampton House Road,Newton,Sussex,201076,Green River Wheated Full Proof 1/750 ml Btl,4/29/2026,1.00,6.00,$218.00,$60.91
Jayson Romine,230924,Sussex Co.Discount Liq(P),3235 NJ-94,Franklin,Sussex,201055,Bardstown Origin Series Bottle-In-Bond 1/750 mL Btl,2/19/2025,1.00,2.00,$75.33,$22.97
Jayson Romine,231501,Highland General Store,111 Highland Lakes Rd,Highland Lakes,Sussex,201054,Green River Wheated 1/750 mL,2/4/2026,1.00,1.00,$26.83,$8.82
Jayson Romine,231701,George's Wine & Spirits,12 Morris Ave.,Branchville,Sussex,201072,Green River Bourbon 250th Army Anniversary 1/750 mL,7/23/2025,1.00,3.00,$115.50,$36.96
Jayson Romine,230114,Liquor Factory III Sparta,41 Woodport Road,Sparta,Sussex,201072,Green River Bourbon 250th Army Anniversary 1/750 mL,5/18/2026,1.00,6.00,$218.00,$60.91
Jayson Romine,230412,USA Wine Traders Club Of Newton (A),17 Hampton House Road,Newton,Sussex,201058,Bardstown Origin Series High Wheat 1/750 mL Btl,3/9/2026,1.00,6.00,$218.00,$60.91
Jayson Romine,230427,ShopRite Wine & Spirits of Newton#830,125 Water St,Newton,Sussex,201055,Bardstown Origin Series Bottle-In-Bond 1/750 mL Btl,2/25/2025,1.00,6.00,$218.00,($9.09)
Jayson Romine,230412,USA Wine Traders Club Of Newton (A),17 Hampton House Road,Newton,Sussex,201059,Bardstown Discovery Series #10 1/750 mL Btl,6/19/2025,1.00,1.00,$105.67,$28.15
Jayson Romine,231215,Mac & Lindy's W & S (A),530 Co Rd 515,Vernon,Sussex,201058,Bardstown Origin Series High Wheat 1/750 mL Btl,2/5/2025,1.00,6.00,$226.00,$68.91
Jayson Romine,230114,Liquor Factory III Sparta,41 Woodport Road,Sparta,Sussex,201056,Bardstown Origin Series Bourbon 1/750 mL Btl,3/30/2026,1.00,8.00,$261.33,$73.21
Jayson Romine,230427,ShopRite Wine & Spirits of Newton#830,125 Water St,Newton,Sussex,201055,Bardstown Origin Series Bottle-In-Bond 1/750 mL Btl,2/12/2026,1.00,6.00,$218.00,$60.91
Jayson Romine,231701,George's Wine & Spirits,12 Morris Ave.,Branchville,Sussex,201055,Bardstown Origin Series Bottle-In-Bond 1/750 mL Btl,3/6/2025,1.00,3.00,$113.00,$34.46
Jayson Romine,231203,The George Inn,84 NJ-94,Vernon,Sussex,201054,Green River Wheated 1/750 mL,1/22/2025,1.00,6.00,$154.00,$152.91
Jayson Romine,230412,USA Wine Traders Club Of Newton (A),17 Hampton House Road,Newton,Sussex,201057,Bardstown Origin Series Double Barrel Rye 1/750 mL Btl,12/29/2025,1.00,6.00,$218.00,$60.91
Jayson Romine,230905,ShopRite Wines & Spirits of Franklin,100 Rt 23,Franklin,Sussex,201055,Bardstown Origin Series Bottle-In-Bond 1/750 mL Btl,10/16/2025,1.00,12.00,$436.00,$121.82
Jayson Romine,230314,Liquor Factory V Andover,231 Newton Sparta Rd # 3,Newton,Sussex,201057,Bardstown Origin Series Double Barrel Rye 1/750 mL Btl,4/27/2026,1.00,6.00,$226.00,$68.91
Jayson Romine,231308,Wantage Plaza Liq Outlet,205 NJ-23,Wantage,Sussex,201051,Green River Bourbon 1/750 mL Btl,3/11/2025,1.00,2.00,$54.00,$17.97
Jayson Romine,230114,Liquor Factory III Sparta,41 Woodport Road,Sparta,Sussex,201055,Bardstown Origin Series Bottle-In-Bond 1/750 mL Btl,3/10/2025,1.00,4.00,$145.33,$40.61
Jayson Romine,230427,ShopRite Wine & Spirits of Newton#830,125 Water St,Newton,Sussex,201075,Green River Single Barrel Wheated 1/1/750mL Btl,12/11/2025,1.00,6.00,$267.96,$71.87
Jayson Romine,230114,Liquor Factory III Sparta,41 Woodport Road,Sparta,Sussex,201056,Bardstown Origin Series Bourbon 1/750 mL Btl,4/14/2025,1.00,6.00,$196.00,$54.91
Jayson Romine,230114,Liquor Factory III Sparta,41 Woodport Road,Sparta,Sussex,201054,Green River Wheated 1/750 mL,7/17/2026,1.00,8.00,$205.33,$61.21
Jayson Romine,230114,Liquor Factory III Sparta,41 Woodport Road,Sparta,Sussex,201055,Bardstown Origin Series Bottle-In-Bond 1/750 mL Btl,7/17/2026,1.00,12.00,$436.00,$121.82
Jayson Romine,230105,ShopRite Wines & Spirits of Sparta,16 North Village Blvd,Sparta,Sussex,201057,Bardstown Origin Series Double Barrel Rye 1/750 mL Btl,1/15/2026,1.00,6.00,$218.00,$60.91
Jayson Romine,230412,USA Wine Traders Club Of Newton (A),17 Hampton House Road,Newton,Sussex,201072,Green River Bourbon 250th Army Anniversary 1/750 mL,7/7/2025,1.00,6.00,$218.00,$60.91
Jayson Romine,191526,Liquor Factory IV Hopatcong,128 Lakeside Blvd,Hopatcong,Sussex,201058,Bardstown Origin Series High Wheat 1/750 mL Btl,4/7/2025,1.00,4.00,$145.33,$40.61
Jayson Romine,230114,Liquor Factory III Sparta,41 Woodport Road,Sparta,Sussex,201056,Bardstown Origin Series Bourbon 1/750 mL Btl,7/17/2026,1.00,6.00,$196.00,$54.91
Jayson Romine,230911,The Right Bottle,190 Munsonhurst Rd,Franklin,Sussex,201058,Bardstown Origin Series High Wheat 1/750 mL Btl,12/3/2025,1.00,6.00,$226.00,$68.91
Jayson Romine,230105,ShopRite Wines & Spirits of Sparta,16 North Village Blvd,Sparta,Sussex,201053,Green River Rye 1/750 mL,2/6/2025,1.00,6.00,$154.00,$45.91
Jayson Romine,231215,Mac & Lindy's W & S (A),530 Co Rd 515,Vernon,Sussex,201058,Bardstown Origin Series High Wheat 1/750 mL Btl,2/4/2026,1.00,6.00,$226.00,$68.91
Jayson Romine,230114,Liquor Factory III Sparta,41 Woodport Road,Sparta,Sussex,201057,Bardstown Origin Series Double Barrel Rye 1/750 mL Btl,3/10/2025,1.00,4.00,$145.33,$40.61
Jayson Romine,230412,USA Wine Traders Club Of Newton (A),17 Hampton House Road,Newton,Sussex,201062,Bardstown Collaboration Series Amrut 1/750 mL Btl,4/15/2025,1.00,1.00,$105.67,$28.15
Jayson Romine,230427,ShopRite Wine & Spirits of Newton#830,125 Water St,Newton,Sussex,201059,Bardstown Discovery Series #10 1/750 mL Btl,4/15/2025,1.00,1.00,$105.67,$28.15
Jayson Romine,230314,Liquor Factory V Andover,231 Newton Sparta Rd # 3,Newton,Sussex,201055,Bardstown Origin Series Bottle-In-Bond 1/750 mL Btl,4/27/2026,1.00,6.00,$226.00,$68.91
Jayson Romine,230114,Liquor Factory III Sparta,41 Woodport Road,Sparta,Sussex,201053,Green River Rye 1/750 mL,7/17/2026,1.00,2.00,$51.33,$15.30
Jayson Romine,230427,ShopRite Wine & Spirits of Newton#830,125 Water St,Newton,Sussex,201057,Bardstown Origin Series Double Barrel Rye 1/750 mL Btl,3/25/2025,1.00,6.00,$218.00,$60.91
Jayson Romine,230114,Liquor Factory III Sparta,41 Woodport Road,Sparta,Sussex,201077,Green River Honey 1/750 mL Btl,5/18/2026,1.00,6.00,$115.00,$40.91
Jayson Romine,230114,Liquor Factory III Sparta,41 Woodport Road,Sparta,Sussex,201057,Bardstown Origin Series Double Barrel Rye 1/750 mL Btl,3/30/2026,1.00,4.00,$145.33,$40.61
Jayson Romine,231501,Highland General Store,111 Highland Lakes Rd,Highland Lakes,Sussex,201058,Bardstown Origin Series High Wheat 1/750 mL Btl,2/4/2026,1.00,1.00,$40.67,$14.49
Jayson Romine,230924,Sussex Co.Discount Liq(P),3235 NJ-94,Franklin,Sussex,201057,Bardstown Origin Series Double Barrel Rye 1/750 mL Btl,2/19/2025,1.00,2.00,$75.33,$22.97
Jayson Romine,230105,ShopRite Wines & Spirits of Sparta,16 North Village Blvd,Sparta,Sussex,201052,Green River Full Proof 1/750 mL,2/6/2025,1.00,6.00,$218.00,$60.91
Jayson Romine,230905,ShopRite Wines & Spirits of Franklin,100 Rt 23,Franklin,Sussex,201056,Bardstown Origin Series Bourbon 1/750 mL Btl,9/3/2025,1.00,12.00,$392.00,$109.82
Jayson Romine,230114,Liquor Factory III Sparta,41 Woodport Road,Sparta,Sussex,201055,Bardstown Origin Series Bottle-In-Bond 1/750 mL Btl,3/30/2026,1.00,2.00,$72.67,$20.30
Jayson Romine,231215,Mac & Lindy's W & S (A),530 Co Rd 515,Vernon,Sussex,201051,Green River Bourbon 1/750 mL Btl,4/22/2026,1.00,1.00,$26.83,$8.82
Jayson Romine,230905,ShopRite Wines & Spirits of Franklin,100 Rt 23,Franklin,Sussex,201063,Bardstown Collaboration Series Goose Island 1/750 mL Btl,4/15/2025,1.00,1.00,$75.67,$20.82
Jayson Romine,230924,Sussex Co.Discount Liq(P),3235 NJ-94,Franklin,Sussex,201055,Bardstown Origin Series Bottle-In-Bond 1/750 mL Btl,11/25/2025,1.00,6.00,$226.00,$68.91
Jayson Romine,230427,ShopRite Wine & Spirits of Newton#830,125 Water St,Newton,Sussex,201051,Green River Bourbon 1/750 mL Btl,5/2/2025,1.00,6.00,$154.00,$45.91
Jayson Romine,230905,ShopRite Wines & Spirits of Franklin,100 Rt 23,Franklin,Sussex,201051,Green River Bourbon 1/750 mL Btl,2/7/2025,1.00,6.00,$154.00,$45.91
Jayson Romine,230905,ShopRite Wines & Spirits of Franklin,100 Rt 23,Franklin,Sussex,201059,Bardstown Discovery Series #10 1/750 mL Btl,4/15/2025,1.00,1.00,$105.67,$28.15
Jayson Romine,231316,Patricks Wine Barn,38 Hamburg Ave,Sussex,Sussex,201058,Bardstown Origin Series High Wheat 1/750 mL Btl,6/25/2025,1.00,6.00,$218.00,$60.91
Jayson Romine,230412,USA Wine Traders Club Of Newton (A),17 Hampton House Road,Newton,Sussex,201051,Green River Bourbon 1/750 mL Btl,1/17/2025,1.00,12.00,$308.00,($978.18)
Jayson Romine,230412,USA Wine Traders Club Of Newton (A),17 Hampton House Road,Newton,Sussex,201051,Green River Bourbon 1/750 mL Btl,6/29/2026,1.00,6.00,$154.00,$45.91
Jayson Romine,230427,ShopRite Wine & Spirits of Newton#830,125 Water St,Newton,Sussex,201066,Green River Single Barrel GSPD #1 1/750 mL,7/8/2025,1.00,3.00,$145.00,$46.96
Jayson Romine,230114,Liquor Factory III Sparta,41 Woodport Road,Sparta,Sussex,201055,Bardstown Origin Series Bottle-In-Bond 1/750 mL Btl,6/23/2025,1.00,5.00,$181.67,$50.76
Jayson Romine,231701,George's Wine & Spirits,12 Morris Ave.,Branchville,Sussex,201055,Bardstown Origin Series Bottle-In-Bond 1/750 mL Btl,7/2/2025,1.00,6.00,$226.00,$68.91
Jayson Romine,230114,Liquor Factory III Sparta,41 Woodport Road,Sparta,Sussex,201057,Bardstown Origin Series Double Barrel Rye 1/750 mL Btl,3/16/2026,1.00,1.00,$37.67,$11.49
Jayson Romine,230114,Liquor Factory III Sparta,41 Woodport Road,Sparta,Sussex,201055,Bardstown Origin Series Bottle-In-Bond 1/750 mL Btl,12/22/2025,1.00,2.00,$72.67,$20.30
Jayson Romine,230412,USA Wine Traders Club Of Newton (A),17 Hampton House Road,Newton,Sussex,201057,Bardstown Origin Series Double Barrel Rye 1/750 mL Btl,1/17/2025,1.00,6.00,$218.00,$216.91
Jayson Romine,230105,ShopRite Wines & Spirits of Sparta,16 North Village Blvd,Sparta,Sussex,201058,Bardstown Origin Series High Wheat 1/750 mL Btl,7/10/2025,1.00,6.00,$218.00,$60.91
Jayson Romine,230905,ShopRite Wines & Spirits of Franklin,100 Rt 23,Franklin,Sussex,201064,Bardstown Collaboration Series Silver Oak 1/750 mL Btl,4/15/2025,1.00,1.00,$105.67,$28.15
Jayson Romine,230105,ShopRite Wines & Spirits of Sparta,16 North Village Blvd,Sparta,Sussex,201062,Bardstown Collaboration Series Amrut 1/750 mL Btl,6/19/2025,1.00,1.00,$105.67,$28.15
Jayson Romine,230412,USA Wine Traders Club Of Newton (A),17 Hampton House Road,Newton,Sussex,201062,Bardstown Collaboration Series Amrut 1/750 mL Btl,6/19/2025,1.00,1.00,$105.67,$28.15
Jayson Romine,230412,USA Wine Traders Club Of Newton (A),17 Hampton House Road,Newton,Sussex,201057,Bardstown Origin Series Double Barrel Rye 1/750 mL Btl,5/19/2025,1.00,6.00,$218.00,$60.91
Jayson Romine,231308,Wantage Plaza Liq Outlet,205 NJ-23,Wantage,Sussex,201056,Bardstown Origin Series Bourbon 1/750 mL Btl,2/11/2025,1.00,2.00,$68.00,$20.97
Jayson Romine,230114,Liquor Factory III Sparta,41 Woodport Road,Sparta,Sussex,201058,Bardstown Origin Series High Wheat 1/750 mL Btl,10/6/2025,1.00,4.00,$145.33,$40.61
Jayson Romine,230427,ShopRite Wine & Spirits of Newton#830,125 Water St,Newton,Sussex,201051,Green River Bourbon 1/750 mL Btl,7/10/2025,1.00,6.00,$154.00,$45.91
Jayson Romine,230412,USA Wine Traders Club Of Newton (A),17 Hampton House Road,Newton,Sussex,201055,Bardstown Origin Series Bottle-In-Bond 1/750 mL Btl,4/8/2026,1.00,12.00,$436.00,$121.82
Jayson Romine,230905,ShopRite Wines & Spirits of Franklin,100 Rt 23,Franklin,Sussex,201064,Bardstown Collaboration Series Silver Oak 1/750 mL Btl,6/19/2025,1.00,1.00,$105.67,$28.15
Jayson Romine,191702,Liquor Factory VI Byram,8 Route 206 N,Byram,Morris 1,201056,Bardstown Origin Series Bourbon 1/750 mL Btl,6/2/2025,1.00,6.00,$196.00,$54.91
Jayson Romine,230105,ShopRite Wines & Spirits of Sparta,16 North Village Blvd,Sparta,Sussex,201052,Green River Full Proof 1/750 mL,7/10/2025,1.00,6.00,$218.00,$60.91
Jayson Romine,230105,ShopRite Wines & Spirits of Sparta,16 North Village Blvd,Sparta,Sussex,201076,Green River Wheated Full Proof 1/750 ml Btl,4/23/2026,1.00,6.00,$218.00,$60.91
Jayson Romine,230924,Sussex Co.Discount Liq(P),3235 NJ-94,Franklin,Sussex,201057,Bardstown Origin Series Double Barrel Rye 1/750 mL Btl,6/10/2025,1.00,6.00,$218.00,$60.91
Jayson Romine,230924,Sussex Co.Discount Liq(P),3235 NJ-94,Franklin,Sussex,201058,Bardstown Origin Series High Wheat 1/750 mL Btl,2/19/2025,1.00,2.00,$75.33,$22.97
Jayson Romine,230412,USA Wine Traders Club Of Newton (A),17 Hampton House Road,Newton,Sussex,201055,Bardstown Origin Series Bottle-In-Bond 1/750 mL Btl,5/19/2025,1.00,6.00,$218.00,$60.91
Jayson Romine,230905,ShopRite Wines & Spirits of Franklin,100 Rt 23,Franklin,Sussex,201054,Green River Wheated 1/750 mL,2/7/2025,1.00,6.00,$154.00,$45.91
Jayson Romine,191526,Liquor Factory IV Hopatcong,128 Lakeside Blvd,Hopatcong,Sussex,201055,Bardstown Origin Series Bottle-In-Bond 1/750 mL Btl,4/7/2025,1.00,3.00,$109.00,$30.46
Jayson Romine,230412,USA Wine Traders Club Of Newton (A),17 Hampton House Road,Newton,Sussex,201054,Green River Wheated 1/750 mL,1/20/2026,1.00,6.00,$154.00,$45.91
Jayson Romine,230105,ShopRite Wines & Spirits of Sparta,16 North Village Blvd,Sparta,Sussex,201055,Bardstown Origin Series Bottle-In-Bond 1/750 mL Btl,4/16/2026,1.00,6.00,$218.00,$60.91
Jayson Romine,230412,USA Wine Traders Club Of Newton (A),17 Hampton House Road,Newton,Sussex,201051,Green River Bourbon 1/750 mL Btl,3/9/2026,1.00,6.00,$154.00,$45.91
Jayson Romine,230412,USA Wine Traders Club Of Newton (A),17 Hampton House Road,Newton,Sussex,201058,Bardstown Origin Series High Wheat 1/750 mL Btl,4/7/2025,1.00,6.00,$218.00,$60.91
Jayson Romine,231701,George's Wine & Spirits,12 Morris Ave.,Branchville,Sussex,201055,Bardstown Origin Series Bottle-In-Bond 1/750 mL Btl,4/23/2026,1.00,6.00,$226.00,$68.91
Jayson Romine,230427,ShopRite Wine & Spirits of Newton#830,125 Water St,Newton,Sussex,201054,Green River Wheated 1/750 mL,10/30/2025,1.00,12.00,$276.04,$59.86
Jayson Romine,230412,USA Wine Traders Club Of Newton (A),17 Hampton House Road,Newton,Sussex,201051,Green River Bourbon 1/750 mL Btl,12/29/2025,1.00,6.00,$154.00,$45.91
Jayson Romine,230105,ShopRite Wines & Spirits of Sparta,16 North Village Blvd,Sparta,Sussex,201056,Bardstown Origin Series Bourbon 1/750 mL Btl,10/23/2025,1.00,12.00,$392.00,$109.82
Jayson Romine,231308,Wantage Plaza Liq Outlet,205 NJ-23,Wantage,Sussex,201055,Bardstown Origin Series Bottle-In-Bond 1/750 mL Btl,2/11/2025,1.00,2.00,$75.33,$22.97
Jayson Romine,230412,USA Wine Traders Club Of Newton (A),17 Hampton House Road,Newton,Sussex,201052,Green River Full Proof 1/750 mL,12/29/2025,1.00,6.00,$218.00,$60.91
Jayson Romine,231203,The George Inn,84 NJ-94,Vernon,Sussex,201077,Green River Honey 1/750 mL Btl,5/5/2026,1.00,6.00,$115.00,$40.95
Jayson Romine,230114,Liquor Factory III Sparta,41 Woodport Road,Sparta,Sussex,201056,Bardstown Origin Series Bourbon 1/750 mL Btl,6/23/2025,1.00,5.00,$163.33,$45.76
Jayson Romine,230412,USA Wine Traders Club Of Newton (A),17 Hampton House Road,Newton,Sussex,201054,Green River Wheated 1/750 mL,12/29/2025,1.00,6.00,$154.00,$45.91
Jayson Romine,230427,ShopRite Wine & Spirits of Newton#830,125 Water St,Newton,Sussex,201051,Green River Bourbon 1/750 mL Btl,3/25/2025,1.00,6.00,$154.00,$45.91
Jayson Romine,230427,ShopRite Wine & Spirits of Newton#830,125 Water St,Newton,Sussex,201057,Bardstown Origin Series Double Barrel Rye 1/750 mL Btl,2/6/2025,1.00,6.00,$218.00,$60.91
Jayson Romine,231215,Mac & Lindy's W & S (A),530 Co Rd 515,Vernon,Sussex,201051,Green River Bourbon 1/750 mL Btl,2/5/2025,1.00,6.00,$162.00,$53.91
Jayson Romine,230412,USA Wine Traders Club Of Newton (A),17 Hampton House Road,Newton,Sussex,201063,Bardstown Collaboration Series Goose Island 1/750 mL Btl,4/15/2025,1.00,1.00,$75.67,$20.82
Jayson Romine,230924,Sussex Co.Discount Liq(P),3235 NJ-94,Franklin,Sussex,201056,Bardstown Origin Series Bourbon 1/750 mL Btl,2/19/2025,1.00,2.00,$68.00,$20.97
Jayson Romine,191702,Liquor Factory VI Byram,8 Route 206 N,Byram,Morris 1,201056,Bardstown Origin Series Bourbon 1/750 mL Btl,4/21/2025,1.00,6.00,$196.00,$54.91
Jayson Romine,231701,George's Wine & Spirits,12 Morris Ave.,Branchville,Sussex,201058,Bardstown Origin Series High Wheat 1/750 mL Btl,4/24/2025,1.00,6.00,$226.00,$68.91
Jayson Romine,230105,ShopRite Wines & Spirits of Sparta,16 North Village Blvd,Sparta,Sussex,201063,Bardstown Collaboration Series Goose Island 1/750 mL Btl,6/19/2025,1.00,1.00,$75.67,$20.82
Jayson Romine,230114,Liquor Factory III Sparta,41 Woodport Road,Sparta,Sussex,201058,Bardstown Origin Series High Wheat 1/750 mL Btl,12/22/2025,1.00,2.00,$72.67,$20.30
Jayson Romine,230427,ShopRite Wine & Spirits of Newton#830,125 Water St,Newton,Sussex,201058,Bardstown Origin Series High Wheat 1/750 mL Btl,5/2/2025,1.00,6.00,$218.00,$60.91
Jayson Romine,231701,George's Wine & Spirits,12 Morris Ave.,Branchville,Sussex,201055,Bardstown Origin Series Bottle-In-Bond 1/750 mL Btl,11/25/2025,1.00,6.00,$226.00,$68.91
Jayson Romine,191702,Liquor Factory VI Byram,8 Route 206 N,Byram,Morris 1,201057,Bardstown Origin Series Double Barrel Rye 1/750 mL Btl,4/21/2025,1.00,6.00,$218.00,$60.91
Jayson Romine,230913,Wine Grand (Franklin),288 Rt 23 North,Franklin,Sussex,201077,Green River Honey 1/750 mL Btl,5/6/2026,1.00,6.00,$115.00,$40.91
Jayson Romine,230905,ShopRite Wines & Spirits of Franklin,100 Rt 23,Franklin,Sussex,201055,Bardstown Origin Series Bottle-In-Bond 1/750 mL Btl,2/7/2025,1.00,6.00,$218.00,$60.91
Jayson Romine,230905,ShopRite Wines & Spirits of Franklin,100 Rt 23,Franklin,Sussex,201062,Bardstown Collaboration Series Amrut 1/750 mL Btl,4/15/2025,1.00,1.00,$105.67,$28.15
Jayson Romine,230427,ShopRite Wine & Spirits of Newton#830,125 Water St,Newton,Sussex,201069,Bardstown Single Barrel GSPD #1 1/750 mL Btl,7/8/2025,1.00,3.00,$190.00,$56.96
Jayson Romine,230911,The Right Bottle,190 Munsonhurst Rd,Franklin,Sussex,201051,Green River Bourbon 1/750 mL Btl,4/22/2026,1.00,1.00,$26.83,$8.82
Jayson Romine,230412,USA Wine Traders Club Of Newton (A),17 Hampton House Road,Newton,Sussex,201074,Bardstown Discovery #13 1/750 mL Btl,9/23/2025,1.00,3.00,$307.98,$75.44
Jayson Romine,230412,USA Wine Traders Club Of Newton (A),17 Hampton House Road,Newton,Sussex,201076,Green River Wheated Full Proof 1/750 ml Btl,4/8/2026,1.00,6.00,$218.00,$60.91
Jayson Romine,230905,ShopRite Wines & Spirits of Franklin,100 Rt 23,Franklin,Sussex,201062,Bardstown Collaboration Series Amrut 1/750 mL Btl,6/19/2025,1.00,1.00,$105.67,$28.15
Jayson Romine,230314,Liquor Factory V Andover,231 Newton Sparta Rd # 3,Newton,Sussex,201056,Bardstown Origin Series Bourbon 1/750 mL Btl,3/23/2026,1.00,6.00,$208.00,$66.91
Jayson Romine,231308,Wantage Plaza Liq Outlet,205 NJ-23,Wantage,Sussex,201057,Bardstown Origin Series Double Barrel Rye 1/750 mL Btl,2/11/2025,1.00,2.00,$75.33,$22.97
Jayson Romine,230412,USA Wine Traders Club Of Newton (A),17 Hampton House Road,Newton,Sussex,201067,Green River Single Barrel GSPD#2 1/750 mL,7/1/2025,1.00,3.00,$148.00,$49.96
Jayson Romine,230412,USA Wine Traders Club Of Newton (A),17 Hampton House Road,Newton,Sussex,201052,Green River Full Proof 1/750 mL,4/7/2025,1.00,6.00,$218.00,$60.91
Jayson Romine,230105,ShopRite Wines & Spirits of Sparta,16 North Village Blvd,Sparta,Sussex,201059,Bardstown Discovery Series #10 1/750 mL Btl,6/19/2025,1.00,1.00,$105.67,$28.15
Jayson Romine,230114,Liquor Factory III Sparta,41 Woodport Road,Sparta,Sussex,201057,Bardstown Origin Series Double Barrel Rye 1/750 mL Btl,4/14/2025,1.00,5.00,$181.67,$50.76
Jayson Romine,230114,Liquor Factory III Sparta,41 Woodport Road,Sparta,Sussex,201058,Bardstown Origin Series High Wheat 1/750 mL Btl,5/18/2026,1.00,4.00,$145.33,$40.61
Jayson Romine,231501,Highland General Store,111 Highland Lakes Rd,Highland Lakes,Sussex,201052,Green River Full Proof 1/750 mL,2/4/2026,1.00,1.00,$40.67,$14.49
Jayson Romine,230412,USA Wine Traders Club Of Newton (A),17 Hampton House Road,Newton,Sussex,201073,Bardstown Collaboration Series Pierre Ferrand 1/750 mL Btl,9/23/2025,1.00,3.00,$307.98,$75.44
Jayson Romine,230412,USA Wine Traders Club Of Newton (A),17 Hampton House Road,Newton,Sussex,201051,Green River Bourbon 1/750 mL Btl,6/12/2025,1.00,12.00,$308.00,$91.82
Jayson Romine,230427,ShopRite Wine & Spirits of Newton#830,125 Water St,Newton,Sussex,201054,Green River Wheated 1/750 mL,4/9/2026,1.00,6.00,$154.00,$45.91
Jayson Romine,230427,ShopRite Wine & Spirits of Newton#830,125 Water St,Newton,Sussex,201053,Green River Rye 1/750 mL,3/25/2025,1.00,6.00,$154.00,$45.91
Jayson Romine,230114,Liquor Factory III Sparta,41 Woodport Road,Sparta,Sussex,201056,Bardstown Origin Series Bourbon 1/750 mL Btl,3/10/2025,1.00,6.00,$196.00,$54.91
Jayson Romine,231701,George's Wine & Spirits,12 Morris Ave.,Branchville,Sussex,201051,Green River Bourbon 1/750 mL Btl,2/20/2025,1.00,3.00,$81.00,$26.96
Jayson Romine,231501,Highland General Store,111 Highland Lakes Rd,Highland Lakes,Sussex,201057,Bardstown Origin Series Double Barrel Rye 1/750 mL Btl,2/4/2026,1.00,1.00,$40.67,$14.49
Jayson Romine,230412,USA Wine Traders Club Of Newton (A),17 Hampton House Road,Newton,Sussex,201055,Bardstown Origin Series Bottle-In-Bond 1/750 mL Btl,3/9/2026,1.00,6.00,$218.00,$60.91
Jayson Romine,230412,USA Wine Traders Club Of Newton (A),17 Hampton House Road,Newton,Sussex,201076,Green River Wheated Full Proof 1/750 ml Btl,6/29/2026,1.00,6.00,$218.00,$60.91
Jayson Romine,230106,Burkes,6 Sparta Ave N,Sparta,Sussex,201051,Green River Bourbon 1/750 mL Btl,2/6/2025,1.00,3.00,$81.00,$26.96
Jayson Romine,230412,USA Wine Traders Club Of Newton (A),17 Hampton House Road,Newton,Sussex,201055,Bardstown Origin Series Bottle-In-Bond 1/750 mL Btl,6/12/2025,1.00,6.00,$218.00,$60.91
Jayson Romine,230114,Liquor Factory III Sparta,41 Woodport Road,Sparta,Sussex,201059,Bardstown Discovery Series #10 1/750 mL Btl,6/19/2025,1.00,1.00,$105.67,$28.15
Jayson Romine,230105,ShopRite Wines & Spirits of Sparta,16 North Village Blvd,Sparta,Sussex,201063,Bardstown Collaboration Series Goose Island 1/750 mL Btl,4/15/2025,1.00,1.00,$75.67,$20.82
Jayson Romine,230905,ShopRite Wines & Spirits of Franklin,100 Rt 23,Franklin,Sussex,201077,Green River Honey 1/750 mL Btl,5/6/2026,1.00,18.00,$330.00,$107.73
Jayson Romine,230441,Wine Country Newton,49 Hampton House Road,Newton,Sussex,201055,Bardstown Origin Series Bottle-In-Bond 1/750 mL Btl,3/3/2026,1.00,2.00,$81.33,$28.97
Jayson Romine,230114,Liquor Factory III Sparta,41 Woodport Road,Sparta,Sussex,201056,Bardstown Origin Series Bourbon 1/750 mL Btl,3/16/2026,1.00,5.00,$173.33,$55.76
Jayson Romine,230105,ShopRite Wines & Spirits of Sparta,16 North Village Blvd,Sparta,Sussex,201054,Green River Wheated 1/750 mL,7/10/2025,1.00,6.00,$154.00,$45.91
Jayson Romine,230412,USA Wine Traders Club Of Newton (A),17 Hampton House Road,Newton,Sussex,201052,Green River Full Proof 1/750 mL,4/8/2026,1.00,6.00,$218.00,$60.91
Jayson Romine,230427,ShopRite Wine & Spirits of Newton#830,125 Water St,Newton,Sussex,201051,Green River Bourbon 1/750 mL Btl,2/6/2025,1.00,6.00,$154.00,$45.91
Jayson Romine,230412,USA Wine Traders Club Of Newton (A),17 Hampton House Road,Newton,Sussex,201058,Bardstown Origin Series High Wheat 1/750 mL Btl,2/4/2025,1.00,6.00,$218.00,$60.91
Jayson Romine,230911,The Right Bottle,190 Munsonhurst Rd,Franklin,Sussex,201051,Green River Bourbon 1/750 mL Btl,2/5/2025,1.00,3.00,$81.00,$26.96
Jayson Romine,231203,The George Inn,84 NJ-94,Vernon,Sussex,201058,Bardstown Origin Series High Wheat 1/750 mL Btl,10/21/2025,1.00,6.00,$226.00,$68.91
Jayson Romine,230905,ShopRite Wines & Spirits of Franklin,100 Rt 23,Franklin,Sussex,201054,Green River Wheated 1/750 mL,11/13/2025,1.00,18.00,$462.00,$137.73
Jayson Romine,230412,USA Wine Traders Club Of Newton (A),17 Hampton House Road,Newton,Sussex,201059,Bardstown Discovery Series #10 1/750 mL Btl,9/23/2025,1.00,2.00,$211.33,$56.30
Jayson Romine,230114,Liquor Factory III Sparta,41 Woodport Road,Sparta,Sussex,201058,Bardstown Origin Series High Wheat 1/750 mL Btl,4/14/2025,1.00,5.00,$181.67,$50.76
Jayson Romine,231308,Wantage Plaza Liq Outlet,205 NJ-23,Wantage,Sussex,201054,Green River Wheated 1/750 mL,3/11/2025,1.00,2.00,$54.00,$17.97
Jayson Romine,230911,The Right Bottle,190 Munsonhurst Rd,Franklin,Sussex,201057,Bardstown Origin Series Double Barrel Rye 1/750 mL Btl,2/5/2025,1.00,2.00,$75.33,$22.97
Jayson Romine,230427,ShopRite Wine & Spirits of Newton#830,125 Water St,Newton,Sussex,201056,Bardstown Origin Series Bourbon 1/750 mL Btl,3/25/2025,1.00,6.00,$196.00,$54.91
Jayson Romine,231316,Patricks Wine Barn,38 Hamburg Ave,Sussex,Sussex,201056,Bardstown Origin Series Bourbon 1/750 mL Btl,6/11/2025,1.00,2.00,$69.33,$22.30
Jayson Romine,230114,Liquor Factory III Sparta,41 Woodport Road,Sparta,Sussex,201058,Bardstown Origin Series High Wheat 1/750 mL Btl,3/30/2026,1.00,4.00,$145.33,$40.61
Jayson Romine,230412,USA Wine Traders Club Of Newton (A),17 Hampton House Road,Newton,Sussex,201053,Green River Rye 1/750 mL,8/27/2025,1.00,6.00,$152.00,$43.91
Jayson Romine,230427,ShopRite Wine & Spirits of Newton#830,125 Water St,Newton,Sussex,201055,Bardstown Origin Series Bottle-In-Bond 1/750 mL Btl,2/6/2025,1.00,6.00,$218.00,$60.91
Jayson Romine,231701,George's Wine & Spirits,12 Morris Ave.,Branchville,Sussex,201058,Bardstown Origin Series High Wheat 1/750 mL Btl,2/20/2025,1.00,3.00,$113.00,$34.46
Jayson Romine,230427,ShopRite Wine & Spirits of Newton#830,125 Water St,Newton,Sussex,201077,Green River Honey 1/750 mL Btl,5/7/2026,1.00,18.00,$330.00,$107.73
Jayson Romine,230412,USA Wine Traders Club Of Newton (A),17 Hampton House Road,Newton,Sussex,201055,Bardstown Origin Series Bottle-In-Bond 1/750 mL Btl,1/17/2025,1.00,6.00,$218.00,$216.91
Jayson Romine,230105,ShopRite Wines & Spirits of Sparta,16 North Village Blvd,Sparta,Sussex,201055,Bardstown Origin Series Bottle-In-Bond 1/750 mL Btl,2/6/2025,1.00,6.00,$218.00,$60.91
Jayson Romine,230427,ShopRite Wine & Spirits of Newton#830,125 Water St,Newton,Sussex,201052,Green River Full Proof 1/750 mL,3/25/2025,1.00,6.00,$218.00,$60.91
Jayson Romine,191702,Liquor Factory VI Byram,8 Route 206 N,Byram,Morris 1,201058,Bardstown Origin Series High Wheat 1/750 mL Btl,4/20/2026,1.00,6.00,$226.00,$68.91
Jayson Romine,231701,George's Wine & Spirits,12 Morris Ave.,Branchville,Sussex,201063,Bardstown Collaboration Series Goose Island 1/750 mL Btl,7/23/2025,1.00,2.00,$149.33,$39.64
Jayson Romine,230427,ShopRite Wine & Spirits of Newton#830,125 Water St,Newton,Sussex,201054,Green River Wheated 1/750 mL,2/6/2025,1.00,6.00,$154.00,$45.91
Jayson Romine,230911,The Right Bottle,190 Munsonhurst Rd,Franklin,Sussex,201057,Bardstown Origin Series Double Barrel Rye 1/750 mL Btl,10/22/2025,1.00,1.00,$37.67,$11.49
Jayson Romine,230412,USA Wine Traders Club Of Newton (A),17 Hampton House Road,Newton,Sussex,201059,Bardstown Discovery Series #10 1/750 mL Btl,4/15/2025,1.00,1.00,$105.67,$28.15
Jayson Romine,230924,Sussex Co.Discount Liq(P),3235 NJ-94,Franklin,Sussex,201058,Bardstown Origin Series High Wheat 1/750 mL Btl,4/2/2025,1.00,1.00,$37.67,$11.49
Jayson Romine,230105,ShopRite Wines & Spirits of Sparta,16 North Village Blvd,Sparta,Sussex,201052,Green River Full Proof 1/750 mL,2/12/2026,1.00,6.00,$218.00,$60.91
Jayson Romine,230114,Liquor Factory III Sparta,41 Woodport Road,Sparta,Sussex,201054,Green River Wheated 1/750 mL,5/18/2026,1.00,3.00,$80.50,$26.46
Jayson Romine,231203,The George Inn,84 NJ-94,Vernon,Sussex,201056,Bardstown Origin Series Bourbon 1/750 mL Btl,1/22/2025,1.00,6.00,$196.00,$194.91
Jayson Romine,230114,Liquor Factory III Sparta,41 Woodport Road,Sparta,Sussex,201063,Bardstown Collaboration Series Goose Island 1/750 mL Btl,6/19/2025,1.00,1.00,$75.67,$20.82
Jayson Romine,230114,Liquor Factory III Sparta,41 Woodport Road,Sparta,Sussex,201077,Green River Honey 1/750 mL Btl,7/17/2026,1.00,4.00,$73.33,$23.94
Jayson Romine,230905,ShopRite Wines & Spirits of Franklin,100 Rt 23,Franklin,Sussex,201054,Green River Wheated 1/750 mL,4/15/2026,1.00,12.00,$308.00,$91.82
Jayson Romine,230412,USA Wine Traders Club Of Newton (A),17 Hampton House Road,Newton,Sussex,201054,Green River Wheated 1/750 mL,4/8/2026,1.00,6.00,$154.00,$45.91
Jayson Romine,230105,ShopRite Wines & Spirits of Sparta,16 North Village Blvd,Sparta,Sussex,201056,Bardstown Origin Series Bourbon 1/750 mL Btl,1/15/2026,1.00,6.00,$196.00,$54.91
Jayson Romine,230114,Liquor Factory III Sparta,41 Woodport Road,Sparta,Sussex,201057,Bardstown Origin Series Double Barrel Rye 1/750 mL Btl,6/22/2026,1.00,3.00,$109.00,$30.46
Jayson Romine,231215,Mac & Lindy's W & S (A),530 Co Rd 515,Vernon,Sussex,201077,Green River Honey 1/750 mL Btl,5/6/2026,1.00,6.00,$115.00,$40.91
Jayson Romine,230114,Liquor Factory III Sparta,41 Woodport Road,Sparta,Sussex,201055,Bardstown Origin Series Bottle-In-Bond 1/750 mL Btl,12/1/2025,1.00,2.00,$72.67,$20.30
Jayson Romine,231701,George's Wine & Spirits,12 Morris Ave.,Branchville,Sussex,201051,Green River Bourbon 1/750 mL Btl,3/20/2025,1.00,4.00,$108.00,$35.94
Jayson Romine,230911,The Right Bottle,190 Munsonhurst Rd,Franklin,Sussex,201052,Green River Full Proof 1/750 mL,2/5/2025,1.00,3.00,$113.00,$34.46
Jayson Romine,230412,USA Wine Traders Club Of Newton (A),17 Hampton House Road,Newton,Sussex,201054,Green River Wheated 1/750 mL,6/29/2026,1.00,6.00,$154.00,$45.91
Jayson Romine,230105,ShopRite Wines & Spirits of Sparta,16 North Village Blvd,Sparta,Sussex,201058,Bardstown Origin Series High Wheat 1/750 mL Btl,4/16/2026,1.00,6.00,$218.00,$60.91
Jayson Romine,230412,USA Wine Traders Club Of Newton (A),17 Hampton House Road,Newton,Sussex,201052,Green River Full Proof 1/750 mL,3/9/2026,1.00,6.00,$218.00,$60.91
Jayson Romine,230905,ShopRite Wines & Spirits of Franklin,100 Rt 23,Franklin,Sussex,201052,Green River Full Proof 1/750 mL,2/7/2025,1.00,6.00,$218.00,$60.91
Jayson Romine,191702,Liquor Factory VI Byram,8 Route 206 N,Byram,Morris 1,201055,Bardstown Origin Series Bottle-In-Bond 1/750 mL Btl,10/27/2025,1.00,6.00,$218.00,$60.91
Jayson Romine,230412,USA Wine Traders Club Of Newton (A),17 Hampton House Road,Newton,Sussex,201071,Bardstown Single Barrel GSPD #3 1/750 mL Btl,7/1/2025,1.00,3.00,$193.00,$59.96
Jayson Romine,230412,USA Wine Traders Club Of Newton (A),17 Hampton House Road,Newton,Sussex,201054,Green River Wheated 1/750 mL,3/9/2026,1.00,6.00,$154.00,$45.91
Jayson Romine,230427,ShopRite Wine & Spirits of Newton#830,125 Water St,Newton,Sussex,201051,Green River Bourbon 1/750 mL Btl,10/30/2025,1.00,12.00,$276.04,$59.86
Jim Heaney,25031,Lexington Liquors (Z),430 Lexington Ave,Clifton,Passaic,201051,Green River Bourbon 1/750 mL Btl,3/11/2025,1.00,1.00,$27.33,$9.32
Jim Heaney,24011,Shoppers Vineyard (A),875 Bloomfield Ave,Clifton,Passaic,201054,Green River Wheated 1/750 mL,12/2/2025,1.00,6.00,$161.00,$52.91
Jim Heaney,24017,Rainbow Liquor (P),292 Lakeview Ave,Clifton,Passaic,201056,Bardstown Origin Series Bourbon 1/750 mL Btl,9/30/2025,1.00,1.00,$36.67,$13.15
Jim Heaney,30005,Rutherford Wine (A),270 Park Ave,Rutherford,Bergen,201053,Green River Rye 1/750 mL,10/29/2025,1.00,1.00,$27.00,$8.99
Jim Heaney,13017,On The Rocks,101 Newark Pompton Turnpike,Little Falls,Passaic,201056,Bardstown Origin Series Bourbon 1/750 mL Btl,3/13/2025,1.00,6.00,$204.00,$62.91
Jim Heaney,13008,Little Falls Liq(P),315 Main Street,Little Falls,Passaic,201058,Bardstown Origin Series High Wheat 1/750 mL Btl,2/25/2025,1.00,2.00,$75.33,$22.97
Jim Heaney,24011,Shoppers Vineyard (A),875 Bloomfield Ave,Clifton,Passaic,201059,Bardstown Discovery Series #10 1/750 mL Btl,6/11/2025,1.00,2.00,$209.33,$54.30
Jim Heaney,24011,Shoppers Vineyard (A),875 Bloomfield Ave,Clifton,Passaic,201072,Green River Bourbon 250th Army Anniversary 1/750 mL,12/30/2025,1.00,6.00,$218.00,$60.91
Jim Heaney,24011,Shoppers Vineyard (A),875 Bloomfield Ave,Clifton,Passaic,201076,Green River Wheated Full Proof 1/750 ml Btl,3/10/2026,1.00,6.00,$226.00,$68.91
Jim Heaney,25008,Clifton Commons S & W,132 Kingsland Rd Suite 4,Clifton,Passaic,201056,Bardstown Origin Series Bourbon 1/750 mL Btl,8/25/2025,1.00,3.00,$98.00,$27.46
Jim Heaney,13008,Little Falls Liq(P),315 Main Street,Little Falls,Passaic,201051,Green River Bourbon 1/750 mL Btl,2/25/2025,1.00,2.00,$54.00,$17.97
Jim Heaney,24011,Shoppers Vineyard (A),875 Bloomfield Ave,Clifton,Passaic,201052,Green River Full Proof 1/750 mL,2/21/2025,1.00,6.00,$218.00,$60.91
Jim Heaney,29011,World of Wine & Liquor,419 Valley Brook Ave.,Lyndhurst,Bergen,201052,Green River Full Proof 1/750 mL,3/12/2025,1.00,3.00,$113.00,$34.46
Jim Heaney,24011,Shoppers Vineyard (A),875 Bloomfield Ave,Clifton,Passaic,201055,Bardstown Origin Series Bottle-In-Bond 1/750 mL Btl,2/24/2025,1.00,6.00,$218.00,($9.09)
Jim Heaney,25008,Clifton Commons S & W,132 Kingsland Rd Suite 4,Clifton,Passaic,201056,Bardstown Origin Series Bourbon 1/750 mL Btl,5/14/2025,1.00,9.00,$294.00,$82.37
Jim Heaney,25008,Clifton Commons S & W,132 Kingsland Rd Suite 4,Clifton,Passaic,201056,Bardstown Origin Series Bourbon 1/750 mL Btl,4/20/2026,1.00,15.00,$490.00,$137.28
Jim Heaney,25008,Clifton Commons S & W,132 Kingsland Rd Suite 4,Clifton,Passaic,201054,Green River Wheated 1/750 mL,12/16/2025,1.00,18.00,$462.00,$137.73
Jim Heaney,25008,Clifton Commons S & W,132 Kingsland Rd Suite 4,Clifton,Passaic,201057,Bardstown Origin Series Double Barrel Rye 1/750 mL Btl,4/20/2026,1.00,3.00,$109.00,$30.46
Jim Heaney,24011,Shoppers Vineyard (A),875 Bloomfield Ave,Clifton,Passaic,201057,Bardstown Origin Series Double Barrel Rye 1/750 mL Btl,12/30/2025,1.00,6.00,$218.00,$60.91
Jim Heaney,24011,Shoppers Vineyard (A),875 Bloomfield Ave,Clifton,Passaic,201051,Green River Bourbon 1/750 mL Btl,7/15/2026,1.00,6.00,$161.00,$52.91
Jim Heaney,24011,Shoppers Vineyard (A),875 Bloomfield Ave,Clifton,Passaic,201054,Green River Wheated 1/750 mL,2/17/2026,1.00,6.00,$161.00,$52.91
Jim Heaney,24011,Shoppers Vineyard (A),875 Bloomfield Ave,Clifton,Passaic,201054,Green River Wheated 1/750 mL,3/13/2026,1.00,-6.00,($161.00),($52.91)
Jim Heaney,24011,Shoppers Vineyard (A),875 Bloomfield Ave,Clifton,Passaic,201072,Green River Bourbon 250th Army Anniversary 1/750 mL,7/1/2025,1.00,6.00,$218.00,$60.91
Jim Heaney,24011,Shoppers Vineyard (A),875 Bloomfield Ave,Clifton,Passaic,201062,Bardstown Collaboration Series Amrut 1/750 mL Btl,6/11/2025,1.00,2.00,$209.33,$54.30
Jim Heaney,29013,Lyndhurst Liquors (P),298 Ridge Road,Lyndhurst,Bergen,201057,Bardstown Origin Series Double Barrel Rye 1/750 mL Btl,1/17/2025,1.00,6.00,$226.00,$224.91
Jim Heaney,29011,World of Wine & Liquor,419 Valley Brook Ave.,Lyndhurst,Bergen,201055,Bardstown Origin Series Bottle-In-Bond 1/750 mL Btl,3/12/2025,1.00,2.00,$75.33,$22.97
Jim Heaney,29011,World of Wine & Liquor,419 Valley Brook Ave.,Lyndhurst,Bergen,201056,Bardstown Origin Series Bourbon 1/750 mL Btl,10/29/2025,1.00,2.00,$69.33,$22.30
Jim Heaney,24017,Rainbow Liquor (P),292 Lakeview Ave,Clifton,Passaic,201051,Green River Bourbon 1/750 mL Btl,9/30/2025,1.00,1.00,$29.33,$11.32
Jim Heaney,13008,Little Falls Liq(P),315 Main Street,Little Falls,Passaic,201055,Bardstown Origin Series Bottle-In-Bond 1/750 mL Btl,2/25/2025,1.00,2.00,$75.33,($0.36)
Jim Heaney,24011,Shoppers Vineyard (A),875 Bloomfield Ave,Clifton,Passaic,201054,Green River Wheated 1/750 mL,12/16/2025,1.00,6.00,$161.00,$52.91
Jim Heaney,29011,World of Wine & Liquor,419 Valley Brook Ave.,Lyndhurst,Bergen,201057,Bardstown Origin Series Double Barrel Rye 1/750 mL Btl,10/29/2025,1.00,2.00,$75.33,$22.97
Jim Heaney,13008,Little Falls Liq(P),315 Main Street,Little Falls,Passaic,201054,Green River Wheated 1/750 mL,2/25/2025,1.00,2.00,$54.00,$17.97
Jim Heaney,24011,Shoppers Vineyard (A),875 Bloomfield Ave,Clifton,Passaic,201054,Green River Wheated 1/750 mL,3/28/2025,1.00,6.00,$154.00,$45.91
Jim Heaney,29011,World of Wine & Liquor,419 Valley Brook Ave.,Lyndhurst,Bergen,201051,Green River Bourbon 1/750 mL Btl,3/12/2025,1.00,3.00,$81.00,$26.96
Jim Heaney,24011,Shoppers Vineyard (A),875 Bloomfield Ave,Clifton,Passaic,201055,Bardstown Origin Series Bottle-In-Bond 1/750 mL Btl,8/15/2025,1.00,6.00,$226.00,$68.91
Jim Heaney,29011,World of Wine & Liquor,419 Valley Brook Ave.,Lyndhurst,Bergen,201055,Bardstown Origin Series Bottle-In-Bond 1/750 mL Btl,10/29/2025,1.00,2.00,$75.33,$22.97
Jim Heaney,29011,World of Wine & Liquor,419 Valley Brook Ave.,Lyndhurst,Bergen,201058,Bardstown Origin Series High Wheat 1/750 mL Btl,3/12/2025,1.00,2.00,$75.33,$22.97
Jim Heaney,24011,Shoppers Vineyard (A),875 Bloomfield Ave,Clifton,Passaic,201051,Green River Bourbon 1/750 mL Btl,3/28/2025,1.00,12.00,$308.00,$91.82
Jim Heaney,24011,Shoppers Vineyard (A),875 Bloomfield Ave,Clifton,Passaic,201057,Bardstown Origin Series Double Barrel Rye 1/750 mL Btl,2/21/2025,1.00,6.00,$218.00,$60.91
Jim Heaney,25008,Clifton Commons S & W,132 Kingsland Rd Suite 4,Clifton,Passaic,201056,Bardstown Origin Series Bourbon 1/750 mL Btl,12/26/2025,1.00,6.00,$208.00,$66.91
Jim Heaney,29011,World of Wine & Liquor,419 Valley Brook Ave.,Lyndhurst,Bergen,201051,Green River Bourbon 1/750 mL Btl,5/20/2026,1.00,2.00,$53.67,$17.64
Jim Heaney,24011,Shoppers Vineyard (A),875 Bloomfield Ave,Clifton,Passaic,201063,Bardstown Collaboration Series Goose Island 1/750 mL Btl,6/11/2025,1.00,2.00,$149.33,$39.64
Jim Heaney,25008,Clifton Commons S & W,132 Kingsland Rd Suite 4,Clifton,Passaic,201057,Bardstown Origin Series Double Barrel Rye 1/750 mL Btl,2/24/2025,1.00,6.00,$226.00,$68.91
Jim Heaney,29013,Lyndhurst Liquors (P),298 Ridge Road,Lyndhurst,Bergen,201056,Bardstown Origin Series Bourbon 1/750 mL Btl,3/11/2026,1.00,2.00,$73.33,$26.30
Jim Heaney,24011,Shoppers Vineyard (A),875 Bloomfield Ave,Clifton,Passaic,201058,Bardstown Origin Series High Wheat 1/750 mL Btl,2/21/2025,1.00,6.00,$218.00,$60.91
Jim Heaney,29011,World of Wine & Liquor,419 Valley Brook Ave.,Lyndhurst,Bergen,201057,Bardstown Origin Series Double Barrel Rye 1/750 mL Btl,5/20/2026,1.00,2.00,$81.33,$28.97
Jim Heaney,24011,Shoppers Vineyard (A),875 Bloomfield Ave,Clifton,Passaic,201052,Green River Full Proof 1/750 mL,4/4/2025,1.00,6.00,$218.00,$60.91
Jim Heaney,24011,Shoppers Vineyard (A),875 Bloomfield Ave,Clifton,Passaic,201053,Green River Rye 1/750 mL,2/21/2025,1.00,6.00,$154.00,$45.91
Jim Heaney,13017,On The Rocks,101 Newark Pompton Turnpike,Little Falls,Passaic,201058,Bardstown Origin Series High Wheat 1/750 mL Btl,3/13/2025,1.00,6.00,$226.00,$68.91
Jim Heaney,24011,Shoppers Vineyard (A),875 Bloomfield Ave,Clifton,Passaic,201053,Green River Rye 1/750 mL,12/2/2025,1.00,6.00,$161.00,$52.91
Jim Heaney,24011,Shoppers Vineyard (A),875 Bloomfield Ave,Clifton,Passaic,201056,Bardstown Origin Series Bourbon 1/750 mL Btl,9/9/2025,1.00,6.00,$208.00,$66.91
Jim Heaney,13008,Little Falls Liq(P),315 Main Street,Little Falls,Passaic,201052,Green River Full Proof 1/750 mL,2/25/2025,1.00,2.00,$75.33,$22.97
Jim Heaney,24011,Shoppers Vineyard (A),875 Bloomfield Ave,Clifton,Passaic,201058,Bardstown Origin Series High Wheat 1/750 mL Btl,8/15/2025,1.00,6.00,$226.00,$68.91
Jim Heaney,24011,Shoppers Vineyard (A),875 Bloomfield Ave,Clifton,Passaic,201051,Green River Bourbon 1/750 mL Btl,4/4/2025,1.00,-6.00,($154.00),($45.91)
Jim Heaney,30005,Rutherford Wine (A),270 Park Ave,Rutherford,Bergen,201054,Green River Wheated 1/750 mL,10/29/2025,1.00,1.00,$27.00,$8.99
Jim Heaney,24011,Shoppers Vineyard (A),875 Bloomfield Ave,Clifton,Passaic,201054,Green River Wheated 1/750 mL,2/21/2025,1.00,6.00,$154.00,$45.91
Jim Heaney,29013,Lyndhurst Liquors (P),298 Ridge Road,Lyndhurst,Bergen,201056,Bardstown Origin Series Bourbon 1/750 mL Btl,1/17/2025,1.00,6.00,$204.00,$202.91
Jim Heaney,25008,Clifton Commons S & W,132 Kingsland Rd Suite 4,Clifton,Passaic,201057,Bardstown Origin Series Double Barrel Rye 1/750 mL Btl,5/14/2025,1.00,9.00,$327.00,$91.37
Jim Heaney,13017,On The Rocks,101 Newark Pompton Turnpike,Little Falls,Passaic,201054,Green River Wheated 1/750 mL,3/9/2026,1.00,6.00,$161.00,$52.91
Jim Heaney,24011,Shoppers Vineyard (A),875 Bloomfield Ave,Clifton,Passaic,201053,Green River Rye 1/750 mL,6/17/2026,1.00,6.00,$161.00,$52.91
Jim Heaney,24011,Shoppers Vineyard (A),875 Bloomfield Ave,Clifton,Passaic,201064,Bardstown Collaboration Series Silver Oak 1/750 mL Btl,6/11/2025,1.00,2.00,$209.33,$54.30
Jim Heaney,24011,Shoppers Vineyard (A),875 Bloomfield Ave,Clifton,Passaic,201056,Bardstown Origin Series Bourbon 1/750 mL Btl,2/21/2025,1.00,6.00,$196.00,$54.91
Jim Heaney,24011,Shoppers Vineyard (A),875 Bloomfield Ave,Clifton,Passaic,201076,Green River Wheated Full Proof 1/750 ml Btl,4/28/2026,1.00,6.00,$226.00,$68.91
Jim Heaney,24011,Shoppers Vineyard (A),875 Bloomfield Ave,Clifton,Passaic,201077,Green River Honey 1/750 mL Btl,5/8/2026,1.00,6.00,$115.00,$40.91
Jim Heaney,25008,Clifton Commons S & W,132 Kingsland Rd Suite 4,Clifton,Passaic,201056,Bardstown Origin Series Bourbon 1/750 mL Btl,2/24/2025,1.00,6.00,$204.00,$62.91
Jim Heaney,25008,Clifton Commons S & W,132 Kingsland Rd Suite 4,Clifton,Passaic,201074,Bardstown Discovery #13 1/750 mL Btl,12/17/2025,1.00,2.00,$217.32,$62.29
Jim Heaney,13008,Little Falls Liq(P),315 Main Street,Little Falls,Passaic,201057,Bardstown Origin Series Double Barrel Rye 1/750 mL Btl,2/25/2025,1.00,2.00,$75.33,$22.97
Jim Heaney,28012,Lucky 7 (A),77 River Rd,North Arlington,Bergen,201054,Green River Wheated 1/750 mL,4/1/2026,1.00,3.00,$80.50,$26.46
Jim Heaney,29012,Riverside Liquors,601 Riverside Ave,Lyndhurst,Bergen,201054,Green River Wheated 1/750 mL,10/29/2025,1.00,2.00,$54.00,$17.97
Jim Heaney,28012,Lucky 7 (A),77 River Rd,North Arlington,Bergen,201056,Bardstown Origin Series Bourbon 1/750 mL Btl,3/12/2025,1.00,6.00,$204.00,$62.91
Jim Heaney,13008,Little Falls Liq(P),315 Main Street,Little Falls,Passaic,201056,Bardstown Origin Series Bourbon 1/750 mL Btl,2/25/2025,1.00,2.00,$68.00,$20.97
Jim Heaney,24011,Shoppers Vineyard (A),875 Bloomfield Ave,Clifton,Passaic,201051,Green River Bourbon 1/750 mL Btl,2/21/2025,1.00,6.00,$154.00,$45.91
Jim Heaney,24017,Rainbow Liquor (P),292 Lakeview Ave,Clifton,Passaic,201054,Green River Wheated 1/750 mL,9/30/2025,1.00,1.00,$29.33,$11.32
Jim Heaney,29011,World of Wine & Liquor,419 Valley Brook Ave.,Lyndhurst,Bergen,201058,Bardstown Origin Series High Wheat 1/750 mL Btl,10/29/2025,1.00,2.00,$75.33,$22.97
Jim Heaney,30005,Rutherford Wine (A),270 Park Ave,Rutherford,Bergen,201051,Green River Bourbon 1/750 mL Btl,10/29/2025,1.00,1.00,$27.00,$8.99
Jim Heaney,29011,World of Wine & Liquor,419 Valley Brook Ave.,Lyndhurst,Bergen,201077,Green River Honey 1/750 mL Btl,5/20/2026,1.00,2.00,$40.00,$15.30
Jim Heaney,24011,Shoppers Vineyard (A),875 Bloomfield Ave,Clifton,Passaic,201076,Green River Wheated Full Proof 1/750 ml Btl,3/13/2026,1.00,6.00,$226.00,$68.91
Jim Heaney,29011,World of Wine & Liquor,419 Valley Brook Ave.,Lyndhurst,Bergen,201056,Bardstown Origin Series Bourbon 1/750 mL Btl,3/12/2025,1.00,2.00,$68.00,$20.97
Jim Heaney,24011,Shoppers Vineyard (A),875 Bloomfield Ave,Clifton,Passaic,201058,Bardstown Origin Series High Wheat 1/750 mL Btl,12/30/2025,1.00,6.00,$218.00,$60.91
Jim Heaney,25008,Clifton Commons S & W,132 Kingsland Rd Suite 4,Clifton,Passaic,201057,Bardstown Origin Series Double Barrel Rye 1/750 mL Btl,8/25/2025,1.00,15.00,$545.00,$152.28
Jim Heaney,13008,Little Falls Liq(P),315 Main Street,Little Falls,Passaic,201053,Green River Rye 1/750 mL,2/25/2025,1.00,2.00,$54.00,$17.97
Jim Heaney,24011,Shoppers Vineyard (A),875 Bloomfield Ave,Clifton,Passaic,201054,Green River Wheated 1/750 mL,3/16/2026,1.00,6.00,$161.00,$52.91
Jim Heaney,28012,Lucky 7 (A),77 River Rd,North Arlington,Bergen,201055,Bardstown Origin Series Bottle-In-Bond 1/750 mL Btl,3/12/2025,1.00,6.00,$226.00,$68.91
Jim Heaney,24011,Shoppers Vineyard (A),875 Bloomfield Ave,Clifton,Passaic,201076,Green River Wheated Full Proof 1/750 ml Btl,3/16/2026,1.00,-6.00,($226.00),($68.91)
Jim Heaney,29011,World of Wine & Liquor,419 Valley Brook Ave.,Lyndhurst,Bergen,201055,Bardstown Origin Series Bottle-In-Bond 1/750 mL Btl,5/20/2026,1.00,2.00,$81.33,$28.97
Jim Heaney,25031,Lexington Liquors (Z),430 Lexington Ave,Clifton,Passaic,201054,Green River Wheated 1/750 mL,3/11/2025,1.00,1.00,$27.33,$9.32
Jim Heaney,24011,Shoppers Vineyard (A),875 Bloomfield Ave,Clifton,Passaic,201052,Green River Full Proof 1/750 mL,1/30/2026,1.00,6.00,$226.00,$68.91
Jim Heaney,13017,On The Rocks,101 Newark Pompton Turnpike,Little Falls,Passaic,201052,Green River Full Proof 1/750 mL,3/9/2026,1.00,6.00,$226.00,$68.91
Jim Heaney,29003,Liquor Shed,740 Ridge Road,Lyndhurst,Bergen,201054,Green River Wheated 1/750 mL,10/29/2025,1.00,2.00,$54.00,$17.97
Jim Heaney,24011,Shoppers Vineyard (A),875 Bloomfield Ave,Clifton,Passaic,201056,Bardstown Origin Series Bourbon 1/750 mL Btl,12/30/2025,1.00,6.00,$196.00,$54.91
Jim Heaney,30005,Rutherford Wine (A),270 Park Ave,Rutherford,Bergen,201052,Green River Full Proof 1/750 mL,10/29/2025,1.00,1.00,$40.67,$14.49
Jim Heaney,29011,World of Wine & Liquor,419 Valley Brook Ave.,Lyndhurst,Bergen,201054,Green River Wheated 1/750 mL,10/29/2025,1.00,2.00,$54.00,$17.97
Jim Heaney,13017,On The Rocks,101 Newark Pompton Turnpike,Little Falls,Passaic,201056,Bardstown Origin Series Bourbon 1/750 mL Btl,6/27/2025,1.00,6.00,$204.00,$62.91
John Neukum,39016,NB Liquors,2 Teterboro Landing Dr,Teterboro,Bergen,201055,Bardstown Origin Series Bottle-In-Bond 1/750 mL Btl,5/8/2025,1.00,12.00,$436.00,$121.82
John Neukum,39016,NB Liquors,2 Teterboro Landing Dr,Teterboro,Bergen,201074,Bardstown Discovery #13 1/750 mL Btl,10/9/2025,1.00,6.00,$615.96,$150.87
John Neukum,39016,NB Liquors,2 Teterboro Landing Dr,Teterboro,Bergen,201064,Bardstown Collaboration Series Silver Oak 1/750 mL Btl,4/23/2025,1.00,1.00,$105.67,$28.15
John Neukum,39016,NB Liquors,2 Teterboro Landing Dr,Teterboro,Bergen,201062,Bardstown Collaboration Series Amrut 1/750 mL Btl,10/9/2025,1.00,2.00,$209.33,$54.30
John Neukum,39016,NB Liquors,2 Teterboro Landing Dr,Teterboro,Bergen,201054,Green River Wheated 1/750 mL,4/6/2026,1.00,42.00,$994.00,$237.37
John Neukum,24010,Western Bev 21088 Clift,20 Bridewell Place,Clifton,Passaic,201058,Bardstown Origin Series High Wheat 1/750 mL Btl,2/3/2025,1.00,18.00,$654.00,$182.73
John Neukum,39016,NB Liquors,2 Teterboro Landing Dr,Teterboro,Bergen,201058,Bardstown Origin Series High Wheat 1/750 mL Btl,10/1/2025,1.00,18.00,$654.00,$182.73
John Neukum,24010,Western Bev 21088 Clift,20 Bridewell Place,Clifton,Passaic,201055,Bardstown Origin Series Bottle-In-Bond 1/750 mL Btl,2/3/2025,1.00,12.00,$436.00,$121.82
John Neukum,39016,NB Liquors,2 Teterboro Landing Dr,Teterboro,Bergen,201055,Bardstown Origin Series Bottle-In-Bond 1/750 mL Btl,2/14/2025,1.00,24.00,$872.00,$243.64
John Neukum,24010,Western Bev 21088 Clift,20 Bridewell Place,Clifton,Passaic,201055,Bardstown Origin Series Bottle-In-Bond 1/750 mL Btl,2/6/2025,1.00,12.00,$436.00,$121.82
John Neukum,39016,NB Liquors,2 Teterboro Landing Dr,Teterboro,Bergen,201059,Bardstown Discovery Series #10 1/750 mL Btl,4/23/2025,1.00,1.00,$105.67,$28.15
John Neukum,39016,NB Liquors,2 Teterboro Landing Dr,Teterboro,Bergen,201058,Bardstown Origin Series High Wheat 1/750 mL Btl,6/18/2025,1.00,18.00,$654.00,$182.73
John Neukum,39016,NB Liquors,2 Teterboro Landing Dr,Teterboro,Bergen,201073,Bardstown Collaboration Series Pierre Ferrand 1/750 mL Btl,10/9/2025,1.00,6.00,$615.96,$150.87
John Neukum,39016,NB Liquors,2 Teterboro Landing Dr,Teterboro,Bergen,201062,Bardstown Collaboration Series Amrut 1/750 mL Btl,4/23/2025,1.00,1.00,$105.67,$28.15
John Neukum,24010,Western Bev 21088 Clift,20 Bridewell Place,Clifton,Passaic,201063,Bardstown Collaboration Series Goose Island 1/750 mL Btl,4/23/2025,1.00,1.00,$75.67,$20.82
John Neukum,39016,NB Liquors,2 Teterboro Landing Dr,Teterboro,Bergen,201055,Bardstown Origin Series Bottle-In-Bond 1/750 mL Btl,1/24/2025,1.00,18.00,$654.00,$650.73
John Neukum,39016,NB Liquors,2 Teterboro Landing Dr,Teterboro,Bergen,201063,Bardstown Collaboration Series Goose Island 1/750 mL Btl,4/23/2025,1.00,1.00,$75.67,$20.82
John Neukum,39016,NB Liquors,2 Teterboro Landing Dr,Teterboro,Bergen,201058,Bardstown Origin Series High Wheat 1/750 mL Btl,2/14/2025,1.00,6.00,$218.00,$60.91
John Neukum,24010,Western Bev 21088 Clift,20 Bridewell Place,Clifton,Passaic,201058,Bardstown Origin Series High Wheat 1/750 mL Btl,3/26/2025,1.00,30.00,"$1,090.00",$304.55
John Neukum,39016,NB Liquors,2 Teterboro Landing Dr,Teterboro,Bergen,201058,Bardstown Origin Series High Wheat 1/750 mL Btl,5/8/2025,1.00,12.00,$436.00,$121.82
John Neukum,39016,NB Liquors,2 Teterboro Landing Dr,Teterboro,Bergen,201059,Bardstown Discovery Series #10 1/750 mL Btl,10/9/2025,1.00,2.00,$209.33,$54.30
John Neukum,39016,NB Liquors,2 Teterboro Landing Dr,Teterboro,Bergen,201058,Bardstown Origin Series High Wheat 1/750 mL Btl,1/31/2025,1.00,18.00,$654.00,$182.73
John Neukum,24010,Western Bev 21088 Clift,20 Bridewell Place,Clifton,Passaic,201064,Bardstown Collaboration Series Silver Oak 1/750 mL Btl,4/23/2025,1.00,1.00,$105.67,$28.15
John Neukum,39016,NB Liquors,2 Teterboro Landing Dr,Teterboro,Bergen,201063,Bardstown Collaboration Series Goose Island 1/750 mL Btl,10/9/2025,1.00,2.00,$149.33,$39.64
John Neukum,24010,Western Bev 21088 Clift,20 Bridewell Place,Clifton,Passaic,201058,Bardstown Origin Series High Wheat 1/750 mL Btl,2/6/2025,1.00,18.00,$654.00,$182.73
John Neukum,24010,Western Bev 21088 Clift,20 Bridewell Place,Clifton,Passaic,201062,Bardstown Collaboration Series Amrut 1/750 mL Btl,4/23/2025,1.00,1.00,$105.67,$28.15
John Neukum,39016,NB Liquors,2 Teterboro Landing Dr,Teterboro,Bergen,201055,Bardstown Origin Series Bottle-In-Bond 1/750 mL Btl,1/31/2025,1.00,12.00,$436.00,$121.82
John Neukum,39016,NB Liquors,2 Teterboro Landing Dr,Teterboro,Bergen,201058,Bardstown Origin Series High Wheat 1/750 mL Btl,1/24/2025,1.00,12.00,$436.00,$121.82
John Neukum,39016,NB Liquors,2 Teterboro Landing Dr,Teterboro,Bergen,201053,Green River Rye 1/750 mL,1/24/2025,1.00,30.00,$770.00,$764.55
John O'Donoghue,190070,Hickory Wine Cellar,641 Shunpike Road,Chatham,Morris 2,201072,Green River Bourbon 250th Army Anniversary 1/750 mL,1/22/2026,1.00,6.00,$218.00,$60.91
Klejdi Lamo,190216,House of Wine & Liquor,308 E Wootton St,Boonton,Morris 1,201068,Green River Single Barrel GSPD#3 1/750 mL,7/17/2025,1.00,3.00,$145.00,$46.96
Klejdi Lamo,190207,Liquor Outlet,289 Myrtle Ave,Boonton,Morris 1,201054,Green River Wheated 1/750 mL,1/16/2025,1.00,6.00,$154.00,$152.91
Klejdi Lamo,191812,Patel Liqr & Gro(P),114 Us-46,Budd Lake,Morris 1,201055,Bardstown Origin Series Bottle-In-Bond 1/750 mL Btl,4/28/2026,1.00,1.00,$40.67,$14.49
Klejdi Lamo,190207,Liquor Outlet,289 Myrtle Ave,Boonton,Morris 1,201057,Bardstown Origin Series Double Barrel Rye 1/750 mL Btl,9/25/2025,1.00,6.00,$218.00,$60.91
Klejdi Lamo,190304,Shoppers Disc Liquor,65-69 N Beverwyck Rd,Lake Hiawatha,Morris 1,201055,Bardstown Origin Series Bottle-In-Bond 1/750 mL Btl,4/28/2026,1.00,1.00,$40.67,$14.49
Klejdi Lamo,190917,Shop Rite Liq (A)Wharton,306 NJ-15,Wharton,Morris 3,201055,Bardstown Origin Series Bottle-In-Bond 1/750 mL Btl,1/17/2025,1.00,6.00,$218.00,$216.91
Klejdi Lamo,190304,Shoppers Disc Liquor,65-69 N Beverwyck Rd,Lake Hiawatha,Morris 1,201054,Green River Wheated 1/750 mL,4/29/2025,1.00,1.00,$27.17,$9.15
Klejdi Lamo,191710,Shop Rite Wine & Spirits Stanhope,90 Route 206,Stanhope,Sussex,201062,Bardstown Collaboration Series Amrut 1/750 mL Btl,11/14/2025,1.00,2.00,$209.33,$54.30
Klejdi Lamo,190207,Liquor Outlet,289 Myrtle Ave,Boonton,Morris 1,201054,Green River Wheated 1/750 mL,3/4/2026,1.00,12.00,$322.00,$105.82
Klejdi Lamo,190207,Liquor Outlet,289 Myrtle Ave,Boonton,Morris 1,201058,Bardstown Origin Series High Wheat 1/750 mL Btl,4/28/2025,1.00,18.00,$654.00,$182.73
Klejdi Lamo,191710,Shop Rite Wine & Spirits Stanhope,90 Route 206,Stanhope,Sussex,201051,Green River Bourbon 1/750 mL Btl,1/16/2025,1.00,12.00,$308.00,($978.18)
Klejdi Lamo,191803,Kingston Liquors,7 Naughright Rd,Hackettstown,Morris 1,201055,Bardstown Origin Series Bottle-In-Bond 1/750 mL Btl,2/6/2026,1.00,1.00,$37.67,$11.49
Klejdi Lamo,191710,Shop Rite Wine & Spirits Stanhope,90 Route 206,Stanhope,Sussex,201073,Bardstown Collaboration Series Pierre Ferrand 1/750 mL Btl,9/18/2025,1.00,6.00,$615.96,$150.87
Klejdi Lamo,191710,Shop Rite Wine & Spirits Stanhope,90 Route 206,Stanhope,Sussex,201051,Green River Bourbon 1/750 mL Btl,9/18/2025,1.00,6.00,$152.00,$43.91
Klejdi Lamo,190917,Shop Rite Liq (A)Wharton,306 NJ-15,Wharton,Morris 3,201058,Bardstown Origin Series High Wheat 1/750 mL Btl,3/9/2026,1.00,6.00,$218.00,$60.91
Klejdi Lamo,190208,Boonton Liquor Locker,119 Hawkins Pl,Boonton,Morris 1,201062,Bardstown Collaboration Series Amrut 1/750 mL Btl,6/26/2025,1.00,1.00,$105.67,$28.15
Klejdi Lamo,190208,Boonton Liquor Locker,119 Hawkins Pl,Boonton,Morris 1,201055,Bardstown Origin Series Bottle-In-Bond 1/750 mL Btl,7/11/2025,1.00,6.00,$218.00,$60.91
Klejdi Lamo,190208,Boonton Liquor Locker,119 Hawkins Pl,Boonton,Morris 1,201055,Bardstown Origin Series Bottle-In-Bond 1/750 mL Btl,12/12/2025,1.00,6.00,$218.00,$60.91
Klejdi Lamo,191713,Stanhope Liquors,141 Rt 183,Stanhope,Sussex,201056,Bardstown Origin Series Bourbon 1/750 mL Btl,1/28/2025,1.00,3.00,$103.50,$102.96
Klejdi Lamo,190207,Liquor Outlet,289 Myrtle Ave,Boonton,Morris 1,201059,Bardstown Discovery Series #10 1/750 mL Btl,6/26/2025,1.00,2.00,$209.33,$54.30
Klejdi Lamo,190917,Shop Rite Liq (A)Wharton,306 NJ-15,Wharton,Morris 3,201053,Green River Rye 1/750 mL,1/12/2026,1.00,6.00,$154.00,$45.91
Klejdi Lamo,191210,Milton Inn,3 Ridge Rd & Berkshire,Oak Ridge,Morris 1,201056,Bardstown Origin Series Bourbon 1/750 mL Btl,2/28/2025,1.00,3.00,$102.00,($0.54)
Klejdi Lamo,191210,Milton Inn,3 Ridge Rd & Berkshire,Oak Ridge,Morris 1,201055,Bardstown Origin Series Bottle-In-Bond 1/750 mL Btl,2/18/2025,1.00,3.00,$113.00,$34.46
Klejdi Lamo,191604,The Village Place,31 Allen St,Netcong,Morris 1,201054,Green River Wheated 1/750 mL,2/28/2025,1.00,1.00,$27.17,$9.15
Klejdi Lamo,190917,Shop Rite Liq (A)Wharton,306 NJ-15,Wharton,Morris 3,201058,Bardstown Origin Series High Wheat 1/750 mL Btl,7/21/2025,1.00,6.00,$218.00,$60.91
Klejdi Lamo,190216,House of Wine & Liquor,308 E Wootton St,Boonton,Morris 1,201055,Bardstown Origin Series Bottle-In-Bond 1/750 mL Btl,1/23/2025,1.00,12.00,$436.00,$433.82
Klejdi Lamo,191710,Shop Rite Wine & Spirits Stanhope,90 Route 206,Stanhope,Sussex,201076,Green River Wheated Full Proof 1/750 ml Btl,4/8/2026,1.00,6.00,$218.00,$60.91
Klejdi Lamo,191210,Milton Inn,3 Ridge Rd & Berkshire,Oak Ridge,Morris 1,201053,Green River Rye 1/750 mL,1/6/2026,1.00,2.00,$53.67,$17.64
Klejdi Lamo,190207,Liquor Outlet,289 Myrtle Ave,Boonton,Morris 1,201054,Green River Wheated 1/750 mL,1/24/2025,1.00,6.00,$154.00,$152.91
Klejdi Lamo,190216,House of Wine & Liquor,308 E Wootton St,Boonton,Morris 1,201059,Bardstown Discovery Series #10 1/750 mL Btl,4/8/2025,1.00,1.00,$105.67,$28.15
Klejdi Lamo,190207,Liquor Outlet,289 Myrtle Ave,Boonton,Morris 1,201054,Green River Wheated 1/750 mL,4/4/2025,1.00,6.00,$154.00,$45.91
Klejdi Lamo,191803,Kingston Liquors,7 Naughright Rd,Hackettstown,Morris 1,201056,Bardstown Origin Series Bourbon 1/750 mL Btl,2/6/2026,1.00,3.00,$104.00,$33.46
Klejdi Lamo,191814,Sandy's Wine & Spirit (P) (Budd Lake),98 US Highway 46,Budd Lake,Morris 1,201054,Green River Wheated 1/750 mL,12/16/2025,1.00,18.00,$462.00,$137.73
Klejdi Lamo,191710,Shop Rite Wine & Spirits Stanhope,90 Route 206,Stanhope,Sussex,201058,Bardstown Origin Series High Wheat 1/750 mL Btl,12/4/2025,1.00,6.00,$226.00,$68.91
Klejdi Lamo,190207,Liquor Outlet,289 Myrtle Ave,Boonton,Morris 1,201058,Bardstown Origin Series High Wheat 1/750 mL Btl,2/12/2025,1.00,12.00,$436.00,$121.82
Klejdi Lamo,190207,Liquor Outlet,289 Myrtle Ave,Boonton,Morris 1,201054,Green River Wheated 1/750 mL,12/10/2025,1.00,18.00,$462.00,$137.73
Klejdi Lamo,191710,Shop Rite Wine & Spirits Stanhope,90 Route 206,Stanhope,Sussex,201062,Bardstown Collaboration Series Amrut 1/750 mL Btl,4/15/2025,1.00,1.00,$104.67,$27.15
Klejdi Lamo,190501,House of Wine & Liquor Mountain Lakes,5 Romaine Rd,Mountain Lakes,Morris 1,201051,Green River Bourbon 1/750 mL Btl,2/7/2025,1.00,6.00,$154.00,$45.91
Klejdi Lamo,190302,Basket Of Cheer Ii (Lake Hiawatha),149 N Beverwyck Rd,Lake Hiawatha,Morris 1,201055,Bardstown Origin Series Bottle-In-Bond 1/750 mL Btl,2/4/2025,1.00,2.00,$75.33,$22.97
Klejdi Lamo,191608,Shop-Rite(A) Netcong,75 Us-46 Lackawanna Plaza,Netcong,Morris 1,201077,Green River Honey 1/750 mL Btl,5/6/2026,1.00,18.00,$330.00,$107.73
Klejdi Lamo,191710,Shop Rite Wine & Spirits Stanhope,90 Route 206,Stanhope,Sussex,201061,Bardstown Discovery Series #12 1/750 mL Btl,6/26/2025,1.00,1.00,$104.67,$27.15
Klejdi Lamo,191814,Sandy's Wine & Spirit (P) (Budd Lake),98 US Highway 46,Budd Lake,Morris 1,201058,Bardstown Origin Series High Wheat 1/750 mL Btl,3/5/2026,1.00,6.00,$218.00,$60.91
Klejdi Lamo,191710,Shop Rite Wine & Spirits Stanhope,90 Route 206,Stanhope,Sussex,201072,Green River Bourbon 250th Army Anniversary 1/750 mL,7/10/2025,1.00,12.00,$436.00,$121.82
Klejdi Lamo,190207,Liquor Outlet,289 Myrtle Ave,Boonton,Morris 1,201052,Green River Full Proof 1/750 mL,4/28/2025,1.00,18.00,$654.00,$182.73
Klejdi Lamo,190913,Main Street Liquor,340 S Main St,Wharton,Morris 1,201051,Green River Bourbon 1/750 mL Btl,2/13/2025,1.00,1.00,$27.33,$9.32
Klejdi Lamo,191210,Milton Inn,3 Ridge Rd & Berkshire,Oak Ridge,Morris 1,201057,Bardstown Origin Series Double Barrel Rye 1/750 mL Btl,12/9/2025,1.00,1.00,$37.67,$11.49
Klejdi Lamo,191710,Shop Rite Wine & Spirits Stanhope,90 Route 206,Stanhope,Sussex,201057,Bardstown Origin Series Double Barrel Rye 1/750 mL Btl,12/4/2025,1.00,6.00,$226.00,$68.91
Klejdi Lamo,191814,Sandy's Wine & Spirit (P) (Budd Lake),98 US Highway 46,Budd Lake,Morris 1,201056,Bardstown Origin Series Bourbon 1/750 mL Btl,7/15/2026,1.00,6.00,$196.00,$54.91
Klejdi Lamo,191814,Sandy's Wine & Spirit (P) (Budd Lake),98 US Highway 46,Budd Lake,Morris 1,201051,Green River Bourbon 1/750 mL Btl,3/5/2026,1.00,6.00,$154.00,$45.91
Klejdi Lamo,191710,Shop Rite Wine & Spirits Stanhope,90 Route 206,Stanhope,Sussex,201051,Green River Bourbon 1/750 mL Btl,12/18/2025,1.00,6.00,$161.00,$52.91
Klejdi Lamo,191710,Shop Rite Wine & Spirits Stanhope,90 Route 206,Stanhope,Sussex,201059,Bardstown Discovery Series #10 1/750 mL Btl,11/14/2025,1.00,5.00,$523.33,$135.76
Klejdi Lamo,191814,Sandy's Wine & Spirit (P) (Budd Lake),98 US Highway 46,Budd Lake,Morris 1,201053,Green River Rye 1/750 mL,9/30/2025,1.00,6.00,$152.00,$43.91
Klejdi Lamo,191710,Shop Rite Wine & Spirits Stanhope,90 Route 206,Stanhope,Sussex,201066,Green River Single Barrel GSPD #1 1/750 mL,9/5/2025,1.00,3.00,$148.00,$49.96
Klejdi Lamo,190207,Liquor Outlet,289 Myrtle Ave,Boonton,Morris 1,201067,Green River Single Barrel GSPD#2 1/750 mL,6/26/2025,1.00,3.00,$145.00,$46.96
Klejdi Lamo,191210,Milton Inn,3 Ridge Rd & Berkshire,Oak Ridge,Morris 1,201052,Green River Full Proof 1/750 mL,4/21/2026,1.00,3.00,$113.00,$34.46
Klejdi Lamo,191814,Sandy's Wine & Spirit (P) (Budd Lake),98 US Highway 46,Budd Lake,Morris 1,201057,Bardstown Origin Series Double Barrel Rye 1/750 mL Btl,3/5/2026,1.00,6.00,$218.00,$60.91
Klejdi Lamo,190207,Liquor Outlet,289 Myrtle Ave,Boonton,Morris 1,201061,Bardstown Discovery Series #12 1/750 mL Btl,6/26/2025,1.00,1.00,$104.67,$27.15
Klejdi Lamo,190216,House of Wine & Liquor,308 E Wootton St,Boonton,Morris 1,201066,Green River Single Barrel GSPD #1 1/750 mL,7/17/2025,1.00,3.00,$145.00,$46.96
Klejdi Lamo,190208,Boonton Liquor Locker,119 Hawkins Pl,Boonton,Morris 1,201073,Bardstown Collaboration Series Pierre Ferrand 1/750 mL Btl,11/7/2025,1.00,3.00,$325.98,$93.44
Klejdi Lamo,190913,Main Street Liquor,340 S Main St,Wharton,Morris 1,201056,Bardstown Origin Series Bourbon 1/750 mL Btl,2/13/2025,1.00,1.00,$34.67,$11.15
Klejdi Lamo,190913,Main Street Liquor,340 S Main St,Wharton,Morris 1,201051,Green River Bourbon 1/750 mL Btl,3/6/2025,1.00,2.00,$54.67,$18.64
Klejdi Lamo,191713,Stanhope Liquors,141 Rt 183,Stanhope,Sussex,201057,Bardstown Origin Series Double Barrel Rye 1/750 mL Btl,1/28/2025,1.00,3.00,$115.00,$114.46
Klejdi Lamo,190207,Liquor Outlet,289 Myrtle Ave,Boonton,Morris 1,201055,Bardstown Origin Series Bottle-In-Bond 1/750 mL Btl,7/3/2026,1.00,6.00,$218.00,$60.91
Klejdi Lamo,191710,Shop Rite Wine & Spirits Stanhope,90 Route 206,Stanhope,Sussex,201069,Bardstown Single Barrel GSPD #1 1/750 mL Btl,6/26/2025,1.00,3.00,$190.00,$56.96
Klejdi Lamo,190207,Liquor Outlet,289 Myrtle Ave,Boonton,Morris 1,201051,Green River Bourbon 1/750 mL Btl,2/11/2025,1.00,6.00,$154.00,$45.91
Klejdi Lamo,191812,Patel Liqr & Gro(P),114 Us-46,Budd Lake,Morris 1,201051,Green River Bourbon 1/750 mL Btl,4/28/2026,1.00,1.00,$26.83,$8.82
Klejdi Lamo,190216,House of Wine & Liquor,308 E Wootton St,Boonton,Morris 1,201059,Bardstown Discovery Series #10 1/750 mL Btl,5/23/2025,1.00,1.00,$105.67,$28.15
Klejdi Lamo,190207,Liquor Outlet,289 Myrtle Ave,Boonton,Morris 1,201063,Bardstown Collaboration Series Goose Island 1/750 mL Btl,6/26/2025,1.00,2.00,$149.33,$39.64
Klejdi Lamo,191608,Shop-Rite(A) Netcong,75 Us-46 Lackawanna Plaza,Netcong,Morris 1,201053,Green River Rye 1/750 mL,2/27/2025,1.00,6.00,$154.00,$45.91
Klejdi Lamo,190207,Liquor Outlet,289 Myrtle Ave,Boonton,Morris 1,201054,Green River Wheated 1/750 mL,4/15/2026,1.00,6.00,$142.00,$33.91
Klejdi Lamo,190917,Shop Rite Liq (A)Wharton,306 NJ-15,Wharton,Morris 3,201051,Green River Bourbon 1/750 mL Btl,5/19/2025,1.00,12.00,$308.00,$91.82
Klejdi Lamo,191812,Patel Liqr & Gro(P),114 Us-46,Budd Lake,Morris 1,201056,Bardstown Origin Series Bourbon 1/750 mL Btl,9/9/2025,1.00,6.00,$208.00,$66.91
Klejdi Lamo,191210,Milton Inn,3 Ridge Rd & Berkshire,Oak Ridge,Morris 1,201075,Green River Single Barrel Wheated 1/1/750mL Btl,12/9/2025,1.00,6.00,$267.96,$71.87
Klejdi Lamo,191608,Shop-Rite(A) Netcong,75 Us-46 Lackawanna Plaza,Netcong,Morris 1,201051,Green River Bourbon 1/750 mL Btl,5/27/2026,1.00,12.00,$308.00,$91.82
Klejdi Lamo,191710,Shop Rite Wine & Spirits Stanhope,90 Route 206,Stanhope,Sussex,201059,Bardstown Discovery Series #10 1/750 mL Btl,4/15/2025,1.00,1.00,$104.67,$27.15
Klejdi Lamo,191604,The Village Place,31 Allen St,Netcong,Morris 1,201058,Bardstown Origin Series High Wheat 1/750 mL Btl,2/21/2025,1.00,1.00,$38.33,$12.15
Klejdi Lamo,190207,Liquor Outlet,289 Myrtle Ave,Boonton,Morris 1,201055,Bardstown Origin Series Bottle-In-Bond 1/750 mL Btl,11/26/2025,1.00,6.00,$218.00,$60.91
Klejdi Lamo,190101,Montville Wine & Spirits,223 Changebridge Road,Montville,Morris 1,201075,Green River Single Barrel Wheated 1/1/750mL Btl,12/10/2025,1.00,6.00,$267.96,$71.87
Klejdi Lamo,190705,Rockaway W/L,73 W Main St,Rockaway,Morris 1,201056,Bardstown Origin Series Bourbon 1/750 mL Btl,1/30/2025,1.00,6.00,$204.00,$62.91
Klejdi Lamo,190207,Liquor Outlet,289 Myrtle Ave,Boonton,Morris 1,201056,Bardstown Origin Series Bourbon 1/750 mL Btl,1/16/2025,1.00,6.00,$196.00,$194.91
Klejdi Lamo,190207,Liquor Outlet,289 Myrtle Ave,Boonton,Morris 1,201074,Bardstown Discovery #13 1/750 mL Btl,12/10/2025,1.00,6.00,$633.96,$168.87
Klejdi Lamo,191710,Shop Rite Wine & Spirits Stanhope,90 Route 206,Stanhope,Sussex,201075,Green River Single Barrel Wheated 1/1/750mL Btl,12/11/2025,1.00,12.00,$535.92,$143.74
Klejdi Lamo,190208,Boonton Liquor Locker,119 Hawkins Pl,Boonton,Morris 1,201058,Bardstown Origin Series High Wheat 1/750 mL Btl,5/16/2025,1.00,6.00,$218.00,$60.91
Klejdi Lamo,191210,Milton Inn,3 Ridge Rd & Berkshire,Oak Ridge,Morris 1,201056,Bardstown Origin Series Bourbon 1/750 mL Btl,10/7/2025,1.00,3.00,$104.00,$33.46
Klejdi Lamo,191710,Shop Rite Wine & Spirits Stanhope,90 Route 206,Stanhope,Sussex,201055,Bardstown Origin Series Bottle-In-Bond 1/750 mL Btl,1/16/2025,1.00,24.00,$872.00,$867.64
Klejdi Lamo,190207,Liquor Outlet,289 Myrtle Ave,Boonton,Morris 1,201062,Bardstown Collaboration Series Amrut 1/750 mL Btl,6/26/2025,1.00,2.00,$209.33,$54.30
Klejdi Lamo,190913,Main Street Liquor,340 S Main St,Wharton,Morris 1,201055,Bardstown Origin Series Bottle-In-Bond 1/750 mL Btl,4/10/2025,1.00,1.00,$38.67,$12.49
Klejdi Lamo,191710,Shop Rite Wine & Spirits Stanhope,90 Route 206,Stanhope,Sussex,201056,Bardstown Origin Series Bourbon 1/750 mL Btl,4/30/2026,1.00,6.00,$208.00,$66.91
Klejdi Lamo,190207,Liquor Outlet,289 Myrtle Ave,Boonton,Morris 1,201051,Green River Bourbon 1/750 mL Btl,1/16/2025,1.00,6.00,$154.00,($489.09)
Klejdi Lamo,190304,Shoppers Disc Liquor,65-69 N Beverwyck Rd,Lake Hiawatha,Morris 1,201051,Green River Bourbon 1/750 mL Btl,4/28/2026,1.00,1.00,$26.83,$8.82
Klejdi Lamo,191710,Shop Rite Wine & Spirits Stanhope,90 Route 206,Stanhope,Sussex,201067,Green River Single Barrel GSPD#2 1/750 mL,6/26/2025,1.00,3.00,$145.00,$46.96
Klejdi Lamo,190917,Shop Rite Liq (A)Wharton,306 NJ-15,Wharton,Morris 3,201057,Bardstown Origin Series Double Barrel Rye 1/750 mL Btl,7/21/2025,1.00,6.00,$218.00,$60.91
Klejdi Lamo,191814,Sandy's Wine & Spirit (P) (Budd Lake),98 US Highway 46,Budd Lake,Morris 1,201072,Green River Bourbon 250th Army Anniversary 1/750 mL,11/24/2025,1.00,6.00,$218.00,$60.91
Klejdi Lamo,191710,Shop Rite Wine & Spirits Stanhope,90 Route 206,Stanhope,Sussex,201068,Green River Single Barrel GSPD#3 1/750 mL,6/26/2025,1.00,3.00,$145.00,$46.96
Klejdi Lamo,191710,Shop Rite Wine & Spirits Stanhope,90 Route 206,Stanhope,Sussex,201058,Bardstown Origin Series High Wheat 1/750 mL Btl,6/19/2025,1.00,12.00,$436.00,$121.82
Klejdi Lamo,191608,Shop-Rite(A) Netcong,75 Us-46 Lackawanna Plaza,Netcong,Morris 1,201054,Green River Wheated 1/750 mL,5/27/2026,1.00,6.00,$154.00,$45.91
Klejdi Lamo,191710,Shop Rite Wine & Spirits Stanhope,90 Route 206,Stanhope,Sussex,201070,Bardstown Single Barrel GSPD #2 1/750 mL Btl,9/5/2025,1.00,3.00,$190.00,$56.96
Klejdi Lamo,191710,Shop Rite Wine & Spirits Stanhope,90 Route 206,Stanhope,Sussex,201069,Bardstown Single Barrel GSPD #1 1/750 mL Btl,9/5/2025,1.00,3.00,$190.00,$56.96
Klejdi Lamo,190302,Basket Of Cheer Ii (Lake Hiawatha),149 N Beverwyck Rd,Lake Hiawatha,Morris 1,201051,Green River Bourbon 1/750 mL Btl,2/11/2025,1.00,2.00,$54.00,$17.97
Klejdi Lamo,190216,House of Wine & Liquor,308 E Wootton St,Boonton,Morris 1,201069,Bardstown Single Barrel GSPD #1 1/750 mL Btl,7/17/2025,1.00,3.00,$190.00,$56.96
Klejdi Lamo,191210,Milton Inn,3 Ridge Rd & Berkshire,Oak Ridge,Morris 1,201058,Bardstown Origin Series High Wheat 1/750 mL Btl,10/7/2025,1.00,3.00,$113.00,$34.46
Klejdi Lamo,191710,Shop Rite Wine & Spirits Stanhope,90 Route 206,Stanhope,Sussex,201054,Green River Wheated 1/750 mL,4/8/2026,1.00,42.00,$994.00,$237.37
Klejdi Lamo,190207,Liquor Outlet,289 Myrtle Ave,Boonton,Morris 1,201072,Green River Bourbon 250th Army Anniversary 1/750 mL,9/15/2025,1.00,3.00,$116.00,$37.46
Klejdi Lamo,190207,Liquor Outlet,289 Myrtle Ave,Boonton,Morris 1,201072,Green River Bourbon 250th Army Anniversary 1/750 mL,7/9/2025,1.00,12.00,$436.00,$121.82
Klejdi Lamo,191710,Shop Rite Wine & Spirits Stanhope,90 Route 206,Stanhope,Sussex,201063,Bardstown Collaboration Series Goose Island 1/750 mL Btl,9/5/2025,1.00,2.00,$149.33,$39.64
Klejdi Lamo,191814,Sandy's Wine & Spirit (P) (Budd Lake),98 US Highway 46,Budd Lake,Morris 1,201074,Bardstown Discovery #13 1/750 mL Btl,10/23/2025,1.00,3.00,$307.98,$75.44
Klejdi Lamo,190917,Shop Rite Liq (A)Wharton,306 NJ-15,Wharton,Morris 3,201053,Green River Rye 1/750 mL,12/22/2025,1.00,6.00,$154.00,$45.91
Klejdi Lamo,190207,Liquor Outlet,289 Myrtle Ave,Boonton,Morris 1,201056,Bardstown Origin Series Bourbon 1/750 mL Btl,2/5/2025,1.00,12.00,$392.00,$109.82
Klejdi Lamo,190207,Liquor Outlet,289 Myrtle Ave,Boonton,Morris 1,201058,Bardstown Origin Series High Wheat 1/750 mL Btl,4/4/2025,1.00,12.00,$436.00,$121.82
Klejdi Lamo,190207,Liquor Outlet,289 Myrtle Ave,Boonton,Morris 1,201055,Bardstown Origin Series Bottle-In-Bond 1/750 mL Btl,2/11/2025,1.00,12.00,$436.00,$121.82
Klejdi Lamo,191710,Shop Rite Wine & Spirits Stanhope,90 Route 206,Stanhope,Sussex,201074,Bardstown Discovery #13 1/750 mL Btl,9/18/2025,1.00,6.00,$615.96,$150.87
Klejdi Lamo,191710,Shop Rite Wine & Spirits Stanhope,90 Route 206,Stanhope,Sussex,201063,Bardstown Collaboration Series Goose Island 1/750 mL Btl,4/15/2025,1.00,1.00,$74.67,$19.82
Klejdi Lamo,190101,Montville Wine & Spirits,223 Changebridge Road,Montville,Morris 1,201058,Bardstown Origin Series High Wheat 1/750 mL Btl,2/26/2025,1.00,2.00,$75.33,$22.97
Klejdi Lamo,190101,Montville Wine & Spirits,223 Changebridge Road,Montville,Morris 1,201057,Bardstown Origin Series Double Barrel Rye 1/750 mL Btl,2/26/2025,1.00,1.00,$37.67,$11.49
Klejdi Lamo,190917,Shop Rite Liq (A)Wharton,306 NJ-15,Wharton,Morris 3,201064,Bardstown Collaboration Series Silver Oak 1/750 mL Btl,4/15/2025,1.00,1.00,$105.67,$28.15
Klejdi Lamo,190917,Shop Rite Liq (A)Wharton,306 NJ-15,Wharton,Morris 3,201058,Bardstown Origin Series High Wheat 1/750 mL Btl,12/22/2025,1.00,6.00,$218.00,$60.91
Klejdi Lamo,191210,Milton Inn,3 Ridge Rd & Berkshire,Oak Ridge,Morris 1,201054,Green River Wheated 1/750 mL,11/18/2025,1.00,3.00,$80.50,$26.46
Klejdi Lamo,190101,Montville Wine & Spirits,223 Changebridge Road,Montville,Morris 1,201051,Green River Bourbon 1/750 mL Btl,2/26/2025,1.00,2.00,$54.33,$18.30
Klejdi Lamo,190207,Liquor Outlet,289 Myrtle Ave,Boonton,Morris 1,201053,Green River Rye 1/750 mL,2/11/2025,1.00,6.00,$154.00,$45.91
Klejdi Lamo,191710,Shop Rite Wine & Spirits Stanhope,90 Route 206,Stanhope,Sussex,201064,Bardstown Collaboration Series Silver Oak 1/750 mL Btl,4/15/2025,1.00,1.00,$104.67,$27.15
Klejdi Lamo,190917,Shop Rite Liq (A)Wharton,306 NJ-15,Wharton,Morris 3,201063,Bardstown Collaboration Series Goose Island 1/750 mL Btl,4/15/2025,1.00,1.00,$75.67,$20.82
Klejdi Lamo,190207,Liquor Outlet,289 Myrtle Ave,Boonton,Morris 1,201077,Green River Honey 1/750 mL Btl,5/15/2026,1.00,18.00,$330.00,$107.73
Klejdi Lamo,191814,Sandy's Wine & Spirit (P) (Budd Lake),98 US Highway 46,Budd Lake,Morris 1,201055,Bardstown Origin Series Bottle-In-Bond 1/750 mL Btl,9/30/2025,1.00,6.00,$218.00,$60.91
Klejdi Lamo,190207,Liquor Outlet,289 Myrtle Ave,Boonton,Morris 1,201055,Bardstown Origin Series Bottle-In-Bond 1/750 mL Btl,1/16/2025,1.00,12.00,$436.00,$433.82
Klejdi Lamo,191608,Shop-Rite(A) Netcong,75 Us-46 Lackawanna Plaza,Netcong,Morris 1,201056,Bardstown Origin Series Bourbon 1/750 mL Btl,5/14/2025,1.00,18.00,$588.00,$164.73
Klejdi Lamo,190917,Shop Rite Liq (A)Wharton,306 NJ-15,Wharton,Morris 3,201054,Green River Wheated 1/750 mL,7/10/2026,1.00,6.00,$154.00,$45.91
Klejdi Lamo,190216,House of Wine & Liquor,308 E Wootton St,Boonton,Morris 1,201064,Bardstown Collaboration Series Silver Oak 1/750 mL Btl,7/17/2025,1.00,2.00,$209.33,$54.30
Klejdi Lamo,191210,Milton Inn,3 Ridge Rd & Berkshire,Oak Ridge,Morris 1,201054,Green River Wheated 1/750 mL,12/9/2025,1.00,2.00,$53.67,$17.64
Klejdi Lamo,190804,Midtown Liq,101 White Meadow Rd,Rockaway,Morris 1,201051,Green River Bourbon 1/750 mL Btl,10/27/2025,1.00,3.00,$76.00,$21.96
Klejdi Lamo,190216,House of Wine & Liquor,308 E Wootton St,Boonton,Morris 1,201060,Bardstown Discovery Series #11 1/750 mL Btl,7/17/2025,1.00,1.00,$104.67,$27.15
Klejdi Lamo,190207,Liquor Outlet,289 Myrtle Ave,Boonton,Morris 1,201062,Bardstown Collaboration Series Amrut 1/750 mL Btl,4/8/2025,1.00,2.00,$209.33,$54.30
Klejdi Lamo,190302,Basket Of Cheer Ii (Lake Hiawatha),149 N Beverwyck Rd,Lake Hiawatha,Morris 1,201058,Bardstown Origin Series High Wheat 1/750 mL Btl,2/4/2025,1.00,2.00,$75.33,$22.97
Klejdi Lamo,190216,House of Wine & Liquor,308 E Wootton St,Boonton,Morris 1,201056,Bardstown Origin Series Bourbon 1/750 mL Btl,1/23/2025,1.00,12.00,$392.00,$389.82
Klejdi Lamo,191814,Sandy's Wine & Spirit (P) (Budd Lake),98 US Highway 46,Budd Lake,Morris 1,201073,Bardstown Collaboration Series Pierre Ferrand 1/750 mL Btl,10/23/2025,1.00,3.00,$307.98,$75.44
Klejdi Lamo,191210,Milton Inn,3 Ridge Rd & Berkshire,Oak Ridge,Morris 1,201058,Bardstown Origin Series High Wheat 1/750 mL Btl,2/18/2025,1.00,3.00,$113.00,$34.46
Klejdi Lamo,190207,Liquor Outlet,289 Myrtle Ave,Boonton,Morris 1,201058,Bardstown Origin Series High Wheat 1/750 mL Btl,3/4/2026,1.00,12.00,$488.00,$173.82
Klejdi Lamo,190216,House of Wine & Liquor,308 E Wootton St,Boonton,Morris 1,201051,Green River Bourbon 1/750 mL Btl,1/16/2025,1.00,12.00,$308.00,($978.18)
Klejdi Lamo,190917,Shop Rite Liq (A)Wharton,306 NJ-15,Wharton,Morris 3,201055,Bardstown Origin Series Bottle-In-Bond 1/750 mL Btl,3/9/2026,1.00,6.00,$218.00,$60.91
Klejdi Lamo,190208,Boonton Liquor Locker,119 Hawkins Pl,Boonton,Morris 1,201058,Bardstown Origin Series High Wheat 1/750 mL Btl,12/12/2025,1.00,6.00,$218.00,$60.91
Klejdi Lamo,190705,Rockaway W/L,73 W Main St,Rockaway,Morris 1,201056,Bardstown Origin Series Bourbon 1/750 mL Btl,11/6/2025,1.00,12.00,$392.00,$109.82
Klejdi Lamo,191803,Kingston Liquors,7 Naughright Rd,Hackettstown,Morris 1,201058,Bardstown Origin Series High Wheat 1/750 mL Btl,4/16/2026,1.00,6.00,$226.00,$68.91
Klejdi Lamo,190207,Liquor Outlet,289 Myrtle Ave,Boonton,Morris 1,201052,Green River Full Proof 1/750 mL,2/11/2025,1.00,18.00,$654.00,$182.73
Klejdi Lamo,191814,Sandy's Wine & Spirit (P) (Budd Lake),98 US Highway 46,Budd Lake,Morris 1,201052,Green River Full Proof 1/750 mL,4/15/2025,1.00,6.00,$218.00,$60.91
Klejdi Lamo,191210,Milton Inn,3 Ridge Rd & Berkshire,Oak Ridge,Morris 1,201054,Green River Wheated 1/750 mL,3/25/2025,1.00,6.00,$154.00,$45.91
Klejdi Lamo,190913,Main Street Liquor,340 S Main St,Wharton,Morris 1,201058,Bardstown Origin Series High Wheat 1/750 mL Btl,3/6/2025,1.00,1.00,$38.67,$12.49
Klejdi Lamo,190207,Liquor Outlet,289 Myrtle Ave,Boonton,Morris 1,201058,Bardstown Origin Series High Wheat 1/750 mL Btl,2/5/2025,1.00,12.00,$436.00,$121.82
Klejdi Lamo,190216,House of Wine & Liquor,308 E Wootton St,Boonton,Morris 1,201059,Bardstown Discovery Series #10 1/750 mL Btl,7/17/2025,1.00,2.00,$209.33,$54.30
Klejdi Lamo,190917,Shop Rite Liq (A)Wharton,306 NJ-15,Wharton,Morris 3,201058,Bardstown Origin Series High Wheat 1/750 mL Btl,1/24/2025,1.00,6.00,$226.00,$68.91
Klejdi Lamo,190101,Montville Wine & Spirits,223 Changebridge Road,Montville,Morris 1,201052,Green River Full Proof 1/750 mL,2/26/2025,1.00,2.00,$77.00,$24.64
Klejdi Lamo,191210,Milton Inn,3 Ridge Rd & Berkshire,Oak Ridge,Morris 1,201051,Green River Bourbon 1/750 mL Btl,12/9/2025,1.00,2.00,$53.67,$17.64
Klejdi Lamo,191210,Milton Inn,3 Ridge Rd & Berkshire,Oak Ridge,Morris 1,201054,Green River Wheated 1/750 mL,4/21/2026,1.00,3.00,$80.50,$26.46
Klejdi Lamo,191608,Shop-Rite(A) Netcong,75 Us-46 Lackawanna Plaza,Netcong,Morris 1,201057,Bardstown Origin Series Double Barrel Rye 1/750 mL Btl,2/7/2025,1.00,6.00,$218.00,$60.91
Klejdi Lamo,191814,Sandy's Wine & Spirit (P) (Budd Lake),98 US Highway 46,Budd Lake,Morris 1,201054,Green River Wheated 1/750 mL,3/5/2026,1.00,12.00,$308.00,$91.82
Klejdi Lamo,190207,Liquor Outlet,289 Myrtle Ave,Boonton,Morris 1,201054,Green River Wheated 1/750 mL,4/28/2025,1.00,6.00,$154.00,$45.91
Klejdi Lamo,190917,Shop Rite Liq (A)Wharton,306 NJ-15,Wharton,Morris 3,201059,Bardstown Discovery Series #10 1/750 mL Btl,4/15/2025,1.00,1.00,$105.67,$28.15
Klejdi Lamo,190207,Liquor Outlet,289 Myrtle Ave,Boonton,Morris 1,201057,Bardstown Origin Series Double Barrel Rye 1/750 mL Btl,1/24/2025,1.00,12.00,$436.00,$433.82
Klejdi Lamo,190207,Liquor Outlet,289 Myrtle Ave,Boonton,Morris 1,201071,Bardstown Single Barrel GSPD #3 1/750 mL Btl,6/26/2025,1.00,3.00,$190.00,$56.96
Klejdi Lamo,190216,House of Wine & Liquor,308 E Wootton St,Boonton,Morris 1,201064,Bardstown Collaboration Series Silver Oak 1/750 mL Btl,5/23/2025,1.00,1.00,$105.67,$28.15
Klejdi Lamo,191710,Shop Rite Wine & Spirits Stanhope,90 Route 206,Stanhope,Sussex,201051,Green River Bourbon 1/750 mL Btl,4/8/2026,1.00,6.00,$154.00,$45.91
Klejdi Lamo,190207,Liquor Outlet,289 Myrtle Ave,Boonton,Morris 1,201076,Green River Wheated Full Proof 1/750 ml Btl,2/27/2026,1.00,30.00,"$1,090.00",$304.55
Klejdi Lamo,190917,Shop Rite Liq (A)Wharton,306 NJ-15,Wharton,Morris 3,201054,Green River Wheated 1/750 mL,1/17/2025,1.00,6.00,$154.00,$152.91
Klejdi Lamo,190207,Liquor Outlet,289 Myrtle Ave,Boonton,Morris 1,201051,Green River Bourbon 1/750 mL Btl,11/5/2025,1.00,6.00,$154.00,$45.91
Klejdi Lamo,190207,Liquor Outlet,289 Myrtle Ave,Boonton,Morris 1,201059,Bardstown Discovery Series #10 1/750 mL Btl,4/8/2025,1.00,2.00,$209.33,$54.30
Klejdi Lamo,190216,House of Wine & Liquor,308 E Wootton St,Boonton,Morris 1,201076,Green River Wheated Full Proof 1/750 ml Btl,2/27/2026,1.00,6.00,$226.00,$68.91
Klejdi Lamo,190207,Liquor Outlet,289 Myrtle Ave,Boonton,Morris 1,201060,Bardstown Discovery Series #11 1/750 mL Btl,4/8/2025,1.00,1.00,$104.67,$27.15
Klejdi Lamo,190207,Liquor Outlet,289 Myrtle Ave,Boonton,Morris 1,201057,Bardstown Origin Series Double Barrel Rye 1/750 mL Btl,2/11/2025,1.00,6.00,$218.00,$60.91
Klejdi Lamo,190207,Liquor Outlet,289 Myrtle Ave,Boonton,Morris 1,201063,Bardstown Collaboration Series Goose Island 1/750 mL Btl,9/15/2025,1.00,2.00,$149.33,$39.64
Klejdi Lamo,190913,Main Street Liquor,340 S Main St,Wharton,Morris 1,201054,Green River Wheated 1/750 mL,4/24/2025,1.00,2.00,$54.67,$18.64
Klejdi Lamo,190216,House of Wine & Liquor,308 E Wootton St,Boonton,Morris 1,201074,Bardstown Discovery #13 1/750 mL Btl,9/18/2025,1.00,6.00,$615.96,$150.87
Klejdi Lamo,191710,Shop Rite Wine & Spirits Stanhope,90 Route 206,Stanhope,Sussex,201054,Green River Wheated 1/750 mL,2/4/2026,1.00,6.00,$161.00,$52.91
Klejdi Lamo,191803,Kingston Liquors,7 Naughright Rd,Hackettstown,Morris 1,201057,Bardstown Origin Series Double Barrel Rye 1/750 mL Btl,2/6/2026,1.00,2.00,$75.33,$22.97
Klejdi Lamo,190208,Boonton Liquor Locker,119 Hawkins Pl,Boonton,Morris 1,201056,Bardstown Origin Series Bourbon 1/750 mL Btl,2/11/2026,1.00,12.00,$392.00,$109.82
Klejdi Lamo,190216,House of Wine & Liquor,308 E Wootton St,Boonton,Morris 1,201057,Bardstown Origin Series Double Barrel Rye 1/750 mL Btl,1/23/2025,1.00,6.00,$218.00,$216.91
Klejdi Lamo,191710,Shop Rite Wine & Spirits Stanhope,90 Route 206,Stanhope,Sussex,201057,Bardstown Origin Series Double Barrel Rye 1/750 mL Btl,2/20/2025,1.00,12.00,$436.00,$121.82
Klejdi Lamo,190207,Liquor Outlet,289 Myrtle Ave,Boonton,Morris 1,201053,Green River Rye 1/750 mL,1/16/2025,1.00,6.00,$154.00,$152.91
Klejdi Lamo,191713,Stanhope Liquors,141 Rt 183,Stanhope,Sussex,201055,Bardstown Origin Series Bottle-In-Bond 1/750 mL Btl,1/28/2025,1.00,3.00,$115.00,$114.46
Klejdi Lamo,190917,Shop Rite Liq (A)Wharton,306 NJ-15,Wharton,Morris 3,201057,Bardstown Origin Series Double Barrel Rye 1/750 mL Btl,1/17/2025,1.00,6.00,$218.00,$216.91
Klejdi Lamo,190917,Shop Rite Liq (A)Wharton,306 NJ-15,Wharton,Morris 3,201056,Bardstown Origin Series Bourbon 1/750 mL Btl,6/29/2026,1.00,12.00,$392.00,$109.82
Klejdi Lamo,190207,Liquor Outlet,289 Myrtle Ave,Boonton,Morris 1,201054,Green River Wheated 1/750 mL,3/5/2026,1.00,0.00,($14.00),($14.00)
Klejdi Lamo,190207,Liquor Outlet,289 Myrtle Ave,Boonton,Morris 1,201051,Green River Bourbon 1/750 mL Btl,7/3/2026,1.00,6.00,$154.00,$45.91
Klejdi Lamo,190207,Liquor Outlet,289 Myrtle Ave,Boonton,Morris 1,201055,Bardstown Origin Series Bottle-In-Bond 1/750 mL Btl,4/4/2025,1.00,6.00,$218.00,$60.91
Klejdi Lamo,191604,The Village Place,31 Allen St,Netcong,Morris 1,201056,Bardstown Origin Series Bourbon 1/750 mL Btl,2/21/2025,1.00,1.00,$34.50,$10.99
Klejdi Lamo,190208,Boonton Liquor Locker,119 Hawkins Pl,Boonton,Morris 1,201056,Bardstown Origin Series Bourbon 1/750 mL Btl,1/24/2025,1.00,6.00,$200.00,$198.91
Klejdi Lamo,191210,Milton Inn,3 Ridge Rd & Berkshire,Oak Ridge,Morris 1,201052,Green River Full Proof 1/750 mL,1/6/2026,1.00,2.00,$75.33,$22.97
Klejdi Lamo,190216,House of Wine & Liquor,308 E Wootton St,Boonton,Morris 1,201063,Bardstown Collaboration Series Goose Island 1/750 mL Btl,5/23/2025,1.00,1.00,$75.67,$20.82
Klejdi Lamo,190917,Shop Rite Liq (A)Wharton,306 NJ-15,Wharton,Morris 3,201055,Bardstown Origin Series Bottle-In-Bond 1/750 mL Btl,5/27/2025,1.00,6.00,$218.00,$60.91
Klejdi Lamo,191210,Milton Inn,3 Ridge Rd & Berkshire,Oak Ridge,Morris 1,201051,Green River Bourbon 1/750 mL Btl,2/18/2025,1.00,3.00,$81.00,$26.96
Klejdi Lamo,191210,Milton Inn,3 Ridge Rd & Berkshire,Oak Ridge,Morris 1,201052,Green River Full Proof 1/750 mL,2/18/2025,1.00,3.00,$113.00,$34.46
Klejdi Lamo,190216,House of Wine & Liquor,308 E Wootton St,Boonton,Morris 1,201064,Bardstown Collaboration Series Silver Oak 1/750 mL Btl,4/8/2025,1.00,1.00,$105.67,$28.15
Klejdi Lamo,190208,Boonton Liquor Locker,119 Hawkins Pl,Boonton,Morris 1,201064,Bardstown Collaboration Series Silver Oak 1/750 mL Btl,6/26/2025,1.00,1.00,$105.67,$28.15
Klejdi Lamo,191518,3 IN 1 LIQUORS INC,47 Hopatchung Rd,Hopatcong,Sussex,201058,Bardstown Origin Series High Wheat 1/750 mL Btl,3/26/2025,1.00,6.00,$226.00,$68.91
Klejdi Lamo,190917,Shop Rite Liq (A)Wharton,306 NJ-15,Wharton,Morris 3,201056,Bardstown Origin Series Bourbon 1/750 mL Btl,12/22/2025,1.00,12.00,$392.00,$109.82
Klejdi Lamo,190207,Liquor Outlet,289 Myrtle Ave,Boonton,Morris 1,201056,Bardstown Origin Series Bourbon 1/750 mL Btl,7/3/2026,1.00,6.00,$196.00,$54.91
Klejdi Lamo,190216,House of Wine & Liquor,308 E Wootton St,Boonton,Morris 1,201053,Green River Rye 1/750 mL,1/16/2025,1.00,6.00,$154.00,$152.91
Klejdi Lamo,190207,Liquor Outlet,289 Myrtle Ave,Boonton,Morris 1,201057,Bardstown Origin Series Double Barrel Rye 1/750 mL Btl,3/4/2026,1.00,6.00,$244.00,$86.91
Klejdi Lamo,190208,Boonton Liquor Locker,119 Hawkins Pl,Boonton,Morris 1,201059,Bardstown Discovery Series #10 1/750 mL Btl,6/26/2025,1.00,1.00,$105.67,$28.15
Klejdi Lamo,191710,Shop Rite Wine & Spirits Stanhope,90 Route 206,Stanhope,Sussex,201074,Bardstown Discovery #13 1/750 mL Btl,11/14/2025,1.00,6.00,$633.96,$168.87
Klejdi Lamo,190101,Montville Wine & Spirits,223 Changebridge Road,Montville,Morris 1,201055,Bardstown Origin Series Bottle-In-Bond 1/750 mL Btl,4/29/2026,1.00,6.00,$226.00,$68.91
Klejdi Lamo,190208,Boonton Liquor Locker,119 Hawkins Pl,Boonton,Morris 1,201057,Bardstown Origin Series Double Barrel Rye 1/750 mL Btl,2/28/2025,1.00,6.00,$218.00,$60.91
Klejdi Lamo,191604,The Village Place,31 Allen St,Netcong,Morris 1,201057,Bardstown Origin Series Double Barrel Rye 1/750 mL Btl,2/21/2025,1.00,1.00,$38.33,$12.15
Klejdi Lamo,190302,Basket Of Cheer Ii (Lake Hiawatha),149 N Beverwyck Rd,Lake Hiawatha,Morris 1,201053,Green River Rye 1/750 mL,2/11/2025,1.00,2.00,$54.00,$17.97
Klejdi Lamo,191803,Kingston Liquors,7 Naughright Rd,Hackettstown,Morris 1,201058,Bardstown Origin Series High Wheat 1/750 mL Btl,8/29/2025,1.00,3.00,$113.00,$34.46
Klejdi Lamo,191803,Kingston Liquors,7 Naughright Rd,Hackettstown,Morris 1,201056,Bardstown Origin Series Bourbon 1/750 mL Btl,4/24/2026,1.00,6.00,$208.00,$66.91
Klejdi Lamo,191710,Shop Rite Wine & Spirits Stanhope,90 Route 206,Stanhope,Sussex,201056,Bardstown Origin Series Bourbon 1/750 mL Btl,1/16/2025,1.00,12.00,$392.00,$389.82
Klejdi Lamo,191518,3 IN 1 LIQUORS INC,47 Hopatchung Rd,Hopatcong,Sussex,201058,Bardstown Origin Series High Wheat 1/750 mL Btl,5/27/2026,1.00,3.00,$113.00,$34.46
Klejdi Lamo,190207,Liquor Outlet,289 Myrtle Ave,Boonton,Morris 1,201058,Bardstown Origin Series High Wheat 1/750 mL Btl,11/5/2025,1.00,6.00,$218.00,$60.91
Klejdi Lamo,190917,Shop Rite Liq (A)Wharton,306 NJ-15,Wharton,Morris 3,201056,Bardstown Origin Series Bourbon 1/750 mL Btl,5/27/2025,1.00,6.00,$196.00,$54.91
Klejdi Lamo,190302,Basket Of Cheer Ii (Lake Hiawatha),149 N Beverwyck Rd,Lake Hiawatha,Morris 1,201056,Bardstown Origin Series Bourbon 1/750 mL Btl,2/4/2025,1.00,2.00,$68.00,$20.97
Klejdi Lamo,190207,Liquor Outlet,289 Myrtle Ave,Boonton,Morris 1,201066,Green River Single Barrel GSPD #1 1/750 mL,6/26/2025,1.00,3.00,$145.00,$46.96
Klejdi Lamo,190917,Shop Rite Liq (A)Wharton,306 NJ-15,Wharton,Morris 3,201057,Bardstown Origin Series Double Barrel Rye 1/750 mL Btl,3/13/2025,1.00,0.00,$0.00,$0.00
Klejdi Lamo,190207,Liquor Outlet,289 Myrtle Ave,Boonton,Morris 1,201057,Bardstown Origin Series Double Barrel Rye 1/750 mL Btl,4/28/2025,1.00,12.00,$436.00,$121.82
Klejdi Lamo,190917,Shop Rite Liq (A)Wharton,306 NJ-15,Wharton,Morris 3,201053,Green River Rye 1/750 mL,6/23/2025,1.00,6.00,$154.00,$45.91
Klejdi Lamo,191710,Shop Rite Wine & Spirits Stanhope,90 Route 206,Stanhope,Sussex,201071,Bardstown Single Barrel GSPD #3 1/750 mL Btl,11/14/2025,1.00,4.00,$253.33,$75.94
Klejdi Lamo,191710,Shop Rite Wine & Spirits Stanhope,90 Route 206,Stanhope,Sussex,201070,Bardstown Single Barrel GSPD #2 1/750 mL Btl,11/14/2025,1.00,1.00,$63.33,$18.99
Klejdi Lamo,190207,Liquor Outlet,289 Myrtle Ave,Boonton,Morris 1,201064,Bardstown Collaboration Series Silver Oak 1/750 mL Btl,6/26/2025,1.00,2.00,$209.33,$54.30
Klejdi Lamo,190917,Shop Rite Liq (A)Wharton,306 NJ-15,Wharton,Morris 3,201072,Green River Bourbon 250th Army Anniversary 1/750 mL,11/5/2025,1.00,18.00,$654.00,$182.73
Klejdi Lamo,190101,Montville Wine & Spirits,223 Changebridge Road,Montville,Morris 1,201051,Green River Bourbon 1/750 mL Btl,12/10/2025,1.00,3.00,$80.50,$26.46
Klejdi Lamo,191210,Milton Inn,3 Ridge Rd & Berkshire,Oak Ridge,Morris 1,201056,Bardstown Origin Series Bourbon 1/750 mL Btl,12/9/2025,1.00,1.00,$34.67,$11.15
Klejdi Lamo,190216,House of Wine & Liquor,308 E Wootton St,Boonton,Morris 1,201052,Green River Full Proof 1/750 mL,1/16/2025,1.00,6.00,$218.00,$216.91
Klejdi Lamo,191803,Kingston Liquors,7 Naughright Rd,Hackettstown,Morris 1,201056,Bardstown Origin Series Bourbon 1/750 mL Btl,10/21/2025,1.00,3.00,$98.00,$27.46
Klejdi Lamo,191210,Milton Inn,3 Ridge Rd & Berkshire,Oak Ridge,Morris 1,201051,Green River Bourbon 1/750 mL Btl,3/25/2025,1.00,6.00,$154.00,$45.91
Klejdi Lamo,190208,Boonton Liquor Locker,119 Hawkins Pl,Boonton,Morris 1,201055,Bardstown Origin Series Bottle-In-Bond 1/750 mL Btl,4/24/2026,1.00,6.00,$226.00,$68.91
Klejdi Lamo,190917,Shop Rite Liq (A)Wharton,306 NJ-15,Wharton,Morris 3,201054,Green River Wheated 1/750 mL,6/23/2025,1.00,12.00,$308.00,$91.82
Klejdi Lamo,191710,Shop Rite Wine & Spirits Stanhope,90 Route 206,Stanhope,Sussex,201059,Bardstown Discovery Series #10 1/750 mL Btl,9/5/2025,1.00,5.00,$523.33,$135.76
Klejdi Lamo,190207,Liquor Outlet,289 Myrtle Ave,Boonton,Morris 1,201055,Bardstown Origin Series Bottle-In-Bond 1/750 mL Btl,2/5/2025,1.00,12.00,$436.00,$121.82
Klejdi Lamo,191710,Shop Rite Wine & Spirits Stanhope,90 Route 206,Stanhope,Sussex,201067,Green River Single Barrel GSPD#2 1/750 mL,9/5/2025,1.00,3.00,$148.00,$49.96
Klejdi Lamo,191210,Milton Inn,3 Ridge Rd & Berkshire,Oak Ridge,Morris 1,201055,Bardstown Origin Series Bottle-In-Bond 1/750 mL Btl,7/22/2025,1.00,3.00,$113.00,$34.46
Klejdi Lamo,190207,Liquor Outlet,289 Myrtle Ave,Boonton,Morris 1,201058,Bardstown Origin Series High Wheat 1/750 mL Btl,3/5/2026,1.00,0.00,($52.00),($52.00)
Klejdi Lamo,191710,Shop Rite Wine & Spirits Stanhope,90 Route 206,Stanhope,Sussex,201054,Green River Wheated 1/750 mL,12/4/2025,1.00,6.00,$161.00,$52.91
Klejdi Lamo,190804,Midtown Liq,101 White Meadow Rd,Rockaway,Morris 1,201054,Green River Wheated 1/750 mL,10/27/2025,1.00,6.00,$152.00,$43.91
Klejdi Lamo,191210,Milton Inn,3 Ridge Rd & Berkshire,Oak Ridge,Morris 1,201054,Green River Wheated 1/750 mL,6/30/2026,1.00,3.00,$80.50,$26.46
Klejdi Lamo,191710,Shop Rite Wine & Spirits Stanhope,90 Route 206,Stanhope,Sussex,201062,Bardstown Collaboration Series Amrut 1/750 mL Btl,9/5/2025,1.00,2.00,$209.33,$54.30
Klejdi Lamo,190917,Shop Rite Liq (A)Wharton,306 NJ-15,Wharton,Morris 3,201056,Bardstown Origin Series Bourbon 1/750 mL Btl,8/18/2025,1.00,18.00,$588.00,$164.73
Klejdi Lamo,190917,Shop Rite Liq (A)Wharton,306 NJ-15,Wharton,Morris 3,201057,Bardstown Origin Series Double Barrel Rye 1/750 mL Btl,10/20/2025,1.00,6.00,$218.00,$60.91
Klejdi Lamo,190304,Shoppers Disc Liquor,65-69 N Beverwyck Rd,Lake Hiawatha,Morris 1,201052,Green River Full Proof 1/750 mL,4/29/2025,1.00,1.00,$38.50,$12.32
Klejdi Lamo,190216,House of Wine & Liquor,308 E Wootton St,Boonton,Morris 1,201062,Bardstown Collaboration Series Amrut 1/750 mL Btl,4/8/2025,1.00,1.00,$105.67,$28.15
Klejdi Lamo,191814,Sandy's Wine & Spirit (P) (Budd Lake),98 US Highway 46,Budd Lake,Morris 1,201055,Bardstown Origin Series Bottle-In-Bond 1/750 mL Btl,3/5/2026,1.00,6.00,$218.00,$60.91
Klejdi Lamo,190101,Montville Wine & Spirits,223 Changebridge Road,Montville,Morris 1,201056,Bardstown Origin Series Bourbon 1/750 mL Btl,2/26/2025,1.00,1.00,$34.00,($0.18)
Klejdi Lamo,190917,Shop Rite Liq (A)Wharton,306 NJ-15,Wharton,Morris 3,201055,Bardstown Origin Series Bottle-In-Bond 1/750 mL Btl,3/13/2025,1.00,0.00,$0.00,$0.00
Klejdi Lamo,190917,Shop Rite Liq (A)Wharton,306 NJ-15,Wharton,Morris 3,201051,Green River Bourbon 1/750 mL Btl,1/12/2026,1.00,6.00,$154.00,$45.91
Klejdi Lamo,191710,Shop Rite Wine & Spirits Stanhope,90 Route 206,Stanhope,Sussex,201063,Bardstown Collaboration Series Goose Island 1/750 mL Btl,11/14/2025,1.00,2.00,$149.33,$39.64
Klejdi Lamo,190917,Shop Rite Liq (A)Wharton,306 NJ-15,Wharton,Morris 3,201053,Green River Rye 1/750 mL,5/19/2025,1.00,6.00,$154.00,$45.91
Klejdi Lamo,190705,Rockaway W/L,73 W Main St,Rockaway,Morris 1,201058,Bardstown Origin Series High Wheat 1/750 mL Btl,11/6/2025,1.00,6.00,$218.00,$60.91
Klejdi Lamo,190208,Boonton Liquor Locker,119 Hawkins Pl,Boonton,Morris 1,201058,Bardstown Origin Series High Wheat 1/750 mL Btl,2/11/2026,1.00,6.00,$218.00,$60.91
Klejdi Lamo,190302,Basket Of Cheer Ii (Lake Hiawatha),149 N Beverwyck Rd,Lake Hiawatha,Morris 1,201054,Green River Wheated 1/750 mL,2/11/2025,1.00,2.00,$54.00,$17.97
Klejdi Lamo,190207,Liquor Outlet,289 Myrtle Ave,Boonton,Morris 1,201073,Bardstown Collaboration Series Pierre Ferrand 1/750 mL Btl,9/15/2025,1.00,6.00,$615.96,$150.89
Klejdi Lamo,191608,Shop-Rite(A) Netcong,75 Us-46 Lackawanna Plaza,Netcong,Morris 1,201054,Green River Wheated 1/750 mL,2/27/2025,1.00,6.00,$154.00,$45.91
Klejdi Lamo,190207,Liquor Outlet,289 Myrtle Ave,Boonton,Morris 1,201052,Green River Full Proof 1/750 mL,1/24/2025,1.00,18.00,$654.00,$650.73
Klejdi Lamo,190216,House of Wine & Liquor,308 E Wootton St,Boonton,Morris 1,201055,Bardstown Origin Series Bottle-In-Bond 1/750 mL Btl,1/16/2025,1.00,6.00,$218.00,$216.91
Klejdi Lamo,190216,House of Wine & Liquor,308 E Wootton St,Boonton,Morris 1,201062,Bardstown Collaboration Series Amrut 1/750 mL Btl,7/17/2025,1.00,2.00,$209.33,$54.30
Klejdi Lamo,190207,Liquor Outlet,289 Myrtle Ave,Boonton,Morris 1,201056,Bardstown Origin Series Bourbon 1/750 mL Btl,4/17/2025,1.00,6.00,$196.00,$54.91
Klejdi Lamo,190216,House of Wine & Liquor,308 E Wootton St,Boonton,Morris 1,201062,Bardstown Collaboration Series Amrut 1/750 mL Btl,5/23/2025,1.00,1.00,$105.67,$28.15
Klejdi Lamo,190917,Shop Rite Liq (A)Wharton,306 NJ-15,Wharton,Morris 3,201062,Bardstown Collaboration Series Amrut 1/750 mL Btl,4/15/2025,1.00,1.00,$105.67,$28.15
Klejdi Lamo,191210,Milton Inn,3 Ridge Rd & Berkshire,Oak Ridge,Morris 1,201053,Green River Rye 1/750 mL,6/2/2026,1.00,3.00,$80.50,$26.46
Klejdi Lamo,190208,Boonton Liquor Locker,119 Hawkins Pl,Boonton,Morris 1,201055,Bardstown Origin Series Bottle-In-Bond 1/750 mL Btl,3/4/2025,1.00,6.00,$218.00,$60.91
Klejdi Lamo,190705,Rockaway W/L,73 W Main St,Rockaway,Morris 1,201056,Bardstown Origin Series Bourbon 1/750 mL Btl,1/16/2025,1.00,3.00,$103.50,$102.96
Klejdi Lamo,191814,Sandy's Wine & Spirit (P) (Budd Lake),98 US Highway 46,Budd Lake,Morris 1,201075,Green River Single Barrel Wheated 1/1/750mL Btl,12/9/2025,1.00,6.00,$267.96,$71.87
Klejdi Lamo,190917,Shop Rite Liq (A)Wharton,306 NJ-15,Wharton,Morris 3,201072,Green River Bourbon 250th Army Anniversary 1/750 mL,7/7/2025,1.00,6.00,$218.00,$60.91
Klejdi Lamo,191710,Shop Rite Wine & Spirits Stanhope,90 Route 206,Stanhope,Sussex,201056,Bardstown Origin Series Bourbon 1/750 mL Btl,6/19/2025,1.00,12.00,$392.00,$109.82
Klejdi Lamo,190917,Shop Rite Liq (A)Wharton,306 NJ-15,Wharton,Morris 3,201058,Bardstown Origin Series High Wheat 1/750 mL Btl,10/20/2025,1.00,12.00,$436.00,$121.82
Klejdi Lamo,191710,Shop Rite Wine & Spirits Stanhope,90 Route 206,Stanhope,Sussex,201054,Green River Wheated 1/750 mL,1/16/2025,1.00,24.00,$616.00,$611.64
Klejdi Lamo,190216,House of Wine & Liquor,308 E Wootton St,Boonton,Morris 1,201057,Bardstown Origin Series Double Barrel Rye 1/750 mL Btl,1/16/2025,1.00,6.00,$218.00,$216.91
Klejdi Lamo,191710,Shop Rite Wine & Spirits Stanhope,90 Route 206,Stanhope,Sussex,201073,Bardstown Collaboration Series Pierre Ferrand 1/750 mL Btl,11/14/2025,1.00,6.00,$633.96,$168.87
Klejdi Lamo,190913,Main Street Liquor,340 S Main St,Wharton,Morris 1,201051,Green River Bourbon 1/750 mL Btl,4/23/2026,1.00,1.00,$26.83,$8.82
Klejdi Lamo,190917,Shop Rite Liq (A)Wharton,306 NJ-15,Wharton,Morris 3,201052,Green River Full Proof 1/750 mL,12/22/2025,1.00,6.00,$218.00,$60.91
Klejdi Lamo,191210,Milton Inn,3 Ridge Rd & Berkshire,Oak Ridge,Morris 1,201055,Bardstown Origin Series Bottle-In-Bond 1/750 mL Btl,12/9/2025,1.00,1.00,$37.67,$11.49
Klejdi Lamo,190208,Boonton Liquor Locker,119 Hawkins Pl,Boonton,Morris 1,201056,Bardstown Origin Series Bourbon 1/750 mL Btl,5/16/2025,1.00,6.00,$196.00,$54.91
Klejdi Lamo,191710,Shop Rite Wine & Spirits Stanhope,90 Route 206,Stanhope,Sussex,201069,Bardstown Single Barrel GSPD #1 1/750 mL Btl,11/14/2025,1.00,1.00,$64.33,$19.99
Klejdi Lamo,190917,Shop Rite Liq (A)Wharton,306 NJ-15,Wharton,Morris 3,201057,Bardstown Origin Series Double Barrel Rye 1/750 mL Btl,3/10/2025,1.00,6.00,$218.00,$60.91
Klejdi Lamo,191608,Shop-Rite(A) Netcong,75 Us-46 Lackawanna Plaza,Netcong,Morris 1,201051,Green River Bourbon 1/750 mL Btl,2/27/2025,1.00,6.00,$154.00,$45.91
Klejdi Lamo,190207,Liquor Outlet,289 Myrtle Ave,Boonton,Morris 1,201055,Bardstown Origin Series Bottle-In-Bond 1/750 mL Btl,9/25/2025,1.00,6.00,$218.00,$60.91
Klejdi Lamo,191210,Milton Inn,3 Ridge Rd & Berkshire,Oak Ridge,Morris 1,201053,Green River Rye 1/750 mL,4/7/2026,1.00,3.00,$80.50,$26.46
Klejdi Lamo,191710,Shop Rite Wine & Spirits Stanhope,90 Route 206,Stanhope,Sussex,201059,Bardstown Discovery Series #10 1/750 mL Btl,6/26/2025,1.00,2.00,$209.33,$54.30
Klejdi Lamo,191814,Sandy's Wine & Spirit (P) (Budd Lake),98 US Highway 46,Budd Lake,Morris 1,201055,Bardstown Origin Series Bottle-In-Bond 1/750 mL Btl,6/2/2026,1.00,6.00,$218.00,$60.91
Klejdi Lamo,190207,Liquor Outlet,289 Myrtle Ave,Boonton,Morris 1,201051,Green River Bourbon 1/750 mL Btl,4/28/2025,1.00,6.00,$154.00,$45.91
Klejdi Lamo,190207,Liquor Outlet,289 Myrtle Ave,Boonton,Morris 1,201072,Green River Bourbon 250th Army Anniversary 1/750 mL,11/5/2025,1.00,24.00,$872.00,$243.64
Klejdi Lamo,190501,House of Wine & Liquor Mountain Lakes,5 Romaine Rd,Mountain Lakes,Morris 1,201053,Green River Rye 1/750 mL,2/7/2025,1.00,6.00,$154.00,$45.91
Klejdi Lamo,191518,3 IN 1 LIQUORS INC,47 Hopatchung Rd,Hopatcong,Sussex,201052,Green River Full Proof 1/750 mL,4/8/2026,1.00,3.00,$113.00,$34.46
Klejdi Lamo,191710,Shop Rite Wine & Spirits Stanhope,90 Route 206,Stanhope,Sussex,201054,Green River Wheated 1/750 mL,3/4/2026,1.00,6.00,$161.00,$52.91
Klejdi Lamo,190917,Shop Rite Liq (A)Wharton,306 NJ-15,Wharton,Morris 3,201057,Bardstown Origin Series Double Barrel Rye 1/750 mL Btl,1/12/2026,1.00,12.00,$436.00,$121.82
Klejdi Lamo,191710,Shop Rite Wine & Spirits Stanhope,90 Route 206,Stanhope,Sussex,201060,Bardstown Discovery Series #11 1/750 mL Btl,6/26/2025,1.00,1.00,$104.67,$27.15
Klejdi Lamo,190207,Liquor Outlet,289 Myrtle Ave,Boonton,Morris 1,201061,Bardstown Discovery Series #12 1/750 mL Btl,9/15/2025,1.00,1.00,$104.67,$27.15
Klejdi Lamo,190207,Liquor Outlet,289 Myrtle Ave,Boonton,Morris 1,201070,Bardstown Single Barrel GSPD #2 1/750 mL Btl,1/21/2026,1.00,201.00,"$11,991.66","$3,077.66"
Klejdi Lamo,190304,Shoppers Disc Liquor,65-69 N Beverwyck Rd,Lake Hiawatha,Morris 1,201053,Green River Rye 1/750 mL,4/29/2025,1.00,1.00,$27.17,$9.15
Klejdi Lamo,190804,Midtown Liq,101 White Meadow Rd,Rockaway,Morris 1,201057,Bardstown Origin Series Double Barrel Rye 1/750 mL Btl,10/27/2025,1.00,3.00,$109.00,$30.46
Klejdi Lamo,191210,Milton Inn,3 Ridge Rd & Berkshire,Oak Ridge,Morris 1,201051,Green River Bourbon 1/750 mL Btl,1/27/2026,1.00,6.00,$161.00,$52.91
Klejdi Lamo,191710,Shop Rite Wine & Spirits Stanhope,90 Route 206,Stanhope,Sussex,201061,Bardstown Discovery Series #12 1/750 mL Btl,4/15/2025,1.00,1.00,$104.67,$27.15
Klejdi Lamo,190207,Liquor Outlet,289 Myrtle Ave,Boonton,Morris 1,201068,Green River Single Barrel GSPD#3 1/750 mL,12/9/2025,1.00,183.00,"$8,172.78","$2,192.04"
Klejdi Lamo,191814,Sandy's Wine & Spirit (P) (Budd Lake),98 US Highway 46,Budd Lake,Morris 1,201057,Bardstown Origin Series Double Barrel Rye 1/750 mL Btl,9/30/2025,1.00,6.00,$218.00,$60.91
Klejdi Lamo,190101,Montville Wine & Spirits,223 Changebridge Road,Montville,Morris 1,201054,Green River Wheated 1/750 mL,12/10/2025,1.00,3.00,$80.50,$26.46
Klejdi Lamo,190207,Liquor Outlet,289 Myrtle Ave,Boonton,Morris 1,201063,Bardstown Collaboration Series Goose Island 1/750 mL Btl,4/8/2025,1.00,2.00,$149.33,$39.64
Klejdi Lamo,191210,Milton Inn,3 Ridge Rd & Berkshire,Oak Ridge,Morris 1,201054,Green River Wheated 1/750 mL,4/28/2026,1.00,6.00,$161.00,$52.91
Klejdi Lamo,190207,Liquor Outlet,289 Myrtle Ave,Boonton,Morris 1,201058,Bardstown Origin Series High Wheat 1/750 mL Btl,1/24/2025,1.00,18.00,$654.00,$182.73
Klejdi Lamo,191803,Kingston Liquors,7 Naughright Rd,Hackettstown,Morris 1,201058,Bardstown Origin Series High Wheat 1/750 mL Btl,10/21/2025,1.00,6.00,$218.00,$60.91
Klejdi Lamo,191210,Milton Inn,3 Ridge Rd & Berkshire,Oak Ridge,Morris 1,201054,Green River Wheated 1/750 mL,2/28/2025,1.00,3.00,$81.00,$26.96
Klejdi Lamo,191518,3 IN 1 LIQUORS INC,47 Hopatchung Rd,Hopatcong,Sussex,201056,Bardstown Origin Series Bourbon 1/750 mL Btl,5/27/2026,1.00,3.00,$104.00,$33.46
Klejdi Lamo,190207,Liquor Outlet,289 Myrtle Ave,Boonton,Morris 1,201058,Bardstown Origin Series High Wheat 1/750 mL Btl,11/26/2025,1.00,12.00,$436.00,$121.82
Klejdi Lamo,190917,Shop Rite Liq (A)Wharton,306 NJ-15,Wharton,Morris 3,201053,Green River Rye 1/750 mL,1/17/2025,1.00,6.00,$154.00,$152.91
Klejdi Lamo,190101,Montville Wine & Spirits,223 Changebridge Road,Montville,Morris 1,201055,Bardstown Origin Series Bottle-In-Bond 1/750 mL Btl,2/26/2025,1.00,2.00,$75.33,($0.36)
Klejdi Lamo,191210,Milton Inn,3 Ridge Rd & Berkshire,Oak Ridge,Morris 1,201058,Bardstown Origin Series High Wheat 1/750 mL Btl,12/9/2025,1.00,3.00,$113.00,$34.46
Klejdi Lamo,190208,Boonton Liquor Locker,119 Hawkins Pl,Boonton,Morris 1,201056,Bardstown Origin Series Bourbon 1/750 mL Btl,7/11/2025,1.00,12.00,$392.00,$109.82
Klejdi Lamo,190917,Shop Rite Liq (A)Wharton,306 NJ-15,Wharton,Morris 3,201058,Bardstown Origin Series High Wheat 1/750 mL Btl,6/2/2025,1.00,0.00,$0.00,$0.00
Klejdi Lamo,190207,Liquor Outlet,289 Myrtle Ave,Boonton,Morris 1,201058,Bardstown Origin Series High Wheat 1/750 mL Btl,9/25/2025,1.00,6.00,$218.00,$60.91
Klejdi Lamo,190216,House of Wine & Liquor,308 E Wootton St,Boonton,Morris 1,201056,Bardstown Origin Series Bourbon 1/750 mL Btl,1/16/2025,1.00,12.00,$392.00,$389.82
Klejdi Lamo,191710,Shop Rite Wine & Spirits Stanhope,90 Route 206,Stanhope,Sussex,201071,Bardstown Single Barrel GSPD #3 1/750 mL Btl,9/5/2025,1.00,3.00,$190.00,$56.96
Klejdi Lamo,191710,Shop Rite Wine & Spirits Stanhope,90 Route 206,Stanhope,Sussex,201055,Bardstown Origin Series Bottle-In-Bond 1/750 mL Btl,4/8/2026,1.00,6.00,$226.00,$68.91
Klejdi Lamo,190207,Liquor Outlet,289 Myrtle Ave,Boonton,Morris 1,201055,Bardstown Origin Series Bottle-In-Bond 1/750 mL Btl,4/28/2025,1.00,24.00,$872.00,$243.64
Klejdi Lamo,191210,Milton Inn,3 Ridge Rd & Berkshire,Oak Ridge,Morris 1,201051,Green River Bourbon 1/750 mL Btl,11/18/2025,1.00,3.00,$80.50,$26.46
Klejdi Lamo,191210,Milton Inn,3 Ridge Rd & Berkshire,Oak Ridge,Morris 1,201058,Bardstown Origin Series High Wheat 1/750 mL Btl,7/22/2025,1.00,2.00,$75.33,$22.97
Klejdi Lamo,190207,Liquor Outlet,289 Myrtle Ave,Boonton,Morris 1,201052,Green River Full Proof 1/750 mL,4/4/2025,1.00,6.00,$218.00,$60.91
Klejdi Lamo,190207,Liquor Outlet,289 Myrtle Ave,Boonton,Morris 1,201055,Bardstown Origin Series Bottle-In-Bond 1/750 mL Btl,1/24/2025,1.00,12.00,$436.00,$433.82
Klejdi Lamo,191710,Shop Rite Wine & Spirits Stanhope,90 Route 206,Stanhope,Sussex,201068,Green River Single Barrel GSPD#3 1/750 mL,9/5/2025,1.00,3.00,$148.00,$49.96
Klejdi Lamo,191803,Kingston Liquors,7 Naughright Rd,Hackettstown,Morris 1,201055,Bardstown Origin Series Bottle-In-Bond 1/750 mL Btl,10/21/2025,1.00,6.00,$218.00,$60.91
Klejdi Lamo,190501,House of Wine & Liquor Mountain Lakes,5 Romaine Rd,Mountain Lakes,Morris 1,201054,Green River Wheated 1/750 mL,2/7/2025,1.00,6.00,$154.00,$45.91
Klejdi Lamo,191803,Kingston Liquors,7 Naughright Rd,Hackettstown,Morris 1,201055,Bardstown Origin Series Bottle-In-Bond 1/750 mL Btl,7/17/2026,1.00,6.00,$218.00,$60.91
Klejdi Lamo,191210,Milton Inn,3 Ridge Rd & Berkshire,Oak Ridge,Morris 1,201052,Green River Full Proof 1/750 mL,3/25/2025,1.00,3.00,$109.00,$30.46
Klejdi Lamo,190216,House of Wine & Liquor,308 E Wootton St,Boonton,Morris 1,201072,Green River Bourbon 250th Army Anniversary 1/750 mL,11/6/2025,1.00,18.00,$654.00,$182.73
Klejdi Lamo,191814,Sandy's Wine & Spirit (P) (Budd Lake),98 US Highway 46,Budd Lake,Morris 1,201055,Bardstown Origin Series Bottle-In-Bond 1/750 mL Btl,7/15/2026,1.00,6.00,$218.00,$60.91
Klejdi Lamo,191710,Shop Rite Wine & Spirits Stanhope,90 Route 206,Stanhope,Sussex,201058,Bardstown Origin Series High Wheat 1/750 mL Btl,1/24/2025,1.00,24.00,$888.00,$259.64
Klejdi Lamo,191710,Shop Rite Wine & Spirits Stanhope,90 Route 206,Stanhope,Sussex,201063,Bardstown Collaboration Series Goose Island 1/750 mL Btl,6/26/2025,1.00,2.00,$149.33,$39.64
Klejdi Lamo,191814,Sandy's Wine & Spirit (P) (Budd Lake),98 US Highway 46,Budd Lake,Morris 1,201072,Green River Bourbon 250th Army Anniversary 1/750 mL,7/30/2025,1.00,6.00,$218.00,$60.91
Klejdi Lamo,190216,House of Wine & Liquor,308 E Wootton St,Boonton,Morris 1,201072,Green River Bourbon 250th Army Anniversary 1/750 mL,7/17/2025,1.00,6.00,$218.00,$60.91
Klejdi Lamo,190101,Montville Wine & Spirits,223 Changebridge Road,Montville,Morris 1,201051,Green River Bourbon 1/750 mL Btl,4/29/2026,1.00,1.00,$26.83,$8.82
Klejdi Lamo,190207,Liquor Outlet,289 Myrtle Ave,Boonton,Morris 1,201057,Bardstown Origin Series Double Barrel Rye 1/750 mL Btl,3/5/2026,1.00,0.00,($26.00),($26.00)
Klejdi Lamo,191710,Shop Rite Wine & Spirits Stanhope,90 Route 206,Stanhope,Sussex,201056,Bardstown Origin Series Bourbon 1/750 mL Btl,12/29/2025,1.00,6.00,$208.00,$66.91
Klejdi Lamo,191710,Shop Rite Wine & Spirits Stanhope,90 Route 206,Stanhope,Sussex,201064,Bardstown Collaboration Series Silver Oak 1/750 mL Btl,6/26/2025,1.00,2.00,$209.33,$54.30
Klejdi Lamo,191814,Sandy's Wine & Spirit (P) (Budd Lake),98 US Highway 46,Budd Lake,Morris 1,201057,Bardstown Origin Series Double Barrel Rye 1/750 mL Btl,6/2/2026,1.00,6.00,$218.00,$60.91
Klejdi Lamo,190207,Liquor Outlet,289 Myrtle Ave,Boonton,Morris 1,201058,Bardstown Origin Series High Wheat 1/750 mL Btl,1/16/2026,1.00,6.00,$226.00,$68.91
Klejdi Lamo,191814,Sandy's Wine & Spirit (P) (Budd Lake),98 US Highway 46,Budd Lake,Morris 1,201056,Bardstown Origin Series Bourbon 1/750 mL Btl,6/2/2026,1.00,6.00,$196.00,$54.91
Klejdi Lamo,190216,House of Wine & Liquor,308 E Wootton St,Boonton,Morris 1,201054,Green River Wheated 1/750 mL,1/16/2025,1.00,6.00,$154.00,$152.91
Klejdi Lamo,190101,Montville Wine & Spirits,223 Changebridge Road,Montville,Morris 1,201056,Bardstown Origin Series Bourbon 1/750 mL Btl,4/29/2026,1.00,6.00,$208.00,$66.91
Klejdi Lamo,191710,Shop Rite Wine & Spirits Stanhope,90 Route 206,Stanhope,Sussex,201052,Green River Full Proof 1/750 mL,1/16/2025,1.00,24.00,$872.00,$867.64
Klejdi Lamo,191710,Shop Rite Wine & Spirits Stanhope,90 Route 206,Stanhope,Sussex,201077,Green River Honey 1/750 mL Btl,5/7/2026,1.00,18.00,$330.00,$107.73
Klejdi Lamo,190207,Liquor Outlet,289 Myrtle Ave,Boonton,Morris 1,201060,Bardstown Discovery Series #11 1/750 mL Btl,6/26/2025,1.00,1.00,$104.67,$27.15
Klejdi Lamo,190207,Liquor Outlet,289 Myrtle Ave,Boonton,Morris 1,201076,Green River Wheated Full Proof 1/750 ml Btl,7/3/2026,1.00,12.00,$436.00,$121.82
Klejdi Lamo,190216,House of Wine & Liquor,308 E Wootton St,Boonton,Morris 1,201071,Bardstown Single Barrel GSPD #3 1/750 mL Btl,7/17/2025,1.00,3.00,$190.00,$56.96
Klejdi Lamo,190208,Boonton Liquor Locker,119 Hawkins Pl,Boonton,Morris 1,201075,Green River Single Barrel Wheated 1/1/750mL Btl,12/12/2025,1.00,6.00,$267.96,$71.87
Klejdi Lamo,190804,Midtown Liq,101 White Meadow Rd,Rockaway,Morris 1,201052,Green River Full Proof 1/750 mL,10/27/2025,1.00,6.00,$218.00,$60.91
Klejdi Lamo,190216,House of Wine & Liquor,308 E Wootton St,Boonton,Morris 1,201054,Green River Wheated 1/750 mL,10/23/2025,1.00,18.00,$456.00,$131.73
Klejdi Lamo,191210,Milton Inn,3 Ridge Rd & Berkshire,Oak Ridge,Morris 1,201056,Bardstown Origin Series Bourbon 1/750 mL Btl,7/22/2025,1.00,1.00,$34.00,$10.49
Klejdi Lamo,191608,Shop-Rite(A) Netcong,75 Us-46 Lackawanna Plaza,Netcong,Morris 1,201056,Bardstown Origin Series Bourbon 1/750 mL Btl,2/7/2025,1.00,6.00,$196.00,$54.91
Klejdi Lamo,190207,Liquor Outlet,289 Myrtle Ave,Boonton,Morris 1,201057,Bardstown Origin Series Double Barrel Rye 1/750 mL Btl,1/16/2026,1.00,6.00,$226.00,$68.91
Klejdi Lamo,190917,Shop Rite Liq (A)Wharton,306 NJ-15,Wharton,Morris 3,201055,Bardstown Origin Series Bottle-In-Bond 1/750 mL Btl,3/10/2025,1.00,12.00,$436.00,$121.82
Klejdi Lamo,191608,Shop-Rite(A) Netcong,75 Us-46 Lackawanna Plaza,Netcong,Morris 1,201052,Green River Full Proof 1/750 mL,2/27/2025,1.00,6.00,$218.00,$60.91
Klejdi Lamo,190208,Boonton Liquor Locker,119 Hawkins Pl,Boonton,Morris 1,201058,Bardstown Origin Series High Wheat 1/750 mL Btl,2/7/2025,1.00,6.00,$222.00,$64.91
Klejdi Lamo,190917,Shop Rite Liq (A)Wharton,306 NJ-15,Wharton,Morris 3,201056,Bardstown Origin Series Bourbon 1/750 mL Btl,3/9/2026,1.00,6.00,$196.00,$54.91
Klejdi Lamo,191713,Stanhope Liquors,141 Rt 183,Stanhope,Sussex,201058,Bardstown Origin Series High Wheat 1/750 mL Btl,1/28/2025,1.00,3.00,$115.00,$36.46
Klejdi Lamo,191518,3 IN 1 LIQUORS INC,47 Hopatchung Rd,Hopatcong,Sussex,201056,Bardstown Origin Series Bourbon 1/750 mL Btl,2/26/2025,1.00,6.00,$204.00,($1.09)
Klejdi Lamo,190917,Shop Rite Liq (A)Wharton,306 NJ-15,Wharton,Morris 3,201054,Green River Wheated 1/750 mL,1/16/2026,1.00,6.00,$154.00,$45.91
Klejdi Lamo,190216,House of Wine & Liquor,308 E Wootton St,Boonton,Morris 1,201058,Bardstown Origin Series High Wheat 1/750 mL Btl,1/27/2025,1.00,30.00,"$1,090.00",$304.55
Klejdi Lamo,190207,Liquor Outlet,289 Myrtle Ave,Boonton,Morris 1,201051,Green River Bourbon 1/750 mL Btl,4/4/2025,1.00,6.00,$154.00,$45.91
Klejdi Lamo,191210,Milton Inn,3 Ridge Rd & Berkshire,Oak Ridge,Morris 1,201051,Green River Bourbon 1/750 mL Btl,6/2/2026,1.00,3.00,$80.50,$26.46
Klejdi Lamo,190207,Liquor Outlet,289 Myrtle Ave,Boonton,Morris 1,201052,Green River Full Proof 1/750 mL,1/16/2025,1.00,12.00,$436.00,$433.82
Klejdi Lamo,191608,Shop-Rite(A) Netcong,75 Us-46 Lackawanna Plaza,Netcong,Morris 1,201055,Bardstown Origin Series Bottle-In-Bond 1/750 mL Btl,2/7/2025,1.00,6.00,$218.00,$60.91
Klejdi Lamo,191210,Milton Inn,3 Ridge Rd & Berkshire,Oak Ridge,Morris 1,201053,Green River Rye 1/750 mL,6/30/2026,1.00,3.00,$80.50,$26.46
Klejdi Lamo,191210,Milton Inn,3 Ridge Rd & Berkshire,Oak Ridge,Morris 1,201053,Green River Rye 1/750 mL,10/7/2025,1.00,3.00,$81.00,$26.96
Klejdi Lamo,191710,Shop Rite Wine & Spirits Stanhope,90 Route 206,Stanhope,Sussex,201062,Bardstown Collaboration Series Amrut 1/750 mL Btl,6/26/2025,1.00,2.00,$209.33,$54.30
Klejdi Lamo,190216,House of Wine & Liquor,308 E Wootton St,Boonton,Morris 1,201073,Bardstown Collaboration Series Pierre Ferrand 1/750 mL Btl,9/18/2025,1.00,6.00,$615.96,$150.87
Klejdi Lamo,190913,Main Street Liquor,340 S Main St,Wharton,Morris 1,201052,Green River Full Proof 1/750 mL,2/27/2025,1.00,1.00,$38.67,$12.49
Klejdi Lamo,191710,Shop Rite Wine & Spirits Stanhope,90 Route 206,Stanhope,Sussex,201057,Bardstown Origin Series Double Barrel Rye 1/750 mL Btl,1/16/2025,1.00,6.00,$218.00,$216.91
Klejdi Lamo,191710,Shop Rite Wine & Spirits Stanhope,90 Route 206,Stanhope,Sussex,201070,Bardstown Single Barrel GSPD #2 1/750 mL Btl,6/26/2025,1.00,3.00,$190.00,$56.96
Klejdi Lamo,190207,Liquor Outlet,289 Myrtle Ave,Boonton,Morris 1,201064,Bardstown Collaboration Series Silver Oak 1/750 mL Btl,4/8/2025,1.00,2.00,$209.33,$54.30
Klejdi Lamo,191210,Milton Inn,3 Ridge Rd & Berkshire,Oak Ridge,Morris 1,201051,Green River Bourbon 1/750 mL Btl,1/6/2026,1.00,2.00,$53.67,$17.64
Klejdi Lamo,191210,Milton Inn,3 Ridge Rd & Berkshire,Oak Ridge,Morris 1,201054,Green River Wheated 1/750 mL,10/7/2025,1.00,3.00,$81.00,$26.96
Klejdi Lamo,191710,Shop Rite Wine & Spirits Stanhope,90 Route 206,Stanhope,Sussex,201076,Green River Wheated Full Proof 1/750 ml Btl,2/20/2026,1.00,18.00,$654.00,$182.73
Klejdi Lamo,190304,Shoppers Disc Liquor,65-69 N Beverwyck Rd,Lake Hiawatha,Morris 1,201051,Green River Bourbon 1/750 mL Btl,4/29/2025,1.00,1.00,$27.17,$9.15
Klejdi Lamo,190207,Liquor Outlet,289 Myrtle Ave,Boonton,Morris 1,201073,Bardstown Collaboration Series Pierre Ferrand 1/750 mL Btl,12/10/2025,1.00,6.00,$633.96,$168.87
Klejdi Lamo,190917,Shop Rite Liq (A)Wharton,306 NJ-15,Wharton,Morris 3,201058,Bardstown Origin Series High Wheat 1/750 mL Btl,5/27/2025,1.00,6.00,$218.00,$60.91
Klejdi Lamo,190804,Midtown Liq,101 White Meadow Rd,Rockaway,Morris 1,201053,Green River Rye 1/750 mL,10/27/2025,1.00,3.00,$76.00,$21.96
Klejdi Lamo,191210,Milton Inn,3 Ridge Rd & Berkshire,Oak Ridge,Morris 1,201053,Green River Rye 1/750 mL,3/25/2025,1.00,3.00,$77.00,$22.96
Klejdi Lamo,190207,Liquor Outlet,289 Myrtle Ave,Boonton,Morris 1,201057,Bardstown Origin Series Double Barrel Rye 1/750 mL Btl,2/5/2025,1.00,6.00,$218.00,$60.91
Klejdi Lamo,190207,Liquor Outlet,289 Myrtle Ave,Boonton,Morris 1,201075,Green River Single Barrel Wheated 1/1/750mL Btl,12/10/2025,1.00,12.00,$535.92,$143.74
Klejdi Lamo,190208,Boonton Liquor Locker,119 Hawkins Pl,Boonton,Morris 1,201063,Bardstown Collaboration Series Goose Island 1/750 mL Btl,6/26/2025,1.00,1.00,$75.67,$20.82
Klejdi Lamo,191710,Shop Rite Wine & Spirits Stanhope,90 Route 206,Stanhope,Sussex,201071,Bardstown Single Barrel GSPD #3 1/750 mL Btl,6/26/2025,1.00,3.00,$190.00,$56.96
Klejdi Lamo,191604,The Village Place,31 Allen St,Netcong,Morris 1,201051,Green River Bourbon 1/750 mL Btl,2/28/2025,1.00,1.00,$27.17,$9.15
Klejdi Lamo,191814,Sandy's Wine & Spirit (P) (Budd Lake),98 US Highway 46,Budd Lake,Morris 1,201058,Bardstown Origin Series High Wheat 1/750 mL Btl,9/30/2025,1.00,6.00,$218.00,$60.91
Klejdi Lamo,191518,3 IN 1 LIQUORS INC,47 Hopatchung Rd,Hopatcong,Sussex,201052,Green River Full Proof 1/750 mL,2/19/2025,1.00,6.00,$226.00,$68.91
Klejdi Lamo,190208,Boonton Liquor Locker,119 Hawkins Pl,Boonton,Morris 1,201056,Bardstown Origin Series Bourbon 1/750 mL Btl,2/28/2025,1.00,12.00,$392.00,($18.18)
Klejdi Lamo,190207,Liquor Outlet,289 Myrtle Ave,Boonton,Morris 1,201060,Bardstown Discovery Series #11 1/750 mL Btl,9/15/2025,1.00,1.00,$104.67,$27.15
Klejdi Lamo,191210,Milton Inn,3 Ridge Rd & Berkshire,Oak Ridge,Morris 1,201054,Green River Wheated 1/750 mL,12/16/2025,1.00,6.00,$161.00,$52.91
Klejdi Lamo,191814,Sandy's Wine & Spirit (P) (Budd Lake),98 US Highway 46,Budd Lake,Morris 1,201051,Green River Bourbon 1/750 mL Btl,4/15/2025,1.00,12.00,$308.00,$91.82
Klejdi Lamo,190207,Liquor Outlet,289 Myrtle Ave,Boonton,Morris 1,201058,Bardstown Origin Series High Wheat 1/750 mL Btl,4/17/2025,1.00,12.00,$436.00,$121.82
Klejdi Lamo,190207,Liquor Outlet,289 Myrtle Ave,Boonton,Morris 1,201059,Bardstown Discovery Series #10 1/750 mL Btl,9/15/2025,1.00,3.00,$314.00,$81.46
Klejdi Lamo,190208,Boonton Liquor Locker,119 Hawkins Pl,Boonton,Morris 1,201056,Bardstown Origin Series Bourbon 1/750 mL Btl,12/12/2025,1.00,6.00,$196.00,$54.91
Klejdi Lamo,190804,Midtown Liq,101 White Meadow Rd,Rockaway,Morris 1,201055,Bardstown Origin Series Bottle-In-Bond 1/750 mL Btl,10/27/2025,1.00,3.00,$109.00,$30.46
Klejdi Lamo,190917,Shop Rite Liq (A)Wharton,306 NJ-15,Wharton,Morris 3,201051,Green River Bourbon 1/750 mL Btl,5/26/2026,1.00,18.00,$462.00,$137.73
Klejdi Lamo,190207,Liquor Outlet,289 Myrtle Ave,Boonton,Morris 1,201054,Green River Wheated 1/750 mL,4/9/2026,1.00,36.00,$852.00,$203.46
Klejdi Lamo,190917,Shop Rite Liq (A)Wharton,306 NJ-15,Wharton,Morris 3,201072,Green River Bourbon 250th Army Anniversary 1/750 mL,1/12/2026,1.00,6.00,$218.00,$60.91
Klejdi Lamo,190917,Shop Rite Liq (A)Wharton,306 NJ-15,Wharton,Morris 3,201055,Bardstown Origin Series Bottle-In-Bond 1/750 mL Btl,1/12/2026,1.00,6.00,$218.00,$60.91
Klejdi Lamo,190207,Liquor Outlet,289 Myrtle Ave,Boonton,Morris 1,201053,Green River Rye 1/750 mL,3/25/2026,1.00,6.00,$161.00,$52.91
Klejdi Lamo,190207,Liquor Outlet,289 Myrtle Ave,Boonton,Morris 1,201056,Bardstown Origin Series Bourbon 1/750 mL Btl,3/5/2025,1.00,6.00,$196.00,($9.09)
Klejdi Lamo,190207,Liquor Outlet,289 Myrtle Ave,Boonton,Morris 1,201069,Bardstown Single Barrel GSPD #1 1/750 mL Btl,6/26/2025,1.00,3.00,$190.00,$56.96
Klejdi Lamo,190207,Liquor Outlet,289 Myrtle Ave,Boonton,Morris 1,201070,Bardstown Single Barrel GSPD #2 1/750 mL Btl,6/26/2025,1.00,3.00,$190.00,$56.96
Klejdi Lamo,190208,Boonton Liquor Locker,119 Hawkins Pl,Boonton,Morris 1,201051,Green River Bourbon 1/750 mL Btl,4/24/2026,1.00,6.00,$161.00,$52.91
Klejdi Lamo,191604,The Village Place,31 Allen St,Netcong,Morris 1,201052,Green River Full Proof 1/750 mL,2/28/2025,1.00,1.00,$38.50,$12.32
Klejdi Lamo,190917,Shop Rite Liq (A)Wharton,306 NJ-15,Wharton,Morris 3,201051,Green River Bourbon 1/750 mL Btl,10/6/2025,1.00,18.00,$456.00,$131.73
Klejdi Lamo,190207,Liquor Outlet,289 Myrtle Ave,Boonton,Morris 1,201056,Bardstown Origin Series Bourbon 1/750 mL Btl,1/24/2025,1.00,6.00,$196.00,$194.91
Klejdi Lamo,191710,Shop Rite Wine & Spirits Stanhope,90 Route 206,Stanhope,Sussex,201053,Green River Rye 1/750 mL,1/16/2025,1.00,12.00,$308.00,$305.82
Klejdi Lamo,190207,Liquor Outlet,289 Myrtle Ave,Boonton,Morris 1,201054,Green River Wheated 1/750 mL,11/5/2025,1.00,12.00,$308.00,$91.82
Klejdi Lamo,190913,Main Street Liquor,340 S Main St,Wharton,Morris 1,201055,Bardstown Origin Series Bottle-In-Bond 1/750 mL Btl,2/13/2025,1.00,1.00,$38.67,$12.49
Klejdi Lamo,191518,3 IN 1 LIQUORS INC,47 Hopatchung Rd,Hopatcong,Sussex,201051,Green River Bourbon 1/750 mL Btl,2/19/2025,1.00,6.00,$162.00,$53.91
Klejdi Lamo,191710,Shop Rite Wine & Spirits Stanhope,90 Route 206,Stanhope,Sussex,201054,Green River Wheated 1/750 mL,3/19/2026,1.00,6.00,$161.00,$52.91
Klejdi Lamo,191210,Milton Inn,3 Ridge Rd & Berkshire,Oak Ridge,Morris 1,201054,Green River Wheated 1/750 mL,4/7/2026,1.00,3.00,$80.50,$26.46
Klejdi Lamo,191210,Milton Inn,3 Ridge Rd & Berkshire,Oak Ridge,Morris 1,201054,Green River Wheated 1/750 mL,1/27/2026,1.00,6.00,$161.00,$52.91
Klejdi Lamo,191710,Shop Rite Wine & Spirits Stanhope,90 Route 206,Stanhope,Sussex,201060,Bardstown Discovery Series #11 1/750 mL Btl,4/15/2025,1.00,1.00,$104.67,$27.15
Klejdi Lamo,190917,Shop Rite Liq (A)Wharton,306 NJ-15,Wharton,Morris 3,201055,Bardstown Origin Series Bottle-In-Bond 1/750 mL Btl,6/2/2025,1.00,0.00,$0.00,$0.00
Klejdi Lamo,190207,Liquor Outlet,289 Myrtle Ave,Boonton,Morris 1,201056,Bardstown Origin Series Bourbon 1/750 mL Btl,1/16/2026,1.00,6.00,$208.00,$66.91
Klejdi Lamo,190207,Liquor Outlet,289 Myrtle Ave,Boonton,Morris 1,201057,Bardstown Origin Series Double Barrel Rye 1/750 mL Btl,1/16/2025,1.00,6.00,$218.00,$216.91
Klejdi Lamo,190917,Shop Rite Liq (A)Wharton,306 NJ-15,Wharton,Morris 3,201075,Green River Single Barrel Wheated 1/1/750mL Btl,12/10/2025,1.00,6.00,$267.96,$71.87
Klejdi Lamo,191814,Sandy's Wine & Spirit (P) (Budd Lake),98 US Highway 46,Budd Lake,Morris 1,201054,Green River Wheated 1/750 mL,9/30/2025,1.00,12.00,$304.00,$87.82
Klejdi Lamo,190208,Boonton Liquor Locker,119 Hawkins Pl,Boonton,Morris 1,201054,Green River Wheated 1/750 mL,12/5/2025,1.00,6.00,$161.00,$52.91
Klejdi Lamo,190208,Boonton Liquor Locker,119 Hawkins Pl,Boonton,Morris 1,201056,Bardstown Origin Series Bourbon 1/750 mL Btl,7/16/2026,1.00,6.00,$196.00,$54.91
Klejdi Lamo,190216,House of Wine & Liquor,308 E Wootton St,Boonton,Morris 1,201061,Bardstown Discovery Series #12 1/750 mL Btl,7/17/2025,1.00,1.00,$104.67,$27.15
Klejdi Lamo,190207,Liquor Outlet,289 Myrtle Ave,Boonton,Morris 1,201058,Bardstown Origin Series High Wheat 1/750 mL Btl,2/11/2025,1.00,6.00,$218.00,$60.91
Klejdi Lamo,190207,Liquor Outlet,289 Myrtle Ave,Boonton,Morris 1,201068,Green River Single Barrel GSPD#3 1/750 mL,6/26/2025,1.00,3.00,$145.00,$46.96
Klejdi Lamo,190216,House of Wine & Liquor,308 E Wootton St,Boonton,Morris 1,201063,Bardstown Collaboration Series Goose Island 1/750 mL Btl,7/17/2025,1.00,2.00,$149.33,$39.64
Klejdi Lamo,191710,Shop Rite Wine & Spirits Stanhope,90 Route 206,Stanhope,Sussex,201066,Green River Single Barrel GSPD #1 1/750 mL,6/26/2025,1.00,3.00,$145.00,$46.96
Klejdi Lamo,190207,Liquor Outlet,289 Myrtle Ave,Boonton,Morris 1,201055,Bardstown Origin Series Bottle-In-Bond 1/750 mL Btl,11/5/2025,1.00,12.00,$436.00,$121.82
Klejdi Lamo,190216,House of Wine & Liquor,308 E Wootton St,Boonton,Morris 1,201075,Green River Single Barrel Wheated 1/1/750mL Btl,12/11/2025,1.00,6.00,$267.96,$71.87
Klejdi Lamo,190216,House of Wine & Liquor,308 E Wootton St,Boonton,Morris 1,201070,Bardstown Single Barrel GSPD #2 1/750 mL Btl,7/17/2025,1.00,3.00,$190.00,$56.96
Klejdi Lamo,191518,3 IN 1 LIQUORS INC,47 Hopatchung Rd,Hopatcong,Sussex,201051,Green River Bourbon 1/750 mL Btl,4/8/2026,1.00,3.00,$80.50,$26.46
Klejdi Lamo,191710,Shop Rite Wine & Spirits Stanhope,90 Route 206,Stanhope,Sussex,201053,Green River Rye 1/750 mL,9/18/2025,1.00,6.00,$152.00,$43.91
Klejdi Lamo,190216,House of Wine & Liquor,308 E Wootton St,Boonton,Morris 1,201063,Bardstown Collaboration Series Goose Island 1/750 mL Btl,4/8/2025,1.00,1.00,$75.67,$20.82
Klejdi Lamo,190913,Main Street Liquor,340 S Main St,Wharton,Morris 1,201056,Bardstown Origin Series Bourbon 1/750 mL Btl,4/10/2025,1.00,1.00,$34.67,$11.15
Klejdi Lamo,191812,Patel Liqr & Gro(P),114 Us-46,Budd Lake,Morris 1,201052,Green River Full Proof 1/750 mL,4/29/2025,1.00,1.00,$38.67,$12.49
Klejdi Lamo,190208,Boonton Liquor Locker,119 Hawkins Pl,Boonton,Morris 1,201055,Bardstown Origin Series Bottle-In-Bond 1/750 mL Btl,1/24/2025,1.00,6.00,$222.00,$220.91
Klejdi Lamo,191210,Milton Inn,3 Ridge Rd & Berkshire,Oak Ridge,Morris 1,201055,Bardstown Origin Series Bottle-In-Bond 1/750 mL Btl,3/17/2026,1.00,6.00,$226.00,$68.91
Klejdi Lamo,191608,Shop-Rite(A) Netcong,75 Us-46 Lackawanna Plaza,Netcong,Morris 1,201058,Bardstown Origin Series High Wheat 1/750 mL Btl,2/7/2025,1.00,6.00,$218.00,$60.91
Klejdi Lamo,190501,House of Wine & Liquor Mountain Lakes,5 Romaine Rd,Mountain Lakes,Morris 1,201052,Green River Full Proof 1/750 mL,2/7/2025,1.00,12.00,$436.00,$121.82
Klejdi Lamo,190207,Liquor Outlet,289 Myrtle Ave,Boonton,Morris 1,201061,Bardstown Discovery Series #12 1/750 mL Btl,4/8/2025,1.00,1.00,$104.67,$27.15
Klejdi Lamo,191803,Kingston Liquors,7 Naughright Rd,Hackettstown,Morris 1,201057,Bardstown Origin Series Double Barrel Rye 1/750 mL Btl,10/21/2025,1.00,3.00,$109.00,$30.46
Klejdi Lamo,190917,Shop Rite Liq (A)Wharton,306 NJ-15,Wharton,Morris 3,201056,Bardstown Origin Series Bourbon 1/750 mL Btl,6/2/2025,1.00,0.00,$0.00,$0.00
Klejdi Lamo,190216,House of Wine & Liquor,308 E Wootton St,Boonton,Morris 1,201054,Green River Wheated 1/750 mL,12/8/2025,1.00,30.00,$770.00,$229.55
Klejdi Lamo,191710,Shop Rite Wine & Spirits Stanhope,90 Route 206,Stanhope,Sussex,201055,Bardstown Origin Series Bottle-In-Bond 1/750 mL Btl,7/1/2026,1.00,6.00,$218.00,$60.91
Klejdi Lamo,190705,Rockaway W/L,73 W Main St,Rockaway,Morris 1,201056,Bardstown Origin Series Bourbon 1/750 mL Btl,5/28/2025,1.00,6.00,$204.00,$62.91
Klejdi Lamo,191210,Milton Inn,3 Ridge Rd & Berkshire,Oak Ridge,Morris 1,201057,Bardstown Origin Series Double Barrel Rye 1/750 mL Btl,2/28/2025,1.00,3.00,$113.00,$34.46
Klejdi Lamo,190207,Liquor Outlet,289 Myrtle Ave,Boonton,Morris 1,201062,Bardstown Collaboration Series Amrut 1/750 mL Btl,9/15/2025,1.00,2.00,$209.33,$54.30
Klejdi Lamo,190917,Shop Rite Liq (A)Wharton,306 NJ-15,Wharton,Morris 3,201054,Green River Wheated 1/750 mL,12/22/2025,1.00,6.00,$154.00,$45.91
Klejdi Lamo,191803,Kingston Liquors,7 Naughright Rd,Hackettstown,Morris 1,201056,Bardstown Origin Series Bourbon 1/750 mL Btl,8/29/2025,1.00,3.00,$104.00,$33.46
Klejdi Lamo,190216,House of Wine & Liquor,308 E Wootton St,Boonton,Morris 1,201077,Green River Honey 1/750 mL Btl,5/15/2026,1.00,6.00,$115.00,$40.91
Klejdi Lamo,190917,Shop Rite Liq (A)Wharton,306 NJ-15,Wharton,Morris 3,201056,Bardstown Origin Series Bourbon 1/750 mL Btl,7/21/2025,1.00,6.00,$196.00,$54.91
Klejdi Lamo,190705,Rockaway W/L,73 W Main St,Rockaway,Morris 1,201058,Bardstown Origin Series High Wheat 1/750 mL Btl,3/12/2026,1.00,6.00,$226.00,$68.91
Klejdi Lamo,190917,Shop Rite Liq (A)Wharton,306 NJ-15,Wharton,Morris 3,201052,Green River Full Proof 1/750 mL,1/17/2025,1.00,6.00,$218.00,$216.91
Klejdi Lamo,190917,Shop Rite Liq (A)Wharton,306 NJ-15,Wharton,Morris 3,201056,Bardstown Origin Series Bourbon 1/750 mL Btl,1/17/2025,1.00,12.00,$392.00,$389.82
Klejdi Lamo,190208,Boonton Liquor Locker,119 Hawkins Pl,Boonton,Morris 1,201077,Green River Honey 1/750 mL Btl,6/5/2026,1.00,6.00,$115.00,$40.91
Klejdi Lamo,190804,Midtown Liq,101 White Meadow Rd,Rockaway,Morris 1,201058,Bardstown Origin Series High Wheat 1/750 mL Btl,10/27/2025,1.00,6.00,$218.00,$60.91
Klejdi Lamo,190917,Shop Rite Liq (A)Wharton,306 NJ-15,Wharton,Morris 3,201051,Green River Bourbon 1/750 mL Btl,1/17/2025,1.00,12.00,$308.00,($978.18)
Klejdi Lamo,191710,Shop Rite Wine & Spirits Stanhope,90 Route 206,Stanhope,Sussex,201058,Bardstown Origin Series High Wheat 1/750 mL Btl,1/28/2026,1.00,6.00,$226.00,$68.91
Klejdi Lamo,190207,Liquor Outlet,289 Myrtle Ave,Boonton,Morris 1,201056,Bardstown Origin Series Bourbon 1/750 mL Btl,4/28/2025,1.00,18.00,$588.00,$164.73
Klejdi Lamo,190216,House of Wine & Liquor,308 E Wootton St,Boonton,Morris 1,201067,Green River Single Barrel GSPD#2 1/750 mL,7/17/2025,1.00,3.00,$145.00,$46.96
Klejdi Lamo,191210,Milton Inn,3 Ridge Rd & Berkshire,Oak Ridge,Morris 1,201053,Green River Rye 1/750 mL,2/28/2025,1.00,3.00,$81.00,$26.96
Klejdi Lamo,190913,Main Street Liquor,340 S Main St,Wharton,Morris 1,201055,Bardstown Origin Series Bottle-In-Bond 1/750 mL Btl,4/23/2026,1.00,1.00,$40.67,$14.49
Klejdi Lamo,191710,Shop Rite Wine & Spirits Stanhope,90 Route 206,Stanhope,Sussex,201072,Green River Bourbon 250th Army Anniversary 1/750 mL,11/6/2025,1.00,18.00,$654.00,$182.73
Klejdi Lamo,190804,Midtown Liq,101 White Meadow Rd,Rockaway,Morris 1,201056,Bardstown Origin Series Bourbon 1/750 mL Btl,10/27/2025,1.00,6.00,$196.00,$54.91
Klejdi Lamo,191710,Shop Rite Wine & Spirits Stanhope,90 Route 206,Stanhope,Sussex,201055,Bardstown Origin Series Bottle-In-Bond 1/750 mL Btl,6/19/2025,1.00,12.00,$436.00,$121.82
Klejdi Lamo,191210,Milton Inn,3 Ridge Rd & Berkshire,Oak Ridge,Morris 1,201053,Green River Rye 1/750 mL,12/9/2025,1.00,2.00,$53.67,$17.64
Klejdi Lamo,190207,Liquor Outlet,289 Myrtle Ave,Boonton,Morris 1,201051,Green River Bourbon 1/750 mL Btl,1/24/2025,1.00,6.00,$154.00,($489.09)
Klejdi Lamo,190302,Basket Of Cheer Ii (Lake Hiawatha),149 N Beverwyck Rd,Lake Hiawatha,Morris 1,201057,Bardstown Origin Series Double Barrel Rye 1/750 mL Btl,2/4/2025,1.00,2.00,$75.33,$22.97
Klejdi Lamo,190208,Boonton Liquor Locker,119 Hawkins Pl,Boonton,Morris 1,201074,Bardstown Discovery #13 1/750 mL Btl,11/7/2025,1.00,3.00,$325.98,$93.44
Klejdi Lamo,190207,Liquor Outlet,289 Myrtle Ave,Boonton,Morris 1,201074,Bardstown Discovery #13 1/750 mL Btl,9/15/2025,1.00,6.00,$615.96,$150.89
Klejdi Lamo,190208,Boonton Liquor Locker,119 Hawkins Pl,Boonton,Morris 1,201055,Bardstown Origin Series Bottle-In-Bond 1/750 mL Btl,5/16/2025,1.00,6.00,$218.00,$60.91
Klejdi Lamo,190302,Basket Of Cheer Ii (Lake Hiawatha),149 N Beverwyck Rd,Lake Hiawatha,Morris 1,201052,Green River Full Proof 1/750 mL,2/11/2025,1.00,2.00,$75.33,$22.97
Klejdi Lamo,190913,Main Street Liquor,340 S Main St,Wharton,Morris 1,201054,Green River Wheated 1/750 mL,2/13/2025,1.00,1.00,$27.33,$9.32
Klejdi Lamo,190207,Liquor Outlet,289 Myrtle Ave,Boonton,Morris 1,201058,Bardstown Origin Series High Wheat 1/750 mL Btl,3/5/2025,1.00,18.00,$654.00,$182.73
Matt Powierski,27032,Cork and Barrel,217 Brook Ave.,Passaic,Sales,201056,Bardstown Origin Series Bourbon 1/750 mL Btl,6/25/2026,1.00,6.00,$208.00,$66.91
Matt Powierski,27032,Cork and Barrel,217 Brook Ave.,Passaic,Sales,201052,Green River Full Proof 1/750 mL,5/14/2026,1.00,6.00,$226.00,$68.91
Matt Powierski,77009,M & M Wine & Spirits,429 Market St,Elmwood Park,Bergen,201058,Bardstown Origin Series High Wheat 1/750 mL Btl,1/24/2025,1.00,6.00,$226.00,$68.91
Matt Powierski,27032,Cork and Barrel,217 Brook Ave.,Passaic,Sales,201068,Green River Single Barrel GSPD#3 1/750 mL,7/8/2025,1.00,2.00,$96.67,$31.30
Matt Powierski,36016,King Liquors,434 Main Ave,Wallington,Bergen,201058,Bardstown Origin Series High Wheat 1/750 mL Btl,2/4/2025,1.00,1.00,$37.67,$11.49
Matt Powierski,42011,Buzzzrite Liquors,269 Route Rt 46 West,Little Ferry,Sales,201056,Bardstown Origin Series Bourbon 1/750 mL Btl,12/23/2025,1.00,6.00,$208.00,$66.91
Matt Powierski,31004,Metro Liquors (East Rutherford),576 Paterson Ave,East Rutherford,Bergen,201055,Bardstown Origin Series Bottle-In-Bond 1/750 mL Btl,3/5/2026,1.00,3.00,$113.00,$34.46
Matt Powierski,27032,Cork and Barrel,217 Brook Ave.,Passaic,Sales,201063,Bardstown Collaboration Series Goose Island 1/750 mL Btl,7/8/2025,1.00,2.00,$149.33,$39.64
Matt Powierski,27032,Cork and Barrel,217 Brook Ave.,Passaic,Sales,201076,Green River Wheated Full Proof 1/750 ml Btl,4/30/2026,1.00,6.00,$226.00,$68.91
Matt Powierski,42004,Wine And People,260 Bergen Tpk,Little Ferry,Bergen,201052,Green River Full Proof 1/750 mL,2/4/2025,1.00,6.00,$218.00,$60.91
Matt Powierski,31004,Metro Liquors (East Rutherford),576 Paterson Ave,East Rutherford,Bergen,201056,Bardstown Origin Series Bourbon 1/750 mL Btl,2/20/2025,1.00,2.00,$68.00,$20.97
Matt Powierski,27032,Cork and Barrel,217 Brook Ave.,Passaic,Sales,201058,Bardstown Origin Series High Wheat 1/750 mL Btl,5/14/2026,1.00,6.00,$226.00,$68.91
Matt Powierski,27032,Cork and Barrel,217 Brook Ave.,Passaic,Sales,201075,Green River Single Barrel Wheated 1/1/750mL Btl,12/17/2025,1.00,11.00,$491.26,$131.76
Matt Powierski,31008,Metro Wine And Liq(A),89 NJ-17,East Rutherford,Bergen,201058,Bardstown Origin Series High Wheat 1/750 mL Btl,3/20/2025,1.00,2.00,$75.33,$22.97
Matt Powierski,37068,Whoopee Liq (A),194 Van Winkle Ave,Garfield,Bergen,201055,Bardstown Origin Series Bottle-In-Bond 1/750 mL Btl,3/12/2025,1.00,1.00,$37.67,$11.49
Matt Powierski,27032,Cork and Barrel,217 Brook Ave.,Passaic,Sales,201056,Bardstown Origin Series Bourbon 1/750 mL Btl,7/17/2025,1.00,6.00,$204.00,$62.91
Matt Powierski,31004,Metro Liquors (East Rutherford),576 Paterson Ave,East Rutherford,Bergen,201058,Bardstown Origin Series High Wheat 1/750 mL Btl,10/2/2025,1.00,3.00,$113.00,$34.46
Matt Powierski,31060,Bottle Republic (Rutherford),10 NJ-17,Rutherford,Bergen,201051,Green River Bourbon 1/750 mL Btl,2/12/2026,1.00,6.00,$154.00,$45.91
Matt Powierski,31004,Metro Liquors (East Rutherford),576 Paterson Ave,East Rutherford,Bergen,201076,Green River Wheated Full Proof 1/750 ml Btl,5/7/2026,1.00,6.00,$226.00,$68.91
Matt Powierski,42004,Wine And People,260 Bergen Tpk,Little Ferry,Bergen,201068,Green River Single Barrel GSPD#3 1/750 mL,7/11/2025,1.00,1.00,$49.33,$16.65
Matt Powierski,42004,Wine And People,260 Bergen Tpk,Little Ferry,Bergen,201063,Bardstown Collaboration Series Goose Island 1/750 mL Btl,6/4/2025,1.00,1.00,$75.67,$20.82
Matt Powierski,77009,M & M Wine & Spirits,429 Market St,Elmwood Park,Bergen,201051,Green River Bourbon 1/750 mL Btl,3/13/2026,1.00,1.00,$26.83,$8.82
Matt Powierski,31060,Bottle Republic (Rutherford),10 NJ-17,Rutherford,Bergen,201077,Green River Honey 1/750 mL Btl,5/8/2026,1.00,36.00,$660.00,$215.46
Matt Powierski,31004,Metro Liquors (East Rutherford),576 Paterson Ave,East Rutherford,Bergen,201056,Bardstown Origin Series Bourbon 1/750 mL Btl,2/27/2025,1.00,3.00,$102.00,($0.54)
Matt Powierski,27032,Cork and Barrel,217 Brook Ave.,Passaic,Sales,201071,Bardstown Single Barrel GSPD #3 1/750 mL Btl,7/8/2025,1.00,2.00,$126.67,$37.97
Matt Powierski,27032,Cork and Barrel,217 Brook Ave.,Passaic,Sales,201076,Green River Wheated Full Proof 1/750 ml Btl,3/12/2026,1.00,6.00,$226.00,$68.91
Matt Powierski,27032,Cork and Barrel,217 Brook Ave.,Passaic,Sales,201056,Bardstown Origin Series Bourbon 1/750 mL Btl,12/4/2025,1.00,6.00,$196.00,$54.91
Matt Powierski,27032,Cork and Barrel,217 Brook Ave.,Passaic,Sales,201059,Bardstown Discovery Series #10 1/750 mL Btl,7/8/2025,1.00,2.00,$209.33,$54.30
Matt Powierski,36007,Shop Rite Of Wallington,375 Paterson Ave,Wallington,Bergen,201072,Green River Bourbon 250th Army Anniversary 1/750 mL,6/5/2026,1.00,6.00,$218.00,$54.37
Matt Powierski,42004,Wine And People,260 Bergen Tpk,Little Ferry,Bergen,201062,Bardstown Collaboration Series Amrut 1/750 mL Btl,6/4/2025,1.00,1.00,$105.67,$28.15
Matt Powierski,32016,Cobblestone Hill Deli,287 Broad St,Carlstadt,Bergen,201057,Bardstown Origin Series Double Barrel Rye 1/750 mL Btl,2/4/2025,1.00,2.00,$75.33,$22.97
Matt Powierski,42004,Wine And People,260 Bergen Tpk,Little Ferry,Bergen,201059,Bardstown Discovery Series #10 1/750 mL Btl,6/4/2025,1.00,2.00,$211.33,$56.30
Matt Powierski,31008,Metro Wine And Liq(A),89 NJ-17,East Rutherford,Bergen,201056,Bardstown Origin Series Bourbon 1/750 mL Btl,3/20/2025,1.00,2.00,$68.00,$20.97
Matt Powierski,32017,Wine Grand (Carlstadt),675 Paterson Ave,Carlstadt,Bergen,201058,Bardstown Origin Series High Wheat 1/750 mL Btl,9/5/2025,1.00,2.00,$75.33,$22.97
Matt Powierski,31008,Metro Wine And Liq(A),89 NJ-17,East Rutherford,Bergen,201058,Bardstown Origin Series High Wheat 1/750 mL Btl,5/2/2025,1.00,3.00,$113.00,$34.46
Matt Powierski,27032,Cork and Barrel,217 Brook Ave.,Passaic,Sales,201052,Green River Full Proof 1/750 mL,2/13/2025,1.00,6.00,$226.00,$68.91
Matt Powierski,32017,Wine Grand (Carlstadt),675 Paterson Ave,Carlstadt,Bergen,201052,Green River Full Proof 1/750 mL,9/5/2025,1.00,2.00,$75.33,$22.97
Matt Powierski,31008,Metro Wine And Liq(A),89 NJ-17,East Rutherford,Bergen,201056,Bardstown Origin Series Bourbon 1/750 mL Btl,3/19/2026,1.00,2.00,$69.33,$22.30
Matt Powierski,32017,Wine Grand (Carlstadt),675 Paterson Ave,Carlstadt,Bergen,201051,Green River Bourbon 1/750 mL Btl,9/5/2025,1.00,2.00,$54.00,$17.97
Matt Powierski,36006,Wallington Liquor and Wine,168 Main Ave,Wallington,Sales,201058,Bardstown Origin Series High Wheat 1/750 mL Btl,3/11/2025,1.00,1.00,$37.67,$11.49
Matt Powierski,31004,Metro Liquors (East Rutherford),576 Paterson Ave,East Rutherford,Bergen,201058,Bardstown Origin Series High Wheat 1/750 mL Btl,3/20/2025,1.00,3.00,$113.00,$34.46
Matt Powierski,27032,Cork and Barrel,217 Brook Ave.,Passaic,Sales,201057,Bardstown Origin Series Double Barrel Rye 1/750 mL Btl,1/23/2025,1.00,6.00,$218.00,$216.91
Matt Powierski,32014,Wine Liquor Shop,434 Hackensack St,Carlstadt,Bergen,201051,Green River Bourbon 1/750 mL Btl,2/27/2025,1.00,3.00,$81.00,$26.96
Matt Powierski,31004,Metro Liquors (East Rutherford),576 Paterson Ave,East Rutherford,Bergen,201051,Green River Bourbon 1/750 mL Btl,5/8/2025,1.00,3.00,$81.00,$26.96
Matt Powierski,31004,Metro Liquors (East Rutherford),576 Paterson Ave,East Rutherford,Bergen,201058,Bardstown Origin Series High Wheat 1/750 mL Btl,3/5/2026,1.00,3.00,$113.00,$34.46
Matt Powierski,31060,Bottle Republic (Rutherford),10 NJ-17,Rutherford,Bergen,201074,Bardstown Discovery #13 1/750 mL Btl,2/25/2026,1.00,6.00,$633.96,$168.87
Matt Powierski,36016,King Liquors,434 Main Ave,Wallington,Bergen,201058,Bardstown Origin Series High Wheat 1/750 mL Btl,10/28/2025,1.00,6.00,$226.00,$68.91
Matt Powierski,27032,Cork and Barrel,217 Brook Ave.,Passaic,Sales,201055,Bardstown Origin Series Bottle-In-Bond 1/750 mL Btl,3/12/2026,1.00,6.00,$226.00,$68.91
Matt Powierski,31004,Metro Liquors (East Rutherford),576 Paterson Ave,East Rutherford,Bergen,201055,Bardstown Origin Series Bottle-In-Bond 1/750 mL Btl,4/10/2025,1.00,3.00,$113.00,$34.46
Matt Powierski,27032,Cork and Barrel,217 Brook Ave.,Passaic,Sales,201066,Green River Single Barrel GSPD #1 1/750 mL,7/8/2025,1.00,2.00,$96.67,$31.30
Matt Powierski,36006,Wallington Liquor and Wine,168 Main Ave,Wallington,Sales,201057,Bardstown Origin Series Double Barrel Rye 1/750 mL Btl,3/11/2025,1.00,1.00,$37.67,$11.49
Matt Powierski,27032,Cork and Barrel,217 Brook Ave.,Passaic,Sales,201058,Bardstown Origin Series High Wheat 1/750 mL Btl,1/30/2025,1.00,12.00,$452.00,$137.82
Matt Powierski,27032,Cork and Barrel,217 Brook Ave.,Passaic,Sales,201054,Green River Wheated 1/750 mL,3/12/2026,1.00,6.00,$161.00,$52.91
Matt Powierski,36006,Wallington Liquor and Wine,168 Main Ave,Wallington,Sales,201055,Bardstown Origin Series Bottle-In-Bond 1/750 mL Btl,3/11/2025,1.00,2.00,$75.33,$22.97
Matt Powierski,31004,Metro Liquors (East Rutherford),576 Paterson Ave,East Rutherford,Bergen,201055,Bardstown Origin Series Bottle-In-Bond 1/750 mL Btl,3/20/2025,1.00,2.00,$75.33,$22.97
Matt Powierski,42004,Wine And People,260 Bergen Tpk,Little Ferry,Bergen,201067,Green River Single Barrel GSPD#2 1/750 mL,7/11/2025,1.00,1.00,$49.33,$16.65
Matt Powierski,27032,Cork and Barrel,217 Brook Ave.,Passaic,Sales,201062,Bardstown Collaboration Series Amrut 1/750 mL Btl,7/8/2025,1.00,2.00,$209.33,$54.30
Matt Powierski,36007,Shop Rite Of Wallington,375 Paterson Ave,Wallington,Bergen,201072,Green River Bourbon 250th Army Anniversary 1/750 mL,5/19/2026,1.00,1.00,$38.67,$11.40
Matt Powierski,42004,Wine And People,260 Bergen Tpk,Little Ferry,Bergen,201073,Bardstown Collaboration Series Pierre Ferrand 1/750 mL Btl,5/22/2026,1.00,1.00,$108.66,$31.15
Matt Powierski,42004,Wine And People,260 Bergen Tpk,Little Ferry,Bergen,201064,Bardstown Collaboration Series Silver Oak 1/750 mL Btl,6/4/2025,1.00,1.00,$105.67,$28.15
Matt Powierski,42004,Wine And People,260 Bergen Tpk,Little Ferry,Bergen,201058,Bardstown Origin Series High Wheat 1/750 mL Btl,2/4/2025,1.00,6.00,$218.00,$60.91
Matt Powierski,27032,Cork and Barrel,217 Brook Ave.,Passaic,Sales,201055,Bardstown Origin Series Bottle-In-Bond 1/750 mL Btl,4/3/2025,1.00,6.00,$226.00,$68.91
Matt Powierski,31004,Metro Liquors (East Rutherford),576 Paterson Ave,East Rutherford,Bergen,201051,Green River Bourbon 1/750 mL Btl,2/20/2025,1.00,3.00,$81.00,$26.96
Matt Powierski,27032,Cork and Barrel,217 Brook Ave.,Passaic,Sales,201055,Bardstown Origin Series Bottle-In-Bond 1/750 mL Btl,1/23/2025,1.00,6.00,$218.00,$216.91
Matt Powierski,31008,Metro Wine And Liq(A),89 NJ-17,East Rutherford,Bergen,201055,Bardstown Origin Series Bottle-In-Bond 1/750 mL Btl,3/19/2026,1.00,2.00,$75.33,$22.97
Matt Powierski,31004,Metro Liquors (East Rutherford),576 Paterson Ave,East Rutherford,Bergen,201051,Green River Bourbon 1/750 mL Btl,2/19/2026,1.00,1.00,$26.83,$8.82
Matt Powierski,27032,Cork and Barrel,217 Brook Ave.,Passaic,Sales,201063,Bardstown Collaboration Series Goose Island 1/750 mL Btl,5/16/2025,1.00,1.00,$75.67,$20.82
Matt Powierski,31004,Metro Liquors (East Rutherford),576 Paterson Ave,East Rutherford,Bergen,201052,Green River Full Proof 1/750 mL,2/20/2025,1.00,3.00,$113.00,$34.46
Matt Powierski,37068,Whoopee Liq (A),194 Van Winkle Ave,Garfield,Bergen,201058,Bardstown Origin Series High Wheat 1/750 mL Btl,9/10/2025,1.00,3.00,$122.00,$43.46
Matt Powierski,32017,Wine Grand (Carlstadt),675 Paterson Ave,Carlstadt,Bergen,201054,Green River Wheated 1/750 mL,9/5/2025,1.00,2.00,$54.00,$17.97
Matt Powierski,31004,Metro Liquors (East Rutherford),576 Paterson Ave,East Rutherford,Bergen,201052,Green River Full Proof 1/750 mL,5/8/2025,1.00,3.00,$113.00,$34.46
Matt Powierski,32017,Wine Grand (Carlstadt),675 Paterson Ave,Carlstadt,Bergen,201056,Bardstown Origin Series Bourbon 1/750 mL Btl,2/4/2025,1.00,2.00,$68.00,$20.97
Matt Powierski,31004,Metro Liquors (East Rutherford),576 Paterson Ave,East Rutherford,Bergen,201051,Green River Bourbon 1/750 mL Btl,3/5/2026,1.00,3.00,$80.50,$26.46
Matt Powierski,31004,Metro Liquors (East Rutherford),576 Paterson Ave,East Rutherford,Bergen,201056,Bardstown Origin Series Bourbon 1/750 mL Btl,4/10/2025,1.00,3.00,$102.00,$31.46
Matt Powierski,37068,Whoopee Liq (A),194 Van Winkle Ave,Garfield,Bergen,201055,Bardstown Origin Series Bottle-In-Bond 1/750 mL Btl,3/4/2026,1.00,2.00,$81.33,$28.97
Matt Powierski,27032,Cork and Barrel,217 Brook Ave.,Passaic,Sales,201057,Bardstown Origin Series Double Barrel Rye 1/750 mL Btl,12/4/2025,1.00,6.00,$218.00,$60.91
Matt Powierski,36006,Wallington Liquor and Wine,168 Main Ave,Wallington,Sales,201056,Bardstown Origin Series Bourbon 1/750 mL Btl,3/11/2025,1.00,2.00,$68.00,$20.97
Matt Powierski,31004,Metro Liquors (East Rutherford),576 Paterson Ave,East Rutherford,Bergen,201077,Green River Honey 1/750 mL Btl,5/14/2026,1.00,6.00,$115.00,$40.91
Matt Powierski,32017,Wine Grand (Carlstadt),675 Paterson Ave,Carlstadt,Bergen,201057,Bardstown Origin Series Double Barrel Rye 1/750 mL Btl,2/4/2025,1.00,1.00,$37.67,$11.49
Matt Powierski,42004,Wine And People,260 Bergen Tpk,Little Ferry,Bergen,201056,Bardstown Origin Series Bourbon 1/750 mL Btl,2/4/2025,1.00,6.00,$196.00,$54.91
Matt Powierski,27032,Cork and Barrel,217 Brook Ave.,Passaic,Sales,201056,Bardstown Origin Series Bourbon 1/750 mL Btl,4/24/2025,1.00,6.00,$204.00,$62.91
Matt Powierski,42004,Wine And People,260 Bergen Tpk,Little Ferry,Bergen,201077,Green River Honey 1/750 mL Btl,5/8/2026,1.00,18.00,$330.00,$107.73
Matt Powierski,27032,Cork and Barrel,217 Brook Ave.,Passaic,Sales,201056,Bardstown Origin Series Bourbon 1/750 mL Btl,1/23/2025,1.00,6.00,$196.00,$194.91
Matt Powierski,27032,Cork and Barrel,217 Brook Ave.,Passaic,Sales,201055,Bardstown Origin Series Bottle-In-Bond 1/750 mL Btl,9/11/2025,1.00,6.00,$226.00,$68.91
Matt Powierski,42004,Wine And People,260 Bergen Tpk,Little Ferry,Bergen,201070,Bardstown Single Barrel GSPD #2 1/750 mL Btl,7/11/2025,1.00,1.00,$64.33,$19.99
Matt Powierski,31008,Metro Wine And Liq(A),89 NJ-17,East Rutherford,Bergen,201056,Bardstown Origin Series Bourbon 1/750 mL Btl,5/2/2025,1.00,3.00,$102.00,$31.46
Matt Powierski,32016,Cobblestone Hill Deli,287 Broad St,Carlstadt,Bergen,201058,Bardstown Origin Series High Wheat 1/750 mL Btl,2/4/2025,1.00,1.00,$37.67,$11.49
Matt Powierski,27032,Cork and Barrel,217 Brook Ave.,Passaic,Sales,201059,Bardstown Discovery Series #10 1/750 mL Btl,5/16/2025,1.00,1.00,$105.67,$28.15
Matt Powierski,27032,Cork and Barrel,217 Brook Ave.,Passaic,Sales,201069,Bardstown Single Barrel GSPD #1 1/750 mL Btl,7/8/2025,1.00,2.00,$126.67,$37.97
Matt Powierski,42004,Wine And People,260 Bergen Tpk,Little Ferry,Bergen,201054,Green River Wheated 1/750 mL,1/23/2026,1.00,18.00,$462.00,$137.73
Matt Powierski,27032,Cork and Barrel,217 Brook Ave.,Passaic,Sales,201058,Bardstown Origin Series High Wheat 1/750 mL Btl,12/4/2025,1.00,12.00,$436.00,$121.82
Matt Powierski,36007,Shop Rite Of Wallington,375 Paterson Ave,Wallington,Bergen,201054,Green River Wheated 1/750 mL,4/8/2025,1.00,6.00,$162.00,$53.91
Matt Powierski,36016,King Liquors,434 Main Ave,Wallington,Bergen,201055,Bardstown Origin Series Bottle-In-Bond 1/750 mL Btl,2/4/2025,1.00,2.00,$75.33,$22.97
Matt Powierski,31004,Metro Liquors (East Rutherford),576 Paterson Ave,East Rutherford,Bergen,201052,Green River Full Proof 1/750 mL,2/19/2026,1.00,2.00,$75.33,$22.97
Matt Powierski,27032,Cork and Barrel,217 Brook Ave.,Passaic,Sales,201055,Bardstown Origin Series Bottle-In-Bond 1/750 mL Btl,12/4/2025,1.00,6.00,$218.00,$60.91
Matt Powierski,31060,Bottle Republic (Rutherford),10 NJ-17,Rutherford,Bergen,201055,Bardstown Origin Series Bottle-In-Bond 1/750 mL Btl,2/12/2026,1.00,6.00,$218.00,$60.91
Matt Powierski,42004,Wine And People,260 Bergen Tpk,Little Ferry,Bergen,201057,Bardstown Origin Series Double Barrel Rye 1/750 mL Btl,2/4/2025,1.00,6.00,$218.00,$60.91
Matt Powierski,27032,Cork and Barrel,217 Brook Ave.,Passaic,Sales,201056,Bardstown Origin Series Bourbon 1/750 mL Btl,9/4/2025,1.00,6.00,$208.00,$66.91
Matt Powierski,42004,Wine And People,260 Bergen Tpk,Little Ferry,Bergen,201051,Green River Bourbon 1/750 mL Btl,1/22/2026,1.00,6.00,$154.00,$45.91
Matt Powierski,77009,M & M Wine & Spirits,429 Market St,Elmwood Park,Bergen,201056,Bardstown Origin Series Bourbon 1/750 mL Btl,1/24/2025,1.00,6.00,$204.00,$202.91
Matt Powierski,31008,Metro Wine And Liq(A),89 NJ-17,East Rutherford,Bergen,201055,Bardstown Origin Series Bottle-In-Bond 1/750 mL Btl,6/18/2025,1.00,3.00,$115.00,$36.46
Matt Powierski,31004,Metro Liquors (East Rutherford),576 Paterson Ave,East Rutherford,Bergen,201054,Green River Wheated 1/750 mL,3/5/2026,1.00,3.00,$80.50,$26.46
Matt Powierski,27032,Cork and Barrel,217 Brook Ave.,Passaic,Sales,201058,Bardstown Origin Series High Wheat 1/750 mL Btl,4/3/2025,1.00,6.00,$226.00,$68.91
Matt Powierski,42004,Wine And People,260 Bergen Tpk,Little Ferry,Bergen,201074,Bardstown Discovery #13 1/750 mL Btl,5/22/2026,1.00,1.00,$108.66,$31.15
Matt Powierski,31060,Bottle Republic (Rutherford),10 NJ-17,Rutherford,Bergen,201057,Bardstown Origin Series Double Barrel Rye 1/750 mL Btl,2/12/2026,1.00,6.00,$218.00,$60.91
Matt Powierski,31004,Metro Liquors (East Rutherford),576 Paterson Ave,East Rutherford,Bergen,201055,Bardstown Origin Series Bottle-In-Bond 1/750 mL Btl,10/2/2025,1.00,3.00,$113.00,$34.46
Matt Powierski,32017,Wine Grand (Carlstadt),675 Paterson Ave,Carlstadt,Bergen,201055,Bardstown Origin Series Bottle-In-Bond 1/750 mL Btl,2/4/2025,1.00,2.00,$75.33,$22.97
Matt Powierski,32014,Wine Liquor Shop,434 Hackensack St,Carlstadt,Bergen,201055,Bardstown Origin Series Bottle-In-Bond 1/750 mL Btl,2/27/2025,1.00,3.00,$113.00,($0.54)
Matt Powierski,32017,Wine Grand (Carlstadt),675 Paterson Ave,Carlstadt,Bergen,201056,Bardstown Origin Series Bourbon 1/750 mL Btl,9/5/2025,1.00,2.00,$69.33,$22.30
Matt Powierski,27032,Cork and Barrel,217 Brook Ave.,Passaic,Sales,201055,Bardstown Origin Series Bottle-In-Bond 1/750 mL Btl,6/19/2025,1.00,6.00,$226.00,$68.91
Matt Powierski,27032,Cork and Barrel,217 Brook Ave.,Passaic,Sales,201058,Bardstown Origin Series High Wheat 1/750 mL Btl,9/4/2025,1.00,6.00,$226.00,$68.91
Matt Powierski,37068,Whoopee Liq (A),194 Van Winkle Ave,Garfield,Bergen,201056,Bardstown Origin Series Bourbon 1/750 mL Btl,3/12/2025,1.00,4.00,$136.00,$41.94
Matt Powierski,32017,Wine Grand (Carlstadt),675 Paterson Ave,Carlstadt,Bergen,201058,Bardstown Origin Series High Wheat 1/750 mL Btl,2/4/2025,1.00,1.00,$37.67,$11.49
Matt Powierski,31060,Bottle Republic (Rutherford),10 NJ-17,Rutherford,Bergen,201054,Green River Wheated 1/750 mL,2/12/2026,1.00,6.00,$154.00,$45.91
Matt Powierski,37068,Whoopee Liq (A),194 Van Winkle Ave,Garfield,Bergen,201058,Bardstown Origin Series High Wheat 1/750 mL Btl,3/12/2025,1.00,1.00,$37.67,$11.49
Matt Powierski,36016,King Liquors,434 Main Ave,Wallington,Bergen,201055,Bardstown Origin Series Bottle-In-Bond 1/750 mL Btl,10/28/2025,1.00,6.00,$226.00,$68.91
Matt Powierski,37001,Good Fella's (Z) Rest.,661 Midland Ave,Garfield,Bergen,201058,Bardstown Origin Series High Wheat 1/750 mL Btl,4/23/2025,1.00,1.00,$38.67,$12.49
Matt Powierski,42004,Wine And People,260 Bergen Tpk,Little Ferry,Bergen,201066,Green River Single Barrel GSPD #1 1/750 mL,7/11/2025,1.00,1.00,$49.33,$16.65
Matt Powierski,32014,Wine Liquor Shop,434 Hackensack St,Carlstadt,Bergen,201052,Green River Full Proof 1/750 mL,2/27/2025,1.00,3.00,$113.00,$34.46
Matt Powierski,31060,Bottle Republic (Rutherford),10 NJ-17,Rutherford,Bergen,201056,Bardstown Origin Series Bourbon 1/750 mL Btl,2/12/2026,1.00,6.00,$196.00,$54.91
Matt Powierski,36016,King Liquors,434 Main Ave,Wallington,Bergen,201057,Bardstown Origin Series Double Barrel Rye 1/750 mL Btl,2/4/2025,1.00,1.00,$37.67,$11.49
Matt Powierski,27032,Cork and Barrel,217 Brook Ave.,Passaic,Sales,201057,Bardstown Origin Series Double Barrel Rye 1/750 mL Btl,4/30/2026,1.00,6.00,$226.00,$68.91
Matt Powierski,36016,King Liquors,434 Main Ave,Wallington,Bergen,201056,Bardstown Origin Series Bourbon 1/750 mL Btl,2/4/2025,1.00,2.00,$68.00,$20.97
Matt Powierski,31004,Metro Liquors (East Rutherford),576 Paterson Ave,East Rutherford,Bergen,201054,Green River Wheated 1/750 mL,3/19/2026,1.00,6.00,$161.00,$52.91
Matt Powierski,27032,Cork and Barrel,217 Brook Ave.,Passaic,Sales,201067,Green River Single Barrel GSPD#2 1/750 mL,7/8/2025,1.00,2.00,$96.67,$31.30
Matt Powierski,31004,Metro Liquors (East Rutherford),576 Paterson Ave,East Rutherford,Bergen,201051,Green River Bourbon 1/750 mL Btl,8/28/2025,1.00,3.00,$81.00,$26.96
Matt Powierski,31060,Bottle Republic (Rutherford),10 NJ-17,Rutherford,Bergen,201058,Bardstown Origin Series High Wheat 1/750 mL Btl,2/12/2026,1.00,6.00,$218.00,$60.91
Matt Powierski,32016,Cobblestone Hill Deli,287 Broad St,Carlstadt,Bergen,201056,Bardstown Origin Series Bourbon 1/750 mL Btl,2/4/2025,1.00,2.00,$68.00,$20.97
Matt Powierski,31004,Metro Liquors (East Rutherford),576 Paterson Ave,East Rutherford,Bergen,201051,Green River Bourbon 1/750 mL Btl,11/6/2025,1.00,6.00,$161.00,$52.91
Matt Powierski,42004,Wine And People,260 Bergen Tpk,Little Ferry,Bergen,201054,Green River Wheated 1/750 mL,2/4/2025,1.00,6.00,$154.00,$45.91
Matt Powierski,42004,Wine And People,260 Bergen Tpk,Little Ferry,Bergen,201053,Green River Rye 1/750 mL,2/4/2025,1.00,6.00,$154.00,$45.91
Matt Powierski,42004,Wine And People,260 Bergen Tpk,Little Ferry,Bergen,201072,Green River Bourbon 250th Army Anniversary 1/750 mL,7/11/2025,1.00,3.00,$115.50,$36.96
Matt Powierski,31008,Metro Wine And Liq(A),89 NJ-17,East Rutherford,Bergen,201077,Green River Honey 1/750 mL Btl,5/14/2026,1.00,6.00,$115.00,$40.91
Matt Powierski,42004,Wine And People,260 Bergen Tpk,Little Ferry,Bergen,201051,Green River Bourbon 1/750 mL Btl,2/4/2025,1.00,6.00,$154.00,$45.91
Matt Powierski,27032,Cork and Barrel,217 Brook Ave.,Passaic,Sales,201052,Green River Full Proof 1/750 mL,9/4/2025,1.00,6.00,$226.00,$68.91
Matt Powierski,31060,Bottle Republic (Rutherford),10 NJ-17,Rutherford,Bergen,201052,Green River Full Proof 1/750 mL,2/12/2026,1.00,6.00,$218.00,$60.91
Matt Powierski,27032,Cork and Barrel,217 Brook Ave.,Passaic,Sales,201052,Green River Full Proof 1/750 mL,1/15/2026,1.00,6.00,$226.00,$68.91
Matt Powierski,42004,Wine And People,260 Bergen Tpk,Little Ferry,Bergen,201055,Bardstown Origin Series Bottle-In-Bond 1/750 mL Btl,2/4/2025,1.00,6.00,$218.00,$60.91
Matt Powierski,32016,Cobblestone Hill Deli,287 Broad St,Carlstadt,Bergen,201055,Bardstown Origin Series Bottle-In-Bond 1/750 mL Btl,2/4/2025,1.00,1.00,$37.67,$11.49
Matt Powierski,42004,Wine And People,260 Bergen Tpk,Little Ferry,Bergen,201071,Bardstown Single Barrel GSPD #3 1/750 mL Btl,7/11/2025,1.00,1.00,$64.33,$19.99
Matt Powierski,31008,Metro Wine And Liq(A),89 NJ-17,East Rutherford,Bergen,201055,Bardstown Origin Series Bottle-In-Bond 1/750 mL Btl,3/20/2025,1.00,2.00,$75.33,$22.97
Matt Powierski,31004,Metro Liquors (East Rutherford),576 Paterson Ave,East Rutherford,Bergen,201058,Bardstown Origin Series High Wheat 1/750 mL Btl,2/20/2025,1.00,2.00,$75.33,$22.97
Matt Powierski,31008,Metro Wine And Liq(A),89 NJ-17,East Rutherford,Bergen,201055,Bardstown Origin Series Bottle-In-Bond 1/750 mL Btl,5/23/2025,1.00,3.00,$115.00,$36.46
Matt Powierski,27032,Cork and Barrel,217 Brook Ave.,Passaic,Sales,201062,Bardstown Collaboration Series Amrut 1/750 mL Btl,5/16/2025,1.00,1.00,$105.67,$28.15
Matt Powierski,42004,Wine And People,260 Bergen Tpk,Little Ferry,Bergen,201069,Bardstown Single Barrel GSPD #1 1/750 mL Btl,7/11/2025,1.00,1.00,$64.33,$19.99
Matt Powierski,32017,Wine Grand (Carlstadt),675 Paterson Ave,Carlstadt,Bergen,201055,Bardstown Origin Series Bottle-In-Bond 1/750 mL Btl,9/5/2025,1.00,2.00,$75.33,$22.97
Matt Powierski,31004,Metro Liquors (East Rutherford),576 Paterson Ave,East Rutherford,Bergen,201052,Green River Full Proof 1/750 mL,8/28/2025,1.00,3.00,$113.00,$34.46
Matt Powierski,27032,Cork and Barrel,217 Brook Ave.,Passaic,Sales,201070,Bardstown Single Barrel GSPD #2 1/750 mL Btl,7/8/2025,1.00,2.00,$126.67,$37.97
Michael Harboy,12005,Shay's Liquors,1166 Hamburg Tnpk,Wayne,Passaic,201056,Bardstown Origin Series Bourbon 1/750 mL Btl,3/24/2026,1.00,6.00,$208.00,$66.91
Michael Harboy,12005,Shay's Liquors,1166 Hamburg Tnpk,Wayne,Passaic,201054,Green River Wheated 1/750 mL,10/28/2025,1.00,6.00,$148.02,$39.93
Michael Harboy,12005,Shay's Liquors,1166 Hamburg Tnpk,Wayne,Passaic,201055,Bardstown Origin Series Bottle-In-Bond 1/750 mL Btl,2/3/2026,1.00,6.00,$226.00,$68.91
Michael Harboy,11001,Lincoln Center Liq,261 Comly Road,Lincoln Park,Morris 3,201057,Bardstown Origin Series Double Barrel Rye 1/750 mL Btl,1/17/2025,1.00,1.00,$38.33,$38.15
Michael Harboy,11014,Wayne Liquor Locker,598 Valley Rd,Wayne,Passaic,201056,Bardstown Origin Series Bourbon 1/750 mL Btl,4/23/2025,1.00,2.00,$68.00,$20.97
Michael Harboy,11014,Wayne Liquor Locker,598 Valley Rd,Wayne,Passaic,201056,Bardstown Origin Series Bourbon 1/750 mL Btl,3/11/2026,1.00,2.00,$69.33,$22.30
Michael Harboy,12005,Shay's Liquors,1166 Hamburg Tnpk,Wayne,Passaic,201058,Bardstown Origin Series High Wheat 1/750 mL Btl,12/26/2025,1.00,6.00,$226.00,$68.91
Michael Harboy,11014,Wayne Liquor Locker,598 Valley Rd,Wayne,Passaic,201054,Green River Wheated 1/750 mL,3/11/2026,1.00,2.00,$53.67,$17.64
Michael Harboy,12005,Shay's Liquors,1166 Hamburg Tnpk,Wayne,Passaic,201073,Bardstown Collaboration Series Pierre Ferrand 1/750 mL Btl,10/22/2025,1.00,2.00,$205.32,$50.29
Michael Harboy,12005,Shay's Liquors,1166 Hamburg Tnpk,Wayne,Passaic,201053,Green River Rye 1/750 mL,3/18/2025,1.00,1.00,$27.33,$9.32
Michael Harboy,12005,Shay's Liquors,1166 Hamburg Tnpk,Wayne,Passaic,201056,Bardstown Origin Series Bourbon 1/750 mL Btl,11/18/2025,1.00,6.00,$208.00,$66.91
Michael Harboy,12005,Shay's Liquors,1166 Hamburg Tnpk,Wayne,Passaic,201067,Green River Single Barrel GSPD#2 1/750 mL,6/23/2026,1.00,3.00,$154.00,$55.96
Michael Harboy,12005,Shay's Liquors,1166 Hamburg Tnpk,Wayne,Passaic,201058,Bardstown Origin Series High Wheat 1/750 mL Btl,12/23/2025,1.00,1.00,$37.67,$11.49
Michael Harboy,12005,Shay's Liquors,1166 Hamburg Tnpk,Wayne,Passaic,201074,Bardstown Discovery #13 1/750 mL Btl,10/22/2025,1.00,2.00,$205.32,$50.29
Michael Harboy,12005,Shay's Liquors,1166 Hamburg Tnpk,Wayne,Passaic,201058,Bardstown Origin Series High Wheat 1/750 mL Btl,2/12/2025,1.00,3.00,$113.00,$34.46
Michael Harboy,12005,Shay's Liquors,1166 Hamburg Tnpk,Wayne,Passaic,201055,Bardstown Origin Series Bottle-In-Bond 1/750 mL Btl,5/6/2025,1.00,6.00,$226.00,$68.91
Michael Harboy,12005,Shay's Liquors,1166 Hamburg Tnpk,Wayne,Passaic,201072,Green River Bourbon 250th Army Anniversary 1/750 mL,7/9/2025,1.00,6.00,$218.00,$60.91
Michael Harboy,12005,Shay's Liquors,1166 Hamburg Tnpk,Wayne,Passaic,201053,Green River Rye 1/750 mL,2/4/2025,1.00,2.00,$54.00,$17.97
Michael Harboy,12005,Shay's Liquors,1166 Hamburg Tnpk,Wayne,Passaic,201058,Bardstown Origin Series High Wheat 1/750 mL Btl,7/15/2025,1.00,6.00,$226.00,$68.91
Michael Harboy,11001,Lincoln Center Liq,261 Comly Road,Lincoln Park,Morris 3,201055,Bardstown Origin Series Bottle-In-Bond 1/750 mL Btl,1/17/2025,1.00,1.00,$38.33,$38.15
Michael Harboy,12005,Shay's Liquors,1166 Hamburg Tnpk,Wayne,Passaic,201051,Green River Bourbon 1/750 mL Btl,1/28/2025,1.00,6.00,$162.00,($481.09)
Michael Harboy,12005,Shay's Liquors,1166 Hamburg Tnpk,Wayne,Passaic,201056,Bardstown Origin Series Bourbon 1/750 mL Btl,3/28/2025,1.00,6.00,$204.00,$62.91
Michael Harboy,12005,Shay's Liquors,1166 Hamburg Tnpk,Wayne,Passaic,201064,Bardstown Collaboration Series Silver Oak 1/750 mL Btl,4/11/2025,1.00,1.00,$105.67,$28.15
Michael Harboy,12017,Shays Liquors,1489 NJ-23,Wayne,Passaic,201052,Green River Full Proof 1/750 mL,2/18/2025,1.00,3.00,$113.00,$34.46
Michael Harboy,12005,Shay's Liquors,1166 Hamburg Tnpk,Wayne,Passaic,201054,Green River Wheated 1/750 mL,2/18/2025,1.00,6.00,$162.00,$53.91
Michael Harboy,12005,Shay's Liquors,1166 Hamburg Tnpk,Wayne,Passaic,201057,Bardstown Origin Series Double Barrel Rye 1/750 mL Btl,2/4/2025,1.00,2.00,$75.33,$22.97
Michael Harboy,11014,Wayne Liquor Locker,598 Valley Rd,Wayne,Passaic,201055,Bardstown Origin Series Bottle-In-Bond 1/750 mL Btl,4/23/2025,1.00,2.00,$75.33,$22.97
Michael Harboy,12005,Shay's Liquors,1166 Hamburg Tnpk,Wayne,Passaic,201052,Green River Full Proof 1/750 mL,3/11/2025,1.00,6.00,$226.00,$68.91
Michael Harboy,12005,Shay's Liquors,1166 Hamburg Tnpk,Wayne,Passaic,201055,Bardstown Origin Series Bottle-In-Bond 1/750 mL Btl,7/23/2025,1.00,6.00,$226.00,$68.91
Michael Harboy,12005,Shay's Liquors,1166 Hamburg Tnpk,Wayne,Passaic,201054,Green River Wheated 1/750 mL,2/4/2025,1.00,2.00,$54.00,$17.97
Michael Harboy,12005,Shay's Liquors,1166 Hamburg Tnpk,Wayne,Passaic,201051,Green River Bourbon 1/750 mL Btl,2/25/2025,1.00,6.00,$162.00,$53.91
Michael Harboy,12005,Shay's Liquors,1166 Hamburg Tnpk,Wayne,Passaic,201058,Bardstown Origin Series High Wheat 1/750 mL Btl,3/11/2025,1.00,6.00,$226.00,$68.91
Michael Harboy,12005,Shay's Liquors,1166 Hamburg Tnpk,Wayne,Passaic,201067,Green River Single Barrel GSPD#2 1/750 mL,7/1/2025,1.00,3.00,$148.00,$49.96
Michael Harboy,12005,Shay's Liquors,1166 Hamburg Tnpk,Wayne,Passaic,201052,Green River Full Proof 1/750 mL,6/9/2025,1.00,6.00,$226.00,$68.91
Michael Harboy,12017,Shays Liquors,1489 NJ-23,Wayne,Passaic,201058,Bardstown Origin Series High Wheat 1/750 mL Btl,2/18/2025,1.00,3.00,$113.00,$34.46
Michael Harboy,11014,Wayne Liquor Locker,598 Valley Rd,Wayne,Passaic,201052,Green River Full Proof 1/750 mL,2/5/2025,1.00,3.00,$113.00,$34.46
Michael Harboy,11014,Wayne Liquor Locker,598 Valley Rd,Wayne,Passaic,201058,Bardstown Origin Series High Wheat 1/750 mL Btl,3/11/2026,1.00,2.00,$75.33,$22.97
Michael Harboy,12005,Shay's Liquors,1166 Hamburg Tnpk,Wayne,Passaic,201057,Bardstown Origin Series Double Barrel Rye 1/750 mL Btl,2/12/2025,1.00,3.00,$113.00,$34.46
Michael Harboy,12005,Shay's Liquors,1166 Hamburg Tnpk,Wayne,Passaic,201053,Green River Rye 1/750 mL,3/25/2025,1.00,6.00,$162.00,$53.91
Michael Harboy,12005,Shay's Liquors,1166 Hamburg Tnpk,Wayne,Passaic,201056,Bardstown Origin Series Bourbon 1/750 mL Btl,2/4/2025,1.00,2.00,$68.00,$20.97
Michael Harboy,11001,Lincoln Center Liq,261 Comly Road,Lincoln Park,Morris 3,201056,Bardstown Origin Series Bourbon 1/750 mL Btl,1/17/2025,1.00,2.00,$69.00,$68.64
Michael Harboy,12005,Shay's Liquors,1166 Hamburg Tnpk,Wayne,Passaic,201051,Green River Bourbon 1/750 mL Btl,6/3/2025,1.00,6.00,$162.00,$53.91
Michael Harboy,12017,Shays Liquors,1489 NJ-23,Wayne,Passaic,201054,Green River Wheated 1/750 mL,2/18/2025,1.00,3.00,$81.00,$26.96
Michael Harboy,12005,Shay's Liquors,1166 Hamburg Tnpk,Wayne,Passaic,201071,Bardstown Single Barrel GSPD #3 1/750 mL Btl,7/1/2025,1.00,3.00,$193.00,$59.96
Michael Harboy,11014,Wayne Liquor Locker,598 Valley Rd,Wayne,Passaic,201056,Bardstown Origin Series Bourbon 1/750 mL Btl,2/5/2025,1.00,2.00,$68.00,$20.97
Michael Harboy,12005,Shay's Liquors,1166 Hamburg Tnpk,Wayne,Passaic,201053,Green River Rye 1/750 mL,6/9/2025,1.00,6.00,$162.00,$53.91
Michael Harboy,12005,Shay's Liquors,1166 Hamburg Tnpk,Wayne,Passaic,201056,Bardstown Origin Series Bourbon 1/750 mL Btl,8/13/2025,1.00,6.00,$208.00,$66.91
Michael Harboy,12005,Shay's Liquors,1166 Hamburg Tnpk,Wayne,Passaic,201058,Bardstown Origin Series High Wheat 1/750 mL Btl,2/4/2025,1.00,2.00,$75.33,$22.97
Michael Harboy,11014,Wayne Liquor Locker,598 Valley Rd,Wayne,Passaic,201051,Green River Bourbon 1/750 mL Btl,2/5/2025,1.00,3.00,$81.00,$26.96
Michael Harboy,11014,Wayne Liquor Locker,598 Valley Rd,Wayne,Passaic,201058,Bardstown Origin Series High Wheat 1/750 mL Btl,2/5/2025,1.00,2.00,$75.33,$22.97
Michael Harboy,12005,Shay's Liquors,1166 Hamburg Tnpk,Wayne,Passaic,201057,Bardstown Origin Series Double Barrel Rye 1/750 mL Btl,4/1/2025,1.00,6.00,$226.00,$68.91
Michael Harboy,12005,Shay's Liquors,1166 Hamburg Tnpk,Wayne,Passaic,201056,Bardstown Origin Series Bourbon 1/750 mL Btl,2/18/2025,1.00,6.00,$204.00,$62.91
Michael Harboy,11001,Lincoln Center Liq,261 Comly Road,Lincoln Park,Morris 3,201051,Green River Bourbon 1/750 mL Btl,1/17/2025,1.00,1.00,$27.33,($79.85)
Michael Harboy,11014,Wayne Liquor Locker,598 Valley Rd,Wayne,Passaic,201055,Bardstown Origin Series Bottle-In-Bond 1/750 mL Btl,2/5/2025,1.00,2.00,$75.33,$22.97
Michael Harboy,12005,Shay's Liquors,1166 Hamburg Tnpk,Wayne,Passaic,201057,Bardstown Origin Series Double Barrel Rye 1/750 mL Btl,6/19/2025,1.00,6.00,$226.00,$68.91
Michael Harboy,11014,Wayne Liquor Locker,598 Valley Rd,Wayne,Passaic,201058,Bardstown Origin Series High Wheat 1/750 mL Btl,4/23/2025,1.00,2.00,$75.33,$22.97
Michael Harboy,12017,Shays Liquors,1489 NJ-23,Wayne,Passaic,201055,Bardstown Origin Series Bottle-In-Bond 1/750 mL Btl,2/18/2025,1.00,3.00,$113.00,$34.46
Michael Harboy,12005,Shay's Liquors,1166 Hamburg Tnpk,Wayne,Passaic,201054,Green River Wheated 1/750 mL,12/16/2025,1.00,6.00,$161.00,$52.91
Michael Harboy,12005,Shay's Liquors,1166 Hamburg Tnpk,Wayne,Passaic,201054,Green River Wheated 1/750 mL,2/26/2026,1.00,6.00,$161.00,$52.91
Michael Harboy,12005,Shay's Liquors,1166 Hamburg Tnpk,Wayne,Passaic,201051,Green River Bourbon 1/750 mL Btl,11/25/2025,1.00,6.00,$161.00,$52.91
Michael Harboy,11014,Wayne Liquor Locker,598 Valley Rd,Wayne,Passaic,201055,Bardstown Origin Series Bottle-In-Bond 1/750 mL Btl,3/11/2026,1.00,2.00,$75.33,$22.97
Michael Harboy,12005,Shay's Liquors,1166 Hamburg Tnpk,Wayne,Passaic,201067,Green River Single Barrel GSPD#2 1/750 mL,12/9/2025,1.00,3.00,$154.00,$55.96
Michael Harboy,12005,Shay's Liquors,1166 Hamburg Tnpk,Wayne,Passaic,201058,Bardstown Origin Series High Wheat 1/750 mL Btl,3/25/2025,1.00,6.00,$226.00,$68.91
Michael Harboy,6004,Kinnelon Country Wine & Liquor,86 Boonton Ave,Kinnelon,Morris 3,201052,Green River Full Proof 1/750 mL,2/6/2025,1.00,6.00,$226.00,$68.91
Michael Harboy,12005,Shay's Liquors,1166 Hamburg Tnpk,Wayne,Passaic,201052,Green River Full Proof 1/750 mL,10/21/2025,1.00,6.00,$226.00,$68.91
Michael Harboy,12005,Shay's Liquors,1166 Hamburg Tnpk,Wayne,Passaic,201052,Green River Full Proof 1/750 mL,2/4/2025,1.00,2.00,$75.33,$22.97
Michael Harboy,11001,Lincoln Center Liq,261 Comly Road,Lincoln Park,Morris 3,201054,Green River Wheated 1/750 mL,11/7/2025,1.00,3.00,$80.50,$26.46
Michael Harboy,12005,Shay's Liquors,1166 Hamburg Tnpk,Wayne,Passaic,201057,Bardstown Origin Series Double Barrel Rye 1/750 mL Btl,6/30/2026,1.00,6.00,$226.00,$68.91
Michael Harboy,12005,Shay's Liquors,1166 Hamburg Tnpk,Wayne,Passaic,201055,Bardstown Origin Series Bottle-In-Bond 1/750 mL Btl,2/12/2025,1.00,6.00,$226.00,$68.91
Michael Harboy,12005,Shay's Liquors,1166 Hamburg Tnpk,Wayne,Passaic,201072,Green River Bourbon 250th Army Anniversary 1/750 mL,2/17/2026,1.00,6.00,$218.00,$60.91
Michael Harboy,12005,Shay's Liquors,1166 Hamburg Tnpk,Wayne,Passaic,201051,Green River Bourbon 1/750 mL Btl,4/29/2025,1.00,6.00,$162.00,$53.91
Michael Harboy,12005,Shay's Liquors,1166 Hamburg Tnpk,Wayne,Passaic,201062,Bardstown Collaboration Series Amrut 1/750 mL Btl,4/11/2025,1.00,1.00,$105.67,$28.15
Michael Harboy,12005,Shay's Liquors,1166 Hamburg Tnpk,Wayne,Passaic,201063,Bardstown Collaboration Series Goose Island 1/750 mL Btl,4/11/2025,1.00,1.00,$75.67,$20.82
Michael Harboy,12005,Shay's Liquors,1166 Hamburg Tnpk,Wayne,Passaic,201055,Bardstown Origin Series Bottle-In-Bond 1/750 mL Btl,1/28/2025,1.00,6.00,$226.00,$224.91
Michael Harboy,12017,Shays Liquors,1489 NJ-23,Wayne,Passaic,201064,Bardstown Collaboration Series Silver Oak 1/750 mL Btl,4/11/2025,1.00,1.00,$105.67,$28.15
Mike Ast,11003,Lincoln Park Fine Wines & Spirits,60 Beaverbrook Road,Lincoln Park,Morris 3,201054,Green River Wheated 1/750 mL,11/18/2025,1.00,6.00,$154.00,$45.91
Mike Ast,83005,Glen Rock Inn,222 Rock Rd,Glen Rock,Bergen,201058,Bardstown Origin Series High Wheat 1/750 mL Btl,3/4/2025,1.00,1.00,$38.67,$12.49
Mike Ast,96002,Wine & Spirit World(W),303 Franklin Ave,Wyckoff,Bergen,201076,Green River Wheated Full Proof 1/750 ml Btl,2/26/2026,1.00,6.00,$226.00,$68.91
Mike Ast,11003,Lincoln Park Fine Wines & Spirits,60 Beaverbrook Road,Lincoln Park,Morris 3,201055,Bardstown Origin Series Bottle-In-Bond 1/750 mL Btl,4/24/2026,1.00,4.00,$150.67,$45.94
Mike Ast,94001,Long Hill Liquors (A),14 Post Rd,Oakland,Bergen,201051,Green River Bourbon 1/750 mL Btl,2/10/2026,1.00,3.00,$80.50,$26.46
Mike Ast,96002,Wine & Spirit World(W),303 Franklin Ave,Wyckoff,Bergen,201056,Bardstown Origin Series Bourbon 1/750 mL Btl,2/21/2025,1.00,6.00,$196.00,$54.91
Mike Ast,12011,Bottle King (A) Wayne,1950 NJ-23,Wayne,Passaic,201054,Green River Wheated 1/750 mL,12/22/2025,1.00,18.00,$462.00,$137.73
Mike Ast,96002,Wine & Spirit World(W),303 Franklin Ave,Wyckoff,Bergen,201064,Bardstown Collaboration Series Silver Oak 1/750 mL Btl,4/16/2025,1.00,1.00,$105.67,$28.15
Mike Ast,96002,Wine & Spirit World(W),303 Franklin Ave,Wyckoff,Bergen,201051,Green River Bourbon 1/750 mL Btl,7/1/2025,1.00,6.00,$162.00,$53.91
Mike Ast,11003,Lincoln Park Fine Wines & Spirits,60 Beaverbrook Road,Lincoln Park,Morris 3,201057,Bardstown Origin Series Double Barrel Rye 1/750 mL Btl,4/1/2025,1.00,3.00,$115.00,$36.46
Mike Ast,12011,Bottle King (A) Wayne,1950 NJ-23,Wayne,Passaic,201075,Green River Single Barrel Wheated 1/1/750mL Btl,12/9/2025,1.00,6.00,$267.96,$71.87
Mike Ast,19027,Goffle Road Wine and More,1100 Goffle Rd,Hawthorne,Passaic,201055,Bardstown Origin Series Bottle-In-Bond 1/750 mL Btl,12/9/2025,1.00,6.00,$226.00,$68.91
Mike Ast,12011,Bottle King (A) Wayne,1950 NJ-23,Wayne,Passaic,201051,Green River Bourbon 1/750 mL Btl,5/20/2025,1.00,6.00,$154.00,$45.91
Mike Ast,12011,Bottle King (A) Wayne,1950 NJ-23,Wayne,Passaic,201054,Green River Wheated 1/750 mL,2/6/2025,1.00,6.00,$162.00,$53.91
Mike Ast,12011,Bottle King (A) Wayne,1950 NJ-23,Wayne,Passaic,201064,Bardstown Collaboration Series Silver Oak 1/750 mL Btl,4/10/2025,1.00,1.00,$105.67,$28.15
Mike Ast,19008,Hawthorne Liq (A),610 Lafayette Ave,Hawthorne,Passaic,201055,Bardstown Origin Series Bottle-In-Bond 1/750 mL Btl,3/13/2026,1.00,1.00,$37.67,$11.49
Mike Ast,11003,Lincoln Park Fine Wines & Spirits,60 Beaverbrook Road,Lincoln Park,Morris 3,201054,Green River Wheated 1/750 mL,2/14/2025,1.00,2.00,$54.33,$18.30
Mike Ast,12011,Bottle King (A) Wayne,1950 NJ-23,Wayne,Passaic,201053,Green River Rye 1/750 mL,1/28/2025,1.00,6.00,$154.00,$152.91
Mike Ast,87001,Uncorked Wine & Spirits (Hohokus),611 N Maple Ave,Hohokus,Bergen,201055,Bardstown Origin Series Bottle-In-Bond 1/750 mL Btl,3/5/2025,1.00,1.00,$37.67,$11.49
Mike Ast,12011,Bottle King (A) Wayne,1950 NJ-23,Wayne,Passaic,201053,Green River Rye 1/750 mL,5/20/2025,1.00,6.00,$154.00,$45.91
Mike Ast,19027,Goffle Road Wine and More,1100 Goffle Rd,Hawthorne,Passaic,201055,Bardstown Origin Series Bottle-In-Bond 1/750 mL Btl,1/28/2025,1.00,6.00,$226.00,$224.91
Mike Ast,81006,Fair Lawn Wine & Spirits,21-00 Maple Ave,Fair Lawn,Bergen,201077,Green River Honey 1/750 mL Btl,5/6/2026,1.00,6.00,$115.00,$40.91
Mike Ast,17010,Frank's Fine Wine & Foods,431 Belmont Ave,Haledon,Passaic,201055,Bardstown Origin Series Bottle-In-Bond 1/750 mL Btl,2/4/2025,1.00,2.00,$75.33,$22.97
Mike Ast,19027,Goffle Road Wine and More,1100 Goffle Rd,Hawthorne,Passaic,201054,Green River Wheated 1/750 mL,1/28/2025,1.00,6.00,$162.00,$160.91
Mike Ast,12011,Bottle King (A) Wayne,1950 NJ-23,Wayne,Passaic,201057,Bardstown Origin Series Double Barrel Rye 1/750 mL Btl,9/16/2025,1.00,6.00,$218.00,$60.91
Mike Ast,12011,Bottle King (A) Wayne,1950 NJ-23,Wayne,Passaic,201058,Bardstown Origin Series High Wheat 1/750 mL Btl,4/1/2025,1.00,6.00,$218.00,$60.91
Mike Ast,19009,Diamond Liquor,203 Diamond Bridge Ave,Hawthorne,Passaic,201055,Bardstown Origin Series Bottle-In-Bond 1/750 mL Btl,2/25/2025,1.00,2.00,$75.33,($0.36)
Mike Ast,87001,Uncorked Wine & Spirits (Hohokus),611 N Maple Ave,Hohokus,Bergen,201058,Bardstown Origin Series High Wheat 1/750 mL Btl,3/5/2025,1.00,1.00,$38.33,$12.15
Mike Ast,12011,Bottle King (A) Wayne,1950 NJ-23,Wayne,Passaic,201058,Bardstown Origin Series High Wheat 1/750 mL Btl,8/12/2025,1.00,6.00,$226.00,$68.91
Mike Ast,94001,Long Hill Liquors (A),14 Post Rd,Oakland,Bergen,201052,Green River Full Proof 1/750 mL,2/10/2026,1.00,3.00,$113.00,$34.46
Mike Ast,11003,Lincoln Park Fine Wines & Spirits,60 Beaverbrook Road,Lincoln Park,Morris 3,201063,Bardstown Collaboration Series Goose Island 1/750 mL Btl,5/30/2025,1.00,1.00,$75.67,$20.82
Mike Ast,12011,Bottle King (A) Wayne,1950 NJ-23,Wayne,Passaic,201052,Green River Full Proof 1/750 mL,6/26/2025,1.00,6.00,$218.00,$60.91
Mike Ast,12011,Bottle King (A) Wayne,1950 NJ-23,Wayne,Passaic,201058,Bardstown Origin Series High Wheat 1/750 mL Btl,11/13/2025,1.00,6.00,$226.00,$68.91
Mike Ast,18001,Grand Opening Liq (A)_2,1068 High Mountain Road,North Haledon,Passaic,201055,Bardstown Origin Series Bottle-In-Bond 1/750 mL Btl,3/2/2026,1.00,6.00,$244.00,$86.91
Mike Ast,19027,Goffle Road Wine and More,1100 Goffle Rd,Hawthorne,Passaic,201072,Green River Bourbon 250th Army Anniversary 1/750 mL,2/6/2026,1.00,6.00,$218.00,$60.91
Mike Ast,81006,Fair Lawn Wine & Spirits,21-00 Maple Ave,Fair Lawn,Bergen,201058,Bardstown Origin Series High Wheat 1/750 mL Btl,3/28/2025,1.00,2.00,$75.33,$22.97
Mike Ast,11003,Lincoln Park Fine Wines & Spirits,60 Beaverbrook Road,Lincoln Park,Morris 3,201072,Green River Bourbon 250th Army Anniversary 1/750 mL,7/14/2025,1.00,-3.00,($115.50),($36.96)
Mike Ast,12011,Bottle King (A) Wayne,1950 NJ-23,Wayne,Passaic,201051,Green River Bourbon 1/750 mL Btl,12/18/2025,1.00,12.00,$308.00,$91.82
Mike Ast,94001,Long Hill Liquors (A),14 Post Rd,Oakland,Bergen,201058,Bardstown Origin Series High Wheat 1/750 mL Btl,2/5/2025,1.00,6.00,$218.00,$60.91
Mike Ast,11003,Lincoln Park Fine Wines & Spirits,60 Beaverbrook Road,Lincoln Park,Morris 3,201058,Bardstown Origin Series High Wheat 1/750 mL Btl,4/21/2026,1.00,1.00,$37.67,$11.49
Mike Ast,87001,Uncorked Wine & Spirits (Hohokus),611 N Maple Ave,Hohokus,Bergen,201058,Bardstown Origin Series High Wheat 1/750 mL Btl,1/9/2026,1.00,6.00,$218.00,$60.91
Mike Ast,12011,Bottle King (A) Wayne,1950 NJ-23,Wayne,Passaic,201053,Green River Rye 1/750 mL,6/25/2026,1.00,6.00,$161.00,$52.91
Mike Ast,96002,Wine & Spirit World(W),303 Franklin Ave,Wyckoff,Bergen,201063,Bardstown Collaboration Series Goose Island 1/750 mL Btl,4/16/2025,1.00,1.00,$75.67,$20.82
Mike Ast,11003,Lincoln Park Fine Wines & Spirits,60 Beaverbrook Road,Lincoln Park,Morris 3,201072,Green River Bourbon 250th Army Anniversary 1/750 mL,7/9/2025,1.00,3.00,$115.50,$36.96
Mike Ast,84010,Ridgewood Super Cellar,32 South Broad,Ridgewood,Bergen,201056,Bardstown Origin Series Bourbon 1/750 mL Btl,1/28/2026,1.00,3.00,$110.00,$39.46
Mike Ast,12011,Bottle King (A) Wayne,1950 NJ-23,Wayne,Passaic,201056,Bardstown Origin Series Bourbon 1/750 mL Btl,11/24/2025,1.00,6.00,$208.00,$66.91
Mike Ast,18001,Grand Opening Liq (A)_2,1068 High Mountain Road,North Haledon,Passaic,201055,Bardstown Origin Series Bottle-In-Bond 1/750 mL Btl,12/4/2025,1.00,6.00,$226.00,$68.91
Mike Ast,94001,Long Hill Liquors (A),14 Post Rd,Oakland,Bergen,201058,Bardstown Origin Series High Wheat 1/750 mL Btl,2/10/2026,1.00,3.00,$109.00,$30.46
Mike Ast,11003,Lincoln Park Fine Wines & Spirits,60 Beaverbrook Road,Lincoln Park,Morris 3,201054,Green River Wheated 1/750 mL,5/15/2026,1.00,-5.00,($128.33),($38.26)
Mike Ast,94001,Long Hill Liquors (A),14 Post Rd,Oakland,Bergen,201057,Bardstown Origin Series Double Barrel Rye 1/750 mL Btl,2/5/2025,1.00,1.00,$36.33,$10.15
Mike Ast,94008,Oakland Wine (A),390 Ramapo Valley Rd,Oakland,Bergen,201056,Bardstown Origin Series Bourbon 1/750 mL Btl,5/8/2026,1.00,3.00,$104.00,$33.46
Mike Ast,12011,Bottle King (A) Wayne,1950 NJ-23,Wayne,Passaic,201056,Bardstown Origin Series Bourbon 1/750 mL Btl,2/10/2026,1.00,6.00,$196.00,$54.91
Mike Ast,12011,Bottle King (A) Wayne,1950 NJ-23,Wayne,Passaic,201057,Bardstown Origin Series Double Barrel Rye 1/750 mL Btl,12/16/2025,1.00,6.00,$218.00,$60.91
Mike Ast,11003,Lincoln Park Fine Wines & Spirits,60 Beaverbrook Road,Lincoln Park,Morris 3,201071,Bardstown Single Barrel GSPD #3 1/750 mL Btl,7/9/2025,1.00,3.00,$193.00,$59.96
Mike Ast,12011,Bottle King (A) Wayne,1950 NJ-23,Wayne,Passaic,201055,Bardstown Origin Series Bottle-In-Bond 1/750 mL Btl,7/24/2025,1.00,6.00,$226.00,$68.91
Mike Ast,12011,Bottle King (A) Wayne,1950 NJ-23,Wayne,Passaic,201054,Green River Wheated 1/750 mL,12/11/2025,1.00,6.00,$154.00,$45.91
Mike Ast,18001,Grand Opening Liq (A)_2,1068 High Mountain Road,North Haledon,Passaic,201055,Bardstown Origin Series Bottle-In-Bond 1/750 mL Btl,3/5/2026,1.00,0.00,($18.00),($18.00)
Mike Ast,87001,Uncorked Wine & Spirits (Hohokus),611 N Maple Ave,Hohokus,Bergen,201056,Bardstown Origin Series Bourbon 1/750 mL Btl,10/24/2025,1.00,6.00,$208.00,$66.91
Mike Ast,12011,Bottle King (A) Wayne,1950 NJ-23,Wayne,Passaic,201055,Bardstown Origin Series Bottle-In-Bond 1/750 mL Btl,2/25/2025,1.00,6.00,$218.00,($9.09)
Mike Ast,18001,Grand Opening Liq (A)_2,1068 High Mountain Road,North Haledon,Passaic,201055,Bardstown Origin Series Bottle-In-Bond 1/750 mL Btl,1/23/2025,1.00,6.00,$226.00,$224.91
Mike Ast,88005,Waldwick Wine/Spirits,23 Wyckoff Ave,Waldwick,Bergen,201052,Green River Full Proof 1/750 mL,3/21/2025,1.00,3.00,$113.00,$34.46
Mike Ast,11003,Lincoln Park Fine Wines & Spirits,60 Beaverbrook Road,Lincoln Park,Morris 3,201058,Bardstown Origin Series High Wheat 1/750 mL Btl,5/30/2025,1.00,6.00,$218.00,$60.91
Mike Ast,84022,Park West Tavern,30 Oak Street,Ridgewood,Bergen,201055,Bardstown Origin Series Bottle-In-Bond 1/750 mL Btl,4/22/2026,1.00,1.00,$40.67,$14.49
Mike Ast,94008,Oakland Wine (A),390 Ramapo Valley Rd,Oakland,Bergen,201057,Bardstown Origin Series Double Barrel Rye 1/750 mL Btl,5/8/2026,1.00,3.00,$113.00,$34.46
Mike Ast,96002,Wine & Spirit World(W),303 Franklin Ave,Wyckoff,Bergen,201074,Bardstown Discovery #13 1/750 mL Btl,9/26/2025,1.00,6.00,$615.96,$150.87
Mike Ast,94008,Oakland Wine (A),390 Ramapo Valley Rd,Oakland,Bergen,201056,Bardstown Origin Series Bourbon 1/750 mL Btl,8/8/2025,1.00,2.00,$69.33,$22.30
Mike Ast,94001,Long Hill Liquors (A),14 Post Rd,Oakland,Bergen,201051,Green River Bourbon 1/750 mL Btl,10/24/2025,1.00,6.00,$162.00,$53.91
Mike Ast,11003,Lincoln Park Fine Wines & Spirits,60 Beaverbrook Road,Lincoln Park,Morris 3,201052,Green River Full Proof 1/750 mL,2/14/2025,1.00,2.00,$77.00,$24.64
Mike Ast,19009,Diamond Liquor,203 Diamond Bridge Ave,Hawthorne,Passaic,201054,Green River Wheated 1/750 mL,3/27/2026,1.00,3.00,$80.50,$26.46
Mike Ast,12011,Bottle King (A) Wayne,1950 NJ-23,Wayne,Passaic,201051,Green River Bourbon 1/750 mL Btl,12/11/2025,1.00,6.00,$154.00,$45.91
Mike Ast,84010,Ridgewood Super Cellar,32 South Broad,Ridgewood,Bergen,201055,Bardstown Origin Series Bottle-In-Bond 1/750 mL Btl,1/30/2025,1.00,6.00,$226.00,$68.91
Mike Ast,17010,Frank's Fine Wine & Foods,431 Belmont Ave,Haledon,Passaic,201057,Bardstown Origin Series Double Barrel Rye 1/750 mL Btl,2/4/2025,1.00,2.00,$75.33,$22.97
Mike Ast,88005,Waldwick Wine/Spirits,23 Wyckoff Ave,Waldwick,Bergen,201058,Bardstown Origin Series High Wheat 1/750 mL Btl,10/30/2025,1.00,3.00,$113.00,$34.46
Mike Ast,96002,Wine & Spirit World(W),303 Franklin Ave,Wyckoff,Bergen,201059,Bardstown Discovery Series #10 1/750 mL Btl,4/16/2025,1.00,1.00,$105.67,$28.15
Mike Ast,94008,Oakland Wine (A),390 Ramapo Valley Rd,Oakland,Bergen,201057,Bardstown Origin Series Double Barrel Rye 1/750 mL Btl,1/15/2025,1.00,3.00,$109.00,$108.46
Mike Ast,12011,Bottle King (A) Wayne,1950 NJ-23,Wayne,Passaic,201052,Green River Full Proof 1/750 mL,2/25/2025,1.00,12.00,$436.00,$121.82
Mike Ast,11003,Lincoln Park Fine Wines & Spirits,60 Beaverbrook Road,Lincoln Park,Morris 3,201052,Green River Full Proof 1/750 mL,4/21/2026,1.00,6.00,$226.00,$68.91
Mike Ast,12011,Bottle King (A) Wayne,1950 NJ-23,Wayne,Passaic,201056,Bardstown Origin Series Bourbon 1/750 mL Btl,10/14/2025,1.00,6.00,$208.00,$66.91
Mike Ast,12011,Bottle King (A) Wayne,1950 NJ-23,Wayne,Passaic,201054,Green River Wheated 1/750 mL,1/13/2026,1.00,12.00,$308.00,$91.82
Mike Ast,12011,Bottle King (A) Wayne,1950 NJ-23,Wayne,Passaic,201051,Green River Bourbon 1/750 mL Btl,10/21/2025,1.00,6.00,$162.00,$53.91
Mike Ast,11003,Lincoln Park Fine Wines & Spirits,60 Beaverbrook Road,Lincoln Park,Morris 3,201059,Bardstown Discovery Series #10 1/750 mL Btl,5/30/2025,1.00,2.00,$211.33,$56.30
Mike Ast,12011,Bottle King (A) Wayne,1950 NJ-23,Wayne,Passaic,201053,Green River Rye 1/750 mL,1/13/2026,1.00,6.00,$154.00,$45.91
Mike Ast,12011,Bottle King (A) Wayne,1950 NJ-23,Wayne,Passaic,201053,Green River Rye 1/750 mL,9/23/2025,1.00,6.00,$162.00,$53.91
Mike Ast,94001,Long Hill Liquors (A),14 Post Rd,Oakland,Bergen,201057,Bardstown Origin Series Double Barrel Rye 1/750 mL Btl,2/10/2026,1.00,3.00,$109.00,$30.46
Mike Ast,94001,Long Hill Liquors (A),14 Post Rd,Oakland,Bergen,201056,Bardstown Origin Series Bourbon 1/750 mL Btl,1/14/2026,1.00,4.00,$138.67,$44.61
Mike Ast,96002,Wine & Spirit World(W),303 Franklin Ave,Wyckoff,Bergen,201051,Green River Bourbon 1/750 mL Btl,12/29/2025,1.00,6.00,$161.00,$52.91
Mike Ast,87001,Uncorked Wine & Spirits (Hohokus),611 N Maple Ave,Hohokus,Bergen,201058,Bardstown Origin Series High Wheat 1/750 mL Btl,1/30/2026,1.00,6.00,$218.00,$60.91
Mike Ast,96002,Wine & Spirit World(W),303 Franklin Ave,Wyckoff,Bergen,201059,Bardstown Discovery Series #10 1/750 mL Btl,7/11/2025,1.00,1.00,$105.67,$28.15
Mike Ast,12011,Bottle King (A) Wayne,1950 NJ-23,Wayne,Passaic,201058,Bardstown Origin Series High Wheat 1/750 mL Btl,9/16/2025,1.00,6.00,$218.00,$60.91
Mike Ast,11003,Lincoln Park Fine Wines & Spirits,60 Beaverbrook Road,Lincoln Park,Morris 3,201058,Bardstown Origin Series High Wheat 1/750 mL Btl,9/5/2025,1.00,6.00,$226.00,$68.91
Mike Ast,12011,Bottle King (A) Wayne,1950 NJ-23,Wayne,Passaic,201051,Green River Bourbon 1/750 mL Btl,7/9/2026,1.00,6.00,$161.00,$52.91
Mike Ast,12011,Bottle King (A) Wayne,1950 NJ-23,Wayne,Passaic,201051,Green River Bourbon 1/750 mL Btl,6/26/2025,1.00,6.00,$154.00,$45.91
Mike Ast,19008,Hawthorne Liq (A),610 Lafayette Ave,Hawthorne,Passaic,201058,Bardstown Origin Series High Wheat 1/750 mL Btl,2/13/2025,1.00,2.00,$75.33,$22.97
Mike Ast,94001,Long Hill Liquors (A),14 Post Rd,Oakland,Bergen,201055,Bardstown Origin Series Bottle-In-Bond 1/750 mL Btl,2/10/2026,1.00,6.00,$218.00,$60.91
Mike Ast,96002,Wine & Spirit World(W),303 Franklin Ave,Wyckoff,Bergen,201055,Bardstown Origin Series Bottle-In-Bond 1/750 mL Btl,12/29/2025,1.00,6.00,$218.00,$60.91
Mike Ast,11003,Lincoln Park Fine Wines & Spirits,60 Beaverbrook Road,Lincoln Park,Morris 3,201058,Bardstown Origin Series High Wheat 1/750 mL Btl,2/14/2025,1.00,2.00,$76.67,$24.30
Mike Ast,19009,Diamond Liquor,203 Diamond Bridge Ave,Hawthorne,Passaic,201056,Bardstown Origin Series Bourbon 1/750 mL Btl,2/21/2025,1.00,2.00,$68.00,$20.97
Mike Ast,12011,Bottle King (A) Wayne,1950 NJ-23,Wayne,Passaic,201054,Green River Wheated 1/750 mL,2/25/2025,1.00,12.00,$308.00,$91.82
Mike Ast,12011,Bottle King (A) Wayne,1950 NJ-23,Wayne,Passaic,201052,Green River Full Proof 1/750 mL,2/6/2025,1.00,6.00,$226.00,$68.91
Mike Ast,96002,Wine & Spirit World(W),303 Franklin Ave,Wyckoff,Bergen,201056,Bardstown Origin Series Bourbon 1/750 mL Btl,9/19/2025,1.00,6.00,$208.00,$66.91
Mike Ast,19008,Hawthorne Liq (A),610 Lafayette Ave,Hawthorne,Passaic,201058,Bardstown Origin Series High Wheat 1/750 mL Btl,10/17/2025,1.00,3.00,$113.00,$34.46
Mike Ast,94008,Oakland Wine (A),390 Ramapo Valley Rd,Oakland,Bergen,201055,Bardstown Origin Series Bottle-In-Bond 1/750 mL Btl,1/15/2025,1.00,3.00,$109.00,$108.46
Mike Ast,19008,Hawthorne Liq (A),610 Lafayette Ave,Hawthorne,Passaic,201055,Bardstown Origin Series Bottle-In-Bond 1/750 mL Btl,7/17/2026,1.00,2.00,$75.33,$22.97
Mike Ast,87001,Uncorked Wine & Spirits (Hohokus),611 N Maple Ave,Hohokus,Bergen,201055,Bardstown Origin Series Bottle-In-Bond 1/750 mL Btl,1/15/2026,1.00,6.00,$218.00,$60.91
Mike Ast,94001,Long Hill Liquors (A),14 Post Rd,Oakland,Bergen,201052,Green River Full Proof 1/750 mL,10/24/2025,1.00,6.00,$226.00,$68.91
Mike Ast,12011,Bottle King (A) Wayne,1950 NJ-23,Wayne,Passaic,201051,Green River Bourbon 1/750 mL Btl,5/14/2026,1.00,6.00,$161.00,$52.91
Mike Ast,19027,Goffle Road Wine and More,1100 Goffle Rd,Hawthorne,Passaic,201054,Green River Wheated 1/750 mL,11/25/2025,1.00,6.00,$161.00,$52.91
Mike Ast,84008,The Wine Seller,6 W Ridgewood Ave,Ridgewood,Bergen,201058,Bardstown Origin Series High Wheat 1/750 mL Btl,5/16/2025,1.00,2.00,$75.33,$22.97
Mike Ast,84010,Ridgewood Super Cellar,32 South Broad,Ridgewood,Bergen,201056,Bardstown Origin Series Bourbon 1/750 mL Btl,1/30/2025,1.00,6.00,$204.00,$62.91
Mike Ast,94001,Long Hill Liquors (A),14 Post Rd,Oakland,Bergen,201055,Bardstown Origin Series Bottle-In-Bond 1/750 mL Btl,2/5/2025,1.00,6.00,$218.00,$60.91
Mike Ast,84008,The Wine Seller,6 W Ridgewood Ave,Ridgewood,Bergen,201056,Bardstown Origin Series Bourbon 1/750 mL Btl,2/21/2025,1.00,2.00,$68.00,$20.97
Mike Ast,12011,Bottle King (A) Wayne,1950 NJ-23,Wayne,Passaic,201054,Green River Wheated 1/750 mL,11/11/2025,1.00,6.00,$161.00,$52.91
Mike Ast,19009,Diamond Liquor,203 Diamond Bridge Ave,Hawthorne,Passaic,201051,Green River Bourbon 1/750 mL Btl,3/27/2026,1.00,3.00,$80.50,$26.46
Mike Ast,19008,Hawthorne Liq (A),610 Lafayette Ave,Hawthorne,Passaic,201055,Bardstown Origin Series Bottle-In-Bond 1/750 mL Btl,2/13/2025,1.00,2.00,$75.33,$22.97
Mike Ast,19027,Goffle Road Wine and More,1100 Goffle Rd,Hawthorne,Passaic,201051,Green River Bourbon 1/750 mL Btl,6/12/2026,1.00,6.00,$161.00,$52.91
Mike Ast,87001,Uncorked Wine & Spirits (Hohokus),611 N Maple Ave,Hohokus,Bergen,201077,Green River Honey 1/750 mL Btl,5/5/2026,1.00,6.00,$115.00,$40.95
Mike Ast,19008,Hawthorne Liq (A),610 Lafayette Ave,Hawthorne,Passaic,201055,Bardstown Origin Series Bottle-In-Bond 1/750 mL Btl,8/29/2025,1.00,2.00,$75.33,$22.97
Mike Ast,94008,Oakland Wine (A),390 Ramapo Valley Rd,Oakland,Bergen,201056,Bardstown Origin Series Bourbon 1/750 mL Btl,11/7/2025,1.00,3.00,$104.00,$33.46
Mike Ast,19008,Hawthorne Liq (A),610 Lafayette Ave,Hawthorne,Passaic,201058,Bardstown Origin Series High Wheat 1/750 mL Btl,3/26/2025,1.00,3.00,$113.00,$34.46
Mike Ast,87002,Wine & Spirits World (Hohokus),626 N Maple Ave,Hohokus,Bergen,201073,Bardstown Collaboration Series Pierre Ferrand 1/750 mL Btl,7/21/2026,1.00,2.00,$217.32,$62.29
Mike Ast,11003,Lincoln Park Fine Wines & Spirits,60 Beaverbrook Road,Lincoln Park,Morris 3,201056,Bardstown Origin Series Bourbon 1/750 mL Btl,7/21/2026,1.00,3.00,$110.00,$39.46
Mike Ast,96002,Wine & Spirit World(W),303 Franklin Ave,Wyckoff,Bergen,201072,Green River Bourbon 250th Army Anniversary 1/750 mL,7/10/2025,1.00,6.00,$218.00,$60.91
Mike Ast,12011,Bottle King (A) Wayne,1950 NJ-23,Wayne,Passaic,201054,Green River Wheated 1/750 mL,12/18/2025,1.00,12.00,$308.00,$91.82
Mike Ast,88004,Discount Liq (P)_2,28 Franklin Tpke,Waldwick,Bergen,201051,Green River Bourbon 1/750 mL Btl,4/9/2025,1.00,1.00,$27.33,$9.32
Mike Ast,84010,Ridgewood Super Cellar,32 South Broad,Ridgewood,Bergen,201055,Bardstown Origin Series Bottle-In-Bond 1/750 mL Btl,3/5/2025,1.00,6.00,$226.00,$68.91
Mike Ast,11003,Lincoln Park Fine Wines & Spirits,60 Beaverbrook Road,Lincoln Park,Morris 3,201054,Green River Wheated 1/750 mL,5/20/2025,1.00,3.00,$81.50,$27.46
Mike Ast,96002,Wine & Spirit World(W),303 Franklin Ave,Wyckoff,Bergen,201051,Green River Bourbon 1/750 mL Btl,2/21/2025,1.00,6.00,$154.00,$45.91
Mike Ast,87001,Uncorked Wine & Spirits (Hohokus),611 N Maple Ave,Hohokus,Bergen,201056,Bardstown Origin Series Bourbon 1/750 mL Btl,9/19/2025,1.00,6.00,$208.00,$66.91
Mike Ast,87001,Uncorked Wine & Spirits (Hohokus),611 N Maple Ave,Hohokus,Bergen,201058,Bardstown Origin Series High Wheat 1/750 mL Btl,3/19/2025,1.00,6.00,$218.00,$60.91
Mike Ast,19008,Hawthorne Liq (A),610 Lafayette Ave,Hawthorne,Passaic,201051,Green River Bourbon 1/750 mL Btl,3/26/2025,1.00,3.00,$81.00,$26.96
Mike Ast,84010,Ridgewood Super Cellar,32 South Broad,Ridgewood,Bergen,201056,Bardstown Origin Series Bourbon 1/750 mL Btl,11/19/2025,1.00,3.00,$110.00,$39.46
Mike Ast,94001,Long Hill Liquors (A),14 Post Rd,Oakland,Bergen,201051,Green River Bourbon 1/750 mL Btl,1/14/2026,1.00,3.00,$80.50,$26.46
Mike Ast,94001,Long Hill Liquors (A),14 Post Rd,Oakland,Bergen,201058,Bardstown Origin Series High Wheat 1/750 mL Btl,3/16/2026,1.00,6.00,$226.00,$68.91
Mike Ast,19027,Goffle Road Wine and More,1100 Goffle Rd,Hawthorne,Passaic,201054,Green River Wheated 1/750 mL,2/25/2026,1.00,6.00,$161.00,$52.91
Mike Ast,93009,Scherer & Company,7 Miller Road,Mahwah,Bergen,201054,Green River Wheated 1/750 mL,6/17/2026,1.00,6.00,$161.00,$52.91
Mike Ast,94008,Oakland Wine (A),390 Ramapo Valley Rd,Oakland,Bergen,201055,Bardstown Origin Series Bottle-In-Bond 1/750 mL Btl,5/8/2026,1.00,3.00,$113.00,$34.46
Mike Ast,84008,The Wine Seller,6 W Ridgewood Ave,Ridgewood,Bergen,201056,Bardstown Origin Series Bourbon 1/750 mL Btl,5/16/2025,1.00,2.00,$68.00,$20.97
Mike Ast,84008,The Wine Seller,6 W Ridgewood Ave,Ridgewood,Bergen,201055,Bardstown Origin Series Bottle-In-Bond 1/750 mL Btl,2/28/2025,1.00,2.00,$75.33,($0.36)
Mike Ast,84008,The Wine Seller,6 W Ridgewood Ave,Ridgewood,Bergen,201058,Bardstown Origin Series High Wheat 1/750 mL Btl,2/21/2025,1.00,2.00,$75.33,$22.97
Mike Ast,12011,Bottle King (A) Wayne,1950 NJ-23,Wayne,Passaic,201054,Green River Wheated 1/750 mL,1/28/2025,1.00,6.00,$154.00,$152.91
Mike Ast,12011,Bottle King (A) Wayne,1950 NJ-23,Wayne,Passaic,201061,Bardstown Discovery Series #12 1/750 mL Btl,4/10/2025,1.00,1.00,$105.67,$28.15
Mike Ast,12011,Bottle King (A) Wayne,1950 NJ-23,Wayne,Passaic,201054,Green River Wheated 1/750 mL,7/9/2026,1.00,6.00,$161.00,$52.91
Mike Ast,96002,Wine & Spirit World(W),303 Franklin Ave,Wyckoff,Bergen,201056,Bardstown Origin Series Bourbon 1/750 mL Btl,12/29/2025,1.00,6.00,$196.00,$54.91
Mike Ast,88005,Waldwick Wine/Spirits,23 Wyckoff Ave,Waldwick,Bergen,201055,Bardstown Origin Series Bottle-In-Bond 1/750 mL Btl,3/21/2025,1.00,3.00,$113.00,$34.46
Mike Ast,12011,Bottle King (A) Wayne,1950 NJ-23,Wayne,Passaic,201054,Green River Wheated 1/750 mL,10/2/2025,1.00,6.00,$162.00,$53.91
Mike Ast,96002,Wine & Spirit World(W),303 Franklin Ave,Wyckoff,Bergen,201056,Bardstown Origin Series Bourbon 1/750 mL Btl,5/7/2026,1.00,6.00,$208.00,$66.91
Mike Ast,17010,Frank's Fine Wine & Foods,431 Belmont Ave,Haledon,Passaic,201056,Bardstown Origin Series Bourbon 1/750 mL Btl,8/20/2025,1.00,4.00,$138.67,$44.61
Mike Ast,17010,Frank's Fine Wine & Foods,431 Belmont Ave,Haledon,Passaic,201058,Bardstown Origin Series High Wheat 1/750 mL Btl,8/20/2025,1.00,2.00,$75.33,$22.97
Mike Ast,88005,Waldwick Wine/Spirits,23 Wyckoff Ave,Waldwick,Bergen,201051,Green River Bourbon 1/750 mL Btl,3/21/2025,1.00,3.00,$81.00,$26.96
Mike Ast,12011,Bottle King (A) Wayne,1950 NJ-23,Wayne,Passaic,201062,Bardstown Collaboration Series Amrut 1/750 mL Btl,4/10/2025,1.00,1.00,$105.67,$28.15
Mike Ast,81006,Fair Lawn Wine & Spirits,21-00 Maple Ave,Fair Lawn,Bergen,201056,Bardstown Origin Series Bourbon 1/750 mL Btl,3/28/2025,1.00,2.00,$68.00,$20.97
Mike Ast,87001,Uncorked Wine & Spirits (Hohokus),611 N Maple Ave,Hohokus,Bergen,201056,Bardstown Origin Series Bourbon 1/750 mL Btl,5/12/2026,1.00,6.00,$208.00,$66.91
Mike Ast,81006,Fair Lawn Wine & Spirits,21-00 Maple Ave,Fair Lawn,Bergen,201055,Bardstown Origin Series Bottle-In-Bond 1/750 mL Btl,2/20/2026,1.00,6.00,$226.00,$68.91
Mike Ast,12011,Bottle King (A) Wayne,1950 NJ-23,Wayne,Passaic,201057,Bardstown Origin Series Double Barrel Rye 1/750 mL Btl,1/28/2025,1.00,6.00,$218.00,$216.91
Mike Ast,12011,Bottle King (A) Wayne,1950 NJ-23,Wayne,Passaic,201076,Green River Wheated Full Proof 1/750 ml Btl,2/26/2026,1.00,6.00,$226.00,$68.91
Mike Ast,12011,Bottle King (A) Wayne,1950 NJ-23,Wayne,Passaic,201073,Bardstown Collaboration Series Pierre Ferrand 1/750 mL Btl,9/15/2025,1.00,3.00,$307.98,$75.45
Mike Ast,96002,Wine & Spirit World(W),303 Franklin Ave,Wyckoff,Bergen,201063,Bardstown Collaboration Series Goose Island 1/750 mL Btl,7/11/2025,1.00,1.00,$75.67,$20.82
Mike Ast,94008,Oakland Wine (A),390 Ramapo Valley Rd,Oakland,Bergen,201056,Bardstown Origin Series Bourbon 1/750 mL Btl,1/15/2025,1.00,3.00,$98.00,$97.46
Mike Ast,96002,Wine & Spirit World(W),303 Franklin Ave,Wyckoff,Bergen,201053,Green River Rye 1/750 mL,1/9/2026,1.00,6.00,$161.00,$52.91
Mike Ast,11003,Lincoln Park Fine Wines & Spirits,60 Beaverbrook Road,Lincoln Park,Morris 3,201071,Bardstown Single Barrel GSPD #3 1/750 mL Btl,7/14/2025,1.00,-3.00,($193.00),($59.96)
Mike Ast,12011,Bottle King (A) Wayne,1950 NJ-23,Wayne,Passaic,201055,Bardstown Origin Series Bottle-In-Bond 1/750 mL Btl,2/26/2026,1.00,6.00,$226.00,$68.91
Mike Ast,12011,Bottle King (A) Wayne,1950 NJ-23,Wayne,Passaic,201055,Bardstown Origin Series Bottle-In-Bond 1/750 mL Btl,2/6/2025,1.00,12.00,$444.00,$129.82
Mike Ast,94001,Long Hill Liquors (A),14 Post Rd,Oakland,Bergen,201056,Bardstown Origin Series Bourbon 1/750 mL Btl,2/10/2026,1.00,6.00,$196.00,$54.91
Mike Ast,19008,Hawthorne Liq (A),610 Lafayette Ave,Hawthorne,Passaic,201056,Bardstown Origin Series Bourbon 1/750 mL Btl,2/13/2025,1.00,2.00,$68.00,$20.97
Mike Ast,12011,Bottle King (A) Wayne,1950 NJ-23,Wayne,Passaic,201058,Bardstown Origin Series High Wheat 1/750 mL Btl,2/25/2025,1.00,12.00,$436.00,$121.82
Mike Ast,84008,The Wine Seller,6 W Ridgewood Ave,Ridgewood,Bergen,201055,Bardstown Origin Series Bottle-In-Bond 1/750 mL Btl,5/16/2025,1.00,2.00,$75.33,$22.97
Mike Ast,12011,Bottle King (A) Wayne,1950 NJ-23,Wayne,Passaic,201061,Bardstown Discovery Series #12 1/750 mL Btl,6/20/2025,1.00,1.00,$104.67,$27.15
Mike Ast,11003,Lincoln Park Fine Wines & Spirits,60 Beaverbrook Road,Lincoln Park,Morris 3,201064,Bardstown Collaboration Series Silver Oak 1/750 mL Btl,5/30/2025,1.00,1.00,$105.67,$28.15
Mike Ast,96002,Wine & Spirit World(W),303 Franklin Ave,Wyckoff,Bergen,201054,Green River Wheated 1/750 mL,12/1/2025,1.00,6.00,$161.00,$52.91
Mike Ast,96002,Wine & Spirit World(W),303 Franklin Ave,Wyckoff,Bergen,201063,Bardstown Collaboration Series Goose Island 1/750 mL Btl,8/15/2025,1.00,3.00,$224.00,$59.46
Mike Ast,94001,Long Hill Liquors (A),14 Post Rd,Oakland,Bergen,201055,Bardstown Origin Series Bottle-In-Bond 1/750 mL Btl,4/9/2025,1.00,6.00,$218.00,$60.91
Mike Ast,11003,Lincoln Park Fine Wines & Spirits,60 Beaverbrook Road,Lincoln Park,Morris 3,201074,Bardstown Discovery #13 1/750 mL Btl,10/23/2025,1.00,2.00,$205.32,$50.29
Mike Ast,84022,Park West Tavern,30 Oak Street,Ridgewood,Bergen,201056,Bardstown Origin Series Bourbon 1/750 mL Btl,4/22/2026,1.00,1.00,$36.67,$13.15
Mike Ast,19027,Goffle Road Wine and More,1100 Goffle Rd,Hawthorne,Passaic,201055,Bardstown Origin Series Bottle-In-Bond 1/750 mL Btl,8/5/2025,1.00,6.00,$226.00,$68.91
Mike Ast,11003,Lincoln Park Fine Wines & Spirits,60 Beaverbrook Road,Lincoln Park,Morris 3,201057,Bardstown Origin Series Double Barrel Rye 1/750 mL Btl,5/30/2025,1.00,6.00,$218.00,$60.91
Mike Ast,84010,Ridgewood Super Cellar,32 South Broad,Ridgewood,Bergen,201055,Bardstown Origin Series Bottle-In-Bond 1/750 mL Btl,6/11/2025,1.00,6.00,$226.00,$68.91
Mike Ast,94001,Long Hill Liquors (A),14 Post Rd,Oakland,Bergen,201058,Bardstown Origin Series High Wheat 1/750 mL Btl,4/9/2025,1.00,12.00,$436.00,$121.82
Mike Ast,11003,Lincoln Park Fine Wines & Spirits,60 Beaverbrook Road,Lincoln Park,Morris 3,201076,Green River Wheated Full Proof 1/750 ml Btl,4/21/2026,1.00,6.00,$226.00,$68.91
Mike Ast,12011,Bottle King (A) Wayne,1950 NJ-23,Wayne,Passaic,201051,Green River Bourbon 1/750 mL Btl,1/28/2025,1.00,12.00,$308.00,($978.18)
Mike Ast,87001,Uncorked Wine & Spirits (Hohokus),611 N Maple Ave,Hohokus,Bergen,201056,Bardstown Origin Series Bourbon 1/750 mL Btl,1/15/2026,1.00,6.00,$196.00,$54.91
Mike Ast,12011,Bottle King (A) Wayne,1950 NJ-23,Wayne,Passaic,201056,Bardstown Origin Series Bourbon 1/750 mL Btl,1/28/2025,1.00,12.00,$392.00,$389.82
Mike Ast,19027,Goffle Road Wine and More,1100 Goffle Rd,Hawthorne,Passaic,201077,Green River Honey 1/750 mL Btl,5/5/2026,1.00,6.00,$115.00,$40.95
Mike Ast,12011,Bottle King (A) Wayne,1950 NJ-23,Wayne,Passaic,201073,Bardstown Collaboration Series Pierre Ferrand 1/750 mL Btl,12/18/2025,1.00,6.00,$633.96,$168.87
Mike Ast,87001,Uncorked Wine & Spirits (Hohokus),611 N Maple Ave,Hohokus,Bergen,201056,Bardstown Origin Series Bourbon 1/750 mL Btl,1/9/2026,1.00,6.00,$196.00,$54.91
Mike Ast,81006,Fair Lawn Wine & Spirits,21-00 Maple Ave,Fair Lawn,Bergen,201055,Bardstown Origin Series Bottle-In-Bond 1/750 mL Btl,3/28/2025,1.00,2.00,$75.33,$22.97
Mike Ast,19027,Goffle Road Wine and More,1100 Goffle Rd,Hawthorne,Passaic,201055,Bardstown Origin Series Bottle-In-Bond 1/750 mL Btl,5/5/2026,1.00,6.00,$226.00,$68.91
Mike Ast,12011,Bottle King (A) Wayne,1950 NJ-23,Wayne,Passaic,201064,Bardstown Collaboration Series Silver Oak 1/750 mL Btl,6/20/2025,1.00,2.00,$209.33,$54.30
Mike Ast,12011,Bottle King (A) Wayne,1950 NJ-23,Wayne,Passaic,201052,Green River Full Proof 1/750 mL,1/28/2025,1.00,6.00,$218.00,$216.91
Mike Ast,18001,Grand Opening Liq (A)_2,1068 High Mountain Road,North Haledon,Passaic,201052,Green River Full Proof 1/750 mL,1/23/2025,1.00,6.00,$226.00,$224.91
Mike Ast,19027,Goffle Road Wine and More,1100 Goffle Rd,Hawthorne,Passaic,201058,Bardstown Origin Series High Wheat 1/750 mL Btl,12/26/2025,1.00,6.00,$226.00,$68.91
Mike Ast,11003,Lincoln Park Fine Wines & Spirits,60 Beaverbrook Road,Lincoln Park,Morris 3,201052,Green River Full Proof 1/750 mL,5/15/2026,1.00,-5.00,($188.33),($57.43)
Mike Ast,94001,Long Hill Liquors (A),14 Post Rd,Oakland,Bergen,201054,Green River Wheated 1/750 mL,3/16/2026,1.00,6.00,$161.00,$52.91
Mike Ast,94008,Oakland Wine (A),390 Ramapo Valley Rd,Oakland,Bergen,201058,Bardstown Origin Series High Wheat 1/750 mL Btl,1/27/2025,1.00,3.00,$115.00,$36.46
Mike Ast,11003,Lincoln Park Fine Wines & Spirits,60 Beaverbrook Road,Lincoln Park,Morris 3,201055,Bardstown Origin Series Bottle-In-Bond 1/750 mL Btl,2/14/2025,1.00,2.00,$76.67,$24.30
Mike Ast,12011,Bottle King (A) Wayne,1950 NJ-23,Wayne,Passaic,201055,Bardstown Origin Series Bottle-In-Bond 1/750 mL Btl,5/28/2026,1.00,6.00,$226.00,$68.91
Mike Ast,11003,Lincoln Park Fine Wines & Spirits,60 Beaverbrook Road,Lincoln Park,Morris 3,201062,Bardstown Collaboration Series Amrut 1/750 mL Btl,5/30/2025,1.00,1.00,$105.67,$28.15
Mike Ast,12011,Bottle King (A) Wayne,1950 NJ-23,Wayne,Passaic,201058,Bardstown Origin Series High Wheat 1/750 mL Btl,12/16/2025,1.00,12.00,$436.00,$121.82
Mike Ast,94001,Long Hill Liquors (A),14 Post Rd,Oakland,Bergen,201056,Bardstown Origin Series Bourbon 1/750 mL Btl,2/5/2025,1.00,12.00,$392.00,$109.82
Mike Ast,19027,Goffle Road Wine and More,1100 Goffle Rd,Hawthorne,Passaic,201055,Bardstown Origin Series Bottle-In-Bond 1/750 mL Btl,5/12/2026,1.00,-6.00,($226.00),($68.91)
Mike Ast,17010,Frank's Fine Wine & Foods,431 Belmont Ave,Haledon,Passaic,201055,Bardstown Origin Series Bottle-In-Bond 1/750 mL Btl,8/20/2025,1.00,2.00,$75.33,$22.97
Mike Ast,19009,Diamond Liquor,203 Diamond Bridge Ave,Hawthorne,Passaic,201058,Bardstown Origin Series High Wheat 1/750 mL Btl,2/21/2025,1.00,2.00,$75.33,$22.97
Mike Ast,87001,Uncorked Wine & Spirits (Hohokus),611 N Maple Ave,Hohokus,Bergen,201056,Bardstown Origin Series Bourbon 1/750 mL Btl,3/5/2025,1.00,1.00,$34.50,$0.32
Mike Ast,88005,Waldwick Wine/Spirits,23 Wyckoff Ave,Waldwick,Bergen,201057,Bardstown Origin Series Double Barrel Rye 1/750 mL Btl,1/23/2025,1.00,6.00,$226.00,$224.91
Mike Ast,11003,Lincoln Park Fine Wines & Spirits,60 Beaverbrook Road,Lincoln Park,Morris 3,201055,Bardstown Origin Series Bottle-In-Bond 1/750 mL Btl,12/16/2025,1.00,6.00,$226.00,$68.91
Mike Ast,12011,Bottle King (A) Wayne,1950 NJ-23,Wayne,Passaic,201054,Green River Wheated 1/750 mL,4/22/2025,1.00,6.00,$162.00,$53.91
Mike Ast,17010,Frank's Fine Wine & Foods,431 Belmont Ave,Haledon,Passaic,201058,Bardstown Origin Series High Wheat 1/750 mL Btl,1/13/2026,1.00,3.00,$113.00,$34.46
Mike Ast,84010,Ridgewood Super Cellar,32 South Broad,Ridgewood,Bergen,201056,Bardstown Origin Series Bourbon 1/750 mL Btl,12/10/2025,1.00,3.00,$110.00,$39.46
Mike Ast,19008,Hawthorne Liq (A),610 Lafayette Ave,Hawthorne,Passaic,201055,Bardstown Origin Series Bottle-In-Bond 1/750 mL Btl,4/24/2026,1.00,1.00,$37.67,$11.49
Mike Ast,12011,Bottle King (A) Wayne,1950 NJ-23,Wayne,Passaic,201053,Green River Rye 1/750 mL,3/24/2026,1.00,6.00,$161.00,$52.91
Mike Ast,94001,Long Hill Liquors (A),14 Post Rd,Oakland,Bergen,201051,Green River Bourbon 1/750 mL Btl,3/16/2026,1.00,6.00,$161.00,$52.91
Mike Ast,12011,Bottle King (A) Wayne,1950 NJ-23,Wayne,Passaic,201062,Bardstown Collaboration Series Amrut 1/750 mL Btl,6/20/2025,1.00,2.00,$209.33,$54.30
Mike Ast,87001,Uncorked Wine & Spirits (Hohokus),611 N Maple Ave,Hohokus,Bergen,201058,Bardstown Origin Series High Wheat 1/750 mL Btl,12/4/2025,1.00,6.00,$226.00,$68.91
Mike Ast,96002,Wine & Spirit World(W),303 Franklin Ave,Wyckoff,Bergen,201055,Bardstown Origin Series Bottle-In-Bond 1/750 mL Btl,2/24/2025,1.00,6.00,$218.00,($9.09)
Mike Ast,19008,Hawthorne Liq (A),610 Lafayette Ave,Hawthorne,Passaic,201055,Bardstown Origin Series Bottle-In-Bond 1/750 mL Btl,3/26/2025,1.00,1.00,$37.67,$11.49
Mike Ast,12011,Bottle King (A) Wayne,1950 NJ-23,Wayne,Passaic,201058,Bardstown Origin Series High Wheat 1/750 mL Btl,6/12/2025,1.00,6.00,$218.00,$60.91
Mike Ast,87001,Uncorked Wine & Spirits (Hohokus),611 N Maple Ave,Hohokus,Bergen,201055,Bardstown Origin Series Bottle-In-Bond 1/750 mL Btl,3/19/2025,1.00,6.00,$218.00,$60.91
Mike Ast,19008,Hawthorne Liq (A),610 Lafayette Ave,Hawthorne,Passaic,201056,Bardstown Origin Series Bourbon 1/750 mL Btl,10/17/2025,1.00,2.00,$69.33,$22.30
Mike Ast,19008,Hawthorne Liq (A),610 Lafayette Ave,Hawthorne,Passaic,201057,Bardstown Origin Series Double Barrel Rye 1/750 mL Btl,2/13/2025,1.00,2.00,$75.33,$22.97
Mike Ast,96002,Wine & Spirit World(W),303 Franklin Ave,Wyckoff,Bergen,201062,Bardstown Collaboration Series Amrut 1/750 mL Btl,4/16/2025,1.00,1.00,$105.67,$28.15
Mike Ast,11003,Lincoln Park Fine Wines & Spirits,60 Beaverbrook Road,Lincoln Park,Morris 3,201054,Green River Wheated 1/750 mL,6/12/2026,1.00,1.00,$26.83,$8.82
Mike Ast,87001,Uncorked Wine & Spirits (Hohokus),611 N Maple Ave,Hohokus,Bergen,201056,Bardstown Origin Series Bourbon 1/750 mL Btl,12/4/2025,1.00,6.00,$208.00,$66.91
Mike Ast,87001,Uncorked Wine & Spirits (Hohokus),611 N Maple Ave,Hohokus,Bergen,201056,Bardstown Origin Series Bourbon 1/750 mL Btl,6/17/2025,1.00,6.00,$204.00,$62.91
Mike Ast,19027,Goffle Road Wine and More,1100 Goffle Rd,Hawthorne,Passaic,201058,Bardstown Origin Series High Wheat 1/750 mL Btl,5/20/2026,1.00,6.00,$226.00,$68.91
Mike Ast,12011,Bottle King (A) Wayne,1950 NJ-23,Wayne,Passaic,201052,Green River Full Proof 1/750 mL,12/22/2025,1.00,6.00,$218.00,$60.91
Mike Ast,84010,Ridgewood Super Cellar,32 South Broad,Ridgewood,Bergen,201055,Bardstown Origin Series Bottle-In-Bond 1/750 mL Btl,9/18/2025,1.00,6.00,$226.00,$68.91
Mike Ast,96002,Wine & Spirit World(W),303 Franklin Ave,Wyckoff,Bergen,201073,Bardstown Collaboration Series Pierre Ferrand 1/750 mL Btl,9/26/2025,1.00,6.00,$615.96,$150.87
Mike Ast,94001,Long Hill Liquors (A),14 Post Rd,Oakland,Bergen,201077,Green River Honey 1/750 mL Btl,5/8/2026,1.00,6.00,$115.00,$40.91
Mike Ast,12011,Bottle King (A) Wayne,1950 NJ-23,Wayne,Passaic,201051,Green River Bourbon 1/750 mL Btl,6/12/2025,1.00,6.00,$162.00,$53.91
Mike Ast,19027,Goffle Road Wine and More,1100 Goffle Rd,Hawthorne,Passaic,201056,Bardstown Origin Series Bourbon 1/750 mL Btl,3/28/2025,1.00,6.00,$204.00,$62.91
Mike Ast,11003,Lincoln Park Fine Wines & Spirits,60 Beaverbrook Road,Lincoln Park,Morris 3,201056,Bardstown Origin Series Bourbon 1/750 mL Btl,5/30/2025,1.00,6.00,$196.00,$54.91
Mike Ast,19027,Goffle Road Wine and More,1100 Goffle Rd,Hawthorne,Passaic,201056,Bardstown Origin Series Bourbon 1/750 mL Btl,1/28/2025,1.00,6.00,$204.00,$202.91
Mike Ast,19008,Hawthorne Liq (A),610 Lafayette Ave,Hawthorne,Passaic,201052,Green River Full Proof 1/750 mL,3/26/2025,1.00,3.00,$113.00,$34.46
Mike Ast,94001,Long Hill Liquors (A),14 Post Rd,Oakland,Bergen,201054,Green River Wheated 1/750 mL,1/20/2026,1.00,3.00,$80.50,$26.46
Mike Ast,94001,Long Hill Liquors (A),14 Post Rd,Oakland,Bergen,201056,Bardstown Origin Series Bourbon 1/750 mL Btl,5/22/2026,1.00,6.00,$208.00,$66.91
Mike Ast,17010,Frank's Fine Wine & Foods,431 Belmont Ave,Haledon,Passaic,201058,Bardstown Origin Series High Wheat 1/750 mL Btl,2/4/2025,1.00,2.00,$75.33,$22.97
Mike Ast,81006,Fair Lawn Wine & Spirits,21-00 Maple Ave,Fair Lawn,Bergen,201058,Bardstown Origin Series High Wheat 1/750 mL Btl,2/20/2026,1.00,6.00,$226.00,$68.91
Mike Ast,96002,Wine & Spirit World(W),303 Franklin Ave,Wyckoff,Bergen,201057,Bardstown Origin Series Double Barrel Rye 1/750 mL Btl,2/24/2026,1.00,6.00,$226.00,$68.91
Mike Ast,11003,Lincoln Park Fine Wines & Spirits,60 Beaverbrook Road,Lincoln Park,Morris 3,201051,Green River Bourbon 1/750 mL Btl,1/6/2026,1.00,6.00,$161.00,$52.91
Mike Ast,96002,Wine & Spirit World(W),303 Franklin Ave,Wyckoff,Bergen,201052,Green River Full Proof 1/750 mL,2/21/2025,1.00,6.00,$218.00,$60.91
Mike Ast,96002,Wine & Spirit World(W),303 Franklin Ave,Wyckoff,Bergen,201056,Bardstown Origin Series Bourbon 1/750 mL Btl,8/4/2025,1.00,6.00,$208.00,$66.91
Mike Ast,11003,Lincoln Park Fine Wines & Spirits,60 Beaverbrook Road,Lincoln Park,Morris 3,201052,Green River Full Proof 1/750 mL,3/18/2025,1.00,3.00,$115.50,$36.96
Mike Ast,94008,Oakland Wine (A),390 Ramapo Valley Rd,Oakland,Bergen,201057,Bardstown Origin Series Double Barrel Rye 1/750 mL Btl,11/7/2025,1.00,3.00,$113.00,$34.46
Mike Ast,96002,Wine & Spirit World(W),303 Franklin Ave,Wyckoff,Bergen,201058,Bardstown Origin Series High Wheat 1/750 mL Btl,8/4/2025,1.00,6.00,$226.00,$68.91
Mike Ast,19027,Goffle Road Wine and More,1100 Goffle Rd,Hawthorne,Passaic,201056,Bardstown Origin Series Bourbon 1/750 mL Btl,9/16/2025,1.00,6.00,$208.00,$66.91
Mike Ast,88005,Waldwick Wine/Spirits,23 Wyckoff Ave,Waldwick,Bergen,201077,Green River Honey 1/750 mL Btl,5/6/2026,1.00,6.00,$115.00,$40.91
Mike Ast,11003,Lincoln Park Fine Wines & Spirits,60 Beaverbrook Road,Lincoln Park,Morris 3,201055,Bardstown Origin Series Bottle-In-Bond 1/750 mL Btl,3/17/2026,1.00,3.00,$113.00,$34.46
Mike Ast,96002,Wine & Spirit World(W),303 Franklin Ave,Wyckoff,Bergen,201058,Bardstown Origin Series High Wheat 1/750 mL Btl,2/21/2025,1.00,6.00,$218.00,$60.91
Mike Ast,11003,Lincoln Park Fine Wines & Spirits,60 Beaverbrook Road,Lincoln Park,Morris 3,201056,Bardstown Origin Series Bourbon 1/750 mL Btl,9/19/2025,1.00,6.00,$208.00,$66.91
Mike Ast,87001,Uncorked Wine & Spirits (Hohokus),611 N Maple Ave,Hohokus,Bergen,201055,Bardstown Origin Series Bottle-In-Bond 1/750 mL Btl,1/9/2026,1.00,6.00,$218.00,$60.91
Mike Ast,19008,Hawthorne Liq (A),610 Lafayette Ave,Hawthorne,Passaic,201058,Bardstown Origin Series High Wheat 1/750 mL Btl,3/13/2026,1.00,1.00,$37.67,$11.49
Mike Ast,84022,Park West Tavern,30 Oak Street,Ridgewood,Bergen,201056,Bardstown Origin Series Bourbon 1/750 mL Btl,1/15/2025,1.00,1.00,$34.67,$34.49
Mike Ast,19008,Hawthorne Liq (A),610 Lafayette Ave,Hawthorne,Passaic,201055,Bardstown Origin Series Bottle-In-Bond 1/750 mL Btl,4/22/2025,1.00,3.00,$113.00,$34.46
Mike Ast,12011,Bottle King (A) Wayne,1950 NJ-23,Wayne,Passaic,201055,Bardstown Origin Series Bottle-In-Bond 1/750 mL Btl,1/28/2025,1.00,6.00,$218.00,$216.91
Mike Ast,12011,Bottle King (A) Wayne,1950 NJ-23,Wayne,Passaic,201055,Bardstown Origin Series Bottle-In-Bond 1/750 mL Btl,6/12/2025,1.00,6.00,$218.00,$60.91
Mike Ast,19008,Hawthorne Liq (A),610 Lafayette Ave,Hawthorne,Passaic,201056,Bardstown Origin Series Bourbon 1/750 mL Btl,4/24/2026,1.00,4.00,$138.67,$44.61
Mike Ast,87001,Uncorked Wine & Spirits (Hohokus),611 N Maple Ave,Hohokus,Bergen,201056,Bardstown Origin Series Bourbon 1/750 mL Btl,2/20/2025,1.00,2.00,$68.00,$20.97
Mike Ast,96002,Wine & Spirit World(W),303 Franklin Ave,Wyckoff,Bergen,201058,Bardstown Origin Series High Wheat 1/750 mL Btl,12/29/2025,1.00,6.00,$218.00,$60.91
Mike Ast,19008,Hawthorne Liq (A),610 Lafayette Ave,Hawthorne,Passaic,201056,Bardstown Origin Series Bourbon 1/750 mL Btl,7/17/2026,1.00,4.00,$138.67,$44.61
Mike Ast,18001,Grand Opening Liq (A)_2,1068 High Mountain Road,North Haledon,Passaic,201055,Bardstown Origin Series Bottle-In-Bond 1/750 mL Btl,7/21/2025,1.00,6.00,$226.00,$68.91
Mike Ast,12011,Bottle King (A) Wayne,1950 NJ-23,Wayne,Passaic,201056,Bardstown Origin Series Bourbon 1/750 mL Btl,12/4/2025,1.00,6.00,$208.00,$66.91
Mike Ast,96002,Wine & Spirit World(W),303 Franklin Ave,Wyckoff,Bergen,201055,Bardstown Origin Series Bottle-In-Bond 1/750 mL Btl,4/21/2025,1.00,6.00,$226.00,$68.91
Mike Ast,88005,Waldwick Wine/Spirits,23 Wyckoff Ave,Waldwick,Bergen,201054,Green River Wheated 1/750 mL,3/13/2026,1.00,2.00,$53.67,$17.64
Mike Ast,96002,Wine & Spirit World(W),303 Franklin Ave,Wyckoff,Bergen,201056,Bardstown Origin Series Bourbon 1/750 mL Btl,4/21/2025,1.00,6.00,$204.00,$62.91
Mike Ast,12011,Bottle King (A) Wayne,1950 NJ-23,Wayne,Passaic,201056,Bardstown Origin Series Bourbon 1/750 mL Btl,4/1/2025,1.00,12.00,$392.00,$109.82
Mike Ast,87001,Uncorked Wine & Spirits (Hohokus),611 N Maple Ave,Hohokus,Bergen,201056,Bardstown Origin Series Bourbon 1/750 mL Btl,3/19/2025,1.00,6.00,$196.00,$54.91
Mike Ast,88005,Waldwick Wine/Spirits,23 Wyckoff Ave,Waldwick,Bergen,201058,Bardstown Origin Series High Wheat 1/750 mL Btl,3/13/2026,1.00,2.00,$81.33,$28.97
Mike Ast,11003,Lincoln Park Fine Wines & Spirits,60 Beaverbrook Road,Lincoln Park,Morris 3,201068,Green River Single Barrel GSPD#3 1/750 mL,7/9/2025,1.00,3.00,$148.00,$49.96
Mike Ast,12011,Bottle King (A) Wayne,1950 NJ-23,Wayne,Passaic,201058,Bardstown Origin Series High Wheat 1/750 mL Btl,2/6/2025,1.00,6.00,$222.00,$64.91
Mike Ast,93009,Scherer & Company,7 Miller Road,Mahwah,Bergen,201054,Green River Wheated 1/750 mL,10/24/2025,1.00,6.00,$162.00,$53.91
Mike Ast,17010,Frank's Fine Wine & Foods,431 Belmont Ave,Haledon,Passaic,201057,Bardstown Origin Series Double Barrel Rye 1/750 mL Btl,8/20/2025,1.00,2.00,$75.33,$22.97
Mike Ast,19027,Goffle Road Wine and More,1100 Goffle Rd,Hawthorne,Passaic,201055,Bardstown Origin Series Bottle-In-Bond 1/750 mL Btl,2/24/2026,1.00,6.00,$226.00,$68.91
Mike Ast,94001,Long Hill Liquors (A),14 Post Rd,Oakland,Bergen,201056,Bardstown Origin Series Bourbon 1/750 mL Btl,12/5/2025,1.00,3.00,$104.00,$33.46
Mike Ast,12011,Bottle King (A) Wayne,1950 NJ-23,Wayne,Passaic,201074,Bardstown Discovery #13 1/750 mL Btl,9/15/2025,1.00,3.00,$307.98,$75.45
Mike Ast,94008,Oakland Wine (A),390 Ramapo Valley Rd,Oakland,Bergen,201077,Green River Honey 1/750 mL Btl,5/8/2026,1.00,3.00,$60.00,$22.96
Mike Ast,96002,Wine & Spirit World(W),303 Franklin Ave,Wyckoff,Bergen,201053,Green River Rye 1/750 mL,2/21/2025,1.00,6.00,$154.00,$45.91
Mike Ast,18001,Grand Opening Liq (A)_2,1068 High Mountain Road,North Haledon,Passaic,201057,Bardstown Origin Series Double Barrel Rye 1/750 mL Btl,1/23/2025,1.00,6.00,$226.00,$224.91
Mike Ast,19008,Hawthorne Liq (A),610 Lafayette Ave,Hawthorne,Passaic,201058,Bardstown Origin Series High Wheat 1/750 mL Btl,4/22/2025,1.00,3.00,$113.00,$34.46
Mike Ast,88005,Waldwick Wine/Spirits,23 Wyckoff Ave,Waldwick,Bergen,201055,Bardstown Origin Series Bottle-In-Bond 1/750 mL Btl,12/23/2025,1.00,6.00,$226.00,$68.91
Mike Ast,17010,Frank's Fine Wine & Foods,431 Belmont Ave,Haledon,Passaic,201055,Bardstown Origin Series Bottle-In-Bond 1/750 mL Btl,1/13/2026,1.00,3.00,$113.00,$34.46
Mike Ast,12011,Bottle King (A) Wayne,1950 NJ-23,Wayne,Passaic,201054,Green River Wheated 1/750 mL,6/26/2025,1.00,6.00,$154.00,$45.91
Mike Ast,12011,Bottle King (A) Wayne,1950 NJ-23,Wayne,Passaic,201060,Bardstown Discovery Series #11 1/750 mL Btl,6/20/2025,1.00,1.00,$104.67,$27.15
Mike Ast,96002,Wine & Spirit World(W),303 Franklin Ave,Wyckoff,Bergen,201054,Green River Wheated 1/750 mL,2/21/2025,1.00,6.00,$154.00,$45.91
Mike Ast,12011,Bottle King (A) Wayne,1950 NJ-23,Wayne,Passaic,201053,Green River Rye 1/750 mL,12/11/2025,1.00,6.00,$154.00,$45.91
Mike Ast,83005,Glen Rock Inn,222 Rock Rd,Glen Rock,Bergen,201055,Bardstown Origin Series Bottle-In-Bond 1/750 mL Btl,3/4/2025,1.00,1.00,$38.67,$12.49
Mike Ast,17011,Nico's Wine & Spirits,408 Haledon Ave,Haledon,Passaic,201051,Green River Bourbon 1/750 mL Btl,2/21/2025,1.00,6.00,$162.00,$53.91
Mike Ast,12011,Bottle King (A) Wayne,1950 NJ-23,Wayne,Passaic,201054,Green River Wheated 1/750 mL,12/2/2025,1.00,6.00,$161.00,$52.91
Mike Ast,19008,Hawthorne Liq (A),610 Lafayette Ave,Hawthorne,Passaic,201057,Bardstown Origin Series Double Barrel Rye 1/750 mL Btl,10/17/2025,1.00,1.00,$37.67,$11.49
Mike Ast,17010,Frank's Fine Wine & Foods,431 Belmont Ave,Haledon,Passaic,201056,Bardstown Origin Series Bourbon 1/750 mL Btl,2/4/2025,1.00,2.00,$68.00,$20.97
Mike Ast,83011,Stone & Rail,175 Rock Rd,Glen Rock,Bergen,201054,Green River Wheated 1/750 mL,6/10/2026,1.00,12.00,$322.00,$105.82
Mike Ast,19008,Hawthorne Liq (A),610 Lafayette Ave,Hawthorne,Passaic,201056,Bardstown Origin Series Bourbon 1/750 mL Btl,3/13/2026,1.00,4.00,$138.67,$44.61
Mike Ast,94008,Oakland Wine (A),390 Ramapo Valley Rd,Oakland,Bergen,201058,Bardstown Origin Series High Wheat 1/750 mL Btl,11/7/2025,1.00,3.00,$113.00,$34.46
Mike Ast,96002,Wine & Spirit World(W),303 Franklin Ave,Wyckoff,Bergen,201053,Green River Rye 1/750 mL,3/23/2026,1.00,6.00,$161.00,$52.91
Mike Ast,88005,Waldwick Wine/Spirits,23 Wyckoff Ave,Waldwick,Bergen,201056,Bardstown Origin Series Bourbon 1/750 mL Btl,12/23/2025,1.00,6.00,$208.00,$66.91
Mike Ast,12011,Bottle King (A) Wayne,1950 NJ-23,Wayne,Passaic,201053,Green River Rye 1/750 mL,12/2/2025,1.00,6.00,$161.00,$52.91
Mike Ast,96002,Wine & Spirit World(W),303 Franklin Ave,Wyckoff,Bergen,201058,Bardstown Origin Series High Wheat 1/750 mL Btl,7/1/2025,1.00,6.00,$226.00,$68.91
Mike Ast,94008,Oakland Wine (A),390 Ramapo Valley Rd,Oakland,Bergen,201057,Bardstown Origin Series Double Barrel Rye 1/750 mL Btl,8/8/2025,1.00,2.00,$75.33,$22.97
Mike Ast,11003,Lincoln Park Fine Wines & Spirits,60 Beaverbrook Road,Lincoln Park,Morris 3,201055,Bardstown Origin Series Bottle-In-Bond 1/750 mL Btl,2/26/2025,1.00,6.00,$226.00,($1.09)
Mike Ast,12011,Bottle King (A) Wayne,1950 NJ-23,Wayne,Passaic,201056,Bardstown Origin Series Bourbon 1/750 mL Btl,7/17/2025,1.00,6.00,$204.00,$62.91
Mike Ast,19008,Hawthorne Liq (A),610 Lafayette Ave,Hawthorne,Passaic,201056,Bardstown Origin Series Bourbon 1/750 mL Btl,8/29/2025,1.00,4.00,$138.67,$44.61
Mike Ast,11003,Lincoln Park Fine Wines & Spirits,60 Beaverbrook Road,Lincoln Park,Morris 3,201058,Bardstown Origin Series High Wheat 1/750 mL Btl,2/18/2025,1.00,6.00,$226.00,$68.91
Mike Ast,19027,Goffle Road Wine and More,1100 Goffle Rd,Hawthorne,Passaic,201051,Green River Bourbon 1/750 mL Btl,4/24/2026,1.00,1.00,$26.83,$8.82
Mike Ast,88005,Waldwick Wine/Spirits,23 Wyckoff Ave,Waldwick,Bergen,201051,Green River Bourbon 1/750 mL Btl,4/30/2026,1.00,1.00,$26.83,$8.82
Mike Ast,96002,Wine & Spirit World(W),303 Franklin Ave,Wyckoff,Bergen,201072,Green River Bourbon 250th Army Anniversary 1/750 mL,2/12/2026,1.00,6.00,$218.00,$60.91
Mike Ast,11003,Lincoln Park Fine Wines & Spirits,60 Beaverbrook Road,Lincoln Park,Morris 3,201055,Bardstown Origin Series Bottle-In-Bond 1/750 mL Btl,5/15/2026,1.00,6.00,$226.00,$68.91
Mike Ast,11003,Lincoln Park Fine Wines & Spirits,60 Beaverbrook Road,Lincoln Park,Morris 3,201057,Bardstown Origin Series Double Barrel Rye 1/750 mL Btl,2/18/2025,1.00,2.00,$75.33,$22.97
Mike Ast,12011,Bottle King (A) Wayne,1950 NJ-23,Wayne,Passaic,201058,Bardstown Origin Series High Wheat 1/750 mL Btl,4/22/2025,1.00,6.00,$226.00,$68.91
Mike Ast,12011,Bottle King (A) Wayne,1950 NJ-23,Wayne,Passaic,201060,Bardstown Discovery Series #11 1/750 mL Btl,4/10/2025,1.00,1.00,$105.67,$28.15
Mike Ast,12011,Bottle King (A) Wayne,1950 NJ-23,Wayne,Passaic,201056,Bardstown Origin Series Bourbon 1/750 mL Btl,9/16/2025,1.00,6.00,$196.00,$54.91
Mike Ast,12011,Bottle King (A) Wayne,1950 NJ-23,Wayne,Passaic,201052,Green River Full Proof 1/750 mL,5/20/2025,1.00,6.00,$218.00,$60.91
Mike Ast,12011,Bottle King (A) Wayne,1950 NJ-23,Wayne,Passaic,201074,Bardstown Discovery #13 1/750 mL Btl,11/20/2025,1.00,3.00,$325.98,$93.44
Mike Ast,19008,Hawthorne Liq (A),610 Lafayette Ave,Hawthorne,Passaic,201058,Bardstown Origin Series High Wheat 1/750 mL Btl,4/24/2026,1.00,1.00,$37.67,$11.49
Mike Ast,81006,Fair Lawn Wine & Spirits,21-00 Maple Ave,Fair Lawn,Bergen,201051,Green River Bourbon 1/750 mL Btl,3/28/2025,1.00,3.00,$81.00,$26.96
Mike Ast,12011,Bottle King (A) Wayne,1950 NJ-23,Wayne,Passaic,201058,Bardstown Origin Series High Wheat 1/750 mL Btl,5/14/2026,1.00,6.00,$226.00,$68.91
Mike Ast,12011,Bottle King (A) Wayne,1950 NJ-23,Wayne,Passaic,201052,Green River Full Proof 1/750 mL,12/11/2025,1.00,6.00,$218.00,$60.91
Mike Ast,88005,Waldwick Wine/Spirits,23 Wyckoff Ave,Waldwick,Bergen,201056,Bardstown Origin Series Bourbon 1/750 mL Btl,1/23/2025,1.00,6.00,$204.00,$202.91
Mike Ast,12011,Bottle King (A) Wayne,1950 NJ-23,Wayne,Passaic,201056,Bardstown Origin Series Bourbon 1/750 mL Btl,6/12/2025,1.00,6.00,$196.00,$54.91
Mike Ast,93009,Scherer & Company,7 Miller Road,Mahwah,Bergen,201054,Green River Wheated 1/750 mL,1/30/2026,1.00,6.00,$161.00,$52.91
Mike Ast,94008,Oakland Wine (A),390 Ramapo Valley Rd,Oakland,Bergen,201058,Bardstown Origin Series High Wheat 1/750 mL Btl,8/8/2025,1.00,2.00,$75.33,$22.97
Mike Ast,94008,Oakland Wine (A),390 Ramapo Valley Rd,Oakland,Bergen,201055,Bardstown Origin Series Bottle-In-Bond 1/750 mL Btl,8/8/2025,1.00,2.00,$75.33,$22.97
Mike Ast,19027,Goffle Road Wine and More,1100 Goffle Rd,Hawthorne,Passaic,201056,Bardstown Origin Series Bourbon 1/750 mL Btl,11/25/2025,1.00,6.00,$208.00,$66.91
Mike Ast,88005,Waldwick Wine/Spirits,23 Wyckoff Ave,Waldwick,Bergen,201056,Bardstown Origin Series Bourbon 1/750 mL Btl,10/30/2025,1.00,3.00,$104.00,$33.46
Mike Ast,94001,Long Hill Liquors (A),14 Post Rd,Oakland,Bergen,201055,Bardstown Origin Series Bottle-In-Bond 1/750 mL Btl,12/5/2025,1.00,3.00,$113.00,$34.46
Mike Ast,94001,Long Hill Liquors (A),14 Post Rd,Oakland,Bergen,201055,Bardstown Origin Series Bottle-In-Bond 1/750 mL Btl,1/14/2026,1.00,2.00,$75.33,$22.97
Mike Ast,96002,Wine & Spirit World(W),303 Franklin Ave,Wyckoff,Bergen,201054,Green River Wheated 1/750 mL,2/12/2026,1.00,6.00,$161.00,$52.91
Mike Ast,88005,Waldwick Wine/Spirits,23 Wyckoff Ave,Waldwick,Bergen,201058,Bardstown Origin Series High Wheat 1/750 mL Btl,3/21/2025,1.00,3.00,$113.00,$34.46
Mike Ast,11003,Lincoln Park Fine Wines & Spirits,60 Beaverbrook Road,Lincoln Park,Morris 3,201068,Green River Single Barrel GSPD#3 1/750 mL,7/14/2025,1.00,-3.00,($148.00),($49.96)
Mike Ast,12011,Bottle King (A) Wayne,1950 NJ-23,Wayne,Passaic,201056,Bardstown Origin Series Bourbon 1/750 mL Btl,4/28/2026,1.00,6.00,$208.00,$66.91
Mike Ast,17010,Frank's Fine Wine & Foods,431 Belmont Ave,Haledon,Passaic,201056,Bardstown Origin Series Bourbon 1/750 mL Btl,7/21/2026,1.00,3.00,$104.00,$33.46
Mike Ast,96002,Wine & Spirit World(W),303 Franklin Ave,Wyckoff,Bergen,201057,Bardstown Origin Series Double Barrel Rye 1/750 mL Btl,2/21/2025,1.00,6.00,$218.00,$60.91
Mike Ast,12011,Bottle King (A) Wayne,1950 NJ-23,Wayne,Passaic,201056,Bardstown Origin Series Bourbon 1/750 mL Btl,12/16/2025,1.00,6.00,$196.00,$54.91
Mike Ast,96002,Wine & Spirit World(W),303 Franklin Ave,Wyckoff,Bergen,201062,Bardstown Collaboration Series Amrut 1/750 mL Btl,7/11/2025,1.00,1.00,$105.67,$28.15
Mike Ast,96002,Wine & Spirit World(W),303 Franklin Ave,Wyckoff,Bergen,201059,Bardstown Discovery Series #10 1/750 mL Btl,8/15/2025,1.00,3.00,$314.00,$81.46
Mike Ast,18001,Grand Opening Liq (A)_2,1068 High Mountain Road,North Haledon,Passaic,201077,Green River Honey 1/750 mL Btl,5/7/2026,1.00,6.00,$115.00,$40.91
Mike Ast,81006,Fair Lawn Wine & Spirits,21-00 Maple Ave,Fair Lawn,Bergen,201052,Green River Full Proof 1/750 mL,3/28/2025,1.00,3.00,$113.00,$34.46
Mike Ast,81006,Fair Lawn Wine & Spirits,21-00 Maple Ave,Fair Lawn,Bergen,201055,Bardstown Origin Series Bottle-In-Bond 1/750 mL Btl,5/22/2026,1.00,6.00,$226.00,$68.91
Mike Ast,12011,Bottle King (A) Wayne,1950 NJ-23,Wayne,Passaic,201057,Bardstown Origin Series Double Barrel Rye 1/750 mL Btl,2/25/2025,1.00,6.00,$218.00,$60.91
Mike Ast,96002,Wine & Spirit World(W),303 Franklin Ave,Wyckoff,Bergen,201054,Green River Wheated 1/750 mL,9/19/2025,1.00,6.00,$162.00,$53.91
Mike Ast,19027,Goffle Road Wine and More,1100 Goffle Rd,Hawthorne,Passaic,201072,Green River Bourbon 250th Army Anniversary 1/750 mL,11/24/2025,1.00,3.00,$116.00,$37.46
Mike Ast,94008,Oakland Wine (A),390 Ramapo Valley Rd,Oakland,Bergen,201055,Bardstown Origin Series Bottle-In-Bond 1/750 mL Btl,11/7/2025,1.00,3.00,$113.00,$34.46
Mike Ast,12011,Bottle King (A) Wayne,1950 NJ-23,Wayne,Passaic,201051,Green River Bourbon 1/750 mL Btl,4/8/2025,1.00,6.00,$162.00,$53.91
Mike Ast,87001,Uncorked Wine & Spirits (Hohokus),611 N Maple Ave,Hohokus,Bergen,201058,Bardstown Origin Series High Wheat 1/750 mL Btl,2/20/2025,1.00,2.00,$75.33,$22.97
Mike Ast,19008,Hawthorne Liq (A),610 Lafayette Ave,Hawthorne,Passaic,201056,Bardstown Origin Series Bourbon 1/750 mL Btl,3/26/2025,1.00,2.00,$68.00,$20.97
Mike Ast,11003,Lincoln Park Fine Wines & Spirits,60 Beaverbrook Road,Lincoln Park,Morris 3,201072,Green River Bourbon 250th Army Anniversary 1/750 mL,11/18/2025,1.00,12.00,$436.00,$121.82
Mike Ast,11003,Lincoln Park Fine Wines & Spirits,60 Beaverbrook Road,Lincoln Park,Morris 3,201056,Bardstown Origin Series Bourbon 1/750 mL Btl,3/17/2026,1.00,3.00,$104.00,$33.46
Mike Ast,83011,Stone & Rail,175 Rock Rd,Glen Rock,Bergen,201057,Bardstown Origin Series Double Barrel Rye 1/750 mL Btl,6/10/2026,1.00,12.00,$452.00,$137.82
Mike Ast,11003,Lincoln Park Fine Wines & Spirits,60 Beaverbrook Road,Lincoln Park,Morris 3,201056,Bardstown Origin Series Bourbon 1/750 mL Btl,4/21/2026,1.00,1.00,$34.67,$11.15
Mike Ast,84022,Park West Tavern,30 Oak Street,Ridgewood,Bergen,201057,Bardstown Origin Series Double Barrel Rye 1/750 mL Btl,1/15/2025,1.00,1.00,$38.67,$38.49
Mike Ast,12011,Bottle King (A) Wayne,1950 NJ-23,Wayne,Passaic,201058,Bardstown Origin Series High Wheat 1/750 mL Btl,2/10/2026,1.00,12.00,$436.00,$121.82
Mike Ast,96002,Wine & Spirit World(W),303 Franklin Ave,Wyckoff,Bergen,201054,Green River Wheated 1/750 mL,12/29/2025,1.00,6.00,$161.00,$52.91
Mike Ast,12011,Bottle King (A) Wayne,1950 NJ-23,Wayne,Passaic,201058,Bardstown Origin Series High Wheat 1/750 mL Btl,1/28/2025,1.00,6.00,$218.00,$60.91
Mike Ast,87001,Uncorked Wine & Spirits (Hohokus),611 N Maple Ave,Hohokus,Bergen,201055,Bardstown Origin Series Bottle-In-Bond 1/750 mL Btl,10/24/2025,1.00,6.00,$226.00,$68.91
Mike Ast,87001,Uncorked Wine & Spirits (Hohokus),611 N Maple Ave,Hohokus,Bergen,201055,Bardstown Origin Series Bottle-In-Bond 1/750 mL Btl,6/17/2025,1.00,6.00,$226.00,$68.91
Nick Melissari,19006,Blackjack Mulligans (Hawthorne),237 Diamond Bridge Ave,Hawthorne,Passaic,201058,Bardstown Origin Series High Wheat 1/750 mL Btl,8/29/2025,1.00,6.00,$218.00,$60.91
Nick Melissari,80011,Casa De Montecristo,184 Route 17n.,Paramus,Bergen,201056,Bardstown Origin Series Bourbon 1/750 mL Btl,1/6/2026,1.00,12.00,$416.00,$133.82
Nick Melissari,80011,Casa De Montecristo,184 Route 17n.,Paramus,Bergen,201062,Bardstown Collaboration Series Amrut 1/750 mL Btl,7/11/2025,1.00,1.00,$104.67,$27.15
Nick Melissari,38002,Satin Dolls (A),230 Route 17,Lodi,Bergen,201058,Bardstown Origin Series High Wheat 1/750 mL Btl,3/4/2025,1.00,1.00,$38.33,$12.15
Nick Melissari,80040,Biagio's,299 Paramus Rd,Paramus,Bergen,201056,Bardstown Origin Series Bourbon 1/750 mL Btl,4/24/2026,1.00,3.00,$104.00,$33.46
Nick Melissari,77003,Blue 42 Restaurant & Bar,158 Market St,Elmwood Park,Bergen,201077,Green River Honey 1/750 mL Btl,5/21/2026,1.00,2.00,$40.00,$15.30
Nick Melissari,92013,Varka,30 N Spruce St,Ramsey,Bergen,201057,Bardstown Origin Series Double Barrel Rye 1/750 mL Btl,3/19/2026,1.00,1.00,$40.67,$14.49
Nick Melissari,80011,Casa De Montecristo,184 Route 17n.,Paramus,Bergen,201056,Bardstown Origin Series Bourbon 1/750 mL Btl,2/20/2026,1.00,12.00,$416.00,$133.82
Nick Melissari,77003,Blue 42 Restaurant & Bar,158 Market St,Elmwood Park,Bergen,201056,Bardstown Origin Series Bourbon 1/750 mL Btl,1/29/2025,1.00,1.00,$34.67,$11.15
Nick Melissari,79001,Victor's Maywood Inn,122 W Pleasant Ave,Maywood,Bergen,201058,Bardstown Origin Series High Wheat 1/750 mL Btl,3/3/2025,1.00,1.00,$38.67,$12.49
Nick Melissari,19006,Blackjack Mulligans (Hawthorne),237 Diamond Bridge Ave,Hawthorne,Passaic,201057,Bardstown Origin Series Double Barrel Rye 1/750 mL Btl,8/29/2025,1.00,6.00,$218.00,$60.91
Nick Melissari,79001,Victor's Maywood Inn,122 W Pleasant Ave,Maywood,Bergen,201052,Green River Full Proof 1/750 mL,3/3/2025,1.00,1.00,$38.67,$12.49
Nick Melissari,79001,Victor's Maywood Inn,122 W Pleasant Ave,Maywood,Bergen,201055,Bardstown Origin Series Bottle-In-Bond 1/750 mL Btl,3/3/2025,1.00,1.00,$38.67,$12.49
Nick Melissari,80011,Casa De Montecristo,184 Route 17n.,Paramus,Bergen,201056,Bardstown Origin Series Bourbon 1/750 mL Btl,9/5/2025,1.00,6.00,$196.00,$54.91
Nick Melissari,80040,Biagio's,299 Paramus Rd,Paramus,Bergen,201058,Bardstown Origin Series High Wheat 1/750 mL Btl,3/24/2025,1.00,3.00,$113.00,$34.46
Nick Melissari,80011,Casa De Montecristo,184 Route 17n.,Paramus,Bergen,201056,Bardstown Origin Series Bourbon 1/750 mL Btl,7/2/2026,1.00,6.00,$208.00,$66.91
Nick Melissari,31030,Al-Di-La' (P),1 Hoboken Rd,East Rutherford,Bergen,201058,Bardstown Origin Series High Wheat 1/750 mL Btl,4/4/2025,1.00,2.00,$76.67,$24.30
Nick Melissari,80007,The Orange Lantern,15 E Firehouse Lane,Paramus,Bergen,201051,Green River Bourbon 1/750 mL Btl,6/11/2025,1.00,1.00,$27.33,$9.32
Nick Melissari,38020,Lodi Lanes (A),58 Terhune Ave,Lodi,Bergen,201077,Green River Honey 1/750 mL Btl,5/21/2026,1.00,2.00,$40.00,$15.30
Nick Melissari,80011,Casa De Montecristo,184 Route 17n.,Paramus,Bergen,201058,Bardstown Origin Series High Wheat 1/750 mL Btl,9/5/2025,1.00,6.00,$218.00,$60.91
Nick Melissari,80040,Biagio's,299 Paramus Rd,Paramus,Bergen,201051,Green River Bourbon 1/750 mL Btl,4/24/2026,1.00,3.00,$80.50,$26.46
Nick Melissari,80011,Casa De Montecristo,184 Route 17n.,Paramus,Bergen,201056,Bardstown Origin Series Bourbon 1/750 mL Btl,9/2/2025,1.00,1.00,$36.67,$13.15
Nick Melissari,37034,Blackjack Mulligans(P) (Garfield),279 Passaic St,Garfield,Bergen,201056,Bardstown Origin Series Bourbon 1/750 mL Btl,6/27/2025,1.00,2.00,$69.00,$21.97
Nick Melissari,80011,Casa De Montecristo,184 Route 17n.,Paramus,Bergen,201057,Bardstown Origin Series Double Barrel Rye 1/750 mL Btl,9/2/2025,1.00,1.00,$40.67,$14.49
Nick Melissari,80011,Casa De Montecristo,184 Route 17n.,Paramus,Bergen,201074,Bardstown Discovery #13 1/750 mL Btl,9/24/2025,1.00,2.00,$205.32,$50.29
Nick Melissari,49043,De Novo European Pub,1257 River Rd,Edgewater,Bergen,201056,Bardstown Origin Series Bourbon 1/750 mL Btl,9/24/2025,1.00,1.00,$36.67,$13.15
Nick Melissari,38002,Satin Dolls (A),230 Route 17,Lodi,Bergen,201057,Bardstown Origin Series Double Barrel Rye 1/750 mL Btl,3/4/2025,1.00,1.00,$38.33,$12.15
Nick Melissari,80011,Casa De Montecristo,184 Route 17n.,Paramus,Bergen,201055,Bardstown Origin Series Bottle-In-Bond 1/750 mL Btl,9/2/2025,1.00,1.00,$40.67,$14.49
Nick Melissari,31043,House of Que (East Rutherford),1 American Dream Way,East Rutherford,Bergen,201056,Bardstown Origin Series Bourbon 1/750 mL Btl,2/26/2025,1.00,1.00,$34.67,$0.49
Nick Melissari,80011,Casa De Montecristo,184 Route 17n.,Paramus,Bergen,201064,Bardstown Collaboration Series Silver Oak 1/750 mL Btl,7/11/2025,1.00,1.00,$104.67,$27.15
Nick Melissari,92013,Varka,30 N Spruce St,Ramsey,Bergen,201056,Bardstown Origin Series Bourbon 1/750 mL Btl,3/19/2026,1.00,1.00,$36.67,$13.15
Nick Melissari,19006,Blackjack Mulligans (Hawthorne),237 Diamond Bridge Ave,Hawthorne,Passaic,201077,Green River Honey 1/750 mL Btl,5/22/2026,1.00,2.00,$40.00,$15.30
Nick Melissari,88003,W's Village Grille,71 Crescent Ave,Waldwick,Bergen,201058,Bardstown Origin Series High Wheat 1/750 mL Btl,10/1/2025,1.00,1.00,$40.67,$14.49
Nick Melissari,94003,Segovia Tavern,110 W Oakland Ave,Oakland,Bergen,201056,Bardstown Origin Series Bourbon 1/750 mL Btl,4/2/2025,1.00,1.00,$34.67,$11.15
Nick Melissari,31059,Apres Cafe,1 American Dream Way,East Rutherford,Bergen,201056,Bardstown Origin Series Bourbon 1/750 mL Btl,4/8/2026,1.00,-6.00,($208.00),($66.91)
Nick Melissari,94005,Cenzino's (P),589 Ramapo Valley Rd,Oakland,Bergen,201058,Bardstown Origin Series High Wheat 1/750 mL Btl,4/17/2025,1.00,1.00,$38.67,$12.49
Nick Melissari,88003,W's Village Grille,71 Crescent Ave,Waldwick,Bergen,201056,Bardstown Origin Series Bourbon 1/750 mL Btl,10/1/2025,1.00,1.00,$36.67,$13.15
Nick Melissari,19006,Blackjack Mulligans (Hawthorne),237 Diamond Bridge Ave,Hawthorne,Passaic,201056,Bardstown Origin Series Bourbon 1/750 mL Btl,1/24/2025,1.00,1.00,$34.50,$34.32
Nick Melissari,19006,Blackjack Mulligans (Hawthorne),237 Diamond Bridge Ave,Hawthorne,Passaic,201058,Bardstown Origin Series High Wheat 1/750 mL Btl,6/27/2025,1.00,2.00,$76.67,$24.30
Nick Melissari,80011,Casa De Montecristo,184 Route 17n.,Paramus,Bergen,201055,Bardstown Origin Series Bottle-In-Bond 1/750 mL Btl,9/5/2025,1.00,6.00,$218.00,$60.91
Nick Melissari,38002,Satin Dolls (A),230 Route 17,Lodi,Bergen,201055,Bardstown Origin Series Bottle-In-Bond 1/750 mL Btl,3/4/2025,1.00,1.00,$38.33,$12.15
Nick Melissari,80011,Casa De Montecristo,184 Route 17n.,Paramus,Bergen,201058,Bardstown Origin Series High Wheat 1/750 mL Btl,5/28/2025,1.00,12.00,$452.00,$137.82
Nick Melissari,80011,Casa De Montecristo,184 Route 17n.,Paramus,Bergen,201058,Bardstown Origin Series High Wheat 1/750 mL Btl,1/27/2025,1.00,6.00,$226.00,$68.91
Nick Melissari,37034,Blackjack Mulligans(P) (Garfield),279 Passaic St,Garfield,Bergen,201058,Bardstown Origin Series High Wheat 1/750 mL Btl,1/24/2025,1.00,1.00,$38.33,$12.15
Nick Melissari,80011,Casa De Montecristo,184 Route 17n.,Paramus,Bergen,201059,Bardstown Discovery Series #10 1/750 mL Btl,7/11/2025,1.00,2.00,$209.33,$54.30
Nick Melissari,37034,Blackjack Mulligans(P) (Garfield),279 Passaic St,Garfield,Bergen,201051,Green River Bourbon 1/750 mL Btl,6/27/2025,1.00,1.00,$27.33,$9.32
Nick Melissari,92013,Varka,30 N Spruce St,Ramsey,Bergen,201055,Bardstown Origin Series Bottle-In-Bond 1/750 mL Btl,3/19/2026,1.00,1.00,$40.67,$14.49
Nick Melissari,37034,Blackjack Mulligans(P) (Garfield),279 Passaic St,Garfield,Bergen,201056,Bardstown Origin Series Bourbon 1/750 mL Btl,1/24/2025,1.00,1.00,$34.50,$34.32
Nick Melissari,80011,Casa De Montecristo,184 Route 17n.,Paramus,Bergen,201056,Bardstown Origin Series Bourbon 1/750 mL Btl,4/16/2026,1.00,12.00,$416.00,$133.82
Nick Melissari,19006,Blackjack Mulligans (Hawthorne),237 Diamond Bridge Ave,Hawthorne,Passaic,201058,Bardstown Origin Series High Wheat 1/750 mL Btl,1/24/2025,1.00,1.00,$38.33,$12.15
Nick Melissari,80011,Casa De Montecristo,184 Route 17n.,Paramus,Bergen,201056,Bardstown Origin Series Bourbon 1/750 mL Btl,1/30/2026,1.00,6.00,$208.00,$66.91
Nick Melissari,37034,Blackjack Mulligans(P) (Garfield),279 Passaic St,Garfield,Bergen,201058,Bardstown Origin Series High Wheat 1/750 mL Btl,6/27/2025,1.00,2.00,$76.67,$24.30
Nick Melissari,80040,Biagio's,299 Paramus Rd,Paramus,Bergen,201054,Green River Wheated 1/750 mL,4/24/2026,1.00,3.00,$80.50,$26.46
Nick Melissari,80011,Casa De Montecristo,184 Route 17n.,Paramus,Bergen,201057,Bardstown Origin Series Double Barrel Rye 1/750 mL Btl,9/5/2025,1.00,6.00,$218.00,$60.91
Nick Melissari,80011,Casa De Montecristo,184 Route 17n.,Paramus,Bergen,201056,Bardstown Origin Series Bourbon 1/750 mL Btl,1/27/2025,1.00,6.00,$204.00,$202.91
Nick Melissari,19006,Blackjack Mulligans (Hawthorne),237 Diamond Bridge Ave,Hawthorne,Passaic,201051,Green River Bourbon 1/750 mL Btl,6/20/2025,1.00,1.00,$27.33,$9.32
Nick Melissari,37034,Blackjack Mulligans(P) (Garfield),279 Passaic St,Garfield,Bergen,201057,Bardstown Origin Series Double Barrel Rye 1/750 mL Btl,1/24/2025,1.00,1.00,$38.33,$38.15
Nick Melissari,80011,Casa De Montecristo,184 Route 17n.,Paramus,Bergen,201063,Bardstown Collaboration Series Goose Island 1/750 mL Btl,7/11/2025,1.00,2.00,$149.33,$39.64
Nick Melissari,80040,Biagio's,299 Paramus Rd,Paramus,Bergen,201056,Bardstown Origin Series Bourbon 1/750 mL Btl,2/26/2025,1.00,3.00,$102.00,($0.54)
Nick Melissari,19006,Blackjack Mulligans (Hawthorne),237 Diamond Bridge Ave,Hawthorne,Passaic,201057,Bardstown Origin Series Double Barrel Rye 1/750 mL Btl,1/24/2025,1.00,1.00,$38.33,$38.15
Nick Melissari,31059,Apres Cafe,1 American Dream Way,East Rutherford,Bergen,201056,Bardstown Origin Series Bourbon 1/750 mL Btl,3/11/2026,1.00,6.00,$208.00,$66.91
Nick Melissari,80011,Casa De Montecristo,184 Route 17n.,Paramus,Bergen,201056,Bardstown Origin Series Bourbon 1/750 mL Btl,3/27/2026,1.00,6.00,$208.00,$66.91
Nick Melissari,38002,Satin Dolls (A),230 Route 17,Lodi,Bergen,201056,Bardstown Origin Series Bourbon 1/750 mL Btl,3/4/2025,1.00,1.00,$34.50,$0.32
Nick Melissari,80011,Casa De Montecristo,184 Route 17n.,Paramus,Bergen,201052,Green River Full Proof 1/750 mL,1/27/2025,1.00,3.00,$115.50,$114.96
Nick Melissari,19006,Blackjack Mulligans (Hawthorne),237 Diamond Bridge Ave,Hawthorne,Passaic,201056,Bardstown Origin Series Bourbon 1/750 mL Btl,6/27/2025,1.00,2.00,$69.00,$21.97
Nick Melissari,19006,Blackjack Mulligans (Hawthorne),237 Diamond Bridge Ave,Hawthorne,Passaic,201057,Bardstown Origin Series Double Barrel Rye 1/750 mL Btl,6/27/2025,1.00,1.00,$38.33,$12.15
Nick Melissari,19006,Blackjack Mulligans (Hawthorne),237 Diamond Bridge Ave,Hawthorne,Passaic,201056,Bardstown Origin Series Bourbon 1/750 mL Btl,8/29/2025,1.00,6.00,$196.00,$54.91
Nick Melissari,79001,Victor's Maywood Inn,122 W Pleasant Ave,Maywood,Bergen,201051,Green River Bourbon 1/750 mL Btl,3/3/2025,1.00,1.00,$27.33,$9.32
Nick Melissari,80007,The Orange Lantern,15 E Firehouse Lane,Paramus,Bergen,201055,Bardstown Origin Series Bottle-In-Bond 1/750 mL Btl,1/28/2025,1.00,1.00,$38.67,$38.49
Nick Melissari,80011,Casa De Montecristo,184 Route 17n.,Paramus,Bergen,201055,Bardstown Origin Series Bottle-In-Bond 1/750 mL Btl,1/27/2025,1.00,3.00,$115.00,$114.46
Nick Melissari,88003,W's Village Grille,71 Crescent Ave,Waldwick,Bergen,201058,Bardstown Origin Series High Wheat 1/750 mL Btl,11/25/2025,1.00,1.00,$40.67,$14.49
Nick Melissari,80011,Casa De Montecristo,184 Route 17n.,Paramus,Bergen,201056,Bardstown Origin Series Bourbon 1/750 mL Btl,12/26/2025,1.00,6.00,$208.00,$66.91
Nick Melissari,31030,Al-Di-La' (P),1 Hoboken Rd,East Rutherford,Bergen,201056,Bardstown Origin Series Bourbon 1/750 mL Btl,4/4/2025,1.00,1.00,$34.50,$10.99
Nick Melissari,80011,Casa De Montecristo,184 Route 17n.,Paramus,Bergen,201056,Bardstown Origin Series Bourbon 1/750 mL Btl,2/13/2026,1.00,6.00,$208.00,$66.91
Nick Melissari,31043,House of Que (East Rutherford),1 American Dream Way,East Rutherford,Bergen,201058,Bardstown Origin Series High Wheat 1/750 mL Btl,2/26/2025,1.00,1.00,$38.67,$12.49
Nick Melissari,88003,W's Village Grille,71 Crescent Ave,Waldwick,Bergen,201056,Bardstown Origin Series Bourbon 1/750 mL Btl,11/25/2025,1.00,1.00,$36.67,$13.15
Nick Melissari,80011,Casa De Montecristo,184 Route 17n.,Paramus,Bergen,201073,Bardstown Collaboration Series Pierre Ferrand 1/750 mL Btl,9/24/2025,1.00,2.00,$205.32,$50.29
Nick Melissari,80040,Biagio's,299 Paramus Rd,Paramus,Bergen,201055,Bardstown Origin Series Bottle-In-Bond 1/750 mL Btl,4/24/2026,1.00,3.00,$113.00,$34.46
Nick Melissari,94003,Segovia Tavern,110 W Oakland Ave,Oakland,Bergen,201058,Bardstown Origin Series High Wheat 1/750 mL Btl,4/2/2025,1.00,1.00,$38.67,$12.49
Office Tell Sell,49025,Flemings Stkhse (P),90 Promanade Ave,Edgewater,Bergen,201056,Bardstown Origin Series Bourbon 1/750 mL Btl,9/12/2025,1.00,3.00,$104.00,$33.46
Office Tell Sell,49025,Flemings Stkhse (P),90 Promanade Ave,Edgewater,Bergen,201055,Bardstown Origin Series Bottle-In-Bond 1/750 mL Btl,9/12/2025,1.00,3.00,$113.00,$34.46
Pablo Lopez,25051,Portuguese Tavern Steak House,507 Crooks Ave,Clifton,Passaic,201056,Bardstown Origin Series Bourbon 1/750 mL Btl,12/10/2025,1.00,2.00,$73.33,$26.30
Pablo Lopez,15040,Legacy Bar & Liquor,1019 Mcbride Ave,Woodland Park,Passaic,201077,Green River Honey 1/750 mL Btl,5/12/2026,1.00,1.00,$20.00,$7.65
Pablo Lopez,25051,Portuguese Tavern Steak House,507 Crooks Ave,Clifton,Passaic,201056,Bardstown Origin Series Bourbon 1/750 mL Btl,4/9/2025,1.00,2.00,$69.33,$22.30
Pablo Lopez,25051,Portuguese Tavern Steak House,507 Crooks Ave,Clifton,Passaic,201056,Bardstown Origin Series Bourbon 1/750 mL Btl,4/8/2026,1.00,6.00,$208.00,$66.91
Pablo Lopez,25051,Portuguese Tavern Steak House,507 Crooks Ave,Clifton,Passaic,201056,Bardstown Origin Series Bourbon 1/750 mL Btl,2/12/2025,1.00,1.00,$34.67,$11.15
Pablo Lopez,33005,La Havana 59,110 Moonachie Ave,Moonachie,Bergen,201056,Bardstown Origin Series Bourbon 1/750 mL Btl,2/12/2026,1.00,1.00,$36.67,$13.15
Pablo Lopez,21038,Freddie's Dugout,16 3rd Ave,Paterson,Passaic,201051,Green River Bourbon 1/750 mL Btl,9/19/2025,1.00,1.00,$29.33,$11.32
Pablo Lopez,27066,Sunny's Liqs.(P),413 Monroe St,Passaic,Passaic,201058,Bardstown Origin Series High Wheat 1/750 mL Btl,3/12/2025,1.00,1.00,$38.67,$12.49
Pablo Lopez,21038,Freddie's Dugout,16 3rd Ave,Paterson,Passaic,201065,Green River 1/1 L Btl,9/19/2025,1.00,1.00,$18.33,$7.13
Pablo Lopez,20070,Joe's Liquor (A),328 11th Ave,Paterson,Passaic,201054,Green River Wheated 1/750 mL,3/25/2026,1.00,1.00,$26.83,$8.82
Pablo Lopez,26014,Regalado Liq,168 Market St,Passaic,Passaic,201058,Bardstown Origin Series High Wheat 1/750 mL Btl,2/18/2025,1.00,2.00,$76.67,$24.30
Pablo Lopez,21034,Schulman's (P) Deli,521 Park Ave,Paterson,Passaic,201077,Green River Honey 1/750 mL Btl,5/12/2026,1.00,1.00,$20.00,$7.65
Pablo Lopez,20070,Joe's Liquor (A),328 11th Ave,Paterson,Passaic,201058,Bardstown Origin Series High Wheat 1/750 mL Btl,9/24/2025,1.00,1.00,$40.67,$14.49
Pablo Lopez,27066,Sunny's Liqs.(P),413 Monroe St,Passaic,Passaic,201054,Green River Wheated 1/750 mL,3/12/2025,1.00,1.00,$27.33,$9.32
Pablo Lopez,27067,Ukranian (Z) Center,240 Hope Ave,Passaic,Passaic,201056,Bardstown Origin Series Bourbon 1/750 mL Btl,3/27/2025,1.00,2.00,$68.00,$20.97
Pablo Lopez,21038,Freddie's Dugout,16 3rd Ave,Paterson,Passaic,201053,Green River Rye 1/750 mL,9/19/2025,1.00,1.00,$29.33,$11.32
Pablo Lopez,27067,Ukranian (Z) Center,240 Hope Ave,Passaic,Passaic,201055,Bardstown Origin Series Bottle-In-Bond 1/750 mL Btl,3/27/2025,1.00,2.00,$75.33,$22.97
Pablo Lopez,20070,Joe's Liquor (A),328 11th Ave,Paterson,Passaic,201056,Bardstown Origin Series Bourbon 1/750 mL Btl,9/24/2025,1.00,1.00,$36.67,$13.15
Pablo Lopez,27067,Ukranian (Z) Center,240 Hope Ave,Passaic,Passaic,201058,Bardstown Origin Series High Wheat 1/750 mL Btl,3/27/2025,1.00,2.00,$75.33,$22.97
Pablo Lopez,26014,Regalado Liq,168 Market St,Passaic,Passaic,201056,Bardstown Origin Series Bourbon 1/750 mL Btl,2/18/2025,1.00,1.00,$34.50,$10.99
Paul Mclaughlin,71004,Four Leaves,146 Kinderkamack Road,Park Ridge,Sales,201057,Bardstown Origin Series Double Barrel Rye 1/750 mL Btl,10/28/2025,1.00,1.00,$40.67,$14.49
Paul Mclaughlin,73002,The Cornerstone (P),84 Broadway,Hillsdale,Bergen,201056,Bardstown Origin Series Bourbon 1/750 mL Btl,8/21/2025,1.00,2.00,$73.33,$26.30
Paul Mclaughlin,71005,Park Steakhouse,151 Kinderkamack Rd,Park Ridge,Bergen,201058,Bardstown Origin Series High Wheat 1/750 mL Btl,2/12/2025,1.00,1.00,$38.33,$12.15
Paul Mclaughlin,65007,86 and Vine,519 Livingston St.,Norwood,Sales,201057,Bardstown Origin Series Double Barrel Rye 1/750 mL Btl,10/10/2025,1.00,2.00,$75.33,$22.97
Paul Mclaughlin,61004,Andiamo,23 Hardenburgh Ave,Haworth,Bergen,201056,Bardstown Origin Series Bourbon 1/750 mL Btl,4/2/2025,1.00,3.00,$103.50,$32.96
Paul Mclaughlin,63002,Alpine C.C. (Z),80 Anderson Ave,Demarest,Bergen,201055,Bardstown Origin Series Bottle-In-Bond 1/750 mL Btl,4/21/2025,1.00,3.00,$115.00,$36.46
Paul Mclaughlin,57007,New Bridge Inn(A),105 Old New Bridge Rd,New Milford,Bergen,201058,Bardstown Origin Series High Wheat 1/750 mL Btl,3/21/2025,1.00,3.00,$115.00,$36.46
Paul Mclaughlin,81029,Cosmo Club (Z),33-02 Morlot Avenue,Fair Lawn,Bergen,201055,Bardstown Origin Series Bottle-In-Bond 1/750 mL Btl,6/18/2026,1.00,2.00,$81.33,$28.97
Paul Mclaughlin,65007,86 and Vine,519 Livingston St.,Norwood,Sales,201056,Bardstown Origin Series Bourbon 1/750 mL Btl,1/5/2026,1.00,1.00,$36.67,$13.15
Paul Mclaughlin,40008,Tavern 61 (Z),61 River St,Hackensack,Bergen,201056,Bardstown Origin Series Bourbon 1/750 mL Btl,2/4/2025,1.00,1.00,$34.67,$11.15
Paul Mclaughlin,65007,86 and Vine,519 Livingston St.,Norwood,Sales,201056,Bardstown Origin Series Bourbon 1/750 mL Btl,10/10/2025,1.00,2.00,$69.33,$22.30
Paul Mclaughlin,50015,PUB 178,178 Cedar Lane,Teaneck,Bergen,201056,Bardstown Origin Series Bourbon 1/750 mL Btl,2/26/2025,1.00,3.00,$103.50,$0.96
Paul Mclaughlin,65007,86 and Vine,519 Livingston St.,Norwood,Sales,201056,Bardstown Origin Series Bourbon 1/750 mL Btl,7/13/2026,1.00,1.00,$36.67,$13.15
Paul Mclaughlin,73002,The Cornerstone (P),84 Broadway,Hillsdale,Bergen,201056,Bardstown Origin Series Bourbon 1/750 mL Btl,10/30/2025,1.00,1.00,$36.67,$13.15
Paul Mclaughlin,71004,Four Leaves,146 Kinderkamack Road,Park Ridge,Sales,201058,Bardstown Origin Series High Wheat 1/750 mL Btl,10/28/2025,1.00,1.00,$40.67,$14.49
Paul Mclaughlin,73002,The Cornerstone (P),84 Broadway,Hillsdale,Bergen,201054,Green River Wheated 1/750 mL,3/26/2026,1.00,1.00,$26.83,$8.82
Paul Mclaughlin,41006,Straphanger Saloon (A),126 Anderson St,Hackensack,Bergen,201051,Green River Bourbon 1/750 mL Btl,3/28/2025,1.00,3.00,$81.50,$27.46
Paul Mclaughlin,73001,Lou's,74 Broadway,Hillsdale,Bergen,201056,Bardstown Origin Series Bourbon 1/750 mL Btl,2/11/2025,1.00,2.00,$69.33,$22.30
Paul Mclaughlin,50008,101 Pub (A),101 Queen Anne Rd,Bogota,Bergen,201056,Bardstown Origin Series Bourbon 1/750 mL Btl,4/23/2026,1.00,1.00,$36.67,$13.15
Paul Mclaughlin,60002,QB's Bar and Grill,49 W Madison Ave,Dumont,Sales,201056,Bardstown Origin Series Bourbon 1/750 mL Btl,4/23/2026,1.00,1.00,$36.67,$13.15
Paul Mclaughlin,73001,Lou's,74 Broadway,Hillsdale,Bergen,201077,Green River Honey 1/750 mL Btl,7/1/2026,1.00,1.00,$20.00,$7.65
Paul Mclaughlin,50001,Andy's Corner (Z),257 Queen Ann Rd,Bogota,Bergen,201052,Green River Full Proof 1/750 mL,1/22/2025,1.00,1.00,$37.67,$37.49
Paul Mclaughlin,61004,Andiamo,23 Hardenburgh Ave,Haworth,Bergen,201051,Green River Bourbon 1/750 mL Btl,10/8/2025,1.00,1.00,$29.33,$11.32
Paul Mclaughlin,71004,Four Leaves,146 Kinderkamack Road,Park Ridge,Sales,201074,Bardstown Discovery #13 1/750 mL Btl,10/29/2025,1.00,1.00,$102.66,$25.15
Paul Mclaughlin,39010,Players Club (Z),213 Huyler St,South Hackensac,Bergen,201055,Bardstown Origin Series Bottle-In-Bond 1/750 mL Btl,2/4/2025,1.00,1.00,$38.33,$12.15
Paul Mclaughlin,81029,Cosmo Club (Z),33-02 Morlot Avenue,Fair Lawn,Bergen,201072,Green River Bourbon 250th Army Anniversary 1/750 mL,10/9/2025,1.00,1.00,$38.67,$12.49
Paul Mclaughlin,39010,Players Club (Z),213 Huyler St,South Hackensac,Bergen,201056,Bardstown Origin Series Bourbon 1/750 mL Btl,2/4/2025,1.00,1.00,$34.50,$10.99
Paul Mclaughlin,61004,Andiamo,23 Hardenburgh Ave,Haworth,Bergen,201057,Bardstown Origin Series Double Barrel Rye 1/750 mL Btl,2/5/2025,1.00,1.00,$38.33,$12.15
Paul Mclaughlin,60002,QB's Bar and Grill,49 W Madison Ave,Dumont,Sales,201056,Bardstown Origin Series Bourbon 1/750 mL Btl,2/5/2025,1.00,3.00,$103.50,$32.96
Paul Mclaughlin,75001,Emerson Hotel,31 Emerson Plaza E,Emerson,Bergen,201056,Bardstown Origin Series Bourbon 1/750 mL Btl,4/2/2025,1.00,2.00,$69.33,$22.30
Paul Mclaughlin,73001,Lou's,74 Broadway,Hillsdale,Bergen,201056,Bardstown Origin Series Bourbon 1/750 mL Btl,9/23/2025,1.00,1.00,$36.67,$13.15
Paul Mclaughlin,86007,Bacari,800 Ridgewood Rd,Washington Twsp,Bergen,201056,Bardstown Origin Series Bourbon 1/750 mL Btl,2/21/2025,1.00,6.00,$204.00,$62.91
Paul Mclaughlin,59001,ORA,304 Kinderkamack Rd,Oradell,Sales,201055,Bardstown Origin Series Bottle-In-Bond 1/750 mL Btl,6/17/2026,1.00,2.00,$81.33,$28.97
Paul Mclaughlin,69009,Rivervale Country Club,660 Rivervale Road,Rivervale,Bergen,201055,Bardstown Origin Series Bottle-In-Bond 1/750 mL Btl,4/1/2026,1.00,1.00,$40.67,$14.49
Paul Mclaughlin,39010,Players Club (Z),213 Huyler St,South Hackensac,Bergen,201058,Bardstown Origin Series High Wheat 1/750 mL Btl,2/4/2025,1.00,1.00,$38.33,$12.15
Paul Mclaughlin,56004,Jack E Pooh's,22 N Front St,Bergenfield,Bergen,201051,Green River Bourbon 1/750 mL Btl,4/30/2026,1.00,1.00,$26.83,$8.82
Paul Mclaughlin,50001,Andy's Corner (Z),257 Queen Ann Rd,Bogota,Bergen,201056,Bardstown Origin Series Bourbon 1/750 mL Btl,7/24/2025,1.00,1.00,$34.50,$10.99
Paul Mclaughlin,40008,Tavern 61 (Z),61 River St,Hackensack,Bergen,201056,Bardstown Origin Series Bourbon 1/750 mL Btl,6/18/2025,1.00,6.00,$204.00,$62.91
Paul Mclaughlin,40008,Tavern 61 (Z),61 River St,Hackensack,Bergen,201056,Bardstown Origin Series Bourbon 1/750 mL Btl,11/26/2025,1.00,6.00,$208.00,$66.91
Paul Mclaughlin,74008,MeltToba Restaurant,250 Center Ave,Westwood,Bergen,201056,Bardstown Origin Series Bourbon 1/750 mL Btl,3/11/2025,1.00,1.00,$34.67,$11.15
Paul Mclaughlin,50001,Andy's Corner (Z),257 Queen Ann Rd,Bogota,Bergen,201056,Bardstown Origin Series Bourbon 1/750 mL Btl,2/7/2025,1.00,2.00,$69.33,$22.30
Paul Mclaughlin,52030,Sofia,36 Engle St,Englewood,Bergen,201056,Bardstown Origin Series Bourbon 1/750 mL Btl,2/21/2025,1.00,2.00,$69.00,$21.97
Paul Mclaughlin,61004,Andiamo,23 Hardenburgh Ave,Haworth,Bergen,201051,Green River Bourbon 1/750 mL Btl,12/29/2025,1.00,6.00,$161.00,$52.91
Paul Mclaughlin,70008,Hearth & Tap Co.,125 N Kndrkmk Rd,Montvale,Bergen,201056,Bardstown Origin Series Bourbon 1/750 mL Btl,4/11/2025,1.00,2.00,$68.00,$20.97
Paul Mclaughlin,73002,The Cornerstone (P),84 Broadway,Hillsdale,Bergen,201053,Green River Rye 1/750 mL,2/7/2025,1.00,1.00,$27.33,$9.32
Paul Mclaughlin,60002,QB's Bar and Grill,49 W Madison Ave,Dumont,Sales,201051,Green River Bourbon 1/750 mL Btl,4/30/2026,1.00,1.00,$26.83,$8.82
Paul Mclaughlin,71011,Marriott (P) Park Ridge,300 Brae Blvd,Park Ridge,Bergen,201054,Green River Wheated 1/750 mL,3/25/2026,1.00,4.00,$107.33,$35.27
Paul Mclaughlin,60012,Grant Street Cafe (A),25 Grant Ave.,Dumont,Bergen,201072,Green River Bourbon 250th Army Anniversary 1/750 mL,4/24/2026,1.00,6.00,$218.00,$60.91
Paul Mclaughlin,63002,Alpine C.C. (Z),80 Anderson Ave,Demarest,Bergen,201051,Green River Bourbon 1/750 mL Btl,4/4/2025,1.00,1.00,$27.33,$9.32
Paul Mclaughlin,41006,Straphanger Saloon (A),126 Anderson St,Hackensack,Bergen,201056,Bardstown Origin Series Bourbon 1/750 mL Btl,2/6/2025,1.00,1.00,$34.67,$11.15
Paul Mclaughlin,86007,Bacari,800 Ridgewood Rd,Washington Twsp,Bergen,201056,Bardstown Origin Series Bourbon 1/750 mL Btl,10/16/2025,1.00,6.00,$208.00,$66.91
Paul Mclaughlin,50001,Andy's Corner (Z),257 Queen Ann Rd,Bogota,Bergen,201058,Bardstown Origin Series High Wheat 1/750 mL Btl,7/24/2025,1.00,2.00,$76.67,$24.30
Paul Mclaughlin,61004,Andiamo,23 Hardenburgh Ave,Haworth,Bergen,201051,Green River Bourbon 1/750 mL Btl,4/14/2026,1.00,6.00,$161.00,$52.91
Paul Mclaughlin,61004,Andiamo,23 Hardenburgh Ave,Haworth,Bergen,201051,Green River Bourbon 1/750 mL Btl,10/15/2025,1.00,6.00,$162.00,$53.91
Paul Mclaughlin,86007,Bacari,800 Ridgewood Rd,Washington Twsp,Bergen,201054,Green River Wheated 1/750 mL,4/17/2026,1.00,6.00,$161.00,$52.91
Paul Mclaughlin,86007,Bacari,800 Ridgewood Rd,Washington Twsp,Bergen,201055,Bardstown Origin Series Bottle-In-Bond 1/750 mL Btl,4/17/2026,1.00,6.00,$226.00,$68.91
Paul Mclaughlin,60002,QB's Bar and Grill,49 W Madison Ave,Dumont,Sales,201077,Green River Honey 1/750 mL Btl,5/21/2026,1.00,1.00,$20.00,$7.65
Paul Mclaughlin,50008,101 Pub (A),101 Queen Anne Rd,Bogota,Bergen,201057,Bardstown Origin Series Double Barrel Rye 1/750 mL Btl,2/24/2025,1.00,1.00,$38.67,$12.49
Paul Mclaughlin,65007,86 and Vine,519 Livingston St.,Norwood,Sales,201057,Bardstown Origin Series Double Barrel Rye 1/750 mL Btl,1/5/2026,1.00,1.00,$40.67,$14.49
Paul Mclaughlin,50001,Andy's Corner (Z),257 Queen Ann Rd,Bogota,Bergen,201056,Bardstown Origin Series Bourbon 1/750 mL Btl,5/20/2026,1.00,1.00,$36.67,$13.15
Paul Mclaughlin,70008,Hearth & Tap Co.,125 N Kndrkmk Rd,Montvale,Bergen,201056,Bardstown Origin Series Bourbon 1/750 mL Btl,5/2/2025,1.00,2.00,$69.33,$22.30
Paul Mclaughlin,81029,Cosmo Club (Z),33-02 Morlot Avenue,Fair Lawn,Bergen,201077,Green River Honey 1/750 mL Btl,6/5/2026,1.00,1.00,$20.00,$7.65
Paul Mclaughlin,68003,Aurora Restaurant,203 Old Tappan Rd,Old Tappan,Sales,201054,Green River Wheated 1/750 mL,3/30/2026,1.00,1.00,$26.83,$8.82
Paul Mclaughlin,40008,Tavern 61 (Z),61 River St,Hackensack,Bergen,201056,Bardstown Origin Series Bourbon 1/750 mL Btl,3/2/2026,1.00,6.00,$220.00,$78.91
Paul Mclaughlin,73001,Lou's,74 Broadway,Hillsdale,Bergen,201056,Bardstown Origin Series Bourbon 1/750 mL Btl,6/3/2025,1.00,1.00,$34.67,$11.15
Paul Mclaughlin,50001,Andy's Corner (Z),257 Queen Ann Rd,Bogota,Bergen,201052,Green River Full Proof 1/750 mL,2/7/2025,1.00,1.00,$38.67,$12.49
Paul Mclaughlin,73001,Lou's,74 Broadway,Hillsdale,Bergen,201051,Green River Bourbon 1/750 mL Btl,6/3/2025,1.00,1.00,$27.33,$9.32
Paul Mclaughlin,65007,86 and Vine,519 Livingston St.,Norwood,Sales,201055,Bardstown Origin Series Bottle-In-Bond 1/750 mL Btl,10/10/2025,1.00,2.00,$75.33,$22.97
Paul Mclaughlin,59001,ORA,304 Kinderkamack Rd,Oradell,Sales,201055,Bardstown Origin Series Bottle-In-Bond 1/750 mL Btl,7/17/2026,1.00,2.00,$81.33,$28.97
Paul Mclaughlin,81004,Stosh's Craft Bar (Z),18 15 Maple Ave,Fair Lawn,Bergen,201056,Bardstown Origin Series Bourbon 1/750 mL Btl,1/22/2025,1.00,1.00,$34.00,$33.82
Paul Mclaughlin,50001,Andy's Corner (Z),257 Queen Ann Rd,Bogota,Bergen,201056,Bardstown Origin Series Bourbon 1/750 mL Btl,1/22/2025,1.00,3.00,$100.00,$99.46
Paul Mclaughlin,73002,The Cornerstone (P),84 Broadway,Hillsdale,Bergen,201056,Bardstown Origin Series Bourbon 1/750 mL Btl,5/8/2025,1.00,1.00,$34.67,$11.15
Paul Mclaughlin,60002,QB's Bar and Grill,49 W Madison Ave,Dumont,Sales,201056,Bardstown Origin Series Bourbon 1/750 mL Btl,4/30/2026,1.00,1.00,$36.67,$13.15
Paul Mclaughlin,70008,Hearth & Tap Co.,125 N Kndrkmk Rd,Montvale,Bergen,201055,Bardstown Origin Series Bottle-In-Bond 1/750 mL Btl,4/11/2025,1.00,2.00,$75.33,$22.97
Paul Mclaughlin,70012,Fire & Oak (A),100 Chestnut Ridge Rd,Montvale,Bergen,201056,Bardstown Origin Series Bourbon 1/750 mL Btl,3/7/2025,1.00,4.00,$136.00,$41.94
Paul Mclaughlin,40005,Lazy Lanigans (A),604 Main Street,Hackensack,Bergen,201051,Green River Bourbon 1/750 mL Btl,4/29/2026,1.00,1.00,$26.83,$8.82
Paul Mclaughlin,41010,Lenoras Bar (P),129 Johnson Ave,Hackensack,Bergen,201051,Green River Bourbon 1/750 mL Btl,9/26/2025,1.00,1.00,$29.33,$11.32
Paul Mclaughlin,40008,Tavern 61 (Z),61 River St,Hackensack,Bergen,201056,Bardstown Origin Series Bourbon 1/750 mL Btl,5/6/2025,1.00,6.00,$204.00,$62.91
Paul Mclaughlin,73001,Lou's,74 Broadway,Hillsdale,Bergen,201072,Green River Bourbon 250th Army Anniversary 1/750 mL,9/3/2025,1.00,3.00,$116.00,$37.46
Paul Mclaughlin,81029,Cosmo Club (Z),33-02 Morlot Avenue,Fair Lawn,Bergen,201051,Green River Bourbon 1/750 mL Btl,4/11/2025,1.00,2.00,$54.67,$18.64
Paul Mclaughlin,81029,Cosmo Club (Z),33-02 Morlot Avenue,Fair Lawn,Bergen,201056,Bardstown Origin Series Bourbon 1/750 mL Btl,2/20/2025,1.00,1.00,$34.67,$11.15
Paul Mclaughlin,65007,86 and Vine,519 Livingston St.,Norwood,Sales,201073,Bardstown Collaboration Series Pierre Ferrand 1/750 mL Btl,1/22/2026,1.00,2.00,$217.32,$62.29
Paul Mclaughlin,70012,Fire & Oak (A),100 Chestnut Ridge Rd,Montvale,Bergen,201056,Bardstown Origin Series Bourbon 1/750 mL Btl,11/21/2025,1.00,6.00,$208.00,$66.91
Paul Mclaughlin,63002,Alpine C.C. (Z),80 Anderson Ave,Demarest,Bergen,201055,Bardstown Origin Series Bottle-In-Bond 1/750 mL Btl,5/29/2025,1.00,2.00,$77.33,$24.97
Paul Mclaughlin,50001,Andy's Corner (Z),257 Queen Ann Rd,Bogota,Bergen,201056,Bardstown Origin Series Bourbon 1/750 mL Btl,6/11/2025,1.00,2.00,$69.00,$21.97
Paul Mclaughlin,40008,Tavern 61 (Z),61 River St,Hackensack,Bergen,201056,Bardstown Origin Series Bourbon 1/750 mL Btl,3/30/2026,1.00,4.00,$146.67,$52.61
Paul Mclaughlin,61004,Andiamo,23 Hardenburgh Ave,Haworth,Bergen,201051,Green River Bourbon 1/750 mL Btl,12/10/2025,1.00,6.00,$161.00,$52.91
Paul Mclaughlin,40008,Tavern 61 (Z),61 River St,Hackensack,Bergen,201056,Bardstown Origin Series Bourbon 1/750 mL Btl,3/11/2025,1.00,2.00,$69.33,$22.30
Paul Mclaughlin,65007,86 and Vine,519 Livingston St.,Norwood,Sales,201074,Bardstown Discovery #13 1/750 mL Btl,1/22/2026,1.00,2.00,$217.32,$62.29
Paul Mclaughlin,60002,QB's Bar and Grill,49 W Madison Ave,Dumont,Sales,201058,Bardstown Origin Series High Wheat 1/750 mL Btl,2/5/2025,1.00,1.00,$38.33,$12.15
Paul Mclaughlin,50001,Andy's Corner (Z),257 Queen Ann Rd,Bogota,Bergen,201052,Green River Full Proof 1/750 mL,3/12/2025,1.00,1.00,$38.67,$12.49
Paul Mclaughlin,65007,86 and Vine,519 Livingston St.,Norwood,Sales,201058,Bardstown Origin Series High Wheat 1/750 mL Btl,10/10/2025,1.00,2.00,$75.33,$22.97
Paul Mclaughlin,40005,Lazy Lanigans (A),604 Main Street,Hackensack,Bergen,201051,Green River Bourbon 1/750 mL Btl,2/4/2025,1.00,1.00,$27.33,$9.32
Paul Mclaughlin,65007,86 and Vine,519 Livingston St.,Norwood,Sales,201056,Bardstown Origin Series Bourbon 1/750 mL Btl,11/5/2025,1.00,2.00,$73.33,$26.30
Paul Mclaughlin,70008,Hearth & Tap Co.,125 N Kndrkmk Rd,Montvale,Bergen,201058,Bardstown Origin Series High Wheat 1/750 mL Btl,4/11/2025,1.00,2.00,$75.33,$22.97
Paul Mclaughlin,50001,Andy's Corner (Z),257 Queen Ann Rd,Bogota,Bergen,201054,Green River Wheated 1/750 mL,4/15/2026,1.00,1.00,$26.83,$8.82
Paul Mclaughlin,62003,Stern And Bow,171 Schraalenburgh Rd,Closter,Bergen,201056,Bardstown Origin Series Bourbon 1/750 mL Btl,2/21/2025,1.00,2.00,$69.00,$21.97
Paul Mclaughlin,50001,Andy's Corner (Z),257 Queen Ann Rd,Bogota,Bergen,201058,Bardstown Origin Series High Wheat 1/750 mL Btl,6/11/2025,1.00,1.00,$38.33,$12.15
Paul Mclaughlin,70012,Fire & Oak (A),100 Chestnut Ridge Rd,Montvale,Bergen,201057,Bardstown Origin Series Double Barrel Rye 1/750 mL Btl,3/7/2025,1.00,4.00,$150.67,$45.94
Paul Mclaughlin,61004,Andiamo,23 Hardenburgh Ave,Haworth,Bergen,201051,Green River Bourbon 1/750 mL Btl,2/20/2026,1.00,6.00,$161.00,$52.91
Paul Mclaughlin,41006,Straphanger Saloon (A),126 Anderson St,Hackensack,Bergen,201058,Bardstown Origin Series High Wheat 1/750 mL Btl,2/6/2025,1.00,1.00,$38.67,$12.49
Paul Mclaughlin,65007,86 and Vine,519 Livingston St.,Norwood,Sales,201058,Bardstown Origin Series High Wheat 1/750 mL Btl,1/5/2026,1.00,1.00,$40.67,$14.49
Paul Mclaughlin,71011,Marriott (P) Park Ridge,300 Brae Blvd,Park Ridge,Bergen,201057,Bardstown Origin Series Double Barrel Rye 1/750 mL Btl,2/4/2025,1.00,2.00,$76.67,$24.30
Paul Mclaughlin,39010,Players Club (Z),213 Huyler St,South Hackensac,Bergen,201058,Bardstown Origin Series High Wheat 1/750 mL Btl,7/8/2026,1.00,1.00,$40.67,$14.49
Paul Mclaughlin,61004,Andiamo,23 Hardenburgh Ave,Haworth,Bergen,201051,Green River Bourbon 1/750 mL Btl,3/4/2026,1.00,6.00,$161.00,$52.91
Paul Mclaughlin,70013,Flemings Prime Steakhouse and Wine Bar,210 Market St,Montvale,Bergen,201056,Bardstown Origin Series Bourbon 1/750 mL Btl,10/16/2025,1.00,1.00,$36.67,$13.15
Paul Mclaughlin,70012,Fire & Oak (A),100 Chestnut Ridge Rd,Montvale,Bergen,201057,Bardstown Origin Series Double Barrel Rye 1/750 mL Btl,11/21/2025,1.00,6.00,$226.00,$68.91
Paul Mclaughlin,52030,Sofia,36 Engle St,Englewood,Bergen,201058,Bardstown Origin Series High Wheat 1/750 mL Btl,2/21/2025,1.00,1.00,$38.33,$12.15
Paul Mclaughlin,71004,Four Leaves,146 Kinderkamack Road,Park Ridge,Sales,201058,Bardstown Origin Series High Wheat 1/750 mL Btl,11/11/2025,1.00,4.00,$162.67,$57.94
Paul Mclaughlin,61004,Andiamo,23 Hardenburgh Ave,Haworth,Bergen,201056,Bardstown Origin Series Bourbon 1/750 mL Btl,2/5/2025,1.00,3.00,$103.50,$32.96
Paul Mclaughlin,81029,Cosmo Club (Z),33-02 Morlot Avenue,Fair Lawn,Bergen,201051,Green River Bourbon 1/750 mL Btl,2/20/2025,1.00,1.00,$27.33,$9.32
Paul Mclaughlin,71004,Four Leaves,146 Kinderkamack Road,Park Ridge,Sales,201056,Bardstown Origin Series Bourbon 1/750 mL Btl,1/5/2026,1.00,1.00,$36.67,$13.15
Paul Mclaughlin,63002,Alpine C.C. (Z),80 Anderson Ave,Demarest,Bergen,201055,Bardstown Origin Series Bottle-In-Bond 1/750 mL Btl,4/4/2025,1.00,1.00,$38.67,$12.49
Paul Mclaughlin,81029,Cosmo Club (Z),33-02 Morlot Avenue,Fair Lawn,Bergen,201051,Green River Bourbon 1/750 mL Btl,2/27/2025,1.00,2.00,$54.67,$18.64
Paul Mclaughlin,75001,Emerson Hotel,31 Emerson Plaza E,Emerson,Bergen,201054,Green River Wheated 1/750 mL,10/22/2025,1.00,2.00,$58.66,$22.63
Paul Mclaughlin,69012,449 Prime @ Edgewood Country Club,449 Rivervale Rd,Rivervale,Bergen,201057,Bardstown Origin Series Double Barrel Rye 1/750 mL Btl,3/26/2025,1.00,1.00,$38.33,$12.15
Paul Mclaughlin,86002,Doghouse Saloon (Z),270 Pascack Rd,Washington Twsp,Bergen,201051,Green River Bourbon 1/750 mL Btl,4/28/2026,1.00,1.00,$26.83,$8.82
Paul Mclaughlin,50001,Andy's Corner (Z),257 Queen Ann Rd,Bogota,Bergen,201077,Green River Honey 1/750 mL Btl,5/20/2026,1.00,1.00,$20.00,$7.65
Paul Mclaughlin,71011,Marriott (P) Park Ridge,300 Brae Blvd,Park Ridge,Bergen,201056,Bardstown Origin Series Bourbon 1/750 mL Btl,2/4/2025,1.00,3.00,$103.50,$32.96
Paul Mclaughlin,61004,Andiamo,23 Hardenburgh Ave,Haworth,Bergen,201056,Bardstown Origin Series Bourbon 1/750 mL Btl,3/5/2025,1.00,3.00,$103.50,$0.96
Paul Mclaughlin,50001,Andy's Corner (Z),257 Queen Ann Rd,Bogota,Bergen,201055,Bardstown Origin Series Bottle-In-Bond 1/750 mL Btl,5/20/2026,1.00,1.00,$40.67,$14.49
Paul Mclaughlin,61003,White Beeches Golf Club,70 Haworth Dr,Haworth,Bergen,201055,Bardstown Origin Series Bottle-In-Bond 1/750 mL Btl,4/22/2026,1.00,12.00,$436.00,$121.82
Paul Mclaughlin,74008,MeltToba Restaurant,250 Center Ave,Westwood,Bergen,201057,Bardstown Origin Series Double Barrel Rye 1/750 mL Btl,3/11/2025,1.00,1.00,$38.67,$12.49
Paul Mclaughlin,50008,101 Pub (A),101 Queen Anne Rd,Bogota,Bergen,201058,Bardstown Origin Series High Wheat 1/750 mL Btl,2/24/2025,1.00,1.00,$38.67,$12.49
Paul Mclaughlin,39010,Players Club (Z),213 Huyler St,South Hackensac,Bergen,201054,Green River Wheated 1/750 mL,7/7/2026,1.00,1.00,$26.83,$8.82
Paul Mclaughlin,61004,Andiamo,23 Hardenburgh Ave,Haworth,Bergen,201056,Bardstown Origin Series Bourbon 1/750 mL Btl,3/17/2026,1.00,6.00,$208.00,$66.91
Paul Mclaughlin,61003,White Beeches Golf Club,70 Haworth Dr,Haworth,Bergen,201054,Green River Wheated 1/750 mL,4/22/2026,1.00,1.00,$26.83,$8.82
Paul Mclaughlin,50015,PUB 178,178 Cedar Lane,Teaneck,Bergen,201051,Green River Bourbon 1/750 mL Btl,2/26/2025,1.00,3.00,$81.50,$27.46
Paul Mclaughlin,73002,The Cornerstone (P),84 Broadway,Hillsdale,Bergen,201056,Bardstown Origin Series Bourbon 1/750 mL Btl,2/7/2025,1.00,2.00,$69.33,$22.30
Paul Mclaughlin,71004,Four Leaves,146 Kinderkamack Road,Park Ridge,Sales,201057,Bardstown Origin Series Double Barrel Rye 1/750 mL Btl,7/22/2025,1.00,2.00,$76.67,$24.30
Paul Mclaughlin,71004,Four Leaves,146 Kinderkamack Road,Park Ridge,Sales,201058,Bardstown Origin Series High Wheat 1/750 mL Btl,7/22/2025,1.00,2.00,$76.67,$24.30
Paul Mclaughlin,63002,Alpine C.C. (Z),80 Anderson Ave,Demarest,Bergen,201056,Bardstown Origin Series Bourbon 1/750 mL Btl,4/4/2025,1.00,1.00,$34.67,$11.15
Paul Mclaughlin,40008,Tavern 61 (Z),61 River St,Hackensack,Bergen,201056,Bardstown Origin Series Bourbon 1/750 mL Btl,7/9/2026,1.00,3.00,$110.00,$39.46
Paul Mclaughlin,71001,Peppercorn's,176 Colony Ave,Park Ridge,Bergen,201056,Bardstown Origin Series Bourbon 1/750 mL Btl,2/26/2025,1.00,1.00,$34.67,$0.49
Paul Mclaughlin,86007,Bacari,800 Ridgewood Rd,Washington Twsp,Bergen,201057,Bardstown Origin Series Double Barrel Rye 1/750 mL Btl,2/21/2025,1.00,6.00,$226.00,$68.91
Paul Mclaughlin,75001,Emerson Hotel,31 Emerson Plaza E,Emerson,Bergen,201054,Green River Wheated 1/750 mL,1/23/2026,1.00,2.00,$53.67,$17.64
Paul Mclaughlin,86007,Bacari,800 Ridgewood Rd,Washington Twsp,Bergen,201056,Bardstown Origin Series Bourbon 1/750 mL Btl,5/16/2025,1.00,6.00,$204.00,$62.91
Paul Mclaughlin,81029,Cosmo Club (Z),33-02 Morlot Avenue,Fair Lawn,Bergen,201051,Green River Bourbon 1/750 mL Btl,4/29/2026,1.00,1.00,$26.83,$8.82
Paul Mclaughlin,50001,Andy's Corner (Z),257 Queen Ann Rd,Bogota,Bergen,201058,Bardstown Origin Series High Wheat 1/750 mL Btl,5/20/2026,1.00,1.00,$40.67,$14.49
Paul Mclaughlin,61004,Andiamo,23 Hardenburgh Ave,Haworth,Bergen,201056,Bardstown Origin Series Bourbon 1/750 mL Btl,1/7/2026,1.00,1.00,$36.67,$13.15
Paul Mclaughlin,86007,Bacari,800 Ridgewood Rd,Washington Twsp,Bergen,201056,Bardstown Origin Series Bourbon 1/750 mL Btl,4/17/2026,1.00,6.00,$208.00,$66.91
Paul Mclaughlin,40008,Tavern 61 (Z),61 River St,Hackensack,Bergen,201056,Bardstown Origin Series Bourbon 1/750 mL Btl,12/30/2025,1.00,4.00,$146.67,$52.61
Paul Mclaughlin,61004,Andiamo,23 Hardenburgh Ave,Haworth,Bergen,201057,Bardstown Origin Series Double Barrel Rye 1/750 mL Btl,5/7/2025,1.00,1.00,$38.67,$12.49
Paul Mclaughlin,40008,Tavern 61 (Z),61 River St,Hackensack,Bergen,201056,Bardstown Origin Series Bourbon 1/750 mL Btl,3/5/2026,1.00,0.00,($12.00),($12.00)
Paul Mclaughlin,40008,Tavern 61 (Z),61 River St,Hackensack,Bergen,201056,Bardstown Origin Series Bourbon 1/750 mL Btl,5/12/2026,1.00,2.00,$73.33,$26.30
Paul Mclaughlin,54012,Axia Taverna,18 Piermont Rd,Tenafly,Bergen,201056,Bardstown Origin Series Bourbon 1/750 mL Btl,4/23/2025,1.00,2.00,$69.00,$21.97
Paul Mclaughlin,73002,The Cornerstone (P),84 Broadway,Hillsdale,Bergen,201056,Bardstown Origin Series Bourbon 1/750 mL Btl,3/20/2025,1.00,2.00,$69.33,$22.30
Paul Mclaughlin,40008,Tavern 61 (Z),61 River St,Hackensack,Bergen,201053,Green River Rye 1/750 mL,2/4/2025,1.00,1.00,$27.33,$9.32
Paul Mclaughlin,70013,Flemings Prime Steakhouse and Wine Bar,210 Market St,Montvale,Bergen,201056,Bardstown Origin Series Bourbon 1/750 mL Btl,11/5/2025,1.00,1.00,$36.67,$13.15
Paul Mclaughlin,61003,White Beeches Golf Club,70 Haworth Dr,Haworth,Bergen,201057,Bardstown Origin Series Double Barrel Rye 1/750 mL Btl,5/5/2026,1.00,1.00,$40.67,$14.49
Paul Mclaughlin,73002,The Cornerstone (P),84 Broadway,Hillsdale,Bergen,201056,Bardstown Origin Series Bourbon 1/750 mL Btl,3/26/2026,1.00,1.00,$36.67,$13.15
Paul Mclaughlin,71001,Peppercorn's,176 Colony Ave,Park Ridge,Bergen,201057,Bardstown Origin Series Double Barrel Rye 1/750 mL Btl,2/26/2025,1.00,1.00,$38.67,$12.49
Paul Mclaughlin,65007,86 and Vine,519 Livingston St.,Norwood,Sales,201055,Bardstown Origin Series Bottle-In-Bond 1/750 mL Btl,1/5/2026,1.00,1.00,$40.67,$14.49
Paul Mclaughlin,40008,Tavern 61 (Z),61 River St,Hackensack,Bergen,201056,Bardstown Origin Series Bourbon 1/750 mL Btl,4/8/2025,1.00,2.00,$69.33,$22.30
Paul Mclaughlin,71005,Park Steakhouse,151 Kinderkamack Rd,Park Ridge,Bergen,201055,Bardstown Origin Series Bottle-In-Bond 1/750 mL Btl,1/23/2025,1.00,1.00,$38.33,$38.15
Paul Mclaughlin,81029,Cosmo Club (Z),33-02 Morlot Avenue,Fair Lawn,Bergen,201054,Green River Wheated 1/750 mL,12/18/2025,1.00,1.00,$26.83,$8.82
Paul Mclaughlin,85001,Eleven Central,11 Central Ave,Midland Park,Bergen,201056,Bardstown Origin Series Bourbon 1/750 mL Btl,1/22/2025,1.00,2.00,$68.00,$67.64
Paul Mclaughlin,54012,Axia Taverna,18 Piermont Rd,Tenafly,Bergen,201058,Bardstown Origin Series High Wheat 1/750 mL Btl,4/23/2025,1.00,2.00,$76.67,$24.30
Paul Mclaughlin,54011,Knickerbocker Golf (P),188 Knickerbocker Rd,Tenafly,Bergen,201055,Bardstown Origin Series Bottle-In-Bond 1/750 mL Btl,4/16/2026,1.00,1.00,$40.67,$14.49
Paul Mclaughlin,69012,449 Prime @ Edgewood Country Club,449 Rivervale Rd,Rivervale,Bergen,201055,Bardstown Origin Series Bottle-In-Bond 1/750 mL Btl,3/26/2025,1.00,1.00,$38.33,$12.15
Paul Mclaughlin,75001,Emerson Hotel,31 Emerson Plaza E,Emerson,Bergen,201054,Green River Wheated 1/750 mL,4/2/2025,1.00,2.00,$54.67,$18.64
Paul Mclaughlin,62003,Stern And Bow,171 Schraalenburgh Rd,Closter,Bergen,201057,Bardstown Origin Series Double Barrel Rye 1/750 mL Btl,2/21/2025,1.00,2.00,$76.67,$24.30
Paul Mclaughlin,56009,Tommy Fox's Pub Hse(P),32 S Washington Ave,Bergenfield,Bergen,201051,Green River Bourbon 1/750 mL Btl,10/9/2025,1.00,1.00,$29.33,$11.32
Paul Mclaughlin,61004,Andiamo,23 Hardenburgh Ave,Haworth,Bergen,201056,Bardstown Origin Series Bourbon 1/750 mL Btl,10/8/2025,1.00,1.00,$36.67,$13.15
Paul Mclaughlin,50001,Andy's Corner (Z),257 Queen Ann Rd,Bogota,Bergen,201056,Bardstown Origin Series Bourbon 1/750 mL Btl,3/12/2025,1.00,1.00,$34.67,$11.15
Paul Mclaughlin,41010,Lenoras Bar (P),129 Johnson Ave,Hackensack,Bergen,201051,Green River Bourbon 1/750 mL Btl,2/20/2025,1.00,1.00,$27.33,$9.32
Paul Mclaughlin,85001,Eleven Central,11 Central Ave,Midland Park,Bergen,201054,Green River Wheated 1/750 mL,1/22/2025,1.00,2.00,$54.00,$53.64
Paul Mclaughlin,56009,Tommy Fox's Pub Hse(P),32 S Washington Ave,Bergenfield,Bergen,201056,Bardstown Origin Series Bourbon 1/750 mL Btl,10/9/2025,1.00,1.00,$36.67,$13.15
Paul Mclaughlin,69012,449 Prime @ Edgewood Country Club,449 Rivervale Rd,Rivervale,Bergen,201056,Bardstown Origin Series Bourbon 1/750 mL Btl,3/26/2025,1.00,1.00,$34.50,$10.99
Paul Mclaughlin,71005,Park Steakhouse,151 Kinderkamack Rd,Park Ridge,Bergen,201056,Bardstown Origin Series Bourbon 1/750 mL Btl,1/23/2025,1.00,1.00,$34.50,$34.32
Paul Mclaughlin,86002,Doghouse Saloon (Z),270 Pascack Rd,Washington Twsp,Bergen,201051,Green River Bourbon 1/750 mL Btl,3/4/2025,1.00,1.00,$27.33,$9.32
Paul Mclaughlin,41010,Lenoras Bar (P),129 Johnson Ave,Hackensack,Bergen,201056,Bardstown Origin Series Bourbon 1/750 mL Btl,2/20/2025,1.00,1.00,$34.67,$11.15
Paul Mclaughlin,61004,Andiamo,23 Hardenburgh Ave,Haworth,Bergen,201051,Green River Bourbon 1/750 mL Btl,1/29/2026,1.00,6.00,$161.00,$52.91
Paul Mclaughlin,50001,Andy's Corner (Z),257 Queen Ann Rd,Bogota,Bergen,201052,Green River Full Proof 1/750 mL,4/15/2026,1.00,1.00,$40.67,$14.49
Paul Mclaughlin,40005,Lazy Lanigans (A),604 Main Street,Hackensack,Bergen,201053,Green River Rye 1/750 mL,2/4/2025,1.00,1.00,$27.33,$9.32
Paul Mclaughlin,61003,White Beeches Golf Club,70 Haworth Dr,Haworth,Bergen,201051,Green River Bourbon 1/750 mL Btl,4/22/2026,1.00,2.00,$53.67,$17.64
Paul Mclaughlin,70008,Hearth & Tap Co.,125 N Kndrkmk Rd,Montvale,Bergen,201056,Bardstown Origin Series Bourbon 1/750 mL Btl,6/20/2025,1.00,2.00,$69.33,$22.30
Paul Mclaughlin,71005,Park Steakhouse,151 Kinderkamack Rd,Park Ridge,Bergen,201057,Bardstown Origin Series Double Barrel Rye 1/750 mL Btl,1/23/2025,1.00,1.00,$38.33,$38.15
Paul Mclaughlin,61003,White Beeches Golf Club,70 Haworth Dr,Haworth,Bergen,201056,Bardstown Origin Series Bourbon 1/750 mL Btl,4/22/2026,1.00,12.00,$392.00,$109.82
Paul Mclaughlin,41010,Lenoras Bar (P),129 Johnson Ave,Hackensack,Bergen,201051,Green River Bourbon 1/750 mL Btl,4/30/2026,1.00,1.00,$26.83,$8.82
Phil Ernst,20106,Super Wine Warehse(P)Pate,42 E 30th St,Paterson,Passaic,201056,Bardstown Origin Series Bourbon 1/750 mL Btl,1/15/2026,1.00,6.00,$208.00,$66.91
Phil Ernst,38018,THE BOTTLE SHOP,366 Essex St,Lodi,Sales,201054,Green River Wheated 1/750 mL,3/24/2026,1.00,3.00,$80.50,$26.46
Phil Ernst,83010,Bottle King (A) Glen Rock,909 Prospect St,Glen Rock,Bergen,201061,Bardstown Discovery Series #12 1/750 mL Btl,6/20/2025,1.00,1.00,$104.67,$27.15
Phil Ernst,80026,Stew Leonard's(A) Paramus Wine,700 Paramus Park,Paramus,Bergen,201058,Bardstown Origin Series High Wheat 1/750 mL Btl,12/23/2025,1.00,6.00,$226.00,$68.91
Phil Ernst,83010,Bottle King (A) Glen Rock,909 Prospect St,Glen Rock,Bergen,201073,Bardstown Collaboration Series Pierre Ferrand 1/750 mL Btl,7/8/2026,1.00,3.00,$325.98,$93.44
Phil Ernst,83010,Bottle King (A) Glen Rock,909 Prospect St,Glen Rock,Bergen,201055,Bardstown Origin Series Bottle-In-Bond 1/750 mL Btl,7/1/2026,1.00,6.00,$226.00,$68.91
Phil Ernst,78008,Shop Rite Liq(A) Roch Pk,220 W Passaic St,Rochelle Park,Bergen,201076,Green River Wheated Full Proof 1/750 ml Btl,3/25/2026,1.00,3.00,$113.00,$34.46
Phil Ernst,12007,Gary's Wine & Marketplace (Wayne),1308 Rte 23,Wayne,Passaic,201052,Green River Full Proof 1/750 mL,2/10/2026,1.00,6.00,$218.00,$60.91
Phil Ernst,12007,Gary's Wine & Marketplace (Wayne),1308 Rte 23,Wayne,Passaic,201060,Bardstown Discovery Series #11 1/750 mL Btl,9/2/2025,1.00,1.00,$105.67,$28.15
Phil Ernst,25010,Stew Leonard's Wines & Spirits of Clifton,467 Allwood Rd,Clifton,Passaic,201058,Bardstown Origin Series High Wheat 1/750 mL Btl,2/17/2026,1.00,6.00,$226.00,$68.91
Phil Ernst,25010,Stew Leonard's Wines & Spirits of Clifton,467 Allwood Rd,Clifton,Passaic,201055,Bardstown Origin Series Bottle-In-Bond 1/750 mL Btl,4/15/2025,1.00,6.00,$226.00,$68.91
Phil Ernst,83010,Bottle King (A) Glen Rock,909 Prospect St,Glen Rock,Bergen,201057,Bardstown Origin Series Double Barrel Rye 1/750 mL Btl,1/29/2025,1.00,6.00,$218.00,$60.91
Phil Ernst,25010,Stew Leonard's Wines & Spirits of Clifton,467 Allwood Rd,Clifton,Passaic,201074,Bardstown Discovery #13 1/750 mL Btl,9/23/2025,1.00,3.00,$307.98,$75.44
Phil Ernst,25010,Stew Leonard's Wines & Spirits of Clifton,467 Allwood Rd,Clifton,Passaic,201056,Bardstown Origin Series Bourbon 1/750 mL Btl,5/28/2026,1.00,-6.00,($208.00),($66.91)
Phil Ernst,12007,Gary's Wine & Marketplace (Wayne),1308 Rte 23,Wayne,Passaic,201053,Green River Rye 1/750 mL,2/11/2025,1.00,6.00,$154.00,$45.91
Phil Ernst,83010,Bottle King (A) Glen Rock,909 Prospect St,Glen Rock,Bergen,201074,Bardstown Discovery #13 1/750 mL Btl,7/8/2026,1.00,3.00,$325.98,$93.44
Phil Ernst,80026,Stew Leonard's(A) Paramus Wine,700 Paramus Park,Paramus,Bergen,201055,Bardstown Origin Series Bottle-In-Bond 1/750 mL Btl,5/29/2025,1.00,6.00,$218.00,$60.91
Phil Ernst,80026,Stew Leonard's(A) Paramus Wine,700 Paramus Park,Paramus,Bergen,201074,Bardstown Discovery #13 1/750 mL Btl,9/23/2025,1.00,3.00,$307.98,$75.44
Phil Ernst,12007,Gary's Wine & Marketplace (Wayne),1308 Rte 23,Wayne,Passaic,201057,Bardstown Origin Series Double Barrel Rye 1/750 mL Btl,6/25/2025,1.00,6.00,$218.00,$60.91
Phil Ernst,83010,Bottle King (A) Glen Rock,909 Prospect St,Glen Rock,Bergen,201064,Bardstown Collaboration Series Silver Oak 1/750 mL Btl,4/17/2025,1.00,2.00,$209.33,$54.30
Phil Ernst,80026,Stew Leonard's(A) Paramus Wine,700 Paramus Park,Paramus,Bergen,201059,Bardstown Discovery Series #10 1/750 mL Btl,4/17/2025,1.00,1.00,$105.67,$28.15
Phil Ernst,83010,Bottle King (A) Glen Rock,909 Prospect St,Glen Rock,Bergen,201076,Green River Wheated Full Proof 1/750 ml Btl,2/26/2026,1.00,6.00,$226.00,$68.91
Phil Ernst,83010,Bottle King (A) Glen Rock,909 Prospect St,Glen Rock,Bergen,201056,Bardstown Origin Series Bourbon 1/750 mL Btl,1/29/2025,1.00,12.00,$392.00,$109.82
Phil Ernst,25010,Stew Leonard's Wines & Spirits of Clifton,467 Allwood Rd,Clifton,Passaic,201077,Green River Honey 1/750 mL Btl,7/7/2026,1.00,18.00,$330.00,$107.73
Phil Ernst,12007,Gary's Wine & Marketplace (Wayne),1308 Rte 23,Wayne,Passaic,201053,Green River Rye 1/750 mL,9/3/2025,1.00,6.00,$152.00,$43.91
Phil Ernst,83010,Bottle King (A) Glen Rock,909 Prospect St,Glen Rock,Bergen,201075,Green River Single Barrel Wheated 1/1/750mL Btl,12/9/2025,1.00,6.00,$267.96,$71.87
Phil Ernst,80026,Stew Leonard's(A) Paramus Wine,700 Paramus Park,Paramus,Bergen,201055,Bardstown Origin Series Bottle-In-Bond 1/750 mL Btl,4/9/2026,1.00,18.00,$654.00,$182.73
Phil Ernst,12007,Gary's Wine & Marketplace (Wayne),1308 Rte 23,Wayne,Passaic,201058,Bardstown Origin Series High Wheat 1/750 mL Btl,6/25/2025,1.00,6.00,$218.00,$60.91
Phil Ernst,83010,Bottle King (A) Glen Rock,909 Prospect St,Glen Rock,Bergen,201055,Bardstown Origin Series Bottle-In-Bond 1/750 mL Btl,10/21/2025,1.00,6.00,$226.00,$68.91
Phil Ernst,83010,Bottle King (A) Glen Rock,909 Prospect St,Glen Rock,Bergen,201056,Bardstown Origin Series Bourbon 1/750 mL Btl,2/13/2025,1.00,6.00,$196.00,$54.91
Phil Ernst,78008,Shop Rite Liq(A) Roch Pk,220 W Passaic St,Rochelle Park,Bergen,201064,Bardstown Collaboration Series Silver Oak 1/750 mL Btl,4/17/2025,1.00,1.00,$105.67,$28.15
Phil Ernst,12007,Gary's Wine & Marketplace (Wayne),1308 Rte 23,Wayne,Passaic,201064,Bardstown Collaboration Series Silver Oak 1/750 mL Btl,4/8/2025,1.00,1.00,$105.67,$28.15
Phil Ernst,80005,Shop Rite Liq (Paramus),224 Rt 4 E,Paramus,Bergen,201056,Bardstown Origin Series Bourbon 1/750 mL Btl,2/7/2025,1.00,2.00,$68.00,$20.97
Phil Ernst,12007,Gary's Wine & Marketplace (Wayne),1308 Rte 23,Wayne,Passaic,201054,Green River Wheated 1/750 mL,2/10/2026,1.00,6.00,$154.00,$45.91
Phil Ernst,80026,Stew Leonard's(A) Paramus Wine,700 Paramus Park,Paramus,Bergen,201058,Bardstown Origin Series High Wheat 1/750 mL Btl,11/13/2025,1.00,6.00,$226.00,$68.91
Phil Ernst,12007,Gary's Wine & Marketplace (Wayne),1308 Rte 23,Wayne,Passaic,201056,Bardstown Origin Series Bourbon 1/750 mL Btl,2/10/2026,1.00,6.00,$196.00,$54.91
Phil Ernst,29004,Shop-Rite Liq Lyndhurst,542 New York Ave,Lyndhurst,Bergen,201051,Green River Bourbon 1/750 mL Btl,1/13/2026,1.00,6.00,$161.00,$52.91
Phil Ernst,83001,Food Universe Marketplace,937 Lincoln Ave,Glen Rock,Bergen,201056,Bardstown Origin Series Bourbon 1/750 mL Btl,6/18/2025,1.00,6.00,$204.00,$62.91
Phil Ernst,83010,Bottle King (A) Glen Rock,909 Prospect St,Glen Rock,Bergen,201055,Bardstown Origin Series Bottle-In-Bond 1/750 mL Btl,4/29/2026,1.00,6.00,$218.00,$60.91
Phil Ernst,83010,Bottle King (A) Glen Rock,909 Prospect St,Glen Rock,Bergen,201064,Bardstown Collaboration Series Silver Oak 1/750 mL Btl,6/20/2025,1.00,2.00,$209.33,$54.30
Phil Ernst,12007,Gary's Wine & Marketplace (Wayne),1308 Rte 23,Wayne,Passaic,201075,Green River Single Barrel Wheated 1/1/750mL Btl,12/12/2025,1.00,6.00,$267.96,$71.87
Phil Ernst,38018,THE BOTTLE SHOP,366 Essex St,Lodi,Sales,201054,Green River Wheated 1/750 mL,5/28/2026,1.00,3.00,$80.50,$26.46
Phil Ernst,83010,Bottle King (A) Glen Rock,909 Prospect St,Glen Rock,Bergen,201058,Bardstown Origin Series High Wheat 1/750 mL Btl,8/6/2025,1.00,6.00,$218.00,$60.91
Phil Ernst,78008,Shop Rite Liq(A) Roch Pk,220 W Passaic St,Rochelle Park,Bergen,201052,Green River Full Proof 1/750 mL,12/19/2025,1.00,3.00,$113.00,$34.46
Phil Ernst,83010,Bottle King (A) Glen Rock,909 Prospect St,Glen Rock,Bergen,201059,Bardstown Discovery Series #10 1/750 mL Btl,4/17/2025,1.00,2.00,$209.33,$54.30
Phil Ernst,83010,Bottle King (A) Glen Rock,909 Prospect St,Glen Rock,Bergen,201051,Green River Bourbon 1/750 mL Btl,1/29/2025,1.00,12.00,$308.00,($978.18)
Phil Ernst,25010,Stew Leonard's Wines & Spirits of Clifton,467 Allwood Rd,Clifton,Passaic,201056,Bardstown Origin Series Bourbon 1/750 mL Btl,5/21/2026,1.00,6.00,$208.00,$66.91
Phil Ernst,80026,Stew Leonard's(A) Paramus Wine,700 Paramus Park,Paramus,Bergen,201055,Bardstown Origin Series Bottle-In-Bond 1/750 mL Btl,10/23/2025,1.00,6.00,$226.00,$68.91
Phil Ernst,25010,Stew Leonard's Wines & Spirits of Clifton,467 Allwood Rd,Clifton,Passaic,201055,Bardstown Origin Series Bottle-In-Bond 1/750 mL Btl,6/11/2025,1.00,6.00,$226.00,$68.91
Phil Ernst,80026,Stew Leonard's(A) Paramus Wine,700 Paramus Park,Paramus,Bergen,201077,Green River Honey 1/750 mL Btl,6/19/2026,1.00,18.00,$330.00,$107.73
Phil Ernst,83010,Bottle King (A) Glen Rock,909 Prospect St,Glen Rock,Bergen,201056,Bardstown Origin Series Bourbon 1/750 mL Btl,12/30/2025,1.00,6.00,$196.00,$54.91
Phil Ernst,83010,Bottle King (A) Glen Rock,909 Prospect St,Glen Rock,Bergen,201058,Bardstown Origin Series High Wheat 1/750 mL Btl,3/13/2025,1.00,6.00,$226.00,$68.91
Phil Ernst,83010,Bottle King (A) Glen Rock,909 Prospect St,Glen Rock,Bergen,201058,Bardstown Origin Series High Wheat 1/750 mL Btl,4/16/2025,1.00,6.00,$226.00,$68.91
Phil Ernst,83010,Bottle King (A) Glen Rock,909 Prospect St,Glen Rock,Bergen,201056,Bardstown Origin Series Bourbon 1/750 mL Btl,8/6/2025,1.00,6.00,$196.00,$54.91
Phil Ernst,83010,Bottle King (A) Glen Rock,909 Prospect St,Glen Rock,Bergen,201077,Green River Honey 1/750 mL Btl,5/6/2026,1.00,30.00,$550.00,$179.55
Phil Ernst,83010,Bottle King (A) Glen Rock,909 Prospect St,Glen Rock,Bergen,201058,Bardstown Origin Series High Wheat 1/750 mL Btl,6/25/2025,1.00,6.00,$218.00,$60.91
Phil Ernst,29004,Shop-Rite Liq Lyndhurst,542 New York Ave,Lyndhurst,Bergen,201077,Green River Honey 1/750 mL Btl,5/8/2026,1.00,18.00,$330.00,$107.73
Phil Ernst,80005,Shop Rite Liq (Paramus),224 Rt 4 E,Paramus,Bergen,201055,Bardstown Origin Series Bottle-In-Bond 1/750 mL Btl,1/23/2026,1.00,2.00,$81.33,$28.97
Phil Ernst,25010,Stew Leonard's Wines & Spirits of Clifton,467 Allwood Rd,Clifton,Passaic,201051,Green River Bourbon 1/750 mL Btl,4/15/2025,1.00,6.00,$162.00,$53.91
Phil Ernst,29004,Shop-Rite Liq Lyndhurst,542 New York Ave,Lyndhurst,Bergen,201051,Green River Bourbon 1/750 mL Btl,2/7/2025,1.00,3.00,$81.00,$26.96
Phil Ernst,80026,Stew Leonard's(A) Paramus Wine,700 Paramus Park,Paramus,Bergen,201057,Bardstown Origin Series Double Barrel Rye 1/750 mL Btl,5/29/2025,1.00,6.00,$218.00,$60.91
Phil Ernst,83010,Bottle King (A) Glen Rock,909 Prospect St,Glen Rock,Bergen,201054,Green River Wheated 1/750 mL,5/22/2025,1.00,6.00,$162.00,$53.91
Phil Ernst,80026,Stew Leonard's(A) Paramus Wine,700 Paramus Park,Paramus,Bergen,201054,Green River Wheated 1/750 mL,4/9/2026,1.00,42.00,$994.00,$237.37
Phil Ernst,83010,Bottle King (A) Glen Rock,909 Prospect St,Glen Rock,Bergen,201055,Bardstown Origin Series Bottle-In-Bond 1/750 mL Btl,7/8/2026,1.00,6.00,$226.00,$68.91
Phil Ernst,12007,Gary's Wine & Marketplace (Wayne),1308 Rte 23,Wayne,Passaic,201058,Bardstown Origin Series High Wheat 1/750 mL Btl,9/3/2025,1.00,6.00,$218.00,$60.91
Phil Ernst,83010,Bottle King (A) Glen Rock,909 Prospect St,Glen Rock,Bergen,201053,Green River Rye 1/750 mL,3/26/2026,1.00,6.00,$154.00,$45.91
Phil Ernst,78008,Shop Rite Liq(A) Roch Pk,220 W Passaic St,Rochelle Park,Bergen,201051,Green River Bourbon 1/750 mL Btl,7/20/2026,1.00,3.00,$80.50,$26.46
Phil Ernst,83010,Bottle King (A) Glen Rock,909 Prospect St,Glen Rock,Bergen,201058,Bardstown Origin Series High Wheat 1/750 mL Btl,5/28/2025,1.00,6.00,$226.00,$68.91
Phil Ernst,83010,Bottle King (A) Glen Rock,909 Prospect St,Glen Rock,Bergen,201051,Green River Bourbon 1/750 mL Btl,7/16/2026,1.00,6.00,$161.00,$52.91
Phil Ernst,80026,Stew Leonard's(A) Paramus Wine,700 Paramus Park,Paramus,Bergen,201056,Bardstown Origin Series Bourbon 1/750 mL Btl,4/9/2025,1.00,12.00,$392.00,$109.82
Phil Ernst,25010,Stew Leonard's Wines & Spirits of Clifton,467 Allwood Rd,Clifton,Passaic,201062,Bardstown Collaboration Series Amrut 1/750 mL Btl,4/17/2025,1.00,1.00,$105.67,$28.15
Phil Ernst,12007,Gary's Wine & Marketplace (Wayne),1308 Rte 23,Wayne,Passaic,201056,Bardstown Origin Series Bourbon 1/750 mL Btl,2/11/2025,1.00,2.00,$68.00,$20.97
Phil Ernst,80005,Shop Rite Liq (Paramus),224 Rt 4 E,Paramus,Bergen,201051,Green River Bourbon 1/750 mL Btl,1/23/2026,1.00,2.00,$53.67,$17.64
Phil Ernst,25010,Stew Leonard's Wines & Spirits of Clifton,467 Allwood Rd,Clifton,Passaic,201056,Bardstown Origin Series Bourbon 1/750 mL Btl,5/14/2026,1.00,6.00,$208.00,$66.91
Phil Ernst,83010,Bottle King (A) Glen Rock,909 Prospect St,Glen Rock,Bergen,201055,Bardstown Origin Series Bottle-In-Bond 1/750 mL Btl,9/4/2025,1.00,6.00,$226.00,$68.91
Phil Ernst,12007,Gary's Wine & Marketplace (Wayne),1308 Rte 23,Wayne,Passaic,201055,Bardstown Origin Series Bottle-In-Bond 1/750 mL Btl,2/10/2026,1.00,6.00,$218.00,$60.91
Phil Ernst,83010,Bottle King (A) Glen Rock,909 Prospect St,Glen Rock,Bergen,201058,Bardstown Origin Series High Wheat 1/750 mL Btl,3/6/2025,1.00,6.00,$226.00,$68.91
Phil Ernst,78008,Shop Rite Liq(A) Roch Pk,220 W Passaic St,Rochelle Park,Bergen,201055,Bardstown Origin Series Bottle-In-Bond 1/750 mL Btl,6/25/2026,1.00,3.00,$122.00,$43.46
Phil Ernst,43001,City Supermarket,289 Bergen Blvd,Fairview,Bergen,201077,Green River Honey 1/750 mL Btl,5/6/2026,1.00,6.00,$115.00,$40.91
Phil Ernst,80026,Stew Leonard's(A) Paramus Wine,700 Paramus Park,Paramus,Bergen,201077,Green River Honey 1/750 mL Btl,5/22/2026,1.00,18.00,$330.00,$107.73
Phil Ernst,83010,Bottle King (A) Glen Rock,909 Prospect St,Glen Rock,Bergen,201055,Bardstown Origin Series Bottle-In-Bond 1/750 mL Btl,7/9/2025,1.00,6.00,$226.00,$68.91
Phil Ernst,80005,Shop Rite Liq (Paramus),224 Rt 4 E,Paramus,Bergen,201055,Bardstown Origin Series Bottle-In-Bond 1/750 mL Btl,8/21/2025,1.00,3.00,$113.00,$34.46
Phil Ernst,80026,Stew Leonard's(A) Paramus Wine,700 Paramus Park,Paramus,Bergen,201058,Bardstown Origin Series High Wheat 1/750 mL Btl,2/13/2025,1.00,2.00,$75.33,$22.97
Phil Ernst,80026,Stew Leonard's(A) Paramus Wine,700 Paramus Park,Paramus,Bergen,201072,Green River Bourbon 250th Army Anniversary 1/750 mL,7/31/2025,1.00,6.00,$218.00,$60.91
Phil Ernst,80026,Stew Leonard's(A) Paramus Wine,700 Paramus Park,Paramus,Bergen,201055,Bardstown Origin Series Bottle-In-Bond 1/750 mL Btl,4/16/2026,1.00,6.00,$218.00,$60.91
Phil Ernst,25010,Stew Leonard's Wines & Spirits of Clifton,467 Allwood Rd,Clifton,Passaic,201051,Green River Bourbon 1/750 mL Btl,2/7/2025,1.00,6.00,$162.00,$53.91
Phil Ernst,83010,Bottle King (A) Glen Rock,909 Prospect St,Glen Rock,Bergen,201054,Green River Wheated 1/750 mL,7/9/2025,1.00,6.00,$162.00,$53.91
Phil Ernst,25010,Stew Leonard's Wines & Spirits of Clifton,467 Allwood Rd,Clifton,Passaic,201056,Bardstown Origin Series Bourbon 1/750 mL Btl,4/2/2026,1.00,6.00,$208.00,$66.91
Phil Ernst,25010,Stew Leonard's Wines & Spirits of Clifton,467 Allwood Rd,Clifton,Passaic,201064,Bardstown Collaboration Series Silver Oak 1/750 mL Btl,7/31/2025,1.00,3.00,$317.00,$84.46
Phil Ernst,80026,Stew Leonard's(A) Paramus Wine,700 Paramus Park,Paramus,Bergen,201064,Bardstown Collaboration Series Silver Oak 1/750 mL Btl,7/31/2025,1.00,3.00,$317.00,$84.46
Phil Ernst,20106,Super Wine Warehse(P)Pate,42 E 30th St,Paterson,Passaic,201052,Green River Full Proof 1/750 mL,1/22/2025,1.00,6.00,$218.00,$216.91
Phil Ernst,29004,Shop-Rite Liq Lyndhurst,542 New York Ave,Lyndhurst,Bergen,201052,Green River Full Proof 1/750 mL,2/7/2025,1.00,3.00,$113.00,$34.46
Phil Ernst,83010,Bottle King (A) Glen Rock,909 Prospect St,Glen Rock,Bergen,201052,Green River Full Proof 1/750 mL,4/30/2025,1.00,6.00,$226.00,$68.91
Phil Ernst,12007,Gary's Wine & Marketplace (Wayne),1308 Rte 23,Wayne,Passaic,201057,Bardstown Origin Series Double Barrel Rye 1/750 mL Btl,2/20/2025,1.00,0.00,$0.00,$0.00
Phil Ernst,25010,Stew Leonard's Wines & Spirits of Clifton,467 Allwood Rd,Clifton,Passaic,201051,Green River Bourbon 1/750 mL Btl,1/13/2026,1.00,6.00,$161.00,$52.91
Phil Ernst,29004,Shop-Rite Liq Lyndhurst,542 New York Ave,Lyndhurst,Bergen,201051,Green River Bourbon 1/750 mL Btl,9/16/2025,1.00,2.00,$54.00,$17.97
Phil Ernst,12007,Gary's Wine & Marketplace (Wayne),1308 Rte 23,Wayne,Passaic,201052,Green River Full Proof 1/750 mL,6/25/2025,1.00,6.00,$218.00,$60.91
Phil Ernst,80026,Stew Leonard's(A) Paramus Wine,700 Paramus Park,Paramus,Bergen,201058,Bardstown Origin Series High Wheat 1/750 mL Btl,6/26/2025,1.00,6.00,$218.00,$60.91
Phil Ernst,83010,Bottle King (A) Glen Rock,909 Prospect St,Glen Rock,Bergen,201054,Green River Wheated 1/750 mL,9/10/2025,1.00,6.00,$162.00,$53.91
Phil Ernst,80026,Stew Leonard's(A) Paramus Wine,700 Paramus Park,Paramus,Bergen,201058,Bardstown Origin Series High Wheat 1/750 mL Btl,5/29/2025,1.00,6.00,$218.00,$60.91
Phil Ernst,12007,Gary's Wine & Marketplace (Wayne),1308 Rte 23,Wayne,Passaic,201065,Green River 1/1 L Btl,2/10/2026,1.00,12.00,$198.00,$63.55
Phil Ernst,78008,Shop Rite Liq(A) Roch Pk,220 W Passaic St,Rochelle Park,Bergen,201052,Green River Full Proof 1/750 mL,2/7/2025,1.00,3.00,$113.00,$34.46
Phil Ernst,83010,Bottle King (A) Glen Rock,909 Prospect St,Glen Rock,Bergen,201072,Green River Bourbon 250th Army Anniversary 1/750 mL,3/12/2026,1.00,6.00,$218.00,$60.91
Phil Ernst,25010,Stew Leonard's Wines & Spirits of Clifton,467 Allwood Rd,Clifton,Passaic,201057,Bardstown Origin Series Double Barrel Rye 1/750 mL Btl,3/19/2026,1.00,6.00,$226.00,$68.91
Phil Ernst,39001,Home Wines & Liq 75 (A) (South Hackensack),75 Saddle River Ave,South Hackensac,Bergen,201052,Green River Full Proof 1/750 mL,2/18/2025,1.00,6.00,$226.00,$68.91
Phil Ernst,83010,Bottle King (A) Glen Rock,909 Prospect St,Glen Rock,Bergen,201055,Bardstown Origin Series Bottle-In-Bond 1/750 mL Btl,4/30/2025,1.00,6.00,$226.00,$68.91
Phil Ernst,83010,Bottle King (A) Glen Rock,909 Prospect St,Glen Rock,Bergen,201054,Green River Wheated 1/750 mL,5/6/2026,1.00,6.00,$154.00,$45.91
Phil Ernst,78008,Shop Rite Liq(A) Roch Pk,220 W Passaic St,Rochelle Park,Bergen,201056,Bardstown Origin Series Bourbon 1/750 mL Btl,7/6/2026,1.00,6.00,$208.00,$66.91
Phil Ernst,25010,Stew Leonard's Wines & Spirits of Clifton,467 Allwood Rd,Clifton,Passaic,201059,Bardstown Discovery Series #10 1/750 mL Btl,4/17/2025,1.00,1.00,$105.67,$28.15
Phil Ernst,12007,Gary's Wine & Marketplace (Wayne),1308 Rte 23,Wayne,Passaic,201069,Bardstown Single Barrel GSPD #1 1/750 mL Btl,7/9/2025,1.00,3.00,$190.00,$56.96
Phil Ernst,12007,Gary's Wine & Marketplace (Wayne),1308 Rte 23,Wayne,Passaic,201066,Green River Single Barrel GSPD #1 1/750 mL,7/9/2025,1.00,3.00,$145.00,$46.96
Phil Ernst,78008,Shop Rite Liq(A) Roch Pk,220 W Passaic St,Rochelle Park,Bergen,201051,Green River Bourbon 1/750 mL Btl,2/7/2025,1.00,3.00,$81.00,$26.96
Phil Ernst,25010,Stew Leonard's Wines & Spirits of Clifton,467 Allwood Rd,Clifton,Passaic,201057,Bardstown Origin Series Double Barrel Rye 1/750 mL Btl,2/7/2025,1.00,6.00,$218.00,$60.91
Phil Ernst,12007,Gary's Wine & Marketplace (Wayne),1308 Rte 23,Wayne,Passaic,201070,Bardstown Single Barrel GSPD #2 1/750 mL Btl,7/9/2025,1.00,3.00,$190.00,$56.96
Phil Ernst,29004,Shop-Rite Liq Lyndhurst,542 New York Ave,Lyndhurst,Bergen,201072,Green River Bourbon 250th Army Anniversary 1/750 mL,5/19/2026,1.00,6.00,$218.00,$54.37
Phil Ernst,12007,Gary's Wine & Marketplace (Wayne),1308 Rte 23,Wayne,Passaic,201073,Bardstown Collaboration Series Pierre Ferrand 1/750 mL Btl,9/24/2025,1.00,6.00,$615.96,$150.87
Phil Ernst,83001,Food Universe Marketplace,937 Lincoln Ave,Glen Rock,Bergen,201055,Bardstown Origin Series Bottle-In-Bond 1/750 mL Btl,2/18/2025,1.00,8.00,$290.67,$81.21
Phil Ernst,83010,Bottle King (A) Glen Rock,909 Prospect St,Glen Rock,Bergen,201058,Bardstown Origin Series High Wheat 1/750 mL Btl,4/30/2025,1.00,6.00,$226.00,$68.91
Phil Ernst,80041,PRIME WINE CELLAR Liquor & Beer,396 Rt 17 North,Paramus,Sales,201077,Green River Honey 1/750 mL Btl,5/27/2026,1.00,6.00,$115.00,$40.91
Phil Ernst,12007,Gary's Wine & Marketplace (Wayne),1308 Rte 23,Wayne,Passaic,201055,Bardstown Origin Series Bottle-In-Bond 1/750 mL Btl,9/3/2025,1.00,6.00,$218.00,$60.91
Phil Ernst,83010,Bottle King (A) Glen Rock,909 Prospect St,Glen Rock,Bergen,201055,Bardstown Origin Series Bottle-In-Bond 1/750 mL Btl,2/18/2026,1.00,6.00,$226.00,$68.91
Phil Ernst,80026,Stew Leonard's(A) Paramus Wine,700 Paramus Park,Paramus,Bergen,201057,Bardstown Origin Series Double Barrel Rye 1/750 mL Btl,10/23/2025,1.00,6.00,$226.00,$68.91
Phil Ernst,83010,Bottle King (A) Glen Rock,909 Prospect St,Glen Rock,Bergen,201057,Bardstown Origin Series Double Barrel Rye 1/750 mL Btl,3/18/2026,1.00,6.00,$226.00,$68.91
Phil Ernst,20106,Super Wine Warehse(P)Pate,42 E 30th St,Paterson,Passaic,201057,Bardstown Origin Series Double Barrel Rye 1/750 mL Btl,1/22/2025,1.00,6.00,$218.00,$216.91
Phil Ernst,25010,Stew Leonard's Wines & Spirits of Clifton,467 Allwood Rd,Clifton,Passaic,201077,Green River Honey 1/750 mL Btl,6/19/2026,1.00,12.00,$220.00,$71.82
Phil Ernst,25010,Stew Leonard's Wines & Spirits of Clifton,467 Allwood Rd,Clifton,Passaic,201057,Bardstown Origin Series Double Barrel Rye 1/750 mL Btl,10/28/2025,1.00,6.00,$226.00,$68.91
Phil Ernst,25010,Stew Leonard's Wines & Spirits of Clifton,467 Allwood Rd,Clifton,Passaic,201051,Green River Bourbon 1/750 mL Btl,3/19/2026,1.00,6.00,$161.00,$52.91
Phil Ernst,25010,Stew Leonard's Wines & Spirits of Clifton,467 Allwood Rd,Clifton,Passaic,201075,Green River Single Barrel Wheated 1/1/750mL Btl,12/12/2025,1.00,6.00,$267.96,$71.87
Phil Ernst,12007,Gary's Wine & Marketplace (Wayne),1308 Rte 23,Wayne,Passaic,201055,Bardstown Origin Series Bottle-In-Bond 1/750 mL Btl,4/4/2025,1.00,6.00,$218.00,$60.91
Phil Ernst,83010,Bottle King (A) Glen Rock,909 Prospect St,Glen Rock,Bergen,201056,Bardstown Origin Series Bourbon 1/750 mL Btl,3/18/2026,1.00,6.00,$208.00,$66.91
Phil Ernst,12007,Gary's Wine & Marketplace (Wayne),1308 Rte 23,Wayne,Passaic,201068,Green River Single Barrel GSPD#3 1/750 mL,7/9/2025,1.00,3.00,$145.00,$46.96
Phil Ernst,12007,Gary's Wine & Marketplace (Wayne),1308 Rte 23,Wayne,Passaic,201056,Bardstown Origin Series Bourbon 1/750 mL Btl,6/25/2025,1.00,6.00,$196.00,$54.91
Phil Ernst,12007,Gary's Wine & Marketplace (Wayne),1308 Rte 23,Wayne,Passaic,201060,Bardstown Discovery Series #11 1/750 mL Btl,7/10/2025,1.00,-2.00,($211.33),($56.30)
Phil Ernst,80026,Stew Leonard's(A) Paramus Wine,700 Paramus Park,Paramus,Bergen,201056,Bardstown Origin Series Bourbon 1/750 mL Btl,4/2/2026,1.00,6.00,$208.00,$66.91
Phil Ernst,12007,Gary's Wine & Marketplace (Wayne),1308 Rte 23,Wayne,Passaic,201071,Bardstown Single Barrel GSPD #3 1/750 mL Btl,7/9/2025,1.00,3.00,$190.00,$56.96
Phil Ernst,83010,Bottle King (A) Glen Rock,909 Prospect St,Glen Rock,Bergen,201053,Green River Rye 1/750 mL,5/28/2025,1.00,6.00,$162.00,$53.91
Phil Ernst,12007,Gary's Wine & Marketplace (Wayne),1308 Rte 23,Wayne,Passaic,201054,Green River Wheated 1/750 mL,2/11/2025,1.00,6.00,$154.00,$45.91
Phil Ernst,83010,Bottle King (A) Glen Rock,909 Prospect St,Glen Rock,Bergen,201060,Bardstown Discovery Series #11 1/750 mL Btl,4/17/2025,1.00,1.00,$104.67,$27.15
Phil Ernst,83010,Bottle King (A) Glen Rock,909 Prospect St,Glen Rock,Bergen,201054,Green River Wheated 1/750 mL,5/28/2025,1.00,6.00,$162.00,$53.91
Phil Ernst,78008,Shop Rite Liq(A) Roch Pk,220 W Passaic St,Rochelle Park,Bergen,201055,Bardstown Origin Series Bottle-In-Bond 1/750 mL Btl,2/7/2025,1.00,3.00,$113.00,$34.46
Phil Ernst,12007,Gary's Wine & Marketplace (Wayne),1308 Rte 23,Wayne,Passaic,201055,Bardstown Origin Series Bottle-In-Bond 1/750 mL Btl,2/18/2025,1.00,6.00,$226.00,$68.91
Phil Ernst,83010,Bottle King (A) Glen Rock,909 Prospect St,Glen Rock,Bergen,201053,Green River Rye 1/750 mL,7/9/2025,1.00,6.00,$162.00,$53.91
Phil Ernst,83010,Bottle King (A) Glen Rock,909 Prospect St,Glen Rock,Bergen,201073,Bardstown Collaboration Series Pierre Ferrand 1/750 mL Btl,9/16/2025,1.00,3.00,$307.98,$75.44
Phil Ernst,83010,Bottle King (A) Glen Rock,909 Prospect St,Glen Rock,Bergen,201063,Bardstown Collaboration Series Goose Island 1/750 mL Btl,4/17/2025,1.00,2.00,$149.33,$39.64
Phil Ernst,20106,Super Wine Warehse(P)Pate,42 E 30th St,Paterson,Passaic,201056,Bardstown Origin Series Bourbon 1/750 mL Btl,1/22/2025,1.00,6.00,$196.00,$194.91
Phil Ernst,83010,Bottle King (A) Glen Rock,909 Prospect St,Glen Rock,Bergen,201057,Bardstown Origin Series Double Barrel Rye 1/750 mL Btl,6/25/2025,1.00,6.00,$218.00,$60.91
Phil Ernst,83010,Bottle King (A) Glen Rock,909 Prospect St,Glen Rock,Bergen,201052,Green River Full Proof 1/750 mL,3/18/2026,1.00,6.00,$218.00,$60.91
Phil Ernst,83010,Bottle King (A) Glen Rock,909 Prospect St,Glen Rock,Bergen,201058,Bardstown Origin Series High Wheat 1/750 mL Btl,12/4/2025,1.00,6.00,$218.00,$60.91
Phil Ernst,20106,Super Wine Warehse(P)Pate,42 E 30th St,Paterson,Passaic,201077,Green River Honey 1/750 mL Btl,5/6/2026,1.00,6.00,$115.00,$40.91
Phil Ernst,12007,Gary's Wine & Marketplace (Wayne),1308 Rte 23,Wayne,Passaic,201072,Green River Bourbon 250th Army Anniversary 1/750 mL,7/9/2025,1.00,6.00,$218.00,$60.91
Phil Ernst,80005,Shop Rite Liq (Paramus),224 Rt 4 E,Paramus,Bergen,201063,Bardstown Collaboration Series Goose Island 1/750 mL Btl,4/17/2025,1.00,1.00,$75.67,$20.82
Phil Ernst,12007,Gary's Wine & Marketplace (Wayne),1308 Rte 23,Wayne,Passaic,201059,Bardstown Discovery Series #10 1/750 mL Btl,4/8/2025,1.00,1.00,$105.67,$28.15
Phil Ernst,25010,Stew Leonard's Wines & Spirits of Clifton,467 Allwood Rd,Clifton,Passaic,201064,Bardstown Collaboration Series Silver Oak 1/750 mL Btl,4/17/2025,1.00,1.00,$105.67,$28.15
Phil Ernst,12007,Gary's Wine & Marketplace (Wayne),1308 Rte 23,Wayne,Passaic,201056,Bardstown Origin Series Bourbon 1/750 mL Btl,12/12/2025,1.00,6.00,$208.00,$66.91
Phil Ernst,83010,Bottle King (A) Glen Rock,909 Prospect St,Glen Rock,Bergen,201058,Bardstown Origin Series High Wheat 1/750 mL Btl,2/5/2025,1.00,6.00,$226.00,$68.91
Phil Ernst,12007,Gary's Wine & Marketplace (Wayne),1308 Rte 23,Wayne,Passaic,201058,Bardstown Origin Series High Wheat 1/750 mL Btl,4/4/2025,1.00,6.00,$218.00,$60.91
Phil Ernst,80026,Stew Leonard's(A) Paramus Wine,700 Paramus Park,Paramus,Bergen,201057,Bardstown Origin Series Double Barrel Rye 1/750 mL Btl,3/19/2026,1.00,6.00,$226.00,$68.91
Phil Ernst,80005,Shop Rite Liq (Paramus),224 Rt 4 E,Paramus,Bergen,201077,Green River Honey 1/750 mL Btl,5/8/2026,1.00,6.00,$115.00,$40.91
Phil Ernst,83010,Bottle King (A) Glen Rock,909 Prospect St,Glen Rock,Bergen,201055,Bardstown Origin Series Bottle-In-Bond 1/750 mL Btl,2/13/2025,1.00,6.00,$218.00,$60.91
Phil Ernst,83010,Bottle King (A) Glen Rock,909 Prospect St,Glen Rock,Bergen,201054,Green River Wheated 1/750 mL,12/17/2025,1.00,6.00,$154.00,$45.91
Phil Ernst,20106,Super Wine Warehse(P)Pate,42 E 30th St,Paterson,Passaic,201053,Green River Rye 1/750 mL,1/22/2025,1.00,6.00,$154.00,$152.91
Phil Ernst,12007,Gary's Wine & Marketplace (Wayne),1308 Rte 23,Wayne,Passaic,201063,Bardstown Collaboration Series Goose Island 1/750 mL Btl,7/14/2025,1.00,-2.00,($151.33),($41.64)
Phil Ernst,83010,Bottle King (A) Glen Rock,909 Prospect St,Glen Rock,Bergen,201055,Bardstown Origin Series Bottle-In-Bond 1/750 mL Btl,1/29/2025,1.00,6.00,$218.00,$60.91
Phil Ernst,83010,Bottle King (A) Glen Rock,909 Prospect St,Glen Rock,Bergen,201053,Green River Rye 1/750 mL,1/29/2025,1.00,6.00,$154.00,$152.91
Phil Ernst,83010,Bottle King (A) Glen Rock,909 Prospect St,Glen Rock,Bergen,201057,Bardstown Origin Series Double Barrel Rye 1/750 mL Btl,6/24/2026,1.00,6.00,$218.00,$60.91
Phil Ernst,83010,Bottle King (A) Glen Rock,909 Prospect St,Glen Rock,Bergen,201056,Bardstown Origin Series Bourbon 1/750 mL Btl,12/17/2025,1.00,6.00,$208.00,$66.91
Phil Ernst,25010,Stew Leonard's Wines & Spirits of Clifton,467 Allwood Rd,Clifton,Passaic,201058,Bardstown Origin Series High Wheat 1/750 mL Btl,8/22/2025,1.00,6.00,$226.00,$68.91
Phil Ernst,38018,THE BOTTLE SHOP,366 Essex St,Lodi,Sales,201077,Green River Honey 1/750 mL Btl,5/6/2026,1.00,6.00,$115.00,$40.91
Phil Ernst,12007,Gary's Wine & Marketplace (Wayne),1308 Rte 23,Wayne,Passaic,201067,Green River Single Barrel GSPD#2 1/750 mL,7/9/2025,1.00,3.00,$145.00,$46.96
Phil Ernst,25010,Stew Leonard's Wines & Spirits of Clifton,467 Allwood Rd,Clifton,Passaic,201077,Green River Honey 1/750 mL Btl,7/2/2026,1.00,18.00,$330.00,$107.73
Phil Ernst,80026,Stew Leonard's(A) Paramus Wine,700 Paramus Park,Paramus,Bergen,201058,Bardstown Origin Series High Wheat 1/750 mL Btl,3/13/2025,1.00,6.00,$226.00,$68.91
Phil Ernst,80005,Shop Rite Liq (Paramus),224 Rt 4 E,Paramus,Bergen,201058,Bardstown Origin Series High Wheat 1/750 mL Btl,2/7/2025,1.00,2.00,$75.33,$22.97
Phil Ernst,12007,Gary's Wine & Marketplace (Wayne),1308 Rte 23,Wayne,Passaic,201058,Bardstown Origin Series High Wheat 1/750 mL Btl,2/10/2026,1.00,6.00,$218.00,$60.91
Phil Ernst,12007,Gary's Wine & Marketplace (Wayne),1308 Rte 23,Wayne,Passaic,201054,Green River Wheated 1/750 mL,6/25/2025,1.00,6.00,$154.00,$45.91
Phil Ernst,20106,Super Wine Warehse(P)Pate,42 E 30th St,Paterson,Passaic,201058,Bardstown Origin Series High Wheat 1/750 mL Btl,1/30/2025,1.00,6.00,$218.00,$60.91
Phil Ernst,12007,Gary's Wine & Marketplace (Wayne),1308 Rte 23,Wayne,Passaic,201063,Bardstown Collaboration Series Goose Island 1/750 mL Btl,4/8/2025,1.00,1.00,$75.67,$20.82
Phil Ernst,80026,Stew Leonard's(A) Paramus Wine,700 Paramus Park,Paramus,Bergen,201057,Bardstown Origin Series Double Barrel Rye 1/750 mL Btl,4/9/2025,1.00,6.00,$218.00,$60.91
Phil Ernst,12007,Gary's Wine & Marketplace (Wayne),1308 Rte 23,Wayne,Passaic,201052,Green River Full Proof 1/750 mL,2/11/2025,1.00,6.00,$218.00,$60.91
Phil Ernst,25010,Stew Leonard's Wines & Spirits of Clifton,467 Allwood Rd,Clifton,Passaic,201063,Bardstown Collaboration Series Goose Island 1/750 mL Btl,4/17/2025,1.00,1.00,$75.67,$20.82
Phil Ernst,78008,Shop Rite Liq(A) Roch Pk,220 W Passaic St,Rochelle Park,Bergen,201052,Green River Full Proof 1/750 mL,7/20/2026,1.00,3.00,$113.00,$34.46
Phil Ernst,20106,Super Wine Warehse(P)Pate,42 E 30th St,Paterson,Passaic,201054,Green River Wheated 1/750 mL,1/22/2025,1.00,6.00,$154.00,$152.91
Phil Ernst,20106,Super Wine Warehse(P)Pate,42 E 30th St,Paterson,Passaic,201051,Green River Bourbon 1/750 mL Btl,1/22/2025,1.00,12.00,$308.00,($978.18)
Phil Ernst,12007,Gary's Wine & Marketplace (Wayne),1308 Rte 23,Wayne,Passaic,201058,Bardstown Origin Series High Wheat 1/750 mL Btl,2/11/2025,1.00,2.00,$75.33,$22.97
Phil Ernst,80005,Shop Rite Liq (Paramus),224 Rt 4 E,Paramus,Bergen,201054,Green River Wheated 1/750 mL,2/7/2025,1.00,2.00,$54.00,$17.97
Phil Ernst,25010,Stew Leonard's Wines & Spirits of Clifton,467 Allwood Rd,Clifton,Passaic,201055,Bardstown Origin Series Bottle-In-Bond 1/750 mL Btl,11/21/2025,1.00,6.00,$226.00,$68.91
Phil Ernst,80005,Shop Rite Liq (Paramus),224 Rt 4 E,Paramus,Bergen,201054,Green River Wheated 1/750 mL,1/23/2026,1.00,2.00,$53.67,$17.64
Phil Ernst,83010,Bottle King (A) Glen Rock,909 Prospect St,Glen Rock,Bergen,201056,Bardstown Origin Series Bourbon 1/750 mL Btl,2/25/2026,1.00,6.00,$208.00,$66.91
Phil Ernst,83010,Bottle King (A) Glen Rock,909 Prospect St,Glen Rock,Bergen,201057,Bardstown Origin Series Double Barrel Rye 1/750 mL Btl,2/13/2025,1.00,6.00,$218.00,$60.91
Phil Ernst,47004,Wides Deli & Liquor,81-85 Central Ave,Ridgefield Park,Bergen,201077,Green River Honey 1/750 mL Btl,5/8/2026,1.00,6.00,$115.00,$40.91
Phil Ernst,83010,Bottle King (A) Glen Rock,909 Prospect St,Glen Rock,Bergen,201074,Bardstown Discovery #13 1/750 mL Btl,9/16/2025,1.00,3.00,$307.98,$75.44
Phil Ernst,12007,Gary's Wine & Marketplace (Wayne),1308 Rte 23,Wayne,Passaic,201063,Bardstown Collaboration Series Goose Island 1/750 mL Btl,7/9/2025,1.00,2.00,$151.33,$41.64
Phil Ernst,83010,Bottle King (A) Glen Rock,909 Prospect St,Glen Rock,Bergen,201052,Green River Full Proof 1/750 mL,1/29/2025,1.00,6.00,$218.00,$216.91
Phil Ernst,83010,Bottle King (A) Glen Rock,909 Prospect St,Glen Rock,Bergen,201058,Bardstown Origin Series High Wheat 1/750 mL Btl,2/13/2025,1.00,6.00,$218.00,$60.91
Phil Ernst,78008,Shop Rite Liq(A) Roch Pk,220 W Passaic St,Rochelle Park,Bergen,201051,Green River Bourbon 1/750 mL Btl,6/25/2026,1.00,3.00,$80.50,$26.46
Phil Ernst,80026,Stew Leonard's(A) Paramus Wine,700 Paramus Park,Paramus,Bergen,201055,Bardstown Origin Series Bottle-In-Bond 1/750 mL Btl,3/13/2025,1.00,6.00,$226.00,$68.91
Phil Ernst,20106,Super Wine Warehse(P)Pate,42 E 30th St,Paterson,Passaic,201055,Bardstown Origin Series Bottle-In-Bond 1/750 mL Btl,1/22/2025,1.00,6.00,$218.00,$216.91
Phil Ernst,83010,Bottle King (A) Glen Rock,909 Prospect St,Glen Rock,Bergen,201057,Bardstown Origin Series Double Barrel Rye 1/750 mL Btl,8/6/2025,1.00,6.00,$218.00,$60.91
Phil Ernst,83010,Bottle King (A) Glen Rock,909 Prospect St,Glen Rock,Bergen,201057,Bardstown Origin Series Double Barrel Rye 1/750 mL Btl,12/30/2025,1.00,6.00,$218.00,$60.91
Phil Ernst,83010,Bottle King (A) Glen Rock,909 Prospect St,Glen Rock,Bergen,201052,Green River Full Proof 1/750 mL,3/13/2025,1.00,6.00,$226.00,$68.91
Phil Ernst,25010,Stew Leonard's Wines & Spirits of Clifton,467 Allwood Rd,Clifton,Passaic,201058,Bardstown Origin Series High Wheat 1/750 mL Btl,2/7/2025,1.00,12.00,$436.00,$121.82
Phil Ernst,83010,Bottle King (A) Glen Rock,909 Prospect St,Glen Rock,Bergen,201058,Bardstown Origin Series High Wheat 1/750 mL Btl,7/9/2025,1.00,6.00,$226.00,$68.91
Phil Ernst,12007,Gary's Wine & Marketplace (Wayne),1308 Rte 23,Wayne,Passaic,201057,Bardstown Origin Series Double Barrel Rye 1/750 mL Btl,9/3/2025,1.00,6.00,$218.00,$60.91
Phil Ernst,78008,Shop Rite Liq(A) Roch Pk,220 W Passaic St,Rochelle Park,Bergen,201063,Bardstown Collaboration Series Goose Island 1/750 mL Btl,4/17/2025,1.00,1.00,$75.67,$20.82
Phil Ernst,83001,Food Universe Marketplace,937 Lincoln Ave,Glen Rock,Bergen,201056,Bardstown Origin Series Bourbon 1/750 mL Btl,2/18/2025,1.00,8.00,$261.33,$73.21
Phil Ernst,83010,Bottle King (A) Glen Rock,909 Prospect St,Glen Rock,Bergen,201055,Bardstown Origin Series Bottle-In-Bond 1/750 mL Btl,12/4/2025,1.00,6.00,$218.00,$60.91
Phil Ernst,25010,Stew Leonard's Wines & Spirits of Clifton,467 Allwood Rd,Clifton,Passaic,201054,Green River Wheated 1/750 mL,6/19/2026,1.00,18.00,$462.00,$137.73
Phil Ernst,25010,Stew Leonard's Wines & Spirits of Clifton,467 Allwood Rd,Clifton,Passaic,201054,Green River Wheated 1/750 mL,5/7/2026,1.00,24.00,$616.00,$183.64
Phil Ernst,25010,Stew Leonard's Wines & Spirits of Clifton,467 Allwood Rd,Clifton,Passaic,201057,Bardstown Origin Series Double Barrel Rye 1/750 mL Btl,7/7/2026,1.00,6.00,$226.00,$68.91
Phil Ernst,25010,Stew Leonard's Wines & Spirits of Clifton,467 Allwood Rd,Clifton,Passaic,201055,Bardstown Origin Series Bottle-In-Bond 1/750 mL Btl,3/19/2026,1.00,6.00,$226.00,$68.91
Phil Ernst,12007,Gary's Wine & Marketplace (Wayne),1308 Rte 23,Wayne,Passaic,201059,Bardstown Discovery Series #10 1/750 mL Btl,7/9/2025,1.00,2.00,$211.33,$56.30
Phil Ernst,80005,Shop Rite Liq (Paramus),224 Rt 4 E,Paramus,Bergen,201058,Bardstown Origin Series High Wheat 1/750 mL Btl,8/21/2025,1.00,2.00,$75.33,$22.97
Phil Ernst,80005,Shop Rite Liq (Paramus),224 Rt 4 E,Paramus,Bergen,201055,Bardstown Origin Series Bottle-In-Bond 1/750 mL Btl,2/7/2025,1.00,2.00,$75.33,$22.97
Phil Ernst,80026,Stew Leonard's(A) Paramus Wine,700 Paramus Park,Paramus,Bergen,201073,Bardstown Collaboration Series Pierre Ferrand 1/750 mL Btl,9/23/2025,1.00,3.00,$307.98,$75.44
Phil Ernst,83010,Bottle King (A) Glen Rock,909 Prospect St,Glen Rock,Bergen,201056,Bardstown Origin Series Bourbon 1/750 mL Btl,6/24/2026,1.00,6.00,$196.00,$54.91
Phil Ernst,78008,Shop Rite Liq(A) Roch Pk,220 W Passaic St,Rochelle Park,Bergen,201051,Green River Bourbon 1/750 mL Btl,3/25/2026,1.00,3.00,$80.50,$26.46
Phil Ernst,83010,Bottle King (A) Glen Rock,909 Prospect St,Glen Rock,Bergen,201051,Green River Bourbon 1/750 mL Btl,3/18/2026,1.00,6.00,$154.00,$45.91
Phil Ernst,78008,Shop Rite Liq(A) Roch Pk,220 W Passaic St,Rochelle Park,Bergen,201056,Bardstown Origin Series Bourbon 1/750 mL Btl,2/7/2025,1.00,3.00,$102.00,$31.46
Phil Ernst,83010,Bottle King (A) Glen Rock,909 Prospect St,Glen Rock,Bergen,201058,Bardstown Origin Series High Wheat 1/750 mL Btl,10/21/2025,1.00,6.00,$226.00,$68.91
Phil Ernst,81014,Shop Rite Liq(A) Fair Lwn,35-07 Broadway,Fair Lawn,Bergen,201077,Green River Honey 1/750 mL Btl,5/8/2026,1.00,18.00,$330.00,$107.73
Phil Ernst,12007,Gary's Wine & Marketplace (Wayne),1308 Rte 23,Wayne,Passaic,201072,Green River Bourbon 250th Army Anniversary 1/750 mL,2/10/2026,1.00,6.00,$218.00,$60.91
Phil Ernst,83010,Bottle King (A) Glen Rock,909 Prospect St,Glen Rock,Bergen,201055,Bardstown Origin Series Bottle-In-Bond 1/750 mL Btl,6/24/2026,1.00,6.00,$218.00,$60.91
Phil Ernst,12007,Gary's Wine & Marketplace (Wayne),1308 Rte 23,Wayne,Passaic,201057,Bardstown Origin Series Double Barrel Rye 1/750 mL Btl,2/18/2025,1.00,6.00,$226.00,$68.91
Phil Ernst,80005,Shop Rite Liq (Paramus),224 Rt 4 E,Paramus,Bergen,201051,Green River Bourbon 1/750 mL Btl,2/7/2025,1.00,2.00,$54.00,$17.97
Phil Ernst,12007,Gary's Wine & Marketplace (Wayne),1308 Rte 23,Wayne,Passaic,201063,Bardstown Collaboration Series Goose Island 1/750 mL Btl,7/10/2025,1.00,2.00,$151.33,$41.64
Phil Ernst,25010,Stew Leonard's Wines & Spirits of Clifton,467 Allwood Rd,Clifton,Passaic,201055,Bardstown Origin Series Bottle-In-Bond 1/750 mL Btl,6/30/2026,1.00,6.00,$218.00,$60.91
Phil Ernst,83010,Bottle King (A) Glen Rock,909 Prospect St,Glen Rock,Bergen,201061,Bardstown Discovery Series #12 1/750 mL Btl,4/17/2025,1.00,1.00,$104.67,$27.15
Phil Ernst,83010,Bottle King (A) Glen Rock,909 Prospect St,Glen Rock,Bergen,201060,Bardstown Discovery Series #11 1/750 mL Btl,6/20/2025,1.00,1.00,$104.67,$27.15
Phil Ernst,83010,Bottle King (A) Glen Rock,909 Prospect St,Glen Rock,Bergen,201051,Green River Bourbon 1/750 mL Btl,11/5/2025,1.00,6.00,$161.00,$52.91
Phil Ernst,83010,Bottle King (A) Glen Rock,909 Prospect St,Glen Rock,Bergen,201062,Bardstown Collaboration Series Amrut 1/750 mL Btl,4/17/2025,1.00,1.00,$104.67,$27.15
Phil Ernst,83010,Bottle King (A) Glen Rock,909 Prospect St,Glen Rock,Bergen,201055,Bardstown Origin Series Bottle-In-Bond 1/750 mL Btl,8/6/2025,1.00,6.00,$218.00,$60.91
Phil Ernst,83010,Bottle King (A) Glen Rock,909 Prospect St,Glen Rock,Bergen,201051,Green River Bourbon 1/750 mL Btl,5/20/2026,1.00,6.00,$161.00,$52.91
Phil Ernst,83010,Bottle King (A) Glen Rock,909 Prospect St,Glen Rock,Bergen,201056,Bardstown Origin Series Bourbon 1/750 mL Btl,4/29/2026,1.00,6.00,$196.00,$54.91
Phil Ernst,83010,Bottle King (A) Glen Rock,909 Prospect St,Glen Rock,Bergen,201056,Bardstown Origin Series Bourbon 1/750 mL Btl,6/25/2025,1.00,6.00,$196.00,$54.91
Phil Ernst,83010,Bottle King (A) Glen Rock,909 Prospect St,Glen Rock,Bergen,201056,Bardstown Origin Series Bourbon 1/750 mL Btl,9/10/2025,1.00,6.00,$208.00,$66.91
Phil Ernst,83010,Bottle King (A) Glen Rock,909 Prospect St,Glen Rock,Bergen,201051,Green River Bourbon 1/750 mL Btl,8/28/2025,1.00,6.00,$162.00,$53.91
Phil Ernst,38018,THE BOTTLE SHOP,366 Essex St,Lodi,Sales,201076,Green River Wheated Full Proof 1/750 ml Btl,7/14/2026,1.00,3.00,$109.00,$30.46
Phil Ernst,78008,Shop Rite Liq(A) Roch Pk,220 W Passaic St,Rochelle Park,Bergen,201076,Green River Wheated Full Proof 1/750 ml Btl,6/22/2026,1.00,3.00,$113.00,$34.46
Phil Ernst,83010,Bottle King (A) Glen Rock,909 Prospect St,Glen Rock,Bergen,201062,Bardstown Collaboration Series Amrut 1/750 mL Btl,6/20/2025,1.00,2.00,$209.33,$54.30
Phil Ernst,83010,Bottle King (A) Glen Rock,909 Prospect St,Glen Rock,Bergen,201054,Green River Wheated 1/750 mL,3/26/2026,1.00,6.00,$154.00,$45.91
Phil Ernst,38018,THE BOTTLE SHOP,366 Essex St,Lodi,Sales,201054,Green River Wheated 1/750 mL,7/8/2026,1.00,3.00,$80.50,$26.46
Phil Ernst,25010,Stew Leonard's Wines & Spirits of Clifton,467 Allwood Rd,Clifton,Passaic,201077,Green River Honey 1/750 mL Btl,5/7/2026,1.00,18.00,$330.00,$107.73
Phil Ernst,12007,Gary's Wine & Marketplace (Wayne),1308 Rte 23,Wayne,Passaic,201060,Bardstown Discovery Series #11 1/750 mL Btl,7/14/2025,1.00,2.00,$211.33,$56.30
Phil Ernst,25010,Stew Leonard's Wines & Spirits of Clifton,467 Allwood Rd,Clifton,Passaic,201055,Bardstown Origin Series Bottle-In-Bond 1/750 mL Btl,1/9/2026,1.00,6.00,$226.00,$68.91
Phil Ernst,12007,Gary's Wine & Marketplace (Wayne),1308 Rte 23,Wayne,Passaic,201055,Bardstown Origin Series Bottle-In-Bond 1/750 mL Btl,2/20/2025,1.00,0.00,$0.00,$0.00
Phil Ernst,78008,Shop Rite Liq(A) Roch Pk,220 W Passaic St,Rochelle Park,Bergen,201055,Bardstown Origin Series Bottle-In-Bond 1/750 mL Btl,4/13/2026,1.00,2.00,$81.33,$28.97
Phil Ernst,83010,Bottle King (A) Glen Rock,909 Prospect St,Glen Rock,Bergen,201054,Green River Wheated 1/750 mL,1/29/2025,1.00,6.00,$154.00,$152.91
Phil Ernst,78008,Shop Rite Liq(A) Roch Pk,220 W Passaic St,Rochelle Park,Bergen,201056,Bardstown Origin Series Bourbon 1/750 mL Btl,12/19/2025,1.00,6.00,$208.00,$66.91
Phil Ernst,83010,Bottle King (A) Glen Rock,909 Prospect St,Glen Rock,Bergen,201058,Bardstown Origin Series High Wheat 1/750 mL Btl,2/25/2026,1.00,6.00,$226.00,$68.91
Phil Ernst,80026,Stew Leonard's(A) Paramus Wine,700 Paramus Park,Paramus,Bergen,201055,Bardstown Origin Series Bottle-In-Bond 1/750 mL Btl,6/26/2025,1.00,6.00,$218.00,$60.91
Phil Ernst,80026,Stew Leonard's(A) Paramus Wine,700 Paramus Park,Paramus,Bergen,201062,Bardstown Collaboration Series Amrut 1/750 mL Btl,4/17/2025,1.00,1.00,$105.67,$28.15
Phil Ernst,25010,Stew Leonard's Wines & Spirits of Clifton,467 Allwood Rd,Clifton,Passaic,201058,Bardstown Origin Series High Wheat 1/750 mL Btl,12/9/2025,1.00,6.00,$226.00,$68.91
Phil Ernst,83010,Bottle King (A) Glen Rock,909 Prospect St,Glen Rock,Bergen,201052,Green River Full Proof 1/750 mL,12/17/2025,1.00,6.00,$218.00,$60.91
Phil Ernst,83010,Bottle King (A) Glen Rock,909 Prospect St,Glen Rock,Bergen,201053,Green River Rye 1/750 mL,12/17/2025,1.00,6.00,$154.00,$45.91
Phil Ernst,12007,Gary's Wine & Marketplace (Wayne),1308 Rte 23,Wayne,Passaic,201064,Bardstown Collaboration Series Silver Oak 1/750 mL Btl,7/9/2025,1.00,1.00,$105.67,$28.15
Phil Ernst,83010,Bottle King (A) Glen Rock,909 Prospect St,Glen Rock,Bergen,201055,Bardstown Origin Series Bottle-In-Bond 1/750 mL Btl,6/5/2025,1.00,6.00,$226.00,$68.91
Phil Ernst,12007,Gary's Wine & Marketplace (Wayne),1308 Rte 23,Wayne,Passaic,201051,Green River Bourbon 1/750 mL Btl,2/10/2026,1.00,6.00,$154.00,$45.91
Phil Ernst,83010,Bottle King (A) Glen Rock,909 Prospect St,Glen Rock,Bergen,201054,Green River Wheated 1/750 mL,3/13/2025,1.00,6.00,$162.00,$53.91
Phil Ernst,80005,Shop Rite Liq (Paramus),224 Rt 4 E,Paramus,Bergen,201052,Green River Full Proof 1/750 mL,4/30/2025,1.00,3.00,$115.50,$36.96
Phil Ernst,12007,Gary's Wine & Marketplace (Wayne),1308 Rte 23,Wayne,Passaic,201056,Bardstown Origin Series Bourbon 1/750 mL Btl,9/3/2025,1.00,6.00,$196.00,$54.91
Phil Ernst,12007,Gary's Wine & Marketplace (Wayne),1308 Rte 23,Wayne,Passaic,201057,Bardstown Origin Series Double Barrel Rye 1/750 mL Btl,2/11/2025,1.00,2.00,$75.33,$22.97
Phil Ernst,12007,Gary's Wine & Marketplace (Wayne),1308 Rte 23,Wayne,Passaic,201061,Bardstown Discovery Series #12 1/750 mL Btl,9/2/2025,1.00,1.00,$105.67,$28.15
Phil Ernst,12007,Gary's Wine & Marketplace (Wayne),1308 Rte 23,Wayne,Passaic,201076,Green River Wheated Full Proof 1/750 ml Btl,3/17/2026,1.00,18.00,$654.00,$182.73
Phil Ernst,80026,Stew Leonard's(A) Paramus Wine,700 Paramus Park,Paramus,Bergen,201057,Bardstown Origin Series Double Barrel Rye 1/750 mL Btl,2/13/2025,1.00,2.00,$75.33,$22.97
Phil Ernst,12007,Gary's Wine & Marketplace (Wayne),1308 Rte 23,Wayne,Passaic,201055,Bardstown Origin Series Bottle-In-Bond 1/750 mL Btl,2/11/2025,1.00,2.00,$75.33,$22.97
Phil Ernst,12007,Gary's Wine & Marketplace (Wayne),1308 Rte 23,Wayne,Passaic,201051,Green River Bourbon 1/750 mL Btl,6/5/2025,1.00,6.00,$154.00,$45.91
Phil Ernst,80026,Stew Leonard's(A) Paramus Wine,700 Paramus Park,Paramus,Bergen,201056,Bardstown Origin Series Bourbon 1/750 mL Btl,6/26/2025,1.00,6.00,$196.00,$54.91
Phil Ernst,80026,Stew Leonard's(A) Paramus Wine,700 Paramus Park,Paramus,Bergen,201056,Bardstown Origin Series Bourbon 1/750 mL Btl,4/16/2026,1.00,6.00,$196.00,$54.91
Phil Ernst,25010,Stew Leonard's Wines & Spirits of Clifton,467 Allwood Rd,Clifton,Passaic,201056,Bardstown Origin Series Bourbon 1/750 mL Btl,8/22/2025,1.00,6.00,$208.00,$66.91
Phil Ernst,80026,Stew Leonard's(A) Paramus Wine,700 Paramus Park,Paramus,Bergen,201057,Bardstown Origin Series Double Barrel Rye 1/750 mL Btl,12/18/2025,1.00,6.00,$226.00,$68.91
Phil Ernst,80026,Stew Leonard's(A) Paramus Wine,700 Paramus Park,Paramus,Bergen,201055,Bardstown Origin Series Bottle-In-Bond 1/750 mL Btl,2/13/2025,1.00,2.00,$75.33,$22.97
Phil Ernst,25010,Stew Leonard's Wines & Spirits of Clifton,467 Allwood Rd,Clifton,Passaic,201072,Green River Bourbon 250th Army Anniversary 1/750 mL,7/31/2025,1.00,6.00,$218.00,$60.91
Phil Ernst,80005,Shop Rite Liq (Paramus),224 Rt 4 E,Paramus,Bergen,201056,Bardstown Origin Series Bourbon 1/750 mL Btl,8/21/2025,1.00,1.00,$34.67,$11.15
Phil Ernst,83010,Bottle King (A) Glen Rock,909 Prospect St,Glen Rock,Bergen,201056,Bardstown Origin Series Bourbon 1/750 mL Btl,10/15/2025,1.00,6.00,$208.00,$66.91
Phil Ernst,83010,Bottle King (A) Glen Rock,909 Prospect St,Glen Rock,Bergen,201056,Bardstown Origin Series Bourbon 1/750 mL Btl,12/4/2025,1.00,6.00,$196.00,$54.91
Phil Ernst,80026,Stew Leonard's(A) Paramus Wine,700 Paramus Park,Paramus,Bergen,201058,Bardstown Origin Series High Wheat 1/750 mL Btl,12/11/2025,1.00,6.00,$226.00,$68.91
Phil Ernst,12007,Gary's Wine & Marketplace (Wayne),1308 Rte 23,Wayne,Passaic,201062,Bardstown Collaboration Series Amrut 1/750 mL Btl,4/8/2025,1.00,2.00,$211.33,$56.30
Phil Ernst,78008,Shop Rite Liq(A) Roch Pk,220 W Passaic St,Rochelle Park,Bergen,201051,Green River Bourbon 1/750 mL Btl,4/13/2026,1.00,4.00,$107.33,$35.27
Phil Ernst,83010,Bottle King (A) Glen Rock,909 Prospect St,Glen Rock,Bergen,201058,Bardstown Origin Series High Wheat 1/750 mL Btl,1/29/2025,1.00,6.00,$218.00,$60.91
Phil Ernst,80026,Stew Leonard's(A) Paramus Wine,700 Paramus Park,Paramus,Bergen,201055,Bardstown Origin Series Bottle-In-Bond 1/750 mL Btl,12/23/2025,1.00,6.00,$226.00,$68.91
Phil Ernst,78008,Shop Rite Liq(A) Roch Pk,220 W Passaic St,Rochelle Park,Bergen,201051,Green River Bourbon 1/750 mL Btl,12/19/2025,1.00,3.00,$80.50,$26.46
Phil Ernst,29004,Shop-Rite Liq Lyndhurst,542 New York Ave,Lyndhurst,Bergen,201052,Green River Full Proof 1/750 mL,9/16/2025,1.00,4.00,$150.67,$45.94
Phil Ernst,80026,Stew Leonard's(A) Paramus Wine,700 Paramus Park,Paramus,Bergen,201064,Bardstown Collaboration Series Silver Oak 1/750 mL Btl,4/17/2025,1.00,1.00,$105.67,$28.15
Phil Ernst,83010,Bottle King (A) Glen Rock,909 Prospect St,Glen Rock,Bergen,201055,Bardstown Origin Series Bottle-In-Bond 1/750 mL Btl,12/30/2025,1.00,6.00,$218.00,$60.91
Phil Ernst,83010,Bottle King (A) Glen Rock,909 Prospect St,Glen Rock,Bergen,201051,Green River Bourbon 1/750 mL Btl,12/17/2025,1.00,6.00,$154.00,$45.91
Phil Ernst,83010,Bottle King (A) Glen Rock,909 Prospect St,Glen Rock,Bergen,201051,Green River Bourbon 1/750 mL Btl,12/30/2025,1.00,6.00,$161.00,$52.91
Phil Ernst,80026,Stew Leonard's(A) Paramus Wine,700 Paramus Park,Paramus,Bergen,201054,Green River Wheated 1/750 mL,4/16/2026,1.00,18.00,$426.00,$101.73
Phil Ernst,80026,Stew Leonard's(A) Paramus Wine,700 Paramus Park,Paramus,Bergen,201056,Bardstown Origin Series Bourbon 1/750 mL Btl,4/9/2026,1.00,24.00,$784.00,$219.64
Phil Ernst,20106,Super Wine Warehse(P)Pate,42 E 30th St,Paterson,Passaic,201058,Bardstown Origin Series High Wheat 1/750 mL Btl,9/11/2025,1.00,6.00,$226.00,$68.91
Phil Ernst,25010,Stew Leonard's Wines & Spirits of Clifton,467 Allwood Rd,Clifton,Passaic,201055,Bardstown Origin Series Bottle-In-Bond 1/750 mL Btl,2/7/2025,1.00,6.00,$218.00,$60.91
Phil Ernst,83010,Bottle King (A) Glen Rock,909 Prospect St,Glen Rock,Bergen,201051,Green River Bourbon 1/750 mL Btl,7/16/2025,1.00,6.00,$162.00,$53.91
Phil Ernst,80005,Shop Rite Liq (Paramus),224 Rt 4 E,Paramus,Bergen,201052,Green River Full Proof 1/750 mL,2/7/2025,1.00,2.00,$75.33,$22.97
Phil Ernst,12007,Gary's Wine & Marketplace (Wayne),1308 Rte 23,Wayne,Passaic,201074,Bardstown Discovery #13 1/750 mL Btl,9/24/2025,1.00,6.00,$615.96,$150.87
Phil Ernst,46019,Palisades Wine And Liquor,534 Bergen Blvd,Palisades Park,Bergen,201077,Green River Honey 1/750 mL Btl,5/27/2026,1.00,6.00,$115.00,$40.91
Phil Ernst,83001,Food Universe Marketplace,937 Lincoln Ave,Glen Rock,Bergen,201077,Green River Honey 1/750 mL Btl,5/6/2026,1.00,12.00,$220.00,$71.82
Phil Ernst,83010,Bottle King (A) Glen Rock,909 Prospect St,Glen Rock,Bergen,201051,Green River Bourbon 1/750 mL Btl,5/6/2026,1.00,6.00,$154.00,$45.91
Phil Ernst,83010,Bottle King (A) Glen Rock,909 Prospect St,Glen Rock,Bergen,201054,Green River Wheated 1/750 mL,12/4/2025,1.00,6.00,$161.00,$52.91
Phil Ernst,12007,Gary's Wine & Marketplace (Wayne),1308 Rte 23,Wayne,Passaic,201056,Bardstown Origin Series Bourbon 1/750 mL Btl,4/4/2025,1.00,6.00,$196.00,$54.91
Phil Ernst,80005,Shop Rite Liq (Paramus),224 Rt 4 E,Paramus,Bergen,201058,Bardstown Origin Series High Wheat 1/750 mL Btl,4/28/2025,1.00,1.00,$38.33,$12.15
Phil Ernst,83010,Bottle King (A) Glen Rock,909 Prospect St,Glen Rock,Bergen,201058,Bardstown Origin Series High Wheat 1/750 mL Btl,4/29/2026,1.00,6.00,$218.00,$60.91
Phil Ernst,83010,Bottle King (A) Glen Rock,909 Prospect St,Glen Rock,Bergen,201052,Green River Full Proof 1/750 mL,5/6/2026,1.00,6.00,$218.00,$60.91
Phil Ernst,12007,Gary's Wine & Marketplace (Wayne),1308 Rte 23,Wayne,Passaic,201056,Bardstown Origin Series Bourbon 1/750 mL Btl,2/18/2025,1.00,6.00,$204.00,$62.91
Phil Ernst,83001,Food Universe Marketplace,937 Lincoln Ave,Glen Rock,Bergen,201058,Bardstown Origin Series High Wheat 1/750 mL Btl,4/8/2026,1.00,6.00,$226.00,$68.91
Phil Ernst,83010,Bottle King (A) Glen Rock,909 Prospect St,Glen Rock,Bergen,201058,Bardstown Origin Series High Wheat 1/750 mL Btl,4/3/2025,1.00,6.00,$226.00,$68.91
Phil Ernst,83010,Bottle King (A) Glen Rock,909 Prospect St,Glen Rock,Bergen,201074,Bardstown Discovery #13 1/750 mL Btl,11/20/2025,1.00,3.00,$325.98,$93.44
Phil Ernst,12007,Gary's Wine & Marketplace (Wayne),1308 Rte 23,Wayne,Passaic,201051,Green River Bourbon 1/750 mL Btl,2/11/2025,1.00,6.00,$154.00,$45.91
Phil Ernst,78008,Shop Rite Liq(A) Roch Pk,220 W Passaic St,Rochelle Park,Bergen,201052,Green River Full Proof 1/750 mL,6/25/2026,1.00,-3.00,($113.00),($34.46)
Phil Ernst,83010,Bottle King (A) Glen Rock,909 Prospect St,Glen Rock,Bergen,201051,Green River Bourbon 1/750 mL Btl,4/16/2025,1.00,6.00,$162.00,$53.91
Phil Ernst,80026,Stew Leonard's(A) Paramus Wine,700 Paramus Park,Paramus,Bergen,201057,Bardstown Origin Series Double Barrel Rye 1/750 mL Btl,12/11/2025,1.00,6.00,$226.00,$68.91
Phil Ernst,83001,Food Universe Marketplace,937 Lincoln Ave,Glen Rock,Bergen,201058,Bardstown Origin Series High Wheat 1/750 mL Btl,2/18/2025,1.00,8.00,$290.67,$81.21
Phil Ernst,25010,Stew Leonard's Wines & Spirits of Clifton,467 Allwood Rd,Clifton,Passaic,201073,Bardstown Collaboration Series Pierre Ferrand 1/750 mL Btl,9/23/2025,1.00,3.00,$307.98,$75.44
Phil Ernst,83010,Bottle King (A) Glen Rock,909 Prospect St,Glen Rock,Bergen,201058,Bardstown Origin Series High Wheat 1/750 mL Btl,12/30/2025,1.00,6.00,$218.00,$60.91
Phil Ernst,12007,Gary's Wine & Marketplace (Wayne),1308 Rte 23,Wayne,Passaic,201055,Bardstown Origin Series Bottle-In-Bond 1/750 mL Btl,6/25/2025,1.00,6.00,$218.00,$60.91
Phil Ernst,83001,Food Universe Marketplace,937 Lincoln Ave,Glen Rock,Bergen,201077,Green River Honey 1/750 mL Btl,5/8/2026,1.00,6.00,$110.00,$35.91
Phil Ernst,80041,PRIME WINE CELLAR Liquor & Beer,396 Rt 17 North,Paramus,Sales,201054,Green River Wheated 1/750 mL,5/27/2026,1.00,6.00,$161.00,$52.91
Phil Ernst,83010,Bottle King (A) Glen Rock,909 Prospect St,Glen Rock,Bergen,201057,Bardstown Origin Series Double Barrel Rye 1/750 mL Btl,5/28/2025,1.00,6.00,$226.00,$68.91
Phil Ernst,80026,Stew Leonard's(A) Paramus Wine,700 Paramus Park,Paramus,Bergen,201063,Bardstown Collaboration Series Goose Island 1/750 mL Btl,4/17/2025,1.00,1.00,$75.67,$20.82
Phil Ernst,83010,Bottle King (A) Glen Rock,909 Prospect St,Glen Rock,Bergen,201055,Bardstown Origin Series Bottle-In-Bond 1/750 mL Btl,3/13/2025,1.00,6.00,$226.00,$68.91
Phil Ernst,12007,Gary's Wine & Marketplace (Wayne),1308 Rte 23,Wayne,Passaic,201054,Green River Wheated 1/750 mL,6/5/2025,1.00,6.00,$154.00,$45.91
Phil Ernst,12007,Gary's Wine & Marketplace (Wayne),1308 Rte 23,Wayne,Passaic,201051,Green River Bourbon 1/750 mL Btl,9/3/2025,1.00,12.00,$304.00,$87.82
Phil Ernst,25010,Stew Leonard's Wines & Spirits of Clifton,467 Allwood Rd,Clifton,Passaic,201056,Bardstown Origin Series Bourbon 1/750 mL Btl,2/7/2025,1.00,6.00,$196.00,$54.91
Phil Ernst,80005,Shop Rite Liq (Paramus),224 Rt 4 E,Paramus,Bergen,201064,Bardstown Collaboration Series Silver Oak 1/750 mL Btl,4/17/2025,1.00,1.00,$105.67,$28.15
Phil Ernst,83010,Bottle King (A) Glen Rock,909 Prospect St,Glen Rock,Bergen,201054,Green River Wheated 1/750 mL,1/22/2026,1.00,6.00,$161.00,$52.91
Phil Ernst,83010,Bottle King (A) Glen Rock,909 Prospect St,Glen Rock,Bergen,201053,Green River Rye 1/750 mL,4/16/2025,1.00,6.00,$162.00,$53.91
Phil Ernst,80005,Shop Rite Liq (Paramus),224 Rt 4 E,Paramus,Bergen,201055,Bardstown Origin Series Bottle-In-Bond 1/750 mL Btl,4/28/2025,1.00,1.00,$38.33,$12.15
Phil Ernst,80005,Shop Rite Liq (Paramus),224 Rt 4 E,Paramus,Bergen,201056,Bardstown Origin Series Bourbon 1/750 mL Btl,4/28/2025,1.00,1.00,$34.50,$10.99
Robin Feldman,190919,Amer Lgn Of Wharton 91,99 N Main St,Wharton,Morris 1,201051,Green River Bourbon 1/750 mL Btl,3/26/2026,1.00,1.00,$26.83,$9.00
Robin Feldman,15079,American Lgn Totowa,180 Union Blvd,Totowa,Passaic,201072,Green River Bourbon 250th Army Anniversary 1/750 mL,7/11/2025,1.00,2.00,$77.33,$25.33
Robin Feldman,47014,K Of C 2229 (Z),106 Bergen Ave,Ridgefield Park,Bergen,201051,Green River Bourbon 1/750 mL Btl,3/12/2025,1.00,2.00,$54.67,$18.64
Robin Feldman,12023,The Village Inn,422 Runnymede Drive,Wayne,Passaic,201073,Bardstown Collaboration Series Pierre Ferrand 1/750 mL Btl,7/14/2026,1.00,1.00,$108.66,$31.15
Robin Feldman,12023,The Village Inn,422 Runnymede Drive,Wayne,Passaic,201058,Bardstown Origin Series High Wheat 1/750 mL Btl,6/17/2025,1.00,1.00,$38.33,$12.15
Robin Feldman,15079,American Lgn Totowa,180 Union Blvd,Totowa,Passaic,201072,Green River Bourbon 250th Army Anniversary 1/750 mL,9/3/2025,1.00,2.00,$77.33,$25.33
Robin Feldman,12023,The Village Inn,422 Runnymede Drive,Wayne,Passaic,201055,Bardstown Origin Series Bottle-In-Bond 1/750 mL Btl,5/28/2025,1.00,1.00,$38.67,$12.49
Robin Feldman,12023,The Village Inn,422 Runnymede Drive,Wayne,Passaic,201065,Green River 1/1 L Btl,12/17/2025,1.00,12.00,$198.00,$63.55
Robin Feldman,78010,American Lgn Rochelle Pk,33 W Passaic St,Rochelle Park,Bergen,201052,Green River Full Proof 1/750 mL,1/22/2025,1.00,1.00,$37.67,$37.67
Robin Feldman,9001,Pompton Queen (P),710 NJ-23,Pompton Plains,Morris 3,201077,Green River Honey 1/750 mL Btl,5/13/2026,1.00,1.00,$20.00,$7.65
Robin Feldman,12047,American Lgn 174 Wayne,55 Mountain View Blvd,Wayne,Passaic,201072,Green River Bourbon 250th Army Anniversary 1/750 mL,10/28/2025,1.00,4.00,$154.67,$50.67
Robin Feldman,50036,Moose Lodge 961 (Z),201 W Englewood Av Bx 717,Teaneck,Bergen,201052,Green River Full Proof 1/750 mL,1/22/2025,1.00,2.00,$75.33,$74.97
Robin Feldman,192156,Hapgoods Restaurant,44 Midvale Rd,Mountain Lakes,Morris 1,201051,Green River Bourbon 1/750 mL Btl,8/28/2025,1.00,1.00,$29.33,$11.32
Robin Feldman,1030,Elks Post 2236 (P),1860 Union Valley Road,West Milford,Passaic-FF,201051,Green River Bourbon 1/750 mL Btl,1/23/2025,1.00,1.00,$27.33,($79.85)
Robin Feldman,190919,Amer Lgn Of Wharton 91,99 N Main St,Wharton,Morris 1,201058,Bardstown Origin Series High Wheat 1/750 mL Btl,3/3/2025,1.00,1.00,$38.33,$12.33
Robin Feldman,12023,The Village Inn,422 Runnymede Drive,Wayne,Passaic,201061,Bardstown Discovery Series #12 1/750 mL Btl,8/13/2025,1.00,1.00,$105.67,$28.15
Robin Feldman,192156,Hapgoods Restaurant,44 Midvale Rd,Mountain Lakes,Morris 1,201052,Green River Full Proof 1/750 mL,8/28/2025,1.00,1.00,$40.67,$14.49
Robin Feldman,12023,The Village Inn,422 Runnymede Drive,Wayne,Passaic,201072,Green River Bourbon 250th Army Anniversary 1/750 mL,7/9/2025,1.00,3.00,$115.50,$36.96
Robin Feldman,47014,K Of C 2229 (Z),106 Bergen Ave,Ridgefield Park,Bergen,201056,Bardstown Origin Series Bourbon 1/750 mL Btl,3/12/2025,1.00,2.00,$69.33,$22.30
Robin Feldman,12023,The Village Inn,422 Runnymede Drive,Wayne,Passaic,201055,Bardstown Origin Series Bottle-In-Bond 1/750 mL Btl,3/20/2025,1.00,1.00,$38.67,$12.49
Robin Feldman,190919,Amer Lgn Of Wharton 91,99 N Main St,Wharton,Morris 1,201057,Bardstown Origin Series Double Barrel Rye 1/750 mL Btl,3/3/2025,1.00,1.00,$38.33,$12.33
Robin Feldman,42009,Nikki's Bar & Grill,213 Washington Ave,Little Ferry,Bergen,201051,Green River Bourbon 1/750 mL Btl,6/13/2025,1.00,1.00,$27.33,$9.32
Robin Feldman,12067,Hilton Garden Inn wayne,15 Nevins Rd,Wayne,Passaic,201052,Green River Full Proof 1/750 mL,1/22/2025,1.00,2.00,$74.00,$73.64
Robin Feldman,43035,S & A Society (Z),270 Walker St,Fairview,Bergen,201056,Bardstown Origin Series Bourbon 1/750 mL Btl,1/31/2025,1.00,1.00,$34.67,$11.15
Robin Feldman,191406,Courtyard Marriott Mt Arl,15 Howard Blvd,Mt Arlington,Morris 1,201054,Green River Wheated 1/750 mL,4/2/2026,1.00,6.00,$161.00,$52.91
Robin Feldman,51011,American Lgn Teaneck (Z),650 American Legion Dr,Teaneck,Bergen,201051,Green River Bourbon 1/750 mL Btl,7/22/2025,1.00,-6.00,($162.00),($55.00)
Robin Feldman,190919,Amer Lgn Of Wharton 91,99 N Main St,Wharton,Morris 1,201051,Green River Bourbon 1/750 mL Btl,10/28/2025,1.00,1.00,$27.00,$9.17
Robin Feldman,32020,Il Villaggio Rest,651 Rt 17 N,Carlstadt,Bergen,201055,Bardstown Origin Series Bottle-In-Bond 1/750 mL Btl,2/4/2025,1.00,1.00,$38.67,$12.49
Robin Feldman,12023,The Village Inn,422 Runnymede Drive,Wayne,Passaic,201065,Green River 1/1 L Btl,5/27/2026,1.00,12.00,$198.00,($23.45)
Robin Feldman,12047,American Lgn 174 Wayne,55 Mountain View Blvd,Wayne,Passaic,201072,Green River Bourbon 250th Army Anniversary 1/750 mL,10/21/2025,1.00,4.00,$154.67,$50.67
Robin Feldman,15079,American Lgn Totowa,180 Union Blvd,Totowa,Passaic,201072,Green River Bourbon 250th Army Anniversary 1/750 mL,6/3/2026,1.00,2.00,$77.33,$23.15
Robin Feldman,12023,The Village Inn,422 Runnymede Drive,Wayne,Passaic,201056,Bardstown Origin Series Bourbon 1/750 mL Btl,5/28/2025,1.00,1.00,$34.67,$11.15
Robin Feldman,9001,Pompton Queen (P),710 NJ-23,Pompton Plains,Morris 3,201056,Bardstown Origin Series Bourbon 1/750 mL Btl,1/30/2025,1.00,1.00,$34.67,$11.15
Robin Feldman,12023,The Village Inn,422 Runnymede Drive,Wayne,Passaic,201051,Green River Bourbon 1/750 mL Btl,1/22/2025,1.00,1.00,$27.00,($80.18)
Robin Feldman,15079,American Lgn Totowa,180 Union Blvd,Totowa,Passaic,201072,Green River Bourbon 250th Army Anniversary 1/750 mL,7/3/2026,1.00,3.00,$116.00,$34.73
Robin Feldman,12023,The Village Inn,422 Runnymede Drive,Wayne,Passaic,201055,Bardstown Origin Series Bottle-In-Bond 1/750 mL Btl,1/22/2025,1.00,1.00,$37.67,$37.49
Robin Feldman,4011,Bloomingdale Fire Dept,97 Hamburg Tpke,Bloomingdale,Passaic,201055,Bardstown Origin Series Bottle-In-Bond 1/750 mL Btl,11/20/2025,1.00,2.00,$81.33,$28.97
Robin Feldman,37010,Vfw Outwater (Z) Lane,340 Outwater Lane,Garfield,Bergen,201056,Bardstown Origin Series Bourbon 1/750 mL Btl,6/18/2025,1.00,1.00,$34.67,$11.33
Robin Feldman,12023,The Village Inn,422 Runnymede Drive,Wayne,Passaic,201056,Bardstown Origin Series Bourbon 1/750 mL Btl,5/15/2025,1.00,2.00,$69.33,$22.30
Robin Feldman,5009,K Of C Pequannock Valley,65 Hamburg Turnpike,Butler,Morris 3,201056,Bardstown Origin Series Bourbon 1/750 mL Btl,1/30/2025,1.00,1.00,$34.67,$11.15
Robin Feldman,12023,The Village Inn,422 Runnymede Drive,Wayne,Passaic,201057,Bardstown Origin Series Double Barrel Rye 1/750 mL Btl,1/24/2025,1.00,1.00,$38.33,$38.15
Robin Feldman,12047,American Lgn 174 Wayne,55 Mountain View Blvd,Wayne,Passaic,201051,Green River Bourbon 1/750 mL Btl,1/28/2025,1.00,2.00,$54.67,($159.33)
Robin Feldman,42009,Nikki's Bar & Grill,213 Washington Ave,Little Ferry,Bergen,201056,Bardstown Origin Series Bourbon 1/750 mL Btl,6/13/2025,1.00,1.00,$34.67,$11.15
Robin Feldman,12023,The Village Inn,422 Runnymede Drive,Wayne,Passaic,201055,Bardstown Origin Series Bottle-In-Bond 1/750 mL Btl,6/17/2025,1.00,2.00,$76.67,$24.30
Robin Feldman,231314,Elks Lodge 2288,152 Compton Rd,Sussex,Sussex,201056,Bardstown Origin Series Bourbon 1/750 mL Btl,3/11/2025,1.00,1.00,$34.67,$11.15
Robin Feldman,12023,The Village Inn,422 Runnymede Drive,Wayne,Passaic,201058,Bardstown Origin Series High Wheat 1/750 mL Btl,1/24/2025,1.00,1.00,$38.33,$12.15
Robin Feldman,12006,Novelli (P),2410 Hamburg Turnpike,Wayne,Passaic,201056,Bardstown Origin Series Bourbon 1/750 mL Btl,1/31/2025,1.00,4.00,$138.00,$43.94
Robin Feldman,12023,The Village Inn,422 Runnymede Drive,Wayne,Passaic,201065,Green River 1/1 L Btl,1/28/2026,1.00,12.00,$198.00,$63.55
Robin Feldman,51011,American Lgn Teaneck (Z),650 American Legion Dr,Teaneck,Bergen,201072,Green River Bourbon 250th Army Anniversary 1/750 mL,7/22/2025,1.00,6.00,$218.00,$62.00
Robin Feldman,191406,Courtyard Marriott Mt Arl,15 Howard Blvd,Mt Arlington,Morris 1,201058,Bardstown Origin Series High Wheat 1/750 mL Btl,9/25/2025,1.00,6.00,$226.00,$68.91
Robin Feldman,4011,Bloomingdale Fire Dept,97 Hamburg Tpke,Bloomingdale,Passaic,201055,Bardstown Origin Series Bottle-In-Bond 1/750 mL Btl,10/7/2025,1.00,1.00,$40.67,$14.49
Robin Feldman,43035,S & A Society (Z),270 Walker St,Fairview,Bergen,201056,Bardstown Origin Series Bourbon 1/750 mL Btl,4/20/2026,1.00,2.00,$73.33,$26.30
Robin Feldman,9001,Pompton Queen (P),710 NJ-23,Pompton Plains,Morris 3,201056,Bardstown Origin Series Bourbon 1/750 mL Btl,7/3/2025,1.00,1.00,$34.67,$11.15
Robin Feldman,12023,The Village Inn,422 Runnymede Drive,Wayne,Passaic,201065,Green River 1/1 L Btl,3/11/2026,1.00,24.00,$396.00,$127.09
Robin Feldman,191301,Lake Hopatcong Yacht Club,75 N Bertrand Rd,Mt Arlington,Morris 1,201056,Bardstown Origin Series Bourbon 1/750 mL Btl,9/17/2025,1.00,2.00,$73.33,$26.30
Robin Feldman,15079,American Lgn Totowa,180 Union Blvd,Totowa,Passaic,201072,Green River Bourbon 250th Army Anniversary 1/750 mL,10/21/2025,1.00,2.00,$77.33,$25.33
Robin Feldman,12023,The Village Inn,422 Runnymede Drive,Wayne,Passaic,201056,Bardstown Origin Series Bourbon 1/750 mL Btl,1/24/2025,1.00,1.00,$34.50,$34.32
Robin Feldman,51011,American Lgn Teaneck (Z),650 American Legion Dr,Teaneck,Bergen,201051,Green River Bourbon 1/750 mL Btl,6/26/2025,1.00,6.00,$162.00,$55.00
Robin Feldman,78010,American Lgn Rochelle Pk,33 W Passaic St,Rochelle Park,Bergen,201051,Green River Bourbon 1/750 mL Btl,1/22/2025,1.00,1.00,$27.00,($80.00)
Robin Feldman,192156,Hapgoods Restaurant,44 Midvale Rd,Mountain Lakes,Morris 1,201055,Bardstown Origin Series Bottle-In-Bond 1/750 mL Btl,8/28/2025,1.00,1.00,$40.67,$14.49
Robin Feldman,78010,American Lgn Rochelle Pk,33 W Passaic St,Rochelle Park,Bergen,201072,Green River Bourbon 250th Army Anniversary 1/750 mL,9/10/2025,1.00,1.00,$38.67,$12.67
Robin Feldman,12023,The Village Inn,422 Runnymede Drive,Wayne,Passaic,201055,Bardstown Origin Series Bottle-In-Bond 1/750 mL Btl,1/24/2025,1.00,1.00,$38.33,$38.15
Robin Feldman,4011,Bloomingdale Fire Dept,97 Hamburg Tpke,Bloomingdale,Passaic,201058,Bardstown Origin Series High Wheat 1/750 mL Btl,10/7/2025,1.00,1.00,$40.67,$14.49
Robin Feldman,12023,The Village Inn,422 Runnymede Drive,Wayne,Passaic,201055,Bardstown Origin Series Bottle-In-Bond 1/750 mL Btl,5/14/2025,1.00,2.00,$77.33,$24.97
Robin Feldman,42007,Vfw 809 (P),100 Main St,Little Ferry,Bergen,201055,Bardstown Origin Series Bottle-In-Bond 1/750 mL Btl,1/31/2025,1.00,1.00,$38.67,$12.67
Robin Feldman,12023,The Village Inn,422 Runnymede Drive,Wayne,Passaic,201063,Bardstown Collaboration Series Goose Island 1/750 mL Btl,8/13/2025,1.00,1.00,$75.67,$20.82
Robin Feldman,12023,The Village Inn,422 Runnymede Drive,Wayne,Passaic,201077,Green River Honey 1/750 mL Btl,5/13/2026,1.00,1.00,$20.00,$7.65
Robin Feldman,86005,K Of C (Z) Washing. Twsp,79 Pascack Rd,Washington Twsp,Bergen,201055,Bardstown Origin Series Bottle-In-Bond 1/750 mL Btl,1/29/2025,1.00,2.00,$77.33,$24.97
Robin Feldman,190919,Amer Lgn Of Wharton 91,99 N Main St,Wharton,Morris 1,201056,Bardstown Origin Series Bourbon 1/750 mL Btl,2/14/2025,1.00,1.00,$34.67,$11.33
Robin Feldman,29044,American Lgn Lyndhurst #139,217 Webster Ave,Lyndhurst,Bergen,201056,Bardstown Origin Series Bourbon 1/750 mL Btl,3/13/2026,1.00,1.00,$36.67,$13.15
Robin Feldman,12023,The Village Inn,422 Runnymede Drive,Wayne,Passaic,201062,Bardstown Collaboration Series Amrut 1/750 mL Btl,8/13/2025,1.00,1.00,$105.67,$28.15
Robin Feldman,12023,The Village Inn,422 Runnymede Drive,Wayne,Passaic,201074,Bardstown Discovery #13 1/750 mL Btl,7/14/2026,1.00,1.00,$108.66,$31.15
Robin Feldman,12023,The Village Inn,422 Runnymede Drive,Wayne,Passaic,201055,Bardstown Origin Series Bottle-In-Bond 1/750 mL Btl,10/1/2025,1.00,1.00,$40.67,$14.49
Robin Feldman,12023,The Village Inn,422 Runnymede Drive,Wayne,Passaic,201060,Bardstown Discovery Series #11 1/750 mL Btl,8/13/2025,1.00,1.00,$105.67,$28.15
Robin Feldman,12023,The Village Inn,422 Runnymede Drive,Wayne,Passaic,201065,Green River 1/1 L Btl,9/17/2025,1.00,24.00,$396.00,$127.09
Robin Feldman,12023,The Village Inn,422 Runnymede Drive,Wayne,Passaic,201058,Bardstown Origin Series High Wheat 1/750 mL Btl,10/1/2025,1.00,1.00,$40.67,$14.49
Robin Feldman,12023,The Village Inn,422 Runnymede Drive,Wayne,Passaic,201055,Bardstown Origin Series Bottle-In-Bond 1/750 mL Btl,8/12/2025,1.00,1.00,$40.67,$14.49
Robin Feldman,190919,Amer Lgn Of Wharton 91,99 N Main St,Wharton,Morris 1,201052,Green River Full Proof 1/750 mL,2/14/2025,1.00,1.00,$38.67,$12.67
Robin Feldman,9001,Pompton Queen (P),710 NJ-23,Pompton Plains,Morris 3,201056,Bardstown Origin Series Bourbon 1/750 mL Btl,1/15/2026,1.00,1.00,$36.67,$13.15
Robin Feldman,2010,Skyline Lakes Prop Owners,103 Skyline Lakes Dr,Ringwood,Passaic-FF,201056,Bardstown Origin Series Bourbon 1/750 mL Btl,6/25/2026,1.00,1.00,$36.67,$13.15
Robin Feldman,12023,The Village Inn,422 Runnymede Drive,Wayne,Passaic,201055,Bardstown Origin Series Bottle-In-Bond 1/750 mL Btl,4/30/2025,1.00,1.00,$38.67,$12.49
Robin Feldman,12023,The Village Inn,422 Runnymede Drive,Wayne,Passaic,201052,Green River Full Proof 1/750 mL,1/22/2025,1.00,1.00,$37.67,$37.49
Robin Feldman,15079,American Lgn Totowa,180 Union Blvd,Totowa,Passaic,201072,Green River Bourbon 250th Army Anniversary 1/750 mL,10/2/2025,1.00,2.00,$77.33,$25.33
Robin Feldman,23012,Moose Lodge (Z),1268 Main Ave,Clifton,Passaic,201055,Bardstown Origin Series Bottle-In-Bond 1/750 mL Btl,3/24/2026,1.00,1.00,$40.67,$14.49
Robin Feldman,191406,Courtyard Marriott Mt Arl,15 Howard Blvd,Mt Arlington,Morris 1,201076,Green River Wheated Full Proof 1/750 ml Btl,4/23/2026,1.00,6.00,$226.00,$68.91
Robin Feldman,42009,Nikki's Bar & Grill,213 Washington Ave,Little Ferry,Bergen,201051,Green River Bourbon 1/750 mL Btl,1/24/2025,1.00,1.00,$27.33,($79.85)
Robin Feldman,43035,S & A Society (Z),270 Walker St,Fairview,Bergen,201056,Bardstown Origin Series Bourbon 1/750 mL Btl,10/27/2025,1.00,6.00,$208.00,$66.91
Robin Feldman,47014,K Of C 2229 (Z),106 Bergen Ave,Ridgefield Park,Bergen,201051,Green River Bourbon 1/750 mL Btl,1/21/2026,1.00,1.00,$26.83,$8.82
Robin Feldman,191406,Courtyard Marriott Mt Arl,15 Howard Blvd,Mt Arlington,Morris 1,201076,Green River Wheated Full Proof 1/750 ml Btl,4/16/2026,1.00,1.00,$37.67,$11.49
Robin Feldman,34016,Vfw Hasbrouck (A),513 Veterans Pl,Hasbrouck Heights,Bergen,201051,Green River Bourbon 1/750 mL Btl,1/24/2025,1.00,1.00,$27.33,($79.67)
Robin Feldman,191406,Courtyard Marriott Mt Arl,15 Howard Blvd,Mt Arlington,Morris 1,201058,Bardstown Origin Series High Wheat 1/750 mL Btl,9/11/2025,1.00,1.00,$40.67,$14.49
Robin Feldman,191406,Courtyard Marriott Mt Arl,15 Howard Blvd,Mt Arlington,Morris 1,201074,Bardstown Discovery #13 1/750 mL Btl,9/25/2025,1.00,1.00,$102.66,$25.15
Robin Feldman,12047,American Lgn 174 Wayne,55 Mountain View Blvd,Wayne,Passaic,201072,Green River Bourbon 250th Army Anniversary 1/750 mL,3/31/2026,1.00,3.00,$116.00,$38.00
Robin Feldman,191306,Shore Hills Country Club,Vail Rd And Morse Pl,Landing,Morris 1,201056,Bardstown Origin Series Bourbon 1/750 mL Btl,3/5/2025,1.00,1.00,$34.67,$0.49
Robin Feldman,2005,Arta Trattoria (P),1131 Greenwood Lake Turnp,Ringwood,Passaic-FF,201056,Bardstown Origin Series Bourbon 1/750 mL Btl,1/31/2025,1.00,1.00,$34.67,$11.15
Robin Feldman,190919,Amer Lgn Of Wharton 91,99 N Main St,Wharton,Morris 1,201055,Bardstown Origin Series Bottle-In-Bond 1/750 mL Btl,3/3/2025,1.00,1.00,$38.33,$12.33
Shane Barreca,73003,Bottle King (A) Hillsdale,381 Washington Ave,Hillsdale,Bergen,201058,Bardstown Origin Series High Wheat 1/750 mL Btl,12/8/2025,1.00,6.00,$218.00,$60.91
Shane Barreca,92011,Bottle King (A) Ramsey,476 Rt 17 N,Ramsey,Bergen,201054,Green River Wheated 1/750 mL,2/27/2025,1.00,18.00,$462.00,$137.73
Shane Barreca,75004,Cork & Keg (A),89 Kinderkamack Rd,Emerson,Bergen,201059,Bardstown Discovery Series #10 1/750 mL Btl,5/21/2025,1.00,1.00,$105.67,$28.15
Shane Barreca,92011,Bottle King (A) Ramsey,476 Rt 17 N,Ramsey,Bergen,201053,Green River Rye 1/750 mL,12/22/2025,1.00,6.00,$154.00,$45.91
Shane Barreca,60001,Bottle King (A) Dumont,95 Washington Ave,Dumont,Bergen,201058,Bardstown Origin Series High Wheat 1/750 mL Btl,8/25/2025,1.00,6.00,$226.00,$68.91
Shane Barreca,62009,Gary's Wine & Marketplace (Closter),67 Ver Valen St,Closter,Bergen,201055,Bardstown Origin Series Bottle-In-Bond 1/750 mL Btl,5/8/2025,1.00,6.00,$218.00,$60.91
Shane Barreca,92011,Bottle King (A) Ramsey,476 Rt 17 N,Ramsey,Bergen,201054,Green River Wheated 1/750 mL,11/13/2025,1.00,6.00,$154.00,$45.91
Shane Barreca,92011,Bottle King (A) Ramsey,476 Rt 17 N,Ramsey,Bergen,201058,Bardstown Origin Series High Wheat 1/750 mL Btl,4/16/2026,1.00,12.00,$436.00,$121.82
Shane Barreca,92011,Bottle King (A) Ramsey,476 Rt 17 N,Ramsey,Bergen,201073,Bardstown Collaboration Series Pierre Ferrand 1/750 mL Btl,9/15/2025,1.00,3.00,$307.98,$75.45
Shane Barreca,92011,Bottle King (A) Ramsey,476 Rt 17 N,Ramsey,Bergen,201057,Bardstown Origin Series Double Barrel Rye 1/750 mL Btl,10/9/2025,1.00,6.00,$218.00,$60.91
Shane Barreca,59004,Royal Wine & Spirits II,50 Kinderkamack Rd,Oradell,Bergen,201055,Bardstown Origin Series Bottle-In-Bond 1/750 mL Btl,9/24/2025,1.00,6.00,$218.00,$60.91
Shane Barreca,60001,Bottle King (A) Dumont,95 Washington Ave,Dumont,Bergen,201057,Bardstown Origin Series Double Barrel Rye 1/750 mL Btl,5/21/2026,1.00,6.00,$218.00,$60.91
Shane Barreca,75004,Cork & Keg (A),89 Kinderkamack Rd,Emerson,Bergen,201055,Bardstown Origin Series Bottle-In-Bond 1/750 mL Btl,8/18/2025,1.00,2.00,$81.33,$28.97
Shane Barreca,73003,Bottle King (A) Hillsdale,381 Washington Ave,Hillsdale,Bergen,201055,Bardstown Origin Series Bottle-In-Bond 1/750 mL Btl,6/23/2025,1.00,6.00,$226.00,$68.91
Shane Barreca,73003,Bottle King (A) Hillsdale,381 Washington Ave,Hillsdale,Bergen,201060,Bardstown Discovery Series #11 1/750 mL Btl,4/10/2025,1.00,1.00,$105.67,$28.15
Shane Barreca,73003,Bottle King (A) Hillsdale,381 Washington Ave,Hillsdale,Bergen,201054,Green River Wheated 1/750 mL,1/22/2026,1.00,6.00,$154.00,$45.91
Shane Barreca,62009,Gary's Wine & Marketplace (Closter),67 Ver Valen St,Closter,Bergen,201058,Bardstown Origin Series High Wheat 1/750 mL Btl,11/13/2025,1.00,12.00,$436.00,$121.82
Shane Barreca,92011,Bottle King (A) Ramsey,476 Rt 17 N,Ramsey,Bergen,201055,Bardstown Origin Series Bottle-In-Bond 1/750 mL Btl,2/6/2025,1.00,18.00,$654.00,$182.73
Shane Barreca,60001,Bottle King (A) Dumont,95 Washington Ave,Dumont,Bergen,201054,Green River Wheated 1/750 mL,1/20/2026,1.00,6.00,$161.00,$52.91
Shane Barreca,67005,Shoprite Liq (A)Northvle,254 F Livingston St.,Northvale,Bergen,201057,Bardstown Origin Series Double Barrel Rye 1/750 mL Btl,12/16/2025,1.00,6.00,$218.00,$60.91
Shane Barreca,70001,Montvale Wine/Liq & Beer,110 Farm View,Montvale,Bergen,201055,Bardstown Origin Series Bottle-In-Bond 1/750 mL Btl,1/28/2026,1.00,6.00,$218.00,$60.91
Shane Barreca,73003,Bottle King (A) Hillsdale,381 Washington Ave,Hillsdale,Bergen,201053,Green River Rye 1/750 mL,2/27/2025,1.00,6.00,$154.00,$45.91
Shane Barreca,75004,Cork & Keg (A),89 Kinderkamack Rd,Emerson,Bergen,201058,Bardstown Origin Series High Wheat 1/750 mL Btl,6/2/2025,1.00,1.00,$37.67,$11.49
Shane Barreca,74009,Westwood Wine and Liquors,725 Broadway,Westwood,Bergen,201057,Bardstown Origin Series Double Barrel Rye 1/750 mL Btl,12/23/2025,1.00,6.00,$218.00,$60.91
Shane Barreca,75004,Cork & Keg (A),89 Kinderkamack Rd,Emerson,Bergen,201057,Bardstown Origin Series Double Barrel Rye 1/750 mL Btl,3/16/2026,1.00,2.00,$81.33,$28.97
Shane Barreca,62009,Gary's Wine & Marketplace (Closter),67 Ver Valen St,Closter,Bergen,201073,Bardstown Collaboration Series Pierre Ferrand 1/750 mL Btl,9/23/2025,1.00,6.00,$615.96,$150.87
Shane Barreca,62009,Gary's Wine & Marketplace (Closter),67 Ver Valen St,Closter,Bergen,201058,Bardstown Origin Series High Wheat 1/750 mL Btl,12/26/2025,1.00,12.00,$436.00,$121.82
Shane Barreca,92011,Bottle King (A) Ramsey,476 Rt 17 N,Ramsey,Bergen,201052,Green River Full Proof 1/750 mL,6/26/2025,1.00,6.00,$218.00,$60.91
Shane Barreca,62009,Gary's Wine & Marketplace (Closter),67 Ver Valen St,Closter,Bergen,201062,Bardstown Collaboration Series Amrut 1/750 mL Btl,8/1/2025,1.00,1.00,$105.67,$28.15
Shane Barreca,62009,Gary's Wine & Marketplace (Closter),67 Ver Valen St,Closter,Bergen,201057,Bardstown Origin Series Double Barrel Rye 1/750 mL Btl,8/5/2025,1.00,6.00,$218.00,$60.91
Shane Barreca,74009,Westwood Wine and Liquors,725 Broadway,Westwood,Bergen,201057,Bardstown Origin Series Double Barrel Rye 1/750 mL Btl,1/22/2025,1.00,6.00,$218.00,$216.91
Shane Barreca,60001,Bottle King (A) Dumont,95 Washington Ave,Dumont,Bergen,201053,Green River Rye 1/750 mL,3/27/2025,1.00,6.00,$162.00,$53.91
Shane Barreca,60001,Bottle King (A) Dumont,95 Washington Ave,Dumont,Bergen,201057,Bardstown Origin Series Double Barrel Rye 1/750 mL Btl,2/11/2025,1.00,6.00,$226.00,$68.91
Shane Barreca,60001,Bottle King (A) Dumont,95 Washington Ave,Dumont,Bergen,201058,Bardstown Origin Series High Wheat 1/750 mL Btl,12/29/2025,1.00,6.00,$226.00,$68.91
Shane Barreca,73003,Bottle King (A) Hillsdale,381 Washington Ave,Hillsdale,Bergen,201058,Bardstown Origin Series High Wheat 1/750 mL Btl,11/17/2025,1.00,6.00,$226.00,$68.91
Shane Barreca,73003,Bottle King (A) Hillsdale,381 Washington Ave,Hillsdale,Bergen,201054,Green River Wheated 1/750 mL,1/29/2026,1.00,6.00,$161.00,$52.91
Shane Barreca,74005,Winemart Discount,700 Broadway Suite 42,Westwood,Bergen,201058,Bardstown Origin Series High Wheat 1/750 mL Btl,5/19/2026,1.00,2.00,$81.33,$28.97
Shane Barreca,92011,Bottle King (A) Ramsey,476 Rt 17 N,Ramsey,Bergen,201053,Green River Rye 1/750 mL,8/11/2025,1.00,6.00,$152.00,$43.91
Shane Barreca,92011,Bottle King (A) Ramsey,476 Rt 17 N,Ramsey,Bergen,201053,Green River Rye 1/750 mL,1/27/2025,1.00,6.00,$154.00,$152.91
Shane Barreca,92011,Bottle King (A) Ramsey,476 Rt 17 N,Ramsey,Bergen,201061,Bardstown Discovery Series #12 1/750 mL Btl,4/10/2025,1.00,1.00,$105.67,$28.15
Shane Barreca,70001,Montvale Wine/Liq & Beer,110 Farm View,Montvale,Bergen,201058,Bardstown Origin Series High Wheat 1/750 mL Btl,5/19/2026,1.00,12.00,$436.00,$121.82
Shane Barreca,92011,Bottle King (A) Ramsey,476 Rt 17 N,Ramsey,Bergen,201054,Green River Wheated 1/750 mL,12/11/2025,1.00,6.00,$161.00,$52.91
Shane Barreca,73003,Bottle King (A) Hillsdale,381 Washington Ave,Hillsdale,Bergen,201055,Bardstown Origin Series Bottle-In-Bond 1/750 mL Btl,5/22/2025,1.00,6.00,$226.00,$68.91
Shane Barreca,74009,Westwood Wine and Liquors,725 Broadway,Westwood,Bergen,201073,Bardstown Collaboration Series Pierre Ferrand 1/750 mL Btl,12/22/2025,1.00,3.00,$325.98,$93.44
Shane Barreca,92008,Ramsey Wine & Liquor,47 W Main St,Ramsey,Bergen,201053,Green River Rye 1/750 mL,2/4/2025,1.00,6.00,$154.00,$45.91
Shane Barreca,92011,Bottle King (A) Ramsey,476 Rt 17 N,Ramsey,Bergen,201056,Bardstown Origin Series Bourbon 1/750 mL Btl,1/8/2026,1.00,6.00,$208.00,$66.91
Shane Barreca,92011,Bottle King (A) Ramsey,476 Rt 17 N,Ramsey,Bergen,201074,Bardstown Discovery #13 1/750 mL Btl,12/16/2025,1.00,3.00,$325.98,$93.44
Shane Barreca,73003,Bottle King (A) Hillsdale,381 Washington Ave,Hillsdale,Bergen,201052,Green River Full Proof 1/750 mL,2/27/2025,1.00,6.00,$218.00,$60.91
Shane Barreca,62009,Gary's Wine & Marketplace (Closter),67 Ver Valen St,Closter,Bergen,201052,Green River Full Proof 1/750 mL,2/19/2026,1.00,6.00,$218.00,$60.91
Shane Barreca,62009,Gary's Wine & Marketplace (Closter),67 Ver Valen St,Closter,Bergen,201054,Green River Wheated 1/750 mL,11/13/2025,1.00,6.00,$154.00,$45.91
Shane Barreca,92011,Bottle King (A) Ramsey,476 Rt 17 N,Ramsey,Bergen,201057,Bardstown Origin Series Double Barrel Rye 1/750 mL Btl,2/17/2026,1.00,6.00,$218.00,$60.91
Shane Barreca,67005,Shoprite Liq (A)Northvle,254 F Livingston St.,Northvale,Bergen,201057,Bardstown Origin Series Double Barrel Rye 1/750 mL Btl,1/28/2025,1.00,3.00,$115.00,$114.46
Shane Barreca,73003,Bottle King (A) Hillsdale,381 Washington Ave,Hillsdale,Bergen,201074,Bardstown Discovery #13 1/750 mL Btl,9/15/2025,1.00,3.00,$307.98,$75.45
Shane Barreca,75004,Cork & Keg (A),89 Kinderkamack Rd,Emerson,Bergen,201057,Bardstown Origin Series Double Barrel Rye 1/750 mL Btl,6/1/2026,1.00,1.00,$37.67,$11.49
Shane Barreca,73008,Shop Rite Liq (A)Hillsdal,371 Broadway,Hillsdale,Bergen,201055,Bardstown Origin Series Bottle-In-Bond 1/750 mL Btl,2/11/2025,1.00,3.00,$113.00,$34.46
Shane Barreca,75004,Cork & Keg (A),89 Kinderkamack Rd,Emerson,Bergen,201055,Bardstown Origin Series Bottle-In-Bond 1/750 mL Btl,4/6/2026,1.00,2.00,$81.33,$28.97
Shane Barreca,75004,Cork & Keg (A),89 Kinderkamack Rd,Emerson,Bergen,201055,Bardstown Origin Series Bottle-In-Bond 1/750 mL Btl,12/8/2025,1.00,1.00,$40.67,$14.49
Shane Barreca,59004,Royal Wine & Spirits II,50 Kinderkamack Rd,Oradell,Bergen,201053,Green River Rye 1/750 mL,9/24/2025,1.00,-6.00,($175.98),($67.89)
Shane Barreca,70001,Montvale Wine/Liq & Beer,110 Farm View,Montvale,Bergen,201057,Bardstown Origin Series Double Barrel Rye 1/750 mL Btl,3/24/2026,1.00,6.00,$218.00,$60.91
Shane Barreca,60001,Bottle King (A) Dumont,95 Washington Ave,Dumont,Bergen,201056,Bardstown Origin Series Bourbon 1/750 mL Btl,5/21/2026,1.00,6.00,$196.00,$54.91
Shane Barreca,62009,Gary's Wine & Marketplace (Closter),67 Ver Valen St,Closter,Bergen,201058,Bardstown Origin Series High Wheat 1/750 mL Btl,10/14/2025,1.00,6.00,$218.00,$60.91
Shane Barreca,59004,Royal Wine & Spirits II,50 Kinderkamack Rd,Oradell,Bergen,201077,Green River Honey 1/750 mL Btl,5/20/2026,1.00,6.00,$115.00,$40.91
Shane Barreca,74009,Westwood Wine and Liquors,725 Broadway,Westwood,Bergen,201051,Green River Bourbon 1/750 mL Btl,11/5/2025,1.00,6.00,$154.00,$45.91
Shane Barreca,73003,Bottle King (A) Hillsdale,381 Washington Ave,Hillsdale,Bergen,201054,Green River Wheated 1/750 mL,9/18/2025,1.00,6.00,$162.00,$53.91
Shane Barreca,73003,Bottle King (A) Hillsdale,381 Washington Ave,Hillsdale,Bergen,201054,Green River Wheated 1/750 mL,5/1/2025,1.00,6.00,$162.00,$53.91
Shane Barreca,75004,Cork & Keg (A),89 Kinderkamack Rd,Emerson,Bergen,201051,Green River Bourbon 1/750 mL Btl,12/29/2025,1.00,2.00,$53.67,$17.64
Shane Barreca,70003,Montvale Wine & Spirits,18 S. Kinderkamack Rd,Montvale,Bergen,201057,Bardstown Origin Series Double Barrel Rye 1/750 mL Btl,4/24/2025,1.00,6.00,$218.00,$60.91
Shane Barreca,75004,Cork & Keg (A),89 Kinderkamack Rd,Emerson,Bergen,201056,Bardstown Origin Series Bourbon 1/750 mL Btl,6/1/2026,1.00,6.00,$208.00,$66.91
Shane Barreca,92011,Bottle King (A) Ramsey,476 Rt 17 N,Ramsey,Bergen,201057,Bardstown Origin Series Double Barrel Rye 1/750 mL Btl,4/17/2025,1.00,6.00,$218.00,$60.91
Shane Barreca,60001,Bottle King (A) Dumont,95 Washington Ave,Dumont,Bergen,201054,Green River Wheated 1/750 mL,12/18/2025,1.00,6.00,$161.00,$52.91
Shane Barreca,73003,Bottle King (A) Hillsdale,381 Washington Ave,Hillsdale,Bergen,201055,Bardstown Origin Series Bottle-In-Bond 1/750 mL Btl,9/22/2025,1.00,6.00,$218.00,$60.91
Shane Barreca,73003,Bottle King (A) Hillsdale,381 Washington Ave,Hillsdale,Bergen,201057,Bardstown Origin Series Double Barrel Rye 1/750 mL Btl,5/22/2025,1.00,6.00,$226.00,$68.91
Shane Barreca,73003,Bottle King (A) Hillsdale,381 Washington Ave,Hillsdale,Bergen,201055,Bardstown Origin Series Bottle-In-Bond 1/750 mL Btl,2/6/2025,1.00,6.00,$218.00,$60.91
Shane Barreca,92008,Ramsey Wine & Liquor,47 W Main St,Ramsey,Bergen,201051,Green River Bourbon 1/750 mL Btl,2/4/2025,1.00,6.00,$154.00,$45.91
Shane Barreca,75004,Cork & Keg (A),89 Kinderkamack Rd,Emerson,Bergen,201052,Green River Full Proof 1/750 mL,5/23/2025,1.00,2.00,$77.00,$24.64
Shane Barreca,60001,Bottle King (A) Dumont,95 Washington Ave,Dumont,Bergen,201057,Bardstown Origin Series Double Barrel Rye 1/750 mL Btl,11/13/2025,1.00,6.00,$226.00,$68.91
Shane Barreca,92011,Bottle King (A) Ramsey,476 Rt 17 N,Ramsey,Bergen,201053,Green River Rye 1/750 mL,1/12/2026,1.00,6.00,$161.00,$52.91
Shane Barreca,60001,Bottle King (A) Dumont,95 Washington Ave,Dumont,Bergen,201053,Green River Rye 1/750 mL,12/29/2025,1.00,6.00,$154.00,$45.91
Shane Barreca,75004,Cork & Keg (A),89 Kinderkamack Rd,Emerson,Bergen,201055,Bardstown Origin Series Bottle-In-Bond 1/750 mL Btl,12/22/2025,1.00,2.00,$81.33,$28.97
Shane Barreca,67005,Shoprite Liq (A)Northvle,254 F Livingston St.,Northvale,Bergen,201064,Bardstown Collaboration Series Silver Oak 1/750 mL Btl,4/8/2025,1.00,1.00,$105.67,$28.15
Shane Barreca,74009,Westwood Wine and Liquors,725 Broadway,Westwood,Bergen,201058,Bardstown Origin Series High Wheat 1/750 mL Btl,1/29/2026,1.00,6.00,$218.00,$60.91
Shane Barreca,75004,Cork & Keg (A),89 Kinderkamack Rd,Emerson,Bergen,201056,Bardstown Origin Series Bourbon 1/750 mL Btl,2/20/2026,1.00,6.00,$208.00,$66.91
Shane Barreca,60001,Bottle King (A) Dumont,95 Washington Ave,Dumont,Bergen,201055,Bardstown Origin Series Bottle-In-Bond 1/750 mL Btl,3/27/2025,1.00,6.00,$226.00,$68.91
Shane Barreca,92011,Bottle King (A) Ramsey,476 Rt 17 N,Ramsey,Bergen,201052,Green River Full Proof 1/750 mL,2/11/2025,1.00,12.00,$436.00,$121.82
Shane Barreca,59004,Royal Wine & Spirits II,50 Kinderkamack Rd,Oradell,Bergen,201055,Bardstown Origin Series Bottle-In-Bond 1/750 mL Btl,2/19/2025,1.00,6.00,$226.00,$68.91
Shane Barreca,62009,Gary's Wine & Marketplace (Closter),67 Ver Valen St,Closter,Bergen,201058,Bardstown Origin Series High Wheat 1/750 mL Btl,5/8/2025,1.00,6.00,$218.00,$60.91
Shane Barreca,92011,Bottle King (A) Ramsey,476 Rt 17 N,Ramsey,Bergen,201054,Green River Wheated 1/750 mL,12/1/2025,1.00,6.00,$154.00,$45.91
Shane Barreca,62009,Gary's Wine & Marketplace (Closter),67 Ver Valen St,Closter,Bergen,201057,Bardstown Origin Series Double Barrel Rye 1/750 mL Btl,10/14/2025,1.00,6.00,$218.00,$60.91
Shane Barreca,67005,Shoprite Liq (A)Northvle,254 F Livingston St.,Northvale,Bergen,201051,Green River Bourbon 1/750 mL Btl,12/16/2025,1.00,18.00,$462.00,$137.73
Shane Barreca,73003,Bottle King (A) Hillsdale,381 Washington Ave,Hillsdale,Bergen,201054,Green River Wheated 1/750 mL,6/22/2026,1.00,6.00,$161.00,$52.91
Shane Barreca,73003,Bottle King (A) Hillsdale,381 Washington Ave,Hillsdale,Bergen,201057,Bardstown Origin Series Double Barrel Rye 1/750 mL Btl,4/23/2026,1.00,6.00,$226.00,$68.91
Shane Barreca,70003,Montvale Wine & Spirits,18 S. Kinderkamack Rd,Montvale,Bergen,201058,Bardstown Origin Series High Wheat 1/750 mL Btl,4/24/2025,1.00,6.00,$218.00,$60.91
Shane Barreca,62009,Gary's Wine & Marketplace (Closter),67 Ver Valen St,Closter,Bergen,201053,Green River Rye 1/750 mL,2/6/2025,1.00,6.00,$154.00,$45.91
Shane Barreca,92011,Bottle King (A) Ramsey,476 Rt 17 N,Ramsey,Bergen,201073,Bardstown Collaboration Series Pierre Ferrand 1/750 mL Btl,12/16/2025,1.00,3.00,$325.98,$93.44
Shane Barreca,92011,Bottle King (A) Ramsey,476 Rt 17 N,Ramsey,Bergen,201052,Green River Full Proof 1/750 mL,12/22/2025,1.00,6.00,$218.00,$60.91
Shane Barreca,92011,Bottle King (A) Ramsey,476 Rt 17 N,Ramsey,Bergen,201053,Green River Rye 1/750 mL,4/23/2026,1.00,6.00,$154.00,$45.91
Shane Barreca,92011,Bottle King (A) Ramsey,476 Rt 17 N,Ramsey,Bergen,201057,Bardstown Origin Series Double Barrel Rye 1/750 mL Btl,4/16/2026,1.00,6.00,$218.00,$60.91
Shane Barreca,68002,Wine And Beverage Spirits,14 Bi State Shop Ctr 72d,Old Tappan,Bergen,201051,Green River Bourbon 1/750 mL Btl,2/27/2025,1.00,3.00,$81.00,$26.96
Shane Barreca,92011,Bottle King (A) Ramsey,476 Rt 17 N,Ramsey,Bergen,201056,Bardstown Origin Series Bourbon 1/750 mL Btl,10/20/2025,1.00,6.00,$208.00,$66.91
Shane Barreca,74009,Westwood Wine and Liquors,725 Broadway,Westwood,Bergen,201055,Bardstown Origin Series Bottle-In-Bond 1/750 mL Btl,11/25/2025,1.00,12.00,$436.00,$121.82
Shane Barreca,92011,Bottle King (A) Ramsey,476 Rt 17 N,Ramsey,Bergen,201058,Bardstown Origin Series High Wheat 1/750 mL Btl,10/9/2025,1.00,6.00,$218.00,$60.91
Shane Barreca,92011,Bottle King (A) Ramsey,476 Rt 17 N,Ramsey,Bergen,201055,Bardstown Origin Series Bottle-In-Bond 1/750 mL Btl,2/24/2025,1.00,6.00,$218.00,($9.09)
Shane Barreca,92008,Ramsey Wine & Liquor,47 W Main St,Ramsey,Bergen,201054,Green River Wheated 1/750 mL,2/4/2025,1.00,12.00,$308.00,$91.82
Shane Barreca,92011,Bottle King (A) Ramsey,476 Rt 17 N,Ramsey,Bergen,201051,Green River Bourbon 1/750 mL Btl,12/1/2025,1.00,6.00,$154.00,$45.91
Shane Barreca,92011,Bottle King (A) Ramsey,476 Rt 17 N,Ramsey,Bergen,201057,Bardstown Origin Series Double Barrel Rye 1/750 mL Btl,5/28/2026,1.00,6.00,$218.00,$60.91
Shane Barreca,92011,Bottle King (A) Ramsey,476 Rt 17 N,Ramsey,Bergen,201060,Bardstown Discovery Series #11 1/750 mL Btl,6/20/2025,1.00,1.00,$104.67,$27.15
Shane Barreca,92011,Bottle King (A) Ramsey,476 Rt 17 N,Ramsey,Bergen,201052,Green River Full Proof 1/750 mL,2/6/2025,1.00,12.00,$436.00,$121.82
Shane Barreca,62009,Gary's Wine & Marketplace (Closter),67 Ver Valen St,Closter,Bergen,201055,Bardstown Origin Series Bottle-In-Bond 1/750 mL Btl,2/6/2025,1.00,6.00,$218.00,$60.91
Shane Barreca,73008,Shop Rite Liq (A)Hillsdal,371 Broadway,Hillsdale,Bergen,201055,Bardstown Origin Series Bottle-In-Bond 1/750 mL Btl,5/16/2025,1.00,3.00,$115.00,$36.46
Shane Barreca,74009,Westwood Wine and Liquors,725 Broadway,Westwood,Bergen,201052,Green River Full Proof 1/750 mL,11/5/2025,1.00,6.00,$218.00,$60.91
Shane Barreca,55001,Coasters Liquors,37 Union Ave,Cresskill,Bergen,201058,Bardstown Origin Series High Wheat 1/750 mL Btl,9/10/2025,1.00,6.00,$218.00,$60.91
Shane Barreca,74009,Westwood Wine and Liquors,725 Broadway,Westwood,Bergen,201053,Green River Rye 1/750 mL,1/14/2026,1.00,6.00,$154.00,$45.91
Shane Barreca,60001,Bottle King (A) Dumont,95 Washington Ave,Dumont,Bergen,201058,Bardstown Origin Series High Wheat 1/750 mL Btl,3/20/2025,1.00,6.00,$226.00,$68.91
Shane Barreca,74009,Westwood Wine and Liquors,725 Broadway,Westwood,Bergen,201056,Bardstown Origin Series Bourbon 1/750 mL Btl,9/24/2025,1.00,6.00,$196.00,$54.91
Shane Barreca,92011,Bottle King (A) Ramsey,476 Rt 17 N,Ramsey,Bergen,201054,Green River Wheated 1/750 mL,2/17/2026,1.00,12.00,$308.00,$91.82
Shane Barreca,60001,Bottle King (A) Dumont,95 Washington Ave,Dumont,Bergen,201054,Green River Wheated 1/750 mL,4/30/2026,1.00,6.00,$161.00,$52.91
Shane Barreca,73003,Bottle King (A) Hillsdale,381 Washington Ave,Hillsdale,Bergen,201056,Bardstown Origin Series Bourbon 1/750 mL Btl,4/17/2025,1.00,6.00,$204.00,$62.91
Shane Barreca,75004,Cork & Keg (A),89 Kinderkamack Rd,Emerson,Bergen,201056,Bardstown Origin Series Bourbon 1/750 mL Btl,4/25/2025,1.00,0.00,$0.00,$0.00
Shane Barreca,75004,Cork & Keg (A),89 Kinderkamack Rd,Emerson,Bergen,201058,Bardstown Origin Series High Wheat 1/750 mL Btl,8/4/2025,1.00,2.00,$81.33,$28.97
Shane Barreca,92011,Bottle King (A) Ramsey,476 Rt 17 N,Ramsey,Bergen,201053,Green River Rye 1/750 mL,2/27/2025,1.00,6.00,$154.00,$45.91
Shane Barreca,75002,Shop Rite Liq (A)Emerson,425 Old Hook Rd,Emerson,Bergen,201072,Green River Bourbon 250th Army Anniversary 1/750 mL,5/19/2026,1.00,6.00,$218.00,$54.37
Shane Barreca,92011,Bottle King (A) Ramsey,476 Rt 17 N,Ramsey,Bergen,201058,Bardstown Origin Series High Wheat 1/750 mL Btl,9/25/2025,1.00,6.00,$226.00,$68.91
Shane Barreca,62009,Gary's Wine & Marketplace (Closter),67 Ver Valen St,Closter,Bergen,201058,Bardstown Origin Series High Wheat 1/750 mL Btl,6/24/2025,1.00,12.00,$436.00,$121.82
Shane Barreca,70001,Montvale Wine/Liq & Beer,110 Farm View,Montvale,Bergen,201076,Green River Wheated Full Proof 1/750 ml Btl,3/24/2026,1.00,6.00,$218.00,$60.91
Shane Barreca,73003,Bottle King (A) Hillsdale,381 Washington Ave,Hillsdale,Bergen,201054,Green River Wheated 1/750 mL,12/22/2025,1.00,6.00,$161.00,$52.91
Shane Barreca,92011,Bottle King (A) Ramsey,476 Rt 17 N,Ramsey,Bergen,201054,Green River Wheated 1/750 mL,1/20/2026,1.00,6.00,$161.00,$52.91
Shane Barreca,74009,Westwood Wine and Liquors,725 Broadway,Westwood,Bergen,201056,Bardstown Origin Series Bourbon 1/750 mL Btl,5/6/2026,1.00,6.00,$196.00,$54.91
Shane Barreca,74009,Westwood Wine and Liquors,725 Broadway,Westwood,Bergen,201056,Bardstown Origin Series Bourbon 1/750 mL Btl,3/4/2026,1.00,6.00,$196.00,$54.91
Shane Barreca,62009,Gary's Wine & Marketplace (Closter),67 Ver Valen St,Closter,Bergen,201058,Bardstown Origin Series High Wheat 1/750 mL Btl,2/6/2025,1.00,6.00,$218.00,$60.91
Shane Barreca,59004,Royal Wine & Spirits II,50 Kinderkamack Rd,Oradell,Bergen,201053,Green River Rye 1/750 mL,9/25/2025,1.00,6.00,$175.98,$67.89
Shane Barreca,62009,Gary's Wine & Marketplace (Closter),67 Ver Valen St,Closter,Bergen,201063,Bardstown Collaboration Series Goose Island 1/750 mL Btl,8/1/2025,1.00,1.00,$75.67,$20.82
Shane Barreca,67005,Shoprite Liq (A)Northvle,254 F Livingston St.,Northvale,Bergen,201058,Bardstown Origin Series High Wheat 1/750 mL Btl,2/14/2025,1.00,6.00,$218.00,$60.91
Shane Barreca,74009,Westwood Wine and Liquors,725 Broadway,Westwood,Bergen,201056,Bardstown Origin Series Bourbon 1/750 mL Btl,11/25/2025,1.00,6.00,$196.00,$54.91
Shane Barreca,73003,Bottle King (A) Hillsdale,381 Washington Ave,Hillsdale,Bergen,201052,Green River Full Proof 1/750 mL,2/3/2025,1.00,6.00,$226.00,$224.91
Shane Barreca,67004,Beverage Barn (A),224 Livingston St,Northvale,Bergen,201055,Bardstown Origin Series Bottle-In-Bond 1/750 mL Btl,3/21/2025,1.00,6.00,$218.00,$60.91
Shane Barreca,75004,Cork & Keg (A),89 Kinderkamack Rd,Emerson,Bergen,201057,Bardstown Origin Series Double Barrel Rye 1/750 mL Btl,2/7/2025,1.00,2.00,$74.00,$21.64
Shane Barreca,92011,Bottle King (A) Ramsey,476 Rt 17 N,Ramsey,Bergen,201058,Bardstown Origin Series High Wheat 1/750 mL Btl,2/24/2025,1.00,12.00,$436.00,$121.82
Shane Barreca,73003,Bottle King (A) Hillsdale,381 Washington Ave,Hillsdale,Bergen,201056,Bardstown Origin Series Bourbon 1/750 mL Btl,1/5/2026,1.00,6.00,$208.00,$66.91
Shane Barreca,73003,Bottle King (A) Hillsdale,381 Washington Ave,Hillsdale,Bergen,201053,Green River Rye 1/750 mL,10/20/2025,1.00,6.00,$162.00,$53.91
Shane Barreca,60001,Bottle King (A) Dumont,95 Washington Ave,Dumont,Bergen,201051,Green River Bourbon 1/750 mL Btl,1/27/2025,1.00,12.00,$308.00,($978.18)
Shane Barreca,74009,Westwood Wine and Liquors,725 Broadway,Westwood,Bergen,201055,Bardstown Origin Series Bottle-In-Bond 1/750 mL Btl,12/23/2025,1.00,6.00,$218.00,$60.91
Shane Barreca,62009,Gary's Wine & Marketplace (Closter),67 Ver Valen St,Closter,Bergen,201053,Green River Rye 1/750 mL,5/29/2025,1.00,12.00,$308.00,$91.82
Shane Barreca,75004,Cork & Keg (A),89 Kinderkamack Rd,Emerson,Bergen,201057,Bardstown Origin Series Double Barrel Rye 1/750 mL Btl,9/15/2025,1.00,2.00,$81.33,$28.97
Shane Barreca,74009,Westwood Wine and Liquors,725 Broadway,Westwood,Bergen,201055,Bardstown Origin Series Bottle-In-Bond 1/750 mL Btl,7/15/2026,1.00,6.00,$218.00,$60.91
Shane Barreca,55001,Coasters Liquors,37 Union Ave,Cresskill,Bergen,201063,Bardstown Collaboration Series Goose Island 1/750 mL Btl,9/10/2025,1.00,1.00,$75.67,$20.82
Shane Barreca,92011,Bottle King (A) Ramsey,476 Rt 17 N,Ramsey,Bergen,201058,Bardstown Origin Series High Wheat 1/750 mL Btl,3/27/2025,1.00,6.00,$218.00,$60.91
Shane Barreca,75002,Shop Rite Liq (A)Emerson,425 Old Hook Rd,Emerson,Bergen,201057,Bardstown Origin Series Double Barrel Rye 1/750 mL Btl,10/14/2025,1.00,6.00,$218.00,$60.91
Shane Barreca,70001,Montvale Wine/Liq & Beer,110 Farm View,Montvale,Bergen,201056,Bardstown Origin Series Bourbon 1/750 mL Btl,5/19/2026,1.00,6.00,$196.00,$54.91
Shane Barreca,74009,Westwood Wine and Liquors,725 Broadway,Westwood,Bergen,201054,Green River Wheated 1/750 mL,1/29/2026,1.00,6.00,$154.00,$45.91
Shane Barreca,92011,Bottle King (A) Ramsey,476 Rt 17 N,Ramsey,Bergen,201056,Bardstown Origin Series Bourbon 1/750 mL Btl,2/17/2026,1.00,6.00,$196.00,$54.91
Shane Barreca,60001,Bottle King (A) Dumont,95 Washington Ave,Dumont,Bergen,201062,Bardstown Collaboration Series Amrut 1/750 mL Btl,6/20/2025,1.00,2.00,$209.33,$54.30
Shane Barreca,73003,Bottle King (A) Hillsdale,381 Washington Ave,Hillsdale,Bergen,201053,Green River Rye 1/750 mL,4/23/2026,1.00,6.00,$161.00,$52.91
Shane Barreca,74009,Westwood Wine and Liquors,725 Broadway,Westwood,Bergen,201077,Green River Honey 1/750 mL Btl,5/6/2026,1.00,6.00,$115.00,$40.91
Shane Barreca,73003,Bottle King (A) Hillsdale,381 Washington Ave,Hillsdale,Bergen,201052,Green River Full Proof 1/750 mL,1/27/2025,1.00,6.00,$218.00,$216.91
Shane Barreca,73003,Bottle King (A) Hillsdale,381 Washington Ave,Hillsdale,Bergen,201058,Bardstown Origin Series High Wheat 1/750 mL Btl,9/22/2025,1.00,6.00,$218.00,$60.91
Shane Barreca,92011,Bottle King (A) Ramsey,476 Rt 17 N,Ramsey,Bergen,201054,Green River Wheated 1/750 mL,12/26/2025,1.00,6.00,$161.00,$52.91
Shane Barreca,92011,Bottle King (A) Ramsey,476 Rt 17 N,Ramsey,Bergen,201060,Bardstown Discovery Series #11 1/750 mL Btl,4/10/2025,1.00,1.00,$105.67,$28.15
Shane Barreca,60001,Bottle King (A) Dumont,95 Washington Ave,Dumont,Bergen,201053,Green River Rye 1/750 mL,3/10/2025,1.00,6.00,$162.00,$53.91
Shane Barreca,73003,Bottle King (A) Hillsdale,381 Washington Ave,Hillsdale,Bergen,201058,Bardstown Origin Series High Wheat 1/750 mL Btl,4/24/2025,1.00,6.00,$226.00,$68.91
Shane Barreca,70001,Montvale Wine/Liq & Beer,110 Farm View,Montvale,Bergen,201058,Bardstown Origin Series High Wheat 1/750 mL Btl,7/22/2025,1.00,12.00,$436.00,$121.82
Shane Barreca,92011,Bottle King (A) Ramsey,476 Rt 17 N,Ramsey,Bergen,201075,Green River Single Barrel Wheated 1/1/750mL Btl,12/15/2025,1.00,6.00,$267.96,$71.87
Shane Barreca,75004,Cork & Keg (A),89 Kinderkamack Rd,Emerson,Bergen,201052,Green River Full Proof 1/750 mL,11/14/2025,1.00,1.00,$40.67,$14.49
Shane Barreca,67005,Shoprite Liq (A)Northvle,254 F Livingston St.,Northvale,Bergen,201063,Bardstown Collaboration Series Goose Island 1/750 mL Btl,4/8/2025,1.00,1.00,$75.67,$20.82
Shane Barreca,62009,Gary's Wine & Marketplace (Closter),67 Ver Valen St,Closter,Bergen,201055,Bardstown Origin Series Bottle-In-Bond 1/750 mL Btl,8/5/2025,1.00,6.00,$218.00,$60.91
Shane Barreca,75004,Cork & Keg (A),89 Kinderkamack Rd,Emerson,Bergen,201058,Bardstown Origin Series High Wheat 1/750 mL Btl,12/29/2025,1.00,2.00,$75.33,$22.97
Shane Barreca,75004,Cork & Keg (A),89 Kinderkamack Rd,Emerson,Bergen,201072,Green River Bourbon 250th Army Anniversary 1/750 mL,7/23/2025,1.00,3.00,$115.50,$36.96
Shane Barreca,92011,Bottle King (A) Ramsey,476 Rt 17 N,Ramsey,Bergen,201055,Bardstown Origin Series Bottle-In-Bond 1/750 mL Btl,9/4/2025,1.00,6.00,$218.00,$60.91
Shane Barreca,62009,Gary's Wine & Marketplace (Closter),67 Ver Valen St,Closter,Bergen,201055,Bardstown Origin Series Bottle-In-Bond 1/750 mL Btl,9/4/2025,1.00,6.00,$218.00,$60.91
Shane Barreca,92011,Bottle King (A) Ramsey,476 Rt 17 N,Ramsey,Bergen,201051,Green River Bourbon 1/750 mL Btl,5/5/2025,1.00,6.00,$154.00,$45.91
Shane Barreca,60001,Bottle King (A) Dumont,95 Washington Ave,Dumont,Bergen,201054,Green River Wheated 1/750 mL,3/10/2025,1.00,6.00,$162.00,$53.91
Shane Barreca,73003,Bottle King (A) Hillsdale,381 Washington Ave,Hillsdale,Bergen,201055,Bardstown Origin Series Bottle-In-Bond 1/750 mL Btl,3/13/2025,1.00,6.00,$226.00,$68.91
Shane Barreca,60001,Bottle King (A) Dumont,95 Washington Ave,Dumont,Bergen,201056,Bardstown Origin Series Bourbon 1/750 mL Btl,3/31/2025,1.00,6.00,$204.00,$62.91
Shane Barreca,60001,Bottle King (A) Dumont,95 Washington Ave,Dumont,Bergen,201064,Bardstown Collaboration Series Silver Oak 1/750 mL Btl,6/20/2025,1.00,2.00,$209.33,$54.30
Shane Barreca,92011,Bottle King (A) Ramsey,476 Rt 17 N,Ramsey,Bergen,201061,Bardstown Discovery Series #12 1/750 mL Btl,6/20/2025,1.00,1.00,$104.67,$27.15
Shane Barreca,60001,Bottle King (A) Dumont,95 Washington Ave,Dumont,Bergen,201056,Bardstown Origin Series Bourbon 1/750 mL Btl,1/27/2025,1.00,12.00,$392.00,$389.82
Shane Barreca,75004,Cork & Keg (A),89 Kinderkamack Rd,Emerson,Bergen,201052,Green River Full Proof 1/750 mL,6/2/2025,1.00,0.00,$0.00,$0.00
Shane Barreca,75004,Cork & Keg (A),89 Kinderkamack Rd,Emerson,Bergen,201056,Bardstown Origin Series Bourbon 1/750 mL Btl,2/7/2025,1.00,12.00,$400.00,$117.82
Shane Barreca,92011,Bottle King (A) Ramsey,476 Rt 17 N,Ramsey,Bergen,201076,Green River Wheated Full Proof 1/750 ml Btl,3/23/2026,1.00,6.00,$218.00,$60.91
Shane Barreca,73003,Bottle King (A) Hillsdale,381 Washington Ave,Hillsdale,Bergen,201057,Bardstown Origin Series Double Barrel Rye 1/750 mL Btl,1/27/2025,1.00,6.00,$218.00,$216.91
Shane Barreca,60001,Bottle King (A) Dumont,95 Washington Ave,Dumont,Bergen,201052,Green River Full Proof 1/750 mL,3/23/2026,1.00,6.00,$226.00,$68.91
Shane Barreca,68002,Wine And Beverage Spirits,14 Bi State Shop Ctr 72d,Old Tappan,Bergen,201052,Green River Full Proof 1/750 mL,2/27/2025,1.00,3.00,$113.00,$34.46
Shane Barreca,67005,Shoprite Liq (A)Northvle,254 F Livingston St.,Northvale,Bergen,201056,Bardstown Origin Series Bourbon 1/750 mL Btl,1/17/2025,1.00,3.00,$102.00,$101.46
Shane Barreca,73003,Bottle King (A) Hillsdale,381 Washington Ave,Hillsdale,Bergen,201062,Bardstown Collaboration Series Amrut 1/750 mL Btl,4/10/2025,1.00,1.00,$105.67,$28.15
Shane Barreca,75004,Cork & Keg (A),89 Kinderkamack Rd,Emerson,Bergen,201056,Bardstown Origin Series Bourbon 1/750 mL Btl,6/2/2025,1.00,4.00,$136.00,$41.94
Shane Barreca,59004,Royal Wine & Spirits II,50 Kinderkamack Rd,Oradell,Bergen,201058,Bardstown Origin Series High Wheat 1/750 mL Btl,2/19/2025,1.00,6.00,$226.00,$68.91
Shane Barreca,92011,Bottle King (A) Ramsey,476 Rt 17 N,Ramsey,Bergen,201054,Green River Wheated 1/750 mL,5/26/2026,1.00,6.00,$161.00,$52.91
Shane Barreca,92011,Bottle King (A) Ramsey,476 Rt 17 N,Ramsey,Bergen,201055,Bardstown Origin Series Bottle-In-Bond 1/750 mL Btl,5/28/2026,1.00,6.00,$218.00,$60.91
Shane Barreca,92011,Bottle King (A) Ramsey,476 Rt 17 N,Ramsey,Bergen,201058,Bardstown Origin Series High Wheat 1/750 mL Btl,12/18/2025,1.00,6.00,$218.00,$60.91
Shane Barreca,73003,Bottle King (A) Hillsdale,381 Washington Ave,Hillsdale,Bergen,201064,Bardstown Collaboration Series Silver Oak 1/750 mL Btl,4/10/2025,1.00,1.00,$105.67,$28.15
Shane Barreca,60001,Bottle King (A) Dumont,95 Washington Ave,Dumont,Bergen,201058,Bardstown Origin Series High Wheat 1/750 mL Btl,4/17/2025,1.00,6.00,$226.00,$68.91
Shane Barreca,92011,Bottle King (A) Ramsey,476 Rt 17 N,Ramsey,Bergen,201058,Bardstown Origin Series High Wheat 1/750 mL Btl,1/8/2026,1.00,6.00,$226.00,$68.91
Shane Barreca,62009,Gary's Wine & Marketplace (Closter),67 Ver Valen St,Closter,Bergen,201056,Bardstown Origin Series Bourbon 1/750 mL Btl,5/8/2025,1.00,6.00,$196.00,$54.91
Shane Barreca,60001,Bottle King (A) Dumont,95 Washington Ave,Dumont,Bergen,201057,Bardstown Origin Series Double Barrel Rye 1/750 mL Btl,2/17/2026,1.00,6.00,$226.00,$68.91
Shane Barreca,74009,Westwood Wine and Liquors,725 Broadway,Westwood,Bergen,201055,Bardstown Origin Series Bottle-In-Bond 1/750 mL Btl,9/24/2025,1.00,12.00,$436.00,$121.82
Shane Barreca,74005,Winemart Discount,700 Broadway Suite 42,Westwood,Bergen,201051,Green River Bourbon 1/750 mL Btl,3/24/2026,1.00,2.00,$53.67,$17.64
Shane Barreca,92011,Bottle King (A) Ramsey,476 Rt 17 N,Ramsey,Bergen,201056,Bardstown Origin Series Bourbon 1/750 mL Btl,9/4/2025,1.00,6.00,$196.00,$54.91
Shane Barreca,75004,Cork & Keg (A),89 Kinderkamack Rd,Emerson,Bergen,201051,Green River Bourbon 1/750 mL Btl,5/11/2026,1.00,2.00,$53.67,$17.64
Shane Barreca,62009,Gary's Wine & Marketplace (Closter),67 Ver Valen St,Closter,Bergen,201055,Bardstown Origin Series Bottle-In-Bond 1/750 mL Btl,10/14/2025,1.00,6.00,$218.00,$60.91
Shane Barreca,67005,Shoprite Liq (A)Northvle,254 F Livingston St.,Northvale,Bergen,201077,Green River Honey 1/750 mL Btl,5/7/2026,1.00,6.00,$115.00,$40.91
Shane Barreca,74009,Westwood Wine and Liquors,725 Broadway,Westwood,Bergen,201055,Bardstown Origin Series Bottle-In-Bond 1/750 mL Btl,1/29/2026,1.00,6.00,$218.00,$60.91
Shane Barreca,62009,Gary's Wine & Marketplace (Closter),67 Ver Valen St,Closter,Bergen,201056,Bardstown Origin Series Bourbon 1/750 mL Btl,11/13/2025,1.00,12.00,$392.00,$109.82
Shane Barreca,70001,Montvale Wine/Liq & Beer,110 Farm View,Montvale,Bergen,201053,Green River Rye 1/750 mL,3/24/2026,1.00,6.00,$154.00,$45.91
Shane Barreca,92011,Bottle King (A) Ramsey,476 Rt 17 N,Ramsey,Bergen,201054,Green River Wheated 1/750 mL,6/26/2025,1.00,6.00,$154.00,$45.91
Shane Barreca,92011,Bottle King (A) Ramsey,476 Rt 17 N,Ramsey,Bergen,201057,Bardstown Origin Series Double Barrel Rye 1/750 mL Btl,2/6/2025,1.00,6.00,$218.00,$60.91
Shane Barreca,73003,Bottle King (A) Hillsdale,381 Washington Ave,Hillsdale,Bergen,201055,Bardstown Origin Series Bottle-In-Bond 1/750 mL Btl,1/27/2025,1.00,6.00,$218.00,$216.91
Shane Barreca,74009,Westwood Wine and Liquors,725 Broadway,Westwood,Bergen,201058,Bardstown Origin Series High Wheat 1/750 mL Btl,5/22/2025,1.00,6.00,$218.00,$60.91
Shane Barreca,92011,Bottle King (A) Ramsey,476 Rt 17 N,Ramsey,Bergen,201053,Green River Rye 1/750 mL,3/23/2026,1.00,6.00,$154.00,$45.91
Shane Barreca,73003,Bottle King (A) Hillsdale,381 Washington Ave,Hillsdale,Bergen,201053,Green River Rye 1/750 mL,1/27/2025,1.00,6.00,$154.00,$152.91
Shane Barreca,70001,Montvale Wine/Liq & Beer,110 Farm View,Montvale,Bergen,201057,Bardstown Origin Series Double Barrel Rye 1/750 mL Btl,6/16/2026,1.00,6.00,$218.00,$60.91
Shane Barreca,73008,Shop Rite Liq (A)Hillsdal,371 Broadway,Hillsdale,Bergen,201072,Green River Bourbon 250th Army Anniversary 1/750 mL,5/19/2026,1.00,6.00,$218.00,$54.37
Shane Barreca,92011,Bottle King (A) Ramsey,476 Rt 17 N,Ramsey,Bergen,201056,Bardstown Origin Series Bourbon 1/750 mL Btl,1/27/2025,1.00,12.00,$392.00,$389.82
Shane Barreca,92011,Bottle King (A) Ramsey,476 Rt 17 N,Ramsey,Bergen,201054,Green River Wheated 1/750 mL,3/30/2026,1.00,6.00,$161.00,$52.91
Shane Barreca,92011,Bottle King (A) Ramsey,476 Rt 17 N,Ramsey,Bergen,201056,Bardstown Origin Series Bourbon 1/750 mL Btl,2/13/2025,1.00,6.00,$196.00,$54.91
Shane Barreca,75004,Cork & Keg (A),89 Kinderkamack Rd,Emerson,Bergen,201057,Bardstown Origin Series Double Barrel Rye 1/750 mL Btl,6/23/2025,1.00,2.00,$77.33,$24.97
Shane Barreca,67005,Shoprite Liq (A)Northvle,254 F Livingston St.,Northvale,Bergen,201057,Bardstown Origin Series Double Barrel Rye 1/750 mL Btl,6/20/2025,1.00,6.00,$218.00,$60.91
Shane Barreca,75002,Shop Rite Liq (A)Emerson,425 Old Hook Rd,Emerson,Bergen,201056,Bardstown Origin Series Bourbon 1/750 mL Btl,10/14/2025,1.00,6.00,$196.00,$54.91
Shane Barreca,62009,Gary's Wine & Marketplace (Closter),67 Ver Valen St,Closter,Bergen,201054,Green River Wheated 1/750 mL,9/4/2025,1.00,12.00,$304.00,$87.82
Shane Barreca,60001,Bottle King (A) Dumont,95 Washington Ave,Dumont,Bergen,201060,Bardstown Discovery Series #11 1/750 mL Btl,6/20/2025,1.00,1.00,$104.67,$27.15
Shane Barreca,75004,Cork & Keg (A),89 Kinderkamack Rd,Emerson,Bergen,201058,Bardstown Origin Series High Wheat 1/750 mL Btl,2/20/2026,1.00,1.00,$37.67,$11.49
Shane Barreca,60001,Bottle King (A) Dumont,95 Washington Ave,Dumont,Bergen,201058,Bardstown Origin Series High Wheat 1/750 mL Btl,10/27/2025,1.00,6.00,$226.00,$68.91
Shane Barreca,70001,Montvale Wine/Liq & Beer,110 Farm View,Montvale,Bergen,201055,Bardstown Origin Series Bottle-In-Bond 1/750 mL Btl,2/4/2025,1.00,12.00,$436.00,$121.82
Shane Barreca,62009,Gary's Wine & Marketplace (Closter),67 Ver Valen St,Closter,Bergen,201056,Bardstown Origin Series Bourbon 1/750 mL Btl,12/26/2025,1.00,12.00,$392.00,$109.82
Shane Barreca,92011,Bottle King (A) Ramsey,476 Rt 17 N,Ramsey,Bergen,201055,Bardstown Origin Series Bottle-In-Bond 1/750 mL Btl,6/30/2025,1.00,6.00,$218.00,$60.91
Shane Barreca,60001,Bottle King (A) Dumont,95 Washington Ave,Dumont,Bergen,201053,Green River Rye 1/750 mL,8/7/2025,1.00,6.00,$162.00,$53.91
Shane Barreca,59004,Royal Wine & Spirits II,50 Kinderkamack Rd,Oradell,Bergen,201052,Green River Full Proof 1/750 mL,2/19/2025,1.00,6.00,$226.00,$68.91
Shane Barreca,60001,Bottle King (A) Dumont,95 Washington Ave,Dumont,Bergen,201055,Bardstown Origin Series Bottle-In-Bond 1/750 mL Btl,2/11/2025,1.00,6.00,$226.00,$68.91
Shane Barreca,73003,Bottle King (A) Hillsdale,381 Washington Ave,Hillsdale,Bergen,201056,Bardstown Origin Series Bourbon 1/750 mL Btl,8/7/2025,1.00,6.00,$208.00,$66.91
Shane Barreca,75004,Cork & Keg (A),89 Kinderkamack Rd,Emerson,Bergen,201058,Bardstown Origin Series High Wheat 1/750 mL Btl,4/17/2025,1.00,2.00,$77.33,$24.97
Shane Barreca,60001,Bottle King (A) Dumont,95 Washington Ave,Dumont,Bergen,201055,Bardstown Origin Series Bottle-In-Bond 1/750 mL Btl,7/3/2025,1.00,6.00,$226.00,$68.91
Shane Barreca,70001,Montvale Wine/Liq & Beer,110 Farm View,Montvale,Bergen,201055,Bardstown Origin Series Bottle-In-Bond 1/750 mL Btl,3/25/2025,1.00,6.00,$218.00,$60.91
Shane Barreca,60001,Bottle King (A) Dumont,95 Washington Ave,Dumont,Bergen,201073,Bardstown Collaboration Series Pierre Ferrand 1/750 mL Btl,9/15/2025,1.00,3.00,$307.98,$75.45
Shane Barreca,92011,Bottle King (A) Ramsey,476 Rt 17 N,Ramsey,Bergen,201052,Green River Full Proof 1/750 mL,11/13/2025,1.00,6.00,$218.00,$60.91
Shane Barreca,75004,Cork & Keg (A),89 Kinderkamack Rd,Emerson,Bergen,201055,Bardstown Origin Series Bottle-In-Bond 1/750 mL Btl,2/7/2025,1.00,2.00,$74.00,$21.64
Shane Barreca,75004,Cork & Keg (A),89 Kinderkamack Rd,Emerson,Bergen,201055,Bardstown Origin Series Bottle-In-Bond 1/750 mL Btl,4/7/2025,1.00,1.00,$38.33,$12.15
Shane Barreca,70001,Montvale Wine/Liq & Beer,110 Farm View,Montvale,Bergen,201058,Bardstown Origin Series High Wheat 1/750 mL Btl,9/23/2025,1.00,6.00,$218.00,$60.91
Shane Barreca,92011,Bottle King (A) Ramsey,476 Rt 17 N,Ramsey,Bergen,201057,Bardstown Origin Series Double Barrel Rye 1/750 mL Btl,1/27/2025,1.00,6.00,$218.00,$216.91
Shane Barreca,75004,Cork & Keg (A),89 Kinderkamack Rd,Emerson,Bergen,201057,Bardstown Origin Series Double Barrel Rye 1/750 mL Btl,12/29/2025,1.00,2.00,$75.33,$22.97
Shane Barreca,60001,Bottle King (A) Dumont,95 Washington Ave,Dumont,Bergen,201051,Green River Bourbon 1/750 mL Btl,12/29/2025,1.00,6.00,$154.00,$45.91
Shane Barreca,73003,Bottle King (A) Hillsdale,381 Washington Ave,Hillsdale,Bergen,201054,Green River Wheated 1/750 mL,11/17/2025,1.00,6.00,$161.00,$52.91
Shane Barreca,73003,Bottle King (A) Hillsdale,381 Washington Ave,Hillsdale,Bergen,201058,Bardstown Origin Series High Wheat 1/750 mL Btl,1/27/2025,1.00,6.00,$218.00,$60.91
Shane Barreca,92011,Bottle King (A) Ramsey,476 Rt 17 N,Ramsey,Bergen,201073,Bardstown Collaboration Series Pierre Ferrand 1/750 mL Btl,6/29/2026,1.00,3.00,$325.98,$93.44
Shane Barreca,92011,Bottle King (A) Ramsey,476 Rt 17 N,Ramsey,Bergen,201058,Bardstown Origin Series High Wheat 1/750 mL Btl,2/6/2025,1.00,18.00,$654.00,$182.73
Shane Barreca,73003,Bottle King (A) Hillsdale,381 Washington Ave,Hillsdale,Bergen,201054,Green River Wheated 1/750 mL,5/22/2025,1.00,6.00,$162.00,$53.91
Shane Barreca,73003,Bottle King (A) Hillsdale,381 Washington Ave,Hillsdale,Bergen,201056,Bardstown Origin Series Bourbon 1/750 mL Btl,8/25/2025,1.00,6.00,$208.00,$66.91
Shane Barreca,92011,Bottle King (A) Ramsey,476 Rt 17 N,Ramsey,Bergen,201053,Green River Rye 1/750 mL,10/23/2025,1.00,6.00,$152.00,$43.91
Shane Barreca,67005,Shoprite Liq (A)Northvle,254 F Livingston St.,Northvale,Bergen,201058,Bardstown Origin Series High Wheat 1/750 mL Btl,1/28/2025,1.00,3.00,$115.00,$36.46
Shane Barreca,74009,Westwood Wine and Liquors,725 Broadway,Westwood,Bergen,201058,Bardstown Origin Series High Wheat 1/750 mL Btl,4/1/2025,1.00,6.00,$218.00,$60.91
Shane Barreca,60001,Bottle King (A) Dumont,95 Washington Ave,Dumont,Bergen,201055,Bardstown Origin Series Bottle-In-Bond 1/750 mL Btl,1/27/2025,1.00,6.00,$218.00,$216.91
Shane Barreca,67005,Shoprite Liq (A)Northvle,254 F Livingston St.,Northvale,Bergen,201051,Green River Bourbon 1/750 mL Btl,2/11/2025,1.00,6.00,$154.00,$45.91
Shane Barreca,60001,Bottle King (A) Dumont,95 Washington Ave,Dumont,Bergen,201057,Bardstown Origin Series Double Barrel Rye 1/750 mL Btl,12/18/2025,1.00,6.00,$226.00,$68.91
Shane Barreca,74009,Westwood Wine and Liquors,725 Broadway,Westwood,Bergen,201074,Bardstown Discovery #13 1/750 mL Btl,11/6/2025,1.00,3.00,$325.98,$93.44
Shane Barreca,92011,Bottle King (A) Ramsey,476 Rt 17 N,Ramsey,Bergen,201056,Bardstown Origin Series Bourbon 1/750 mL Btl,6/30/2025,1.00,6.00,$196.00,$54.91
Shane Barreca,92011,Bottle King (A) Ramsey,476 Rt 17 N,Ramsey,Bergen,201055,Bardstown Origin Series Bottle-In-Bond 1/750 mL Btl,2/17/2026,1.00,6.00,$218.00,$60.91
Shane Barreca,74005,Winemart Discount,700 Broadway Suite 42,Westwood,Bergen,201056,Bardstown Origin Series Bourbon 1/750 mL Btl,3/24/2026,1.00,2.00,$69.33,$22.30
Shane Barreca,67005,Shoprite Liq (A)Northvle,254 F Livingston St.,Northvale,Bergen,201053,Green River Rye 1/750 mL,2/11/2025,1.00,6.00,$154.00,$45.91
Shane Barreca,75004,Cork & Keg (A),89 Kinderkamack Rd,Emerson,Bergen,201058,Bardstown Origin Series High Wheat 1/750 mL Btl,11/7/2025,1.00,2.00,$75.33,$22.97
Shane Barreca,70001,Montvale Wine/Liq & Beer,110 Farm View,Montvale,Bergen,201056,Bardstown Origin Series Bourbon 1/750 mL Btl,2/4/2025,1.00,12.00,$392.00,$109.82
Shane Barreca,62009,Gary's Wine & Marketplace (Closter),67 Ver Valen St,Closter,Bergen,201056,Bardstown Origin Series Bourbon 1/750 mL Btl,10/14/2025,1.00,6.00,$196.00,$54.91
Shane Barreca,73003,Bottle King (A) Hillsdale,381 Washington Ave,Hillsdale,Bergen,201054,Green River Wheated 1/750 mL,2/26/2026,1.00,6.00,$161.00,$52.91
Shane Barreca,67005,Shoprite Liq (A)Northvle,254 F Livingston St.,Northvale,Bergen,201056,Bardstown Origin Series Bourbon 1/750 mL Btl,6/20/2025,1.00,6.00,$196.00,$54.91
Shane Barreca,92011,Bottle King (A) Ramsey,476 Rt 17 N,Ramsey,Bergen,201057,Bardstown Origin Series Double Barrel Rye 1/750 mL Btl,6/30/2025,1.00,6.00,$218.00,$60.91
Shane Barreca,68002,Wine And Beverage Spirits,14 Bi State Shop Ctr 72d,Old Tappan,Bergen,201051,Green River Bourbon 1/750 mL Btl,7/24/2025,1.00,6.00,$162.00,$53.91
Shane Barreca,74009,Westwood Wine and Liquors,725 Broadway,Westwood,Bergen,201072,Green River Bourbon 250th Army Anniversary 1/750 mL,11/5/2025,1.00,6.00,$218.00,$60.91
Shane Barreca,60001,Bottle King (A) Dumont,95 Washington Ave,Dumont,Bergen,201058,Bardstown Origin Series High Wheat 1/750 mL Btl,11/20/2025,1.00,6.00,$218.00,$60.91
Shane Barreca,92011,Bottle King (A) Ramsey,476 Rt 17 N,Ramsey,Bergen,201058,Bardstown Origin Series High Wheat 1/750 mL Btl,9/4/2025,1.00,6.00,$218.00,$60.91
Shane Barreca,62009,Gary's Wine & Marketplace (Closter),67 Ver Valen St,Closter,Bergen,201077,Green River Honey 1/750 mL Btl,5/7/2026,1.00,6.00,$115.00,$40.91
Shane Barreca,92011,Bottle King (A) Ramsey,476 Rt 17 N,Ramsey,Bergen,201053,Green River Rye 1/750 mL,2/6/2025,1.00,6.00,$154.00,$45.91
Shane Barreca,75004,Cork & Keg (A),89 Kinderkamack Rd,Emerson,Bergen,201058,Bardstown Origin Series High Wheat 1/750 mL Btl,2/7/2025,1.00,2.00,$74.00,$21.64
Shane Barreca,73003,Bottle King (A) Hillsdale,381 Washington Ave,Hillsdale,Bergen,201057,Bardstown Origin Series Double Barrel Rye 1/750 mL Btl,12/8/2025,1.00,6.00,$218.00,$60.91
Shane Barreca,75004,Cork & Keg (A),89 Kinderkamack Rd,Emerson,Bergen,201057,Bardstown Origin Series Double Barrel Rye 1/750 mL Btl,12/1/2025,1.00,2.00,$81.33,$28.97
Shane Barreca,74009,Westwood Wine and Liquors,725 Broadway,Westwood,Bergen,201054,Green River Wheated 1/750 mL,11/5/2025,1.00,6.00,$154.00,$45.91
Shane Barreca,75004,Cork & Keg (A),89 Kinderkamack Rd,Emerson,Bergen,201055,Bardstown Origin Series Bottle-In-Bond 1/750 mL Btl,6/2/2025,1.00,2.00,$75.33,$22.97
Shane Barreca,92011,Bottle King (A) Ramsey,476 Rt 17 N,Ramsey,Bergen,201057,Bardstown Origin Series Double Barrel Rye 1/750 mL Btl,2/24/2025,1.00,6.00,$218.00,$60.91
Shane Barreca,60001,Bottle King (A) Dumont,95 Washington Ave,Dumont,Bergen,201058,Bardstown Origin Series High Wheat 1/750 mL Btl,7/7/2025,1.00,6.00,$226.00,$68.91
Shane Barreca,73003,Bottle King (A) Hillsdale,381 Washington Ave,Hillsdale,Bergen,201058,Bardstown Origin Series High Wheat 1/750 mL Btl,3/13/2025,1.00,6.00,$226.00,$68.91
Shane Barreca,75004,Cork & Keg (A),89 Kinderkamack Rd,Emerson,Bergen,201052,Green River Full Proof 1/750 mL,8/15/2025,1.00,1.00,$40.67,$14.49
Shane Barreca,92011,Bottle King (A) Ramsey,476 Rt 17 N,Ramsey,Bergen,201058,Bardstown Origin Series High Wheat 1/750 mL Btl,6/19/2025,1.00,6.00,$218.00,$60.91
Shane Barreca,62009,Gary's Wine & Marketplace (Closter),67 Ver Valen St,Closter,Bergen,201054,Green River Wheated 1/750 mL,12/16/2025,1.00,30.00,$770.00,$229.55
Shane Barreca,74009,Westwood Wine and Liquors,725 Broadway,Westwood,Bergen,201058,Bardstown Origin Series High Wheat 1/750 mL Btl,5/6/2026,1.00,6.00,$218.00,$60.91
Shane Barreca,62009,Gary's Wine & Marketplace (Closter),67 Ver Valen St,Closter,Bergen,201051,Green River Bourbon 1/750 mL Btl,2/6/2025,1.00,6.00,$154.00,$45.91
Shane Barreca,72001,Cambridge Wines (Woodcliff Lake),500 Chestnut Ridge Rd #4,Woodcliff Lake,Sales,201055,Bardstown Origin Series Bottle-In-Bond 1/750 mL Btl,6/11/2026,1.00,6.00,$218.00,$60.91
Shane Barreca,73003,Bottle King (A) Hillsdale,381 Washington Ave,Hillsdale,Bergen,201073,Bardstown Collaboration Series Pierre Ferrand 1/750 mL Btl,9/15/2025,1.00,3.00,$307.98,$75.45
Shane Barreca,67005,Shoprite Liq (A)Northvle,254 F Livingston St.,Northvale,Bergen,201056,Bardstown Origin Series Bourbon 1/750 mL Btl,12/16/2025,1.00,6.00,$196.00,$54.91
Shane Barreca,70001,Montvale Wine/Liq & Beer,110 Farm View,Montvale,Bergen,201056,Bardstown Origin Series Bourbon 1/750 mL Btl,3/24/2026,1.00,12.00,$392.00,$109.82
Shane Barreca,73003,Bottle King (A) Hillsdale,381 Washington Ave,Hillsdale,Bergen,201053,Green River Rye 1/750 mL,12/11/2025,1.00,-1.00,($27.00),($8.99)
Shane Barreca,92011,Bottle King (A) Ramsey,476 Rt 17 N,Ramsey,Bergen,201076,Green River Wheated Full Proof 1/750 ml Btl,3/30/2026,1.00,6.00,$226.00,$68.91
Shane Barreca,73003,Bottle King (A) Hillsdale,381 Washington Ave,Hillsdale,Bergen,201051,Green River Bourbon 1/750 mL Btl,11/24/2025,1.00,6.00,$161.00,$52.91
Shane Barreca,62009,Gary's Wine & Marketplace (Closter),67 Ver Valen St,Closter,Bergen,201054,Green River Wheated 1/750 mL,4/10/2025,1.00,6.00,$154.00,$45.91
Shane Barreca,67005,Shoprite Liq (A)Northvle,254 F Livingston St.,Northvale,Bergen,201058,Bardstown Origin Series High Wheat 1/750 mL Btl,6/20/2025,1.00,6.00,$218.00,$60.91
Shane Barreca,92011,Bottle King (A) Ramsey,476 Rt 17 N,Ramsey,Bergen,201052,Green River Full Proof 1/750 mL,8/11/2025,1.00,6.00,$218.00,$60.91
Shane Barreca,60001,Bottle King (A) Dumont,95 Washington Ave,Dumont,Bergen,201074,Bardstown Discovery #13 1/750 mL Btl,9/15/2025,1.00,3.00,$307.98,$75.45
Shane Barreca,74009,Westwood Wine and Liquors,725 Broadway,Westwood,Bergen,201058,Bardstown Origin Series High Wheat 1/750 mL Btl,7/30/2025,1.00,6.00,$218.00,$60.91
Shane Barreca,75004,Cork & Keg (A),89 Kinderkamack Rd,Emerson,Bergen,201058,Bardstown Origin Series High Wheat 1/750 mL Btl,4/25/2025,1.00,0.00,$0.00,$0.00
Shane Barreca,92011,Bottle King (A) Ramsey,476 Rt 17 N,Ramsey,Bergen,201055,Bardstown Origin Series Bottle-In-Bond 1/750 mL Btl,5/29/2025,1.00,12.00,$436.00,$121.82
Shane Barreca,75004,Cork & Keg (A),89 Kinderkamack Rd,Emerson,Bergen,201051,Green River Bourbon 1/750 mL Btl,3/27/2026,1.00,2.00,$53.67,$17.64
Shane Barreca,62009,Gary's Wine & Marketplace (Closter),67 Ver Valen St,Closter,Bergen,201051,Green River Bourbon 1/750 mL Btl,4/10/2025,1.00,6.00,$154.00,$45.91
Shane Barreca,92011,Bottle King (A) Ramsey,476 Rt 17 N,Ramsey,Bergen,201055,Bardstown Origin Series Bottle-In-Bond 1/750 mL Btl,6/25/2026,1.00,6.00,$226.00,$68.91
Shane Barreca,92011,Bottle King (A) Ramsey,476 Rt 17 N,Ramsey,Bergen,201056,Bardstown Origin Series Bourbon 1/750 mL Btl,12/1/2025,1.00,6.00,$196.00,$54.91
Shane Barreca,74009,Westwood Wine and Liquors,725 Broadway,Westwood,Bergen,201054,Green River Wheated 1/750 mL,3/25/2026,1.00,6.00,$154.00,$45.91
Shane Barreca,73003,Bottle King (A) Hillsdale,381 Washington Ave,Hillsdale,Bergen,201056,Bardstown Origin Series Bourbon 1/750 mL Btl,6/5/2025,1.00,6.00,$204.00,$62.91
Shane Barreca,92011,Bottle King (A) Ramsey,476 Rt 17 N,Ramsey,Bergen,201058,Bardstown Origin Series High Wheat 1/750 mL Btl,8/25/2025,1.00,6.00,$226.00,$68.91
Shane Barreca,60001,Bottle King (A) Dumont,95 Washington Ave,Dumont,Bergen,201056,Bardstown Origin Series Bourbon 1/750 mL Btl,11/20/2025,1.00,6.00,$196.00,$54.91
Shane Barreca,62009,Gary's Wine & Marketplace (Closter),67 Ver Valen St,Closter,Bergen,201053,Green River Rye 1/750 mL,4/16/2026,1.00,6.00,$154.00,$45.91
Shane Barreca,67005,Shoprite Liq (A)Northvle,254 F Livingston St.,Northvale,Bergen,201057,Bardstown Origin Series Double Barrel Rye 1/750 mL Btl,2/11/2025,1.00,6.00,$218.00,$60.91
Shane Barreca,70003,Montvale Wine & Spirits,18 S. Kinderkamack Rd,Montvale,Bergen,201056,Bardstown Origin Series Bourbon 1/750 mL Btl,4/24/2025,1.00,6.00,$196.00,$54.91
Shane Barreca,62009,Gary's Wine & Marketplace (Closter),67 Ver Valen St,Closter,Bergen,201056,Bardstown Origin Series Bourbon 1/750 mL Btl,8/5/2025,1.00,6.00,$196.00,$54.91
Shane Barreca,59004,Royal Wine & Spirits II,50 Kinderkamack Rd,Oradell,Bergen,201055,Bardstown Origin Series Bottle-In-Bond 1/750 mL Btl,9/25/2025,1.00,-6.00,($218.00),($60.91)
Shane Barreca,73003,Bottle King (A) Hillsdale,381 Washington Ave,Hillsdale,Bergen,201062,Bardstown Collaboration Series Amrut 1/750 mL Btl,6/20/2025,1.00,2.00,$209.33,$54.30
Shane Barreca,74009,Westwood Wine and Liquors,725 Broadway,Westwood,Bergen,201055,Bardstown Origin Series Bottle-In-Bond 1/750 mL Btl,3/4/2026,1.00,6.00,$218.00,$60.91
Shane Barreca,75004,Cork & Keg (A),89 Kinderkamack Rd,Emerson,Bergen,201052,Green River Full Proof 1/750 mL,2/3/2026,1.00,1.00,$40.67,$14.49
Shane Barreca,60001,Bottle King (A) Dumont,95 Washington Ave,Dumont,Bergen,201055,Bardstown Origin Series Bottle-In-Bond 1/750 mL Btl,5/15/2025,1.00,6.00,$226.00,$68.91
Shane Barreca,74009,Westwood Wine and Liquors,725 Broadway,Westwood,Bergen,201051,Green River Bourbon 1/750 mL Btl,1/14/2026,1.00,6.00,$154.00,$45.91
Shane Barreca,74009,Westwood Wine and Liquors,725 Broadway,Westwood,Bergen,201055,Bardstown Origin Series Bottle-In-Bond 1/750 mL Btl,4/1/2025,1.00,6.00,$218.00,$60.91
Shane Barreca,62009,Gary's Wine & Marketplace (Closter),67 Ver Valen St,Closter,Bergen,201057,Bardstown Origin Series Double Barrel Rye 1/750 mL Btl,4/10/2025,1.00,6.00,$218.00,$60.91
Shane Barreca,92011,Bottle King (A) Ramsey,476 Rt 17 N,Ramsey,Bergen,201056,Bardstown Origin Series Bourbon 1/750 mL Btl,5/15/2025,1.00,6.00,$196.00,$54.91
Shane Barreca,74009,Westwood Wine and Liquors,725 Broadway,Westwood,Bergen,201055,Bardstown Origin Series Bottle-In-Bond 1/750 mL Btl,5/6/2026,1.00,6.00,$218.00,$60.91
Shane Barreca,92011,Bottle King (A) Ramsey,476 Rt 17 N,Ramsey,Bergen,201062,Bardstown Collaboration Series Amrut 1/750 mL Btl,6/20/2025,1.00,2.00,$209.33,$54.30
Shane Barreca,62009,Gary's Wine & Marketplace (Closter),67 Ver Valen St,Closter,Bergen,201074,Bardstown Discovery #13 1/750 mL Btl,9/23/2025,1.00,6.00,$615.96,$150.87
Shane Barreca,75002,Shop Rite Liq (A)Emerson,425 Old Hook Rd,Emerson,Bergen,201055,Bardstown Origin Series Bottle-In-Bond 1/750 mL Btl,10/14/2025,1.00,6.00,$218.00,$60.91
Shane Barreca,92011,Bottle King (A) Ramsey,476 Rt 17 N,Ramsey,Bergen,201052,Green River Full Proof 1/750 mL,10/23/2025,1.00,6.00,$218.00,$60.91
Shane Barreca,74009,Westwood Wine and Liquors,725 Broadway,Westwood,Bergen,201058,Bardstown Origin Series High Wheat 1/750 mL Btl,1/28/2025,1.00,6.00,$226.00,$68.91
Shane Barreca,62009,Gary's Wine & Marketplace (Closter),67 Ver Valen St,Closter,Bergen,201051,Green River Bourbon 1/750 mL Btl,9/4/2025,1.00,6.00,$152.00,$43.91
Shane Barreca,59004,Royal Wine & Spirits II,50 Kinderkamack Rd,Oradell,Bergen,201058,Bardstown Origin Series High Wheat 1/750 mL Btl,9/17/2025,1.00,12.00,$436.00,$121.82
Shane Barreca,62009,Gary's Wine & Marketplace (Closter),67 Ver Valen St,Closter,Bergen,201058,Bardstown Origin Series High Wheat 1/750 mL Btl,9/4/2025,1.00,12.00,$436.00,$121.82
Shane Barreca,75004,Cork & Keg (A),89 Kinderkamack Rd,Emerson,Bergen,201055,Bardstown Origin Series Bottle-In-Bond 1/750 mL Btl,3/7/2025,1.00,2.00,$77.33,$24.97
Shane Barreca,55001,Coasters Liquors,37 Union Ave,Cresskill,Bergen,201055,Bardstown Origin Series Bottle-In-Bond 1/750 mL Btl,9/10/2025,1.00,6.00,$218.00,$60.91
Shane Barreca,60001,Bottle King (A) Dumont,95 Washington Ave,Dumont,Bergen,201056,Bardstown Origin Series Bourbon 1/750 mL Btl,2/5/2026,1.00,6.00,$208.00,$66.91
Shane Barreca,73003,Bottle King (A) Hillsdale,381 Washington Ave,Hillsdale,Bergen,201056,Bardstown Origin Series Bourbon 1/750 mL Btl,5/19/2025,1.00,6.00,$204.00,$62.91
Shane Barreca,73003,Bottle King (A) Hillsdale,381 Washington Ave,Hillsdale,Bergen,201053,Green River Rye 1/750 mL,1/15/2026,1.00,6.00,$154.00,$45.91
Shane Barreca,92011,Bottle King (A) Ramsey,476 Rt 17 N,Ramsey,Bergen,201057,Bardstown Origin Series Double Barrel Rye 1/750 mL Btl,12/11/2025,1.00,6.00,$218.00,$60.91
Shane Barreca,92011,Bottle King (A) Ramsey,476 Rt 17 N,Ramsey,Bergen,201058,Bardstown Origin Series High Wheat 1/750 mL Btl,12/11/2025,1.00,6.00,$218.00,$60.91
Shane Barreca,75004,Cork & Keg (A),89 Kinderkamack Rd,Emerson,Bergen,201064,Bardstown Collaboration Series Silver Oak 1/750 mL Btl,5/21/2025,1.00,1.00,$105.67,$28.15
Shane Barreca,62009,Gary's Wine & Marketplace (Closter),67 Ver Valen St,Closter,Bergen,201051,Green River Bourbon 1/750 mL Btl,11/13/2025,1.00,12.00,$308.00,$91.82
Shane Barreca,62009,Gary's Wine & Marketplace (Closter),67 Ver Valen St,Closter,Bergen,201055,Bardstown Origin Series Bottle-In-Bond 1/750 mL Btl,4/10/2025,1.00,6.00,$218.00,$60.91
Shane Barreca,92011,Bottle King (A) Ramsey,476 Rt 17 N,Ramsey,Bergen,201056,Bardstown Origin Series Bourbon 1/750 mL Btl,6/19/2025,1.00,6.00,$196.00,$54.91
Shane Barreca,92011,Bottle King (A) Ramsey,476 Rt 17 N,Ramsey,Bergen,201074,Bardstown Discovery #13 1/750 mL Btl,6/29/2026,1.00,3.00,$325.98,$93.44
Shane Barreca,92011,Bottle King (A) Ramsey,476 Rt 17 N,Ramsey,Bergen,201055,Bardstown Origin Series Bottle-In-Bond 1/750 mL Btl,10/9/2025,1.00,6.00,$218.00,$60.91
Shane Barreca,92011,Bottle King (A) Ramsey,476 Rt 17 N,Ramsey,Bergen,201055,Bardstown Origin Series Bottle-In-Bond 1/750 mL Btl,12/11/2025,1.00,6.00,$218.00,$60.91
Shane Barreca,92011,Bottle King (A) Ramsey,476 Rt 17 N,Ramsey,Bergen,201058,Bardstown Origin Series High Wheat 1/750 mL Btl,12/26/2025,1.00,6.00,$218.00,$60.91
Shane Barreca,92011,Bottle King (A) Ramsey,476 Rt 17 N,Ramsey,Bergen,201055,Bardstown Origin Series Bottle-In-Bond 1/750 mL Btl,8/4/2025,1.00,6.00,$226.00,$68.91
Shane Barreca,60001,Bottle King (A) Dumont,95 Washington Ave,Dumont,Bergen,201057,Bardstown Origin Series Double Barrel Rye 1/750 mL Btl,7/3/2025,1.00,6.00,$226.00,$68.91
Shane Barreca,92011,Bottle King (A) Ramsey,476 Rt 17 N,Ramsey,Bergen,201057,Bardstown Origin Series Double Barrel Rye 1/750 mL Btl,5/15/2025,1.00,6.00,$218.00,$60.91
Shane Barreca,74009,Westwood Wine and Liquors,725 Broadway,Westwood,Bergen,201058,Bardstown Origin Series High Wheat 1/750 mL Btl,3/4/2026,1.00,6.00,$218.00,$60.91
Shane Barreca,92011,Bottle King (A) Ramsey,476 Rt 17 N,Ramsey,Bergen,201054,Green River Wheated 1/750 mL,1/27/2025,1.00,6.00,$154.00,$152.91
Shane Barreca,75004,Cork & Keg (A),89 Kinderkamack Rd,Emerson,Bergen,201058,Bardstown Origin Series High Wheat 1/750 mL Btl,12/1/2025,1.00,1.00,$40.67,$14.49
Shane Barreca,62009,Gary's Wine & Marketplace (Closter),67 Ver Valen St,Closter,Bergen,201062,Bardstown Collaboration Series Amrut 1/750 mL Btl,4/8/2025,1.00,1.00,$105.67,$28.15
Shane Barreca,75004,Cork & Keg (A),89 Kinderkamack Rd,Emerson,Bergen,201057,Bardstown Origin Series Double Barrel Rye 1/750 mL Btl,6/2/2025,1.00,1.00,$37.67,$11.49
Shane Barreca,92011,Bottle King (A) Ramsey,476 Rt 17 N,Ramsey,Bergen,201053,Green River Rye 1/750 mL,12/1/2025,1.00,6.00,$154.00,$45.91
Shane Barreca,55001,Coasters Liquors,37 Union Ave,Cresskill,Bergen,201062,Bardstown Collaboration Series Amrut 1/750 mL Btl,9/10/2025,1.00,1.00,$105.67,$28.15
Shane Barreca,60001,Bottle King (A) Dumont,95 Washington Ave,Dumont,Bergen,201058,Bardstown Origin Series High Wheat 1/750 mL Btl,5/26/2026,1.00,6.00,$218.00,$60.91
Shane Barreca,60001,Bottle King (A) Dumont,95 Washington Ave,Dumont,Bergen,201058,Bardstown Origin Series High Wheat 1/750 mL Btl,2/24/2025,1.00,6.00,$226.00,$68.91
Shane Barreca,70001,Montvale Wine/Liq & Beer,110 Farm View,Montvale,Bergen,201054,Green River Wheated 1/750 mL,1/28/2026,1.00,18.00,$462.00,$137.73
Shane Barreca,73003,Bottle King (A) Hillsdale,381 Washington Ave,Hillsdale,Bergen,201064,Bardstown Collaboration Series Silver Oak 1/750 mL Btl,6/20/2025,1.00,2.00,$209.33,$54.30
Shane Barreca,62009,Gary's Wine & Marketplace (Closter),67 Ver Valen St,Closter,Bergen,201054,Green River Wheated 1/750 mL,2/6/2025,1.00,6.00,$154.00,$45.91
Shane Barreca,72001,Cambridge Wines (Woodcliff Lake),500 Chestnut Ridge Rd #4,Woodcliff Lake,Sales,201056,Bardstown Origin Series Bourbon 1/750 mL Btl,6/11/2026,1.00,6.00,$196.00,$54.91
Shane Barreca,75004,Cork & Keg (A),89 Kinderkamack Rd,Emerson,Bergen,201051,Green River Bourbon 1/750 mL Btl,6/9/2025,1.00,6.00,$162.00,$53.91
Shane Barreca,73003,Bottle King (A) Hillsdale,381 Washington Ave,Hillsdale,Bergen,201051,Green River Bourbon 1/750 mL Btl,1/15/2026,1.00,6.00,$154.00,$45.91
Shane Barreca,75004,Cork & Keg (A),89 Kinderkamack Rd,Emerson,Bergen,201051,Green River Bourbon 1/750 mL Btl,5/23/2025,1.00,2.00,$54.33,$18.30
Shane Barreca,60001,Bottle King (A) Dumont,95 Washington Ave,Dumont,Bergen,201052,Green River Full Proof 1/750 mL,1/27/2025,1.00,6.00,$218.00,$216.91
Shane Barreca,67004,Beverage Barn (A),224 Livingston St,Northvale,Bergen,201054,Green River Wheated 1/750 mL,12/31/2025,1.00,18.00,$462.00,$137.73
Shane Barreca,74005,Winemart Discount,700 Broadway Suite 42,Westwood,Bergen,201053,Green River Rye 1/750 mL,3/24/2026,1.00,2.00,$53.67,$17.64
Shane Barreca,74009,Westwood Wine and Liquors,725 Broadway,Westwood,Bergen,201073,Bardstown Collaboration Series Pierre Ferrand 1/750 mL Btl,11/6/2025,1.00,3.00,$325.98,$93.44
Shane Barreca,92011,Bottle King (A) Ramsey,476 Rt 17 N,Ramsey,Bergen,201053,Green River Rye 1/750 mL,11/13/2025,1.00,6.00,$154.00,$45.91
Shane Barreca,92011,Bottle King (A) Ramsey,476 Rt 17 N,Ramsey,Bergen,201073,Bardstown Collaboration Series Pierre Ferrand 1/750 mL Btl,7/13/2026,1.00,3.00,$325.98,$93.44
Shane Barreca,92011,Bottle King (A) Ramsey,476 Rt 17 N,Ramsey,Bergen,201051,Green River Bourbon 1/750 mL Btl,1/27/2025,1.00,12.00,$308.00,($978.18)
Shane Barreca,92011,Bottle King (A) Ramsey,476 Rt 17 N,Ramsey,Bergen,201054,Green River Wheated 1/750 mL,12/15/2025,1.00,6.00,$161.00,$52.91
Shane Barreca,73003,Bottle King (A) Hillsdale,381 Washington Ave,Hillsdale,Bergen,201054,Green River Wheated 1/750 mL,1/27/2025,1.00,6.00,$154.00,$152.91
Shane Barreca,62009,Gary's Wine & Marketplace (Closter),67 Ver Valen St,Closter,Bergen,201054,Green River Wheated 1/750 mL,12/4/2025,1.00,6.00,$154.00,$45.91
Shane Barreca,92011,Bottle King (A) Ramsey,476 Rt 17 N,Ramsey,Bergen,201055,Bardstown Origin Series Bottle-In-Bond 1/750 mL Btl,10/20/2025,1.00,6.00,$226.00,$68.91
Shane Barreca,92011,Bottle King (A) Ramsey,476 Rt 17 N,Ramsey,Bergen,201055,Bardstown Origin Series Bottle-In-Bond 1/750 mL Btl,12/1/2025,1.00,6.00,$218.00,$60.91
Shane Barreca,62009,Gary's Wine & Marketplace (Closter),67 Ver Valen St,Closter,Bergen,201054,Green River Wheated 1/750 mL,4/16/2026,1.00,6.00,$154.00,$45.91
Shane Barreca,74009,Westwood Wine and Liquors,725 Broadway,Westwood,Bergen,201051,Green River Bourbon 1/750 mL Btl,3/25/2026,1.00,6.00,$154.00,$45.91
Shane Barreca,60001,Bottle King (A) Dumont,95 Washington Ave,Dumont,Bergen,201055,Bardstown Origin Series Bottle-In-Bond 1/750 mL Btl,7/10/2025,1.00,6.00,$226.00,$68.91
Shane Barreca,62009,Gary's Wine & Marketplace (Closter),67 Ver Valen St,Closter,Bergen,201051,Green River Bourbon 1/750 mL Btl,5/29/2025,1.00,6.00,$154.00,$45.91
Shane Barreca,92011,Bottle King (A) Ramsey,476 Rt 17 N,Ramsey,Bergen,201074,Bardstown Discovery #13 1/750 mL Btl,7/13/2026,1.00,3.00,$325.98,$93.44
Shane Barreca,62009,Gary's Wine & Marketplace (Closter),67 Ver Valen St,Closter,Bergen,201057,Bardstown Origin Series Double Barrel Rye 1/750 mL Btl,2/6/2025,1.00,6.00,$218.00,$60.91
Shane Barreca,74009,Westwood Wine and Liquors,725 Broadway,Westwood,Bergen,201058,Bardstown Origin Series High Wheat 1/750 mL Btl,12/23/2025,1.00,6.00,$218.00,$60.91
Shane Barreca,74005,Winemart Discount,700 Broadway Suite 42,Westwood,Bergen,201057,Bardstown Origin Series Double Barrel Rye 1/750 mL Btl,3/24/2026,1.00,2.00,$75.33,$22.97
Shane Barreca,74009,Westwood Wine and Liquors,725 Broadway,Westwood,Bergen,201055,Bardstown Origin Series Bottle-In-Bond 1/750 mL Btl,5/22/2025,1.00,6.00,$218.00,$60.91
Shane Barreca,67005,Shoprite Liq (A)Northvle,254 F Livingston St.,Northvale,Bergen,201054,Green River Wheated 1/750 mL,2/11/2025,1.00,6.00,$154.00,$45.91
Shane Barreca,92011,Bottle King (A) Ramsey,476 Rt 17 N,Ramsey,Bergen,201064,Bardstown Collaboration Series Silver Oak 1/750 mL Btl,6/20/2025,1.00,2.00,$209.33,$54.30
Shane Barreca,73003,Bottle King (A) Hillsdale,381 Washington Ave,Hillsdale,Bergen,201057,Bardstown Origin Series Double Barrel Rye 1/750 mL Btl,2/6/2025,1.00,6.00,$218.00,$60.91
Shane Barreca,73003,Bottle King (A) Hillsdale,381 Washington Ave,Hillsdale,Bergen,201061,Bardstown Discovery Series #12 1/750 mL Btl,4/10/2025,1.00,1.00,$105.67,$28.15
Shane Barreca,74005,Winemart Discount,700 Broadway Suite 42,Westwood,Bergen,201054,Green River Wheated 1/750 mL,3/24/2026,1.00,2.00,$53.67,$17.64
Shane Barreca,60001,Bottle King (A) Dumont,95 Washington Ave,Dumont,Bergen,201058,Bardstown Origin Series High Wheat 1/750 mL Btl,12/8/2025,1.00,6.00,$226.00,$68.91
Shane Barreca,60001,Bottle King (A) Dumont,95 Washington Ave,Dumont,Bergen,201054,Green River Wheated 1/750 mL,2/11/2025,1.00,6.00,$162.00,$53.91
Shane Barreca,73008,Shop Rite Liq (A)Hillsdal,371 Broadway,Hillsdale,Bergen,201057,Bardstown Origin Series Double Barrel Rye 1/750 mL Btl,2/11/2025,1.00,3.00,$113.00,$34.46
Shane Barreca,73008,Shop Rite Liq (A)Hillsdal,371 Broadway,Hillsdale,Bergen,201057,Bardstown Origin Series Double Barrel Rye 1/750 mL Btl,3/10/2026,1.00,3.00,$113.00,$34.46
Shane Barreca,92011,Bottle King (A) Ramsey,476 Rt 17 N,Ramsey,Bergen,201056,Bardstown Origin Series Bourbon 1/750 mL Btl,12/26/2025,1.00,6.00,$196.00,$54.91
Shane Barreca,62009,Gary's Wine & Marketplace (Closter),67 Ver Valen St,Closter,Bergen,201063,Bardstown Collaboration Series Goose Island 1/750 mL Btl,4/8/2025,1.00,1.00,$75.67,$20.82
Shane Barreca,67005,Shoprite Liq (A)Northvle,254 F Livingston St.,Northvale,Bergen,201058,Bardstown Origin Series High Wheat 1/750 mL Btl,12/16/2025,1.00,6.00,$218.00,$60.91
Shane Barreca,67005,Shoprite Liq (A)Northvle,254 F Livingston St.,Northvale,Bergen,201062,Bardstown Collaboration Series Amrut 1/750 mL Btl,4/8/2025,1.00,1.00,$105.67,$28.15
Shane Barreca,92011,Bottle King (A) Ramsey,476 Rt 17 N,Ramsey,Bergen,201057,Bardstown Origin Series Double Barrel Rye 1/750 mL Btl,3/27/2025,1.00,6.00,$218.00,$60.91
Shane Barreca,74009,Westwood Wine and Liquors,725 Broadway,Westwood,Bergen,201052,Green River Full Proof 1/750 mL,3/25/2026,1.00,6.00,$218.00,$60.91
Shane Barreca,92011,Bottle King (A) Ramsey,476 Rt 17 N,Ramsey,Bergen,201062,Bardstown Collaboration Series Amrut 1/750 mL Btl,4/10/2025,1.00,1.00,$105.67,$28.15
Shane Barreca,92011,Bottle King (A) Ramsey,476 Rt 17 N,Ramsey,Bergen,201058,Bardstown Origin Series High Wheat 1/750 mL Btl,5/14/2026,1.00,6.00,$226.00,$68.91
Shane Barreca,74009,Westwood Wine and Liquors,725 Broadway,Westwood,Bergen,201055,Bardstown Origin Series Bottle-In-Bond 1/750 mL Btl,7/30/2025,1.00,6.00,$218.00,$60.91
Shane Barreca,92011,Bottle King (A) Ramsey,476 Rt 17 N,Ramsey,Bergen,201056,Bardstown Origin Series Bourbon 1/750 mL Btl,8/14/2025,1.00,6.00,$196.00,$54.91
Shane Barreca,60001,Bottle King (A) Dumont,95 Washington Ave,Dumont,Bergen,201056,Bardstown Origin Series Bourbon 1/750 mL Btl,4/9/2026,1.00,6.00,$208.00,$66.91
Shane Barreca,92011,Bottle King (A) Ramsey,476 Rt 17 N,Ramsey,Bergen,201056,Bardstown Origin Series Bourbon 1/750 mL Btl,5/7/2026,1.00,6.00,$196.00,$54.91
Shane Barreca,73003,Bottle King (A) Hillsdale,381 Washington Ave,Hillsdale,Bergen,201055,Bardstown Origin Series Bottle-In-Bond 1/750 mL Btl,5/14/2026,1.00,6.00,$218.00,$60.91
Shane Barreca,75004,Cork & Keg (A),89 Kinderkamack Rd,Emerson,Bergen,201051,Green River Bourbon 1/750 mL Btl,6/2/2025,1.00,0.00,$0.00,$0.00
Shane Barreca,92011,Bottle King (A) Ramsey,476 Rt 17 N,Ramsey,Bergen,201058,Bardstown Origin Series High Wheat 1/750 mL Btl,1/27/2026,1.00,18.00,$654.00,$182.73
Shane Barreca,62009,Gary's Wine & Marketplace (Closter),67 Ver Valen St,Closter,Bergen,201052,Green River Full Proof 1/750 mL,4/10/2025,1.00,6.00,$218.00,$60.91
Shane Barreca,92011,Bottle King (A) Ramsey,476 Rt 17 N,Ramsey,Bergen,201058,Bardstown Origin Series High Wheat 1/750 mL Btl,10/14/2025,1.00,6.00,$226.00,$68.91
Shane Barreca,75004,Cork & Keg (A),89 Kinderkamack Rd,Emerson,Bergen,201057,Bardstown Origin Series Double Barrel Rye 1/750 mL Btl,4/7/2025,1.00,2.00,$76.67,$24.30
Shane Barreca,74009,Westwood Wine and Liquors,725 Broadway,Westwood,Bergen,201056,Bardstown Origin Series Bourbon 1/750 mL Btl,5/22/2025,1.00,6.00,$196.00,$54.91
Shane Barreca,62009,Gary's Wine & Marketplace (Closter),67 Ver Valen St,Closter,Bergen,201059,Bardstown Discovery Series #10 1/750 mL Btl,8/1/2025,1.00,1.00,$105.67,$28.15
Shane Barreca,92011,Bottle King (A) Ramsey,476 Rt 17 N,Ramsey,Bergen,201058,Bardstown Origin Series High Wheat 1/750 mL Btl,5/29/2025,1.00,6.00,$218.00,$60.91
Shane Barreca,92011,Bottle King (A) Ramsey,476 Rt 17 N,Ramsey,Bergen,201057,Bardstown Origin Series Double Barrel Rye 1/750 mL Btl,12/18/2025,1.00,6.00,$218.00,$60.91
Shane Barreca,60001,Bottle King (A) Dumont,95 Washington Ave,Dumont,Bergen,201055,Bardstown Origin Series Bottle-In-Bond 1/750 mL Btl,4/23/2026,1.00,6.00,$226.00,$68.91
Shane Barreca,62009,Gary's Wine & Marketplace (Closter),67 Ver Valen St,Closter,Bergen,201055,Bardstown Origin Series Bottle-In-Bond 1/750 mL Btl,6/24/2025,1.00,6.00,$218.00,$60.91
Shane Barreca,75004,Cork & Keg (A),89 Kinderkamack Rd,Emerson,Bergen,201058,Bardstown Origin Series High Wheat 1/750 mL Btl,12/22/2025,1.00,2.00,$81.33,$28.97
Shane Barreca,55001,Coasters Liquors,37 Union Ave,Cresskill,Bergen,201057,Bardstown Origin Series Double Barrel Rye 1/750 mL Btl,9/10/2025,1.00,6.00,$218.00,$60.91
Shane Barreca,73003,Bottle King (A) Hillsdale,381 Washington Ave,Hillsdale,Bergen,201056,Bardstown Origin Series Bourbon 1/750 mL Btl,1/27/2025,1.00,12.00,$392.00,$389.82
Shane Barreca,75004,Cork & Keg (A),89 Kinderkamack Rd,Emerson,Bergen,201051,Green River Bourbon 1/750 mL Btl,11/7/2025,1.00,1.00,$26.83,$8.82
Shane Barreca,92011,Bottle King (A) Ramsey,476 Rt 17 N,Ramsey,Bergen,201057,Bardstown Origin Series Double Barrel Rye 1/750 mL Btl,6/19/2025,1.00,6.00,$218.00,$60.91
Shane Barreca,92011,Bottle King (A) Ramsey,476 Rt 17 N,Ramsey,Bergen,201057,Bardstown Origin Series Double Barrel Rye 1/750 mL Btl,11/10/2025,1.00,6.00,$226.00,$68.91
Shane Barreca,73003,Bottle King (A) Hillsdale,381 Washington Ave,Hillsdale,Bergen,201057,Bardstown Origin Series Double Barrel Rye 1/750 mL Btl,2/10/2026,1.00,6.00,$218.00,$60.91
Shane Barreca,60001,Bottle King (A) Dumont,95 Washington Ave,Dumont,Bergen,201058,Bardstown Origin Series High Wheat 1/750 mL Btl,1/27/2025,1.00,6.00,$218.00,$60.91
Shane Barreca,67004,Beverage Barn (A),224 Livingston St,Northvale,Bergen,201058,Bardstown Origin Series High Wheat 1/750 mL Btl,3/21/2025,1.00,6.00,$218.00,$60.91
Shane Barreca,60001,Bottle King (A) Dumont,95 Washington Ave,Dumont,Bergen,201062,Bardstown Collaboration Series Amrut 1/750 mL Btl,4/10/2025,1.00,1.00,$105.67,$28.15
Shane Barreca,67005,Shoprite Liq (A)Northvle,254 F Livingston St.,Northvale,Bergen,201051,Green River Bourbon 1/750 mL Btl,11/25/2025,1.00,6.00,$161.00,$52.91
Shane Barreca,92011,Bottle King (A) Ramsey,476 Rt 17 N,Ramsey,Bergen,201057,Bardstown Origin Series Double Barrel Rye 1/750 mL Btl,5/29/2025,1.00,6.00,$218.00,$60.91
Shane Barreca,73003,Bottle King (A) Hillsdale,381 Washington Ave,Hillsdale,Bergen,201055,Bardstown Origin Series Bottle-In-Bond 1/750 mL Btl,9/2/2025,1.00,6.00,$226.00,$68.91
Shane Barreca,92011,Bottle King (A) Ramsey,476 Rt 17 N,Ramsey,Bergen,201058,Bardstown Origin Series High Wheat 1/750 mL Btl,3/30/2026,1.00,6.00,$226.00,$68.91
Shane Barreca,67005,Shoprite Liq (A)Northvle,254 F Livingston St.,Northvale,Bergen,201052,Green River Full Proof 1/750 mL,2/11/2025,1.00,6.00,$218.00,$60.91
Shane Barreca,73003,Bottle King (A) Hillsdale,381 Washington Ave,Hillsdale,Bergen,201056,Bardstown Origin Series Bourbon 1/750 mL Btl,5/14/2026,1.00,6.00,$196.00,$54.91
Shane Barreca,92011,Bottle King (A) Ramsey,476 Rt 17 N,Ramsey,Bergen,201076,Green River Wheated Full Proof 1/750 ml Btl,3/16/2026,1.00,18.00,$654.00,$182.73
Shane Barreca,92011,Bottle King (A) Ramsey,476 Rt 17 N,Ramsey,Bergen,201052,Green River Full Proof 1/750 mL,5/5/2025,1.00,6.00,$218.00,$60.91
Shane Barreca,92011,Bottle King (A) Ramsey,476 Rt 17 N,Ramsey,Bergen,201053,Green River Rye 1/750 mL,6/26/2025,1.00,6.00,$154.00,$45.91
Shane Barreca,92011,Bottle King (A) Ramsey,476 Rt 17 N,Ramsey,Bergen,201054,Green River Wheated 1/750 mL,3/23/2026,1.00,6.00,$154.00,$45.91
Shane Barreca,92011,Bottle King (A) Ramsey,476 Rt 17 N,Ramsey,Bergen,201056,Bardstown Origin Series Bourbon 1/750 mL Btl,2/6/2025,1.00,6.00,$196.00,$54.91
Shane Barreca,74009,Westwood Wine and Liquors,725 Broadway,Westwood,Bergen,201057,Bardstown Origin Series Double Barrel Rye 1/750 mL Btl,7/15/2026,1.00,6.00,$218.00,$60.91
Shane Barreca,92011,Bottle King (A) Ramsey,476 Rt 17 N,Ramsey,Bergen,201051,Green River Bourbon 1/750 mL Btl,12/22/2025,1.00,6.00,$154.00,$45.91
Shane Barreca,92011,Bottle King (A) Ramsey,476 Rt 17 N,Ramsey,Bergen,201058,Bardstown Origin Series High Wheat 1/750 mL Btl,2/13/2025,1.00,18.00,$654.00,$182.73
Shane Barreca,60001,Bottle King (A) Dumont,95 Washington Ave,Dumont,Bergen,201053,Green River Rye 1/750 mL,1/27/2025,1.00,6.00,$154.00,$152.91
Shane Barreca,59004,Royal Wine & Spirits II,50 Kinderkamack Rd,Oradell,Bergen,201055,Bardstown Origin Series Bottle-In-Bond 1/750 mL Btl,9/17/2025,1.00,6.00,$218.00,$60.91
Shane Barreca,73003,Bottle King (A) Hillsdale,381 Washington Ave,Hillsdale,Bergen,201055,Bardstown Origin Series Bottle-In-Bond 1/750 mL Btl,11/3/2025,1.00,6.00,$226.00,$68.91
Shane Barreca,74009,Westwood Wine and Liquors,725 Broadway,Westwood,Bergen,201055,Bardstown Origin Series Bottle-In-Bond 1/750 mL Btl,1/22/2025,1.00,12.00,$436.00,$433.82
Shane Barreca,92011,Bottle King (A) Ramsey,476 Rt 17 N,Ramsey,Bergen,201075,Green River Single Barrel Wheated 1/1/750mL Btl,12/9/2025,1.00,6.00,$267.96,$71.87
Shane Barreca,60001,Bottle King (A) Dumont,95 Washington Ave,Dumont,Bergen,201052,Green River Full Proof 1/750 mL,4/3/2025,1.00,6.00,$226.00,$68.91
Shane Barreca,67005,Shoprite Liq (A)Northvle,254 F Livingston St.,Northvale,Bergen,201051,Green River Bourbon 1/750 mL Btl,9/5/2025,1.00,6.00,$162.00,$53.91
Shane Barreca,70001,Montvale Wine/Liq & Beer,110 Farm View,Montvale,Bergen,201055,Bardstown Origin Series Bottle-In-Bond 1/750 mL Btl,7/22/2025,1.00,6.00,$218.00,$60.91
Shane Barreca,75004,Cork & Keg (A),89 Kinderkamack Rd,Emerson,Bergen,201058,Bardstown Origin Series High Wheat 1/750 mL Btl,4/21/2025,1.00,2.00,$76.67,$24.30
Shane Barreca,62009,Gary's Wine & Marketplace (Closter),67 Ver Valen St,Closter,Bergen,201056,Bardstown Origin Series Bourbon 1/750 mL Btl,4/10/2025,1.00,6.00,$196.00,$54.91
Shane Barreca,73003,Bottle King (A) Hillsdale,381 Washington Ave,Hillsdale,Bergen,201053,Green River Rye 1/750 mL,9/8/2025,1.00,6.00,$162.00,$53.91
Shane Barreca,73003,Bottle King (A) Hillsdale,381 Washington Ave,Hillsdale,Bergen,201054,Green River Wheated 1/750 mL,2/27/2025,1.00,12.00,$308.00,$91.82
Shane Barreca,73003,Bottle King (A) Hillsdale,381 Washington Ave,Hillsdale,Bergen,201055,Bardstown Origin Series Bottle-In-Bond 1/750 mL Btl,3/30/2026,1.00,6.00,$226.00,$68.91
Shane Barreca,73003,Bottle King (A) Hillsdale,381 Washington Ave,Hillsdale,Bergen,201076,Green River Wheated Full Proof 1/750 ml Btl,2/26/2026,1.00,6.00,$226.00,$68.91
Shane Barreca,73003,Bottle King (A) Hillsdale,381 Washington Ave,Hillsdale,Bergen,201051,Green River Bourbon 1/750 mL Btl,1/27/2025,1.00,12.00,$308.00,($978.18)
Shane Barreca,92011,Bottle King (A) Ramsey,476 Rt 17 N,Ramsey,Bergen,201057,Bardstown Origin Series Double Barrel Rye 1/750 mL Btl,11/20/2025,1.00,6.00,$218.00,$60.91
Shane Barreca,60001,Bottle King (A) Dumont,95 Washington Ave,Dumont,Bergen,201052,Green River Full Proof 1/750 mL,12/29/2025,1.00,6.00,$218.00,$60.91
Shane Barreca,60001,Bottle King (A) Dumont,95 Washington Ave,Dumont,Bergen,201058,Bardstown Origin Series High Wheat 1/750 mL Btl,5/15/2025,1.00,6.00,$226.00,$68.91
Shane Barreca,60001,Bottle King (A) Dumont,95 Washington Ave,Dumont,Bergen,201057,Bardstown Origin Series Double Barrel Rye 1/750 mL Btl,1/27/2025,1.00,6.00,$218.00,$216.91
Shane Barreca,92011,Bottle King (A) Ramsey,476 Rt 17 N,Ramsey,Bergen,201055,Bardstown Origin Series Bottle-In-Bond 1/750 mL Btl,3/27/2025,1.00,6.00,$218.00,$60.91
Shane Barreca,75004,Cork & Keg (A),89 Kinderkamack Rd,Emerson,Bergen,201056,Bardstown Origin Series Bourbon 1/750 mL Btl,9/2/2025,1.00,2.00,$73.33,$26.30
Shane Barreca,62009,Gary's Wine & Marketplace (Closter),67 Ver Valen St,Closter,Bergen,201058,Bardstown Origin Series High Wheat 1/750 mL Btl,3/4/2025,1.00,12.00,$452.00,$137.82
Shane Barreca,92011,Bottle King (A) Ramsey,476 Rt 17 N,Ramsey,Bergen,201054,Green River Wheated 1/750 mL,2/6/2025,1.00,12.00,$308.00,$91.82
Shane Barreca,92011,Bottle King (A) Ramsey,476 Rt 17 N,Ramsey,Bergen,201057,Bardstown Origin Series Double Barrel Rye 1/750 mL Btl,9/4/2025,1.00,6.00,$218.00,$60.91
Shane Barreca,92011,Bottle King (A) Ramsey,476 Rt 17 N,Ramsey,Bergen,201055,Bardstown Origin Series Bottle-In-Bond 1/750 mL Btl,4/17/2025,1.00,12.00,$436.00,$121.82
Shane Barreca,92011,Bottle King (A) Ramsey,476 Rt 17 N,Ramsey,Bergen,201058,Bardstown Origin Series High Wheat 1/750 mL Btl,11/20/2025,1.00,6.00,$218.00,$60.91
Shane Barreca,92011,Bottle King (A) Ramsey,476 Rt 17 N,Ramsey,Bergen,201054,Green River Wheated 1/750 mL,4/23/2026,1.00,6.00,$154.00,$45.91
Shane Barreca,73003,Bottle King (A) Hillsdale,381 Washington Ave,Hillsdale,Bergen,201056,Bardstown Origin Series Bourbon 1/750 mL Btl,12/8/2025,1.00,6.00,$196.00,$54.91
Shane Barreca,73003,Bottle King (A) Hillsdale,381 Washington Ave,Hillsdale,Bergen,201053,Green River Rye 1/750 mL,12/22/2025,1.00,6.00,$161.00,$52.91
Shane Barreca,73003,Bottle King (A) Hillsdale,381 Washington Ave,Hillsdale,Bergen,201058,Bardstown Origin Series High Wheat 1/750 mL Btl,6/5/2025,1.00,6.00,$226.00,$68.91
Shane Barreca,75004,Cork & Keg (A),89 Kinderkamack Rd,Emerson,Bergen,201058,Bardstown Origin Series High Wheat 1/750 mL Btl,3/23/2026,1.00,2.00,$81.33,$28.97
Shane Barreca,55001,Coasters Liquors,37 Union Ave,Cresskill,Bergen,201059,Bardstown Discovery Series #10 1/750 mL Btl,9/10/2025,1.00,1.00,$105.67,$28.15
Shane Barreca,70001,Montvale Wine/Liq & Beer,110 Farm View,Montvale,Bergen,201056,Bardstown Origin Series Bourbon 1/750 mL Btl,1/28/2026,1.00,6.00,$196.00,$54.91
Shane Barreca,60001,Bottle King (A) Dumont,95 Washington Ave,Dumont,Bergen,201057,Bardstown Origin Series Double Barrel Rye 1/750 mL Btl,3/27/2025,1.00,6.00,$226.00,$68.91
Shane Barreca,73003,Bottle King (A) Hillsdale,381 Washington Ave,Hillsdale,Bergen,201057,Bardstown Origin Series Double Barrel Rye 1/750 mL Btl,11/17/2025,1.00,6.00,$226.00,$68.91
Shane Barreca,92011,Bottle King (A) Ramsey,476 Rt 17 N,Ramsey,Bergen,201053,Green River Rye 1/750 mL,2/11/2025,1.00,12.00,$308.00,$91.82
Shane Barreca,60001,Bottle King (A) Dumont,95 Washington Ave,Dumont,Bergen,201058,Bardstown Origin Series High Wheat 1/750 mL Btl,6/9/2025,1.00,6.00,$226.00,$68.91
Shane Barreca,75004,Cork & Keg (A),89 Kinderkamack Rd,Emerson,Bergen,201057,Bardstown Origin Series Double Barrel Rye 1/750 mL Btl,12/15/2025,1.00,2.00,$75.33,$22.97
Shane Barreca,92011,Bottle King (A) Ramsey,476 Rt 17 N,Ramsey,Bergen,201074,Bardstown Discovery #13 1/750 mL Btl,9/15/2025,1.00,3.00,$307.98,$75.45
Shane Barreca,75004,Cork & Keg (A),89 Kinderkamack Rd,Emerson,Bergen,201052,Green River Full Proof 1/750 mL,4/6/2026,1.00,2.00,$81.33,$28.97
Shane Barreca,92011,Bottle King (A) Ramsey,476 Rt 17 N,Ramsey,Bergen,201056,Bardstown Origin Series Bourbon 1/750 mL Btl,11/20/2025,1.00,6.00,$196.00,$54.91
Shane Barreca,62009,Gary's Wine & Marketplace (Closter),67 Ver Valen St,Closter,Bergen,201064,Bardstown Collaboration Series Silver Oak 1/750 mL Btl,4/8/2025,1.00,1.00,$105.67,$28.15
Shane Barreca,67005,Shoprite Liq (A)Northvle,254 F Livingston St.,Northvale,Bergen,201056,Bardstown Origin Series Bourbon 1/750 mL Btl,4/10/2026,1.00,6.00,$208.00,$66.91
Shane Barreca,75004,Cork & Keg (A),89 Kinderkamack Rd,Emerson,Bergen,201055,Bardstown Origin Series Bottle-In-Bond 1/750 mL Btl,4/27/2026,1.00,2.00,$81.33,$28.97
Shane Barreca,73003,Bottle King (A) Hillsdale,381 Washington Ave,Hillsdale,Bergen,201054,Green River Wheated 1/750 mL,8/7/2025,1.00,6.00,$162.00,$53.91
Shane Barreca,74005,Winemart Discount,700 Broadway Suite 42,Westwood,Bergen,201077,Green River Honey 1/750 mL Btl,5/19/2026,1.00,2.00,$40.00,$15.30
Shane Barreca,92011,Bottle King (A) Ramsey,476 Rt 17 N,Ramsey,Bergen,201055,Bardstown Origin Series Bottle-In-Bond 1/750 mL Btl,5/7/2026,1.00,6.00,$218.00,$60.91
Shane Barreca,73003,Bottle King (A) Hillsdale,381 Washington Ave,Hillsdale,Bergen,201052,Green River Full Proof 1/750 mL,5/29/2025,1.00,6.00,$226.00,$68.91
Shane Barreca,60001,Bottle King (A) Dumont,95 Washington Ave,Dumont,Bergen,201053,Green River Rye 1/750 mL,2/11/2025,1.00,6.00,$162.00,$53.91
Shane Barreca,73003,Bottle King (A) Hillsdale,381 Washington Ave,Hillsdale,Bergen,201056,Bardstown Origin Series Bourbon 1/750 mL Btl,2/6/2025,1.00,6.00,$196.00,$54.91
Shane Barreca,62009,Gary's Wine & Marketplace (Closter),67 Ver Valen St,Closter,Bergen,201051,Green River Bourbon 1/750 mL Btl,4/16/2026,1.00,6.00,$154.00,$45.91
Shane Barreca,92011,Bottle King (A) Ramsey,476 Rt 17 N,Ramsey,Bergen,201055,Bardstown Origin Series Bottle-In-Bond 1/750 mL Btl,8/14/2025,1.00,6.00,$218.00,$60.91
Shane Barreca,60001,Bottle King (A) Dumont,95 Washington Ave,Dumont,Bergen,201058,Bardstown Origin Series High Wheat 1/750 mL Btl,5/5/2025,1.00,6.00,$226.00,$68.91
Shane Barreca,74009,Westwood Wine and Liquors,725 Broadway,Westwood,Bergen,201056,Bardstown Origin Series Bourbon 1/750 mL Btl,4/1/2025,1.00,6.00,$196.00,$54.91
Shane Barreca,74009,Westwood Wine and Liquors,725 Broadway,Westwood,Bergen,201056,Bardstown Origin Series Bourbon 1/750 mL Btl,1/22/2025,1.00,6.00,$196.00,$194.91
Shane Barreca,92011,Bottle King (A) Ramsey,476 Rt 17 N,Ramsey,Bergen,201051,Green River Bourbon 1/750 mL Btl,2/6/2025,1.00,6.00,$154.00,$45.91
Shane Barreca,74009,Westwood Wine and Liquors,725 Broadway,Westwood,Bergen,201056,Bardstown Origin Series Bourbon 1/750 mL Btl,7/30/2025,1.00,6.00,$196.00,$54.91
Shane Barreca,73003,Bottle King (A) Hillsdale,381 Washington Ave,Hillsdale,Bergen,201058,Bardstown Origin Series High Wheat 1/750 mL Btl,2/6/2025,1.00,6.00,$218.00,$60.91
Shane Barreca,74009,Westwood Wine and Liquors,725 Broadway,Westwood,Bergen,201074,Bardstown Discovery #13 1/750 mL Btl,12/22/2025,1.00,2.00,$217.32,$62.29
Shane Barreca,70001,Montvale Wine/Liq & Beer,110 Farm View,Montvale,Bergen,201056,Bardstown Origin Series Bourbon 1/750 mL Btl,9/23/2025,1.00,12.00,$392.00,$109.82
Shane Barreca,73003,Bottle King (A) Hillsdale,381 Washington Ave,Hillsdale,Bergen,201075,Green River Single Barrel Wheated 1/1/750mL Btl,12/9/2025,1.00,6.00,$267.96,$71.87
Shane Barreca,92011,Bottle King (A) Ramsey,476 Rt 17 N,Ramsey,Bergen,201064,Bardstown Collaboration Series Silver Oak 1/750 mL Btl,4/10/2025,1.00,1.00,$105.67,$28.15
Shane Barreca,92011,Bottle King (A) Ramsey,476 Rt 17 N,Ramsey,Bergen,201052,Green River Full Proof 1/750 mL,3/9/2026,1.00,6.00,$218.00,$60.91
Shane Barreca,73003,Bottle King (A) Hillsdale,381 Washington Ave,Hillsdale,Bergen,201055,Bardstown Origin Series Bottle-In-Bond 1/750 mL Btl,2/17/2026,1.00,6.00,$226.00,$68.91
Shane Barreca,92011,Bottle King (A) Ramsey,476 Rt 17 N,Ramsey,Bergen,201057,Bardstown Origin Series Double Barrel Rye 1/750 mL Btl,8/14/2025,1.00,6.00,$218.00,$60.91
Shane Barreca,67005,Shoprite Liq (A)Northvle,254 F Livingston St.,Northvale,Bergen,201058,Bardstown Origin Series High Wheat 1/750 mL Btl,4/10/2026,1.00,6.00,$226.00,$68.91
Shane Barreca,92011,Bottle King (A) Ramsey,476 Rt 17 N,Ramsey,Bergen,201055,Bardstown Origin Series Bottle-In-Bond 1/750 mL Btl,12/26/2025,1.00,6.00,$218.00,$60.91
Shane Barreca,70001,Montvale Wine/Liq & Beer,110 Farm View,Montvale,Bergen,201058,Bardstown Origin Series High Wheat 1/750 mL Btl,3/25/2025,1.00,12.00,$436.00,$121.82
Shane Barreca,92011,Bottle King (A) Ramsey,476 Rt 17 N,Ramsey,Bergen,201051,Green River Bourbon 1/750 mL Btl,11/13/2025,1.00,6.00,$154.00,$45.91
Shane Barreca,67005,Shoprite Liq (A)Northvle,254 F Livingston St.,Northvale,Bergen,201052,Green River Full Proof 1/750 mL,9/5/2025,1.00,6.00,$226.00,$68.91
Shane Barreca,67005,Shoprite Liq (A)Northvle,254 F Livingston St.,Northvale,Bergen,201059,Bardstown Discovery Series #10 1/750 mL Btl,4/8/2025,1.00,1.00,$105.67,$28.15
Shane Barreca,62009,Gary's Wine & Marketplace (Closter),67 Ver Valen St,Closter,Bergen,201057,Bardstown Origin Series Double Barrel Rye 1/750 mL Btl,5/8/2025,1.00,6.00,$218.00,$60.91
Shane Barreca,62009,Gary's Wine & Marketplace (Closter),67 Ver Valen St,Closter,Bergen,201052,Green River Full Proof 1/750 mL,12/16/2025,1.00,6.00,$218.00,$60.91
Shane Barreca,67005,Shoprite Liq (A)Northvle,254 F Livingston St.,Northvale,Bergen,201056,Bardstown Origin Series Bourbon 1/750 mL Btl,2/11/2025,1.00,12.00,$392.00,$109.82
Shane Barreca,74009,Westwood Wine and Liquors,725 Broadway,Westwood,Bergen,201056,Bardstown Origin Series Bourbon 1/750 mL Btl,1/29/2026,1.00,6.00,$196.00,$54.91
Shane Barreca,73003,Bottle King (A) Hillsdale,381 Washington Ave,Hillsdale,Bergen,201056,Bardstown Origin Series Bourbon 1/750 mL Btl,5/1/2025,1.00,6.00,$204.00,$62.91
Shane Barreca,92011,Bottle King (A) Ramsey,476 Rt 17 N,Ramsey,Bergen,201076,Green River Wheated Full Proof 1/750 ml Btl,2/26/2026,1.00,6.00,$226.00,$68.91
Shane Barreca,73003,Bottle King (A) Hillsdale,381 Washington Ave,Hillsdale,Bergen,201056,Bardstown Origin Series Bourbon 1/750 mL Btl,9/22/2025,1.00,6.00,$196.00,$54.91
Shane Barreca,62009,Gary's Wine & Marketplace (Closter),67 Ver Valen St,Closter,Bergen,201064,Bardstown Collaboration Series Silver Oak 1/750 mL Btl,8/1/2025,1.00,1.00,$105.67,$28.15
Shane Barreca,67005,Shoprite Liq (A)Northvle,254 F Livingston St.,Northvale,Bergen,201057,Bardstown Origin Series Double Barrel Rye 1/750 mL Btl,1/17/2025,1.00,3.00,$113.00,$112.46
Shane Barreca,74009,Westwood Wine and Liquors,725 Broadway,Westwood,Bergen,201057,Bardstown Origin Series Double Barrel Rye 1/750 mL Btl,7/30/2025,1.00,6.00,$218.00,$60.91
Shane Barreca,92011,Bottle King (A) Ramsey,476 Rt 17 N,Ramsey,Bergen,201053,Green River Rye 1/750 mL,5/26/2026,1.00,6.00,$161.00,$52.91
Shane Barreca,73003,Bottle King (A) Hillsdale,381 Washington Ave,Hillsdale,Bergen,201061,Bardstown Discovery Series #12 1/750 mL Btl,6/20/2025,1.00,1.00,$104.67,$27.15
Shane Barreca,92011,Bottle King (A) Ramsey,476 Rt 17 N,Ramsey,Bergen,201051,Green River Bourbon 1/750 mL Btl,3/9/2026,1.00,6.00,$154.00,$45.91
Shane Barreca,60001,Bottle King (A) Dumont,95 Washington Ave,Dumont,Bergen,201061,Bardstown Discovery Series #12 1/750 mL Btl,6/20/2025,1.00,1.00,$104.67,$27.15
Shane Barreca,92011,Bottle King (A) Ramsey,476 Rt 17 N,Ramsey,Bergen,201051,Green River Bourbon 1/750 mL Btl,4/23/2026,1.00,12.00,$308.00,$91.82
Shane Barreca,92011,Bottle King (A) Ramsey,476 Rt 17 N,Ramsey,Bergen,201052,Green River Full Proof 1/750 mL,1/27/2025,1.00,6.00,$218.00,$216.91
Shane Barreca,92011,Bottle King (A) Ramsey,476 Rt 17 N,Ramsey,Bergen,201053,Green River Rye 1/750 mL,9/15/2025,1.00,6.00,$162.00,$53.91
Shane Barreca,70001,Montvale Wine/Liq & Beer,110 Farm View,Montvale,Bergen,201053,Green River Rye 1/750 mL,5/19/2026,1.00,12.00,$308.00,$91.82
Shane Barreca,55001,Coasters Liquors,37 Union Ave,Cresskill,Bergen,201056,Bardstown Origin Series Bourbon 1/750 mL Btl,9/10/2025,1.00,6.00,$196.00,$54.91
Shane Barreca,92011,Bottle King (A) Ramsey,476 Rt 17 N,Ramsey,Bergen,201054,Green River Wheated 1/750 mL,10/23/2025,1.00,6.00,$152.00,$43.91
Shane Barreca,60001,Bottle King (A) Dumont,95 Washington Ave,Dumont,Bergen,201055,Bardstown Origin Series Bottle-In-Bond 1/750 mL Btl,11/20/2025,1.00,6.00,$218.00,$60.91
Shane Barreca,73008,Shop Rite Liq (A)Hillsdal,371 Broadway,Hillsdale,Bergen,201055,Bardstown Origin Series Bottle-In-Bond 1/750 mL Btl,8/22/2025,1.00,3.00,$122.00,$43.46
Shane Barreca,92011,Bottle King (A) Ramsey,476 Rt 17 N,Ramsey,Bergen,201055,Bardstown Origin Series Bottle-In-Bond 1/750 mL Btl,12/18/2025,1.00,12.00,$436.00,$121.82
Shane Barreca,73003,Bottle King (A) Hillsdale,381 Washington Ave,Hillsdale,Bergen,201055,Bardstown Origin Series Bottle-In-Bond 1/750 mL Btl,12/18/2025,1.00,12.00,$436.00,$121.82
Shane Barreca,60001,Bottle King (A) Dumont,95 Washington Ave,Dumont,Bergen,201060,Bardstown Discovery Series #11 1/750 mL Btl,4/10/2025,1.00,1.00,$105.67,$28.15
Shane Barreca,92011,Bottle King (A) Ramsey,476 Rt 17 N,Ramsey,Bergen,201058,Bardstown Origin Series High Wheat 1/750 mL Btl,11/10/2025,1.00,6.00,$226.00,$68.91
Shane Barreca,73003,Bottle King (A) Hillsdale,381 Washington Ave,Hillsdale,Bergen,201051,Green River Bourbon 1/750 mL Btl,10/20/2025,1.00,6.00,$162.00,$53.91
Shane Barreca,92011,Bottle King (A) Ramsey,476 Rt 17 N,Ramsey,Bergen,201055,Bardstown Origin Series Bottle-In-Bond 1/750 mL Btl,3/30/2026,1.00,6.00,$226.00,$68.91
Shane Barreca,92011,Bottle King (A) Ramsey,476 Rt 17 N,Ramsey,Bergen,201058,Bardstown Origin Series High Wheat 1/750 mL Btl,6/30/2025,1.00,12.00,$436.00,$121.82
Shane Barreca,73003,Bottle King (A) Hillsdale,381 Washington Ave,Hillsdale,Bergen,201058,Bardstown Origin Series High Wheat 1/750 mL Btl,2/3/2025,1.00,6.00,$226.00,$68.91
Shane Barreca,92011,Bottle King (A) Ramsey,476 Rt 17 N,Ramsey,Bergen,201054,Green River Wheated 1/750 mL,12/22/2025,1.00,6.00,$154.00,$45.91
Shane Barreca,73003,Bottle King (A) Hillsdale,381 Washington Ave,Hillsdale,Bergen,201055,Bardstown Origin Series Bottle-In-Bond 1/750 mL Btl,4/21/2025,1.00,6.00,$226.00,$68.91
Shane Barreca,73003,Bottle King (A) Hillsdale,381 Washington Ave,Hillsdale,Bergen,201072,Green River Bourbon 250th Army Anniversary 1/750 mL,9/25/2025,1.00,6.00,$218.00,$60.91
Shane Barreca,60001,Bottle King (A) Dumont,95 Washington Ave,Dumont,Bergen,201061,Bardstown Discovery Series #12 1/750 mL Btl,4/10/2025,1.00,1.00,$105.67,$28.15
Shane Barreca,75004,Cork & Keg (A),89 Kinderkamack Rd,Emerson,Bergen,201057,Bardstown Origin Series Double Barrel Rye 1/750 mL Btl,8/11/2025,1.00,1.00,$40.67,$14.49
Shane Barreca,75004,Cork & Keg (A),89 Kinderkamack Rd,Emerson,Bergen,201057,Bardstown Origin Series Double Barrel Rye 1/750 mL Btl,2/28/2025,1.00,3.00,$115.00,$36.46
Shane Barreca,92011,Bottle King (A) Ramsey,476 Rt 17 N,Ramsey,Bergen,201058,Bardstown Origin Series High Wheat 1/750 mL Btl,5/7/2026,1.00,6.00,$218.00,$60.91
Shane Barreca,60001,Bottle King (A) Dumont,95 Washington Ave,Dumont,Bergen,201074,Bardstown Discovery #13 1/750 mL Btl,11/20/2025,1.00,3.00,$325.98,$93.44
Shane Barreca,70001,Montvale Wine/Liq & Beer,110 Farm View,Montvale,Bergen,201054,Green River Wheated 1/750 mL,11/18/2025,1.00,18.00,$462.00,$137.73
Shane Barreca,60001,Bottle King (A) Dumont,95 Washington Ave,Dumont,Bergen,201052,Green River Full Proof 1/750 mL,2/6/2025,1.00,6.00,$226.00,$68.91
Shane Barreca,67005,Shoprite Liq (A)Northvle,254 F Livingston St.,Northvale,Bergen,201072,Green River Bourbon 250th Army Anniversary 1/750 mL,5/19/2026,1.00,6.00,$218.00,$54.37
Shane Barreca,92011,Bottle King (A) Ramsey,476 Rt 17 N,Ramsey,Bergen,201054,Green River Wheated 1/750 mL,8/11/2025,1.00,6.00,$152.00,$43.91
Shane Barreca,73003,Bottle King (A) Hillsdale,381 Washington Ave,Hillsdale,Bergen,201058,Bardstown Origin Series High Wheat 1/750 mL Btl,2/10/2026,1.00,12.00,$436.00,$121.82
Shane Barreca,67004,Beverage Barn (A),224 Livingston St,Northvale,Bergen,201056,Bardstown Origin Series Bourbon 1/750 mL Btl,3/21/2025,1.00,6.00,$196.00,$54.91
Shane Barreca,67005,Shoprite Liq (A)Northvle,254 F Livingston St.,Northvale,Bergen,201055,Bardstown Origin Series Bottle-In-Bond 1/750 mL Btl,4/8/2025,1.00,18.00,$654.00,$182.73
Shane Barreca,67005,Shoprite Liq (A)Northvle,254 F Livingston St.,Northvale,Bergen,201051,Green River Bourbon 1/750 mL Btl,3/3/2026,1.00,18.00,$483.00,$158.73
Shane Barreca,73003,Bottle King (A) Hillsdale,381 Washington Ave,Hillsdale,Bergen,201074,Bardstown Discovery #13 1/750 mL Btl,11/20/2025,1.00,3.00,$325.98,$93.44
Shane Barreca,74005,Winemart Discount,700 Broadway Suite 42,Westwood,Bergen,201052,Green River Full Proof 1/750 mL,3/24/2026,1.00,2.00,$75.33,$22.97
Shane Barreca,92011,Bottle King (A) Ramsey,476 Rt 17 N,Ramsey,Bergen,201053,Green River Rye 1/750 mL,5/29/2025,1.00,6.00,$154.00,$45.91
Shane Barreca,73003,Bottle King (A) Hillsdale,381 Washington Ave,Hillsdale,Bergen,201053,Green River Rye 1/750 mL,12/26/2025,1.00,6.00,$161.00,$52.91
Shane Barreca,75004,Cork & Keg (A),89 Kinderkamack Rd,Emerson,Bergen,201056,Bardstown Origin Series Bourbon 1/750 mL Btl,11/7/2025,1.00,6.00,$208.00,$66.91
Shane Barreca,73008,Shop Rite Liq (A)Hillsdal,371 Broadway,Hillsdale,Bergen,201055,Bardstown Origin Series Bottle-In-Bond 1/750 mL Btl,6/12/2026,1.00,3.00,$122.00,$43.46
Shane Barreca,75004,Cork & Keg (A),89 Kinderkamack Rd,Emerson,Bergen,201062,Bardstown Collaboration Series Amrut 1/750 mL Btl,5/21/2025,1.00,1.00,$105.67,$28.15
Shane Barreca,74005,Winemart Discount,700 Broadway Suite 42,Westwood,Bergen,201055,Bardstown Origin Series Bottle-In-Bond 1/750 mL Btl,3/24/2026,1.00,2.00,$75.33,$22.97
Shane Barreca,75004,Cork & Keg (A),89 Kinderkamack Rd,Emerson,Bergen,201056,Bardstown Origin Series Bourbon 1/750 mL Btl,12/29/2025,1.00,6.00,$208.00,$66.91
Shane Barreca,92011,Bottle King (A) Ramsey,476 Rt 17 N,Ramsey,Bergen,201058,Bardstown Origin Series High Wheat 1/750 mL Btl,12/1/2025,1.00,6.00,$218.00,$60.91
Shane Barreca,75004,Cork & Keg (A),89 Kinderkamack Rd,Emerson,Bergen,201058,Bardstown Origin Series High Wheat 1/750 mL Btl,3/2/2026,1.00,2.00,$81.33,$28.97
Shane Barreca,92011,Bottle King (A) Ramsey,476 Rt 17 N,Ramsey,Bergen,201058,Bardstown Origin Series High Wheat 1/750 mL Btl,4/17/2025,1.00,6.00,$218.00,$60.91
Shane Barreca,92011,Bottle King (A) Ramsey,476 Rt 17 N,Ramsey,Bergen,201052,Green River Full Proof 1/750 mL,5/29/2025,1.00,6.00,$218.00,$60.91
Shane Barreca,67005,Shoprite Liq (A)Northvle,254 F Livingston St.,Northvale,Bergen,201055,Bardstown Origin Series Bottle-In-Bond 1/750 mL Btl,1/17/2025,1.00,3.00,$113.00,$112.46
Shane Barreca,92011,Bottle King (A) Ramsey,476 Rt 17 N,Ramsey,Bergen,201074,Bardstown Discovery #13 1/750 mL Btl,11/20/2025,1.00,3.00,$325.98,$93.44
Shane Barreca,62009,Gary's Wine & Marketplace (Closter),67 Ver Valen St,Closter,Bergen,201056,Bardstown Origin Series Bourbon 1/750 mL Btl,2/6/2025,1.00,6.00,$196.00,$54.91
Shane Barreca,62009,Gary's Wine & Marketplace (Closter),67 Ver Valen St,Closter,Bergen,201058,Bardstown Origin Series High Wheat 1/750 mL Btl,4/10/2025,1.00,6.00,$218.00,$60.91
Shane Barreca,62009,Gary's Wine & Marketplace (Closter),67 Ver Valen St,Closter,Bergen,201055,Bardstown Origin Series Bottle-In-Bond 1/750 mL Btl,12/26/2025,1.00,6.00,$218.00,$60.91
Shane Barreca,92011,Bottle King (A) Ramsey,476 Rt 17 N,Ramsey,Bergen,201052,Green River Full Proof 1/750 mL,3/2/2026,1.00,6.00,$244.00,$86.91
Shane Barreca,75004,Cork & Keg (A),89 Kinderkamack Rd,Emerson,Bergen,201058,Bardstown Origin Series High Wheat 1/750 mL Btl,4/20/2026,1.00,2.00,$81.33,$28.97
Shane Barreca,73003,Bottle King (A) Hillsdale,381 Washington Ave,Hillsdale,Bergen,201060,Bardstown Discovery Series #11 1/750 mL Btl,6/20/2025,1.00,1.00,$104.67,$27.15
Shane Barreca,92011,Bottle King (A) Ramsey,476 Rt 17 N,Ramsey,Bergen,201054,Green River Wheated 1/750 mL,5/29/2025,1.00,6.00,$154.00,$45.91
Shane Barreca,62009,Gary's Wine & Marketplace (Closter),67 Ver Valen St,Closter,Bergen,201052,Green River Full Proof 1/750 mL,2/6/2025,1.00,6.00,$218.00,$60.91
Shane Barreca,75004,Cork & Keg (A),89 Kinderkamack Rd,Emerson,Bergen,201056,Bardstown Origin Series Bourbon 1/750 mL Btl,12/15/2025,1.00,6.00,$208.00,$66.91
Shane Barreca,92011,Bottle King (A) Ramsey,476 Rt 17 N,Ramsey,Bergen,201058,Bardstown Origin Series High Wheat 1/750 mL Btl,5/15/2025,1.00,6.00,$218.00,$60.91
Shane Barreca,92011,Bottle King (A) Ramsey,476 Rt 17 N,Ramsey,Bergen,201053,Green River Rye 1/750 mL,1/8/2026,1.00,6.00,$161.00,$52.91
Shane Barreca,73003,Bottle King (A) Hillsdale,381 Washington Ave,Hillsdale,Bergen,201058,Bardstown Origin Series High Wheat 1/750 mL Btl,1/12/2026,1.00,6.00,$226.00,$68.91
Shane Barreca,62009,Gary's Wine & Marketplace (Closter),67 Ver Valen St,Closter,Bergen,201055,Bardstown Origin Series Bottle-In-Bond 1/750 mL Btl,4/16/2026,1.00,6.00,$218.00,$60.91
Shane Barreca,73003,Bottle King (A) Hillsdale,381 Washington Ave,Hillsdale,Bergen,201058,Bardstown Origin Series High Wheat 1/750 mL Btl,12/18/2025,1.00,6.00,$218.00,$60.91
Shane Barreca,70001,Montvale Wine/Liq & Beer,110 Farm View,Montvale,Bergen,201051,Green River Bourbon 1/750 mL Btl,5/19/2026,1.00,6.00,$154.00,$45.91
Shane Barreca,62009,Gary's Wine & Marketplace (Closter),67 Ver Valen St,Closter,Bergen,201053,Green River Rye 1/750 mL,12/4/2025,1.00,12.00,$308.00,$91.82
Shane Barreca,73003,Bottle King (A) Hillsdale,381 Washington Ave,Hillsdale,Bergen,201056,Bardstown Origin Series Bourbon 1/750 mL Btl,2/17/2026,1.00,6.00,$208.00,$66.91
Shane Barreca,92011,Bottle King (A) Ramsey,476 Rt 17 N,Ramsey,Bergen,201058,Bardstown Origin Series High Wheat 1/750 mL Btl,1/27/2025,1.00,6.00,$218.00,$60.91
Shane Barreca,75004,Cork & Keg (A),89 Kinderkamack Rd,Emerson,Bergen,201056,Bardstown Origin Series Bourbon 1/750 mL Btl,4/21/2025,1.00,2.00,$69.00,$21.97
Shane Barreca,70001,Montvale Wine/Liq & Beer,110 Farm View,Montvale,Bergen,201058,Bardstown Origin Series High Wheat 1/750 mL Btl,1/28/2026,1.00,6.00,$218.00,$60.91
Shane Barreca,60001,Bottle King (A) Dumont,95 Washington Ave,Dumont,Bergen,201054,Green River Wheated 1/750 mL,7/24/2025,1.00,6.00,$162.00,$53.91
Shane Barreca,74009,Westwood Wine and Liquors,725 Broadway,Westwood,Bergen,201056,Bardstown Origin Series Bourbon 1/750 mL Btl,7/15/2026,1.00,6.00,$196.00,$54.91
Shane Barreca,62009,Gary's Wine & Marketplace (Closter),67 Ver Valen St,Closter,Bergen,201052,Green River Full Proof 1/750 mL,3/4/2025,1.00,12.00,$452.00,$137.82
Shane Barreca,75004,Cork & Keg (A),89 Kinderkamack Rd,Emerson,Bergen,201057,Bardstown Origin Series Double Barrel Rye 1/750 mL Btl,6/22/2026,1.00,2.00,$81.33,$28.97
Shane Barreca,60001,Bottle King (A) Dumont,95 Washington Ave,Dumont,Bergen,201058,Bardstown Origin Series High Wheat 1/750 mL Btl,4/9/2026,1.00,6.00,$226.00,$68.91
Shane Barreca,74005,Winemart Discount,700 Broadway Suite 42,Westwood,Bergen,201058,Bardstown Origin Series High Wheat 1/750 mL Btl,3/24/2026,1.00,2.00,$75.33,$22.97
Shane Barreca,73003,Bottle King (A) Hillsdale,381 Washington Ave,Hillsdale,Bergen,201054,Green River Wheated 1/750 mL,12/4/2025,1.00,6.00,$161.00,$52.91
Shane Barreca,62009,Gary's Wine & Marketplace (Closter),67 Ver Valen St,Closter,Bergen,201058,Bardstown Origin Series High Wheat 1/750 mL Btl,4/16/2026,1.00,6.00,$218.00,$60.91
Shane Barreca,92011,Bottle King (A) Ramsey,476 Rt 17 N,Ramsey,Bergen,201051,Green River Bourbon 1/750 mL Btl,12/15/2025,1.00,6.00,$161.00,$52.91
Shane Barreca,73008,Shop Rite Liq (A)Hillsdal,371 Broadway,Hillsdale,Bergen,201055,Bardstown Origin Series Bottle-In-Bond 1/750 mL Btl,3/10/2026,1.00,3.00,$113.00,$34.46
Shane Barreca,60001,Bottle King (A) Dumont,95 Washington Ave,Dumont,Bergen,201058,Bardstown Origin Series High Wheat 1/750 mL Btl,3/31/2025,1.00,6.00,$226.00,$68.91
Shane Barreca,60001,Bottle King (A) Dumont,95 Washington Ave,Dumont,Bergen,201058,Bardstown Origin Series High Wheat 1/750 mL Btl,2/6/2025,1.00,12.00,$452.00,$137.82
Shane Barreca,73003,Bottle King (A) Hillsdale,381 Washington Ave,Hillsdale,Bergen,201057,Bardstown Origin Series Double Barrel Rye 1/750 mL Btl,5/14/2026,1.00,6.00,$218.00,$60.91
Shane Barreca,62009,Gary's Wine & Marketplace (Closter),67 Ver Valen St,Closter,Bergen,201057,Bardstown Origin Series Double Barrel Rye 1/750 mL Btl,4/16/2026,1.00,6.00,$218.00,$60.91
Shane Barreca,92011,Bottle King (A) Ramsey,476 Rt 17 N,Ramsey,Bergen,201054,Green River Wheated 1/750 mL,5/5/2025,1.00,6.00,$154.00,$45.91
Shane Barreca,60001,Bottle King (A) Dumont,95 Washington Ave,Dumont,Bergen,201064,Bardstown Collaboration Series Silver Oak 1/750 mL Btl,4/10/2025,1.00,1.00,$105.67,$28.15
Shane Barreca,70001,Montvale Wine/Liq & Beer,110 Farm View,Montvale,Bergen,201051,Green River Bourbon 1/750 mL Btl,3/24/2026,1.00,6.00,$154.00,$45.91
Shane Barreca,60001,Bottle King (A) Dumont,95 Washington Ave,Dumont,Bergen,201054,Green River Wheated 1/750 mL,1/27/2025,1.00,6.00,$154.00,$152.91
Shane Barreca,70001,Montvale Wine/Liq & Beer,110 Farm View,Montvale,Bergen,201070,Bardstown Single Barrel GSPD #2 1/750 mL Btl,2/19/2026,1.00,12.00,$715.92,$183.74
Shane Barreca,73003,Bottle King (A) Hillsdale,381 Washington Ave,Hillsdale,Bergen,201058,Bardstown Origin Series High Wheat 1/750 mL Btl,10/27/2025,1.00,6.00,$226.00,$68.91
Shane Barreca,92011,Bottle King (A) Ramsey,476 Rt 17 N,Ramsey,Bergen,201051,Green River Bourbon 1/750 mL Btl,6/26/2025,1.00,6.00,$154.00,$45.91
Shane Barreca,70003,Montvale Wine & Spirits,18 S. Kinderkamack Rd,Montvale,Bergen,201055,Bardstown Origin Series Bottle-In-Bond 1/750 mL Btl,4/24/2025,1.00,6.00,$218.00,$60.91
Shane Barreca,60001,Bottle King (A) Dumont,95 Washington Ave,Dumont,Bergen,201053,Green River Rye 1/750 mL,3/23/2026,1.00,6.00,$161.00,$52.91
Shane Barreca,75004,Cork & Keg (A),89 Kinderkamack Rd,Emerson,Bergen,201056,Bardstown Origin Series Bourbon 1/750 mL Btl,10/27/2025,1.00,2.00,$73.33,$26.30
Shane Barreca,75004,Cork & Keg (A),89 Kinderkamack Rd,Emerson,Bergen,201058,Bardstown Origin Series High Wheat 1/750 mL Btl,5/11/2026,1.00,2.00,$81.33,$28.97
Shane Barreca,75004,Cork & Keg (A),89 Kinderkamack Rd,Emerson,Bergen,201052,Green River Full Proof 1/750 mL,7/6/2026,1.00,2.00,$81.33,$28.97
Shane Barreca,92011,Bottle King (A) Ramsey,476 Rt 17 N,Ramsey,Bergen,201058,Bardstown Origin Series High Wheat 1/750 mL Btl,11/13/2025,1.00,6.00,$226.00,$68.91
Shane Barreca,73003,Bottle King (A) Hillsdale,381 Washington Ave,Hillsdale,Bergen,201055,Bardstown Origin Series Bottle-In-Bond 1/750 mL Btl,12/8/2025,1.00,6.00,$218.00,$60.91
Shane Barreca,92011,Bottle King (A) Ramsey,476 Rt 17 N,Ramsey,Bergen,201055,Bardstown Origin Series Bottle-In-Bond 1/750 mL Btl,1/27/2025,1.00,6.00,$218.00,$216.91
Shane Barreca,62009,Gary's Wine & Marketplace (Closter),67 Ver Valen St,Closter,Bergen,201056,Bardstown Origin Series Bourbon 1/750 mL Btl,4/16/2026,1.00,6.00,$196.00,$54.91
