Sales Rep Assigned,Product Num & Name,Brand Family,Package,Customer Num & Company,Date,Buyer Count   9/1/2026 - 11/30/2026,Placement Count   9/1/2026 - 11/30/2026
Anthony Palmisano,8592 White Claw Hard Seltzer Mango 1/12/19.2 oz Can,White Claw,12/19.2oz Can,1031 Highland Wine&Liquor Inc,10/9/2026,1.00,1.00
Mike Ast,8632 White Claw Surge Blueberry 1/12/19.2 oz Can,White Claw,12/19.2oz Can,19008 Hawthorne Liq (A),10/9/2026,1.00,1.00
Michael Harboy,8537 Cayman Jacked Margarita 1/12/19.2 oz Can,Cayman Jack,1/12/19.2oz,11001 Lincoln Center Liq,10/9/2026,1.00,1.00
Shane Barreca,8458 Mikes Harder Black Cherry 1/12/23.5 oz Can,Mike's Harder,12/23.5oz Can,73008 Shop Rite Liq (A)Hillsdal,10/9/2026,1.00,1.00
Shane Barreca,8466 Mikes Harder Mango 1/12/23.5 oz Can,Mike's Harder,12/23.5oz Can,73008 Shop Rite Liq (A)Hillsdal,10/9/2026,1.00,1.00
Matt Powierski,8623 White Claw Surge 8% Blood Orange 19.2 oz Can,White Claw,12/19.2oz Can,36007 Shop Rite Of Wallington,10/9/2026,1.00,1.00
Shane Barreca,8480 Mikes Harder Cranberry 1/12/23.5 oz Can,Mike's Harder,12/23.5oz Can,73008 Shop Rite Liq (A)Hillsdal,10/9/2026,1.00,1.00
Shane Barreca,8481 Mikes Harder Lemonade 1/12/23.5 oz Can,Mike's Harder,12/23.5oz Can,73008 Shop Rite Liq (A)Hillsdal,10/9/2026,1.00,1.00
Anthony Palmisano,8586 White Claw Hard Seltzer Ruby Grapefruit 1/12/19.2 oz Can,White Claw,12/19.2oz Can,1031 Highland Wine&Liquor Inc,10/9/2026,1.00,1.00
Matt Powierski,8624 White Claw Surge 8% Cranberry 19.2 oz Can,White Claw,12/19.2oz Can,36007 Shop Rite Of Wallington,10/9/2026,1.00,1.00
Matt Powierski,8585 White Claw Hard Seltzer Black Cherry 1/12/19.2 oz Can,White Claw,12/19.2oz Can,36007 Shop Rite Of Wallington,10/9/2026,1.00,1.00
Matt Powierski,8592 White Claw Hard Seltzer Mango 1/12/19.2 oz Can,White Claw,12/19.2oz Can,36007 Shop Rite Of Wallington,10/9/2026,1.00,1.00
Shane Barreca,8458 Mikes Harder Black Cherry 1/12/23.5 oz Can,Mike's Harder,12/23.5oz Can,67005 Shoprite Liq (A)Northvle,10/9/2026,1.00,1.00
Mike Ast,8585 White Claw Hard Seltzer Black Cherry 1/12/19.2 oz Can,White Claw,12/19.2oz Can,19008 Hawthorne Liq (A),10/9/2026,1.00,1.00
Shane Barreca,8466 Mikes Harder Mango 1/12/23.5 oz Can,Mike's Harder,12/23.5oz Can,67005 Shoprite Liq (A)Northvle,10/9/2026,1.00,1.00
Shane Barreca,8460 Mikes Harder Strawberry Pineapple 1/12/23.5 oz Can,Mike's Harder,12/23.5oz Can,67005 Shoprite Liq (A)Northvle,10/9/2026,1.00,1.00
Shane Barreca,8409 Mikes Harder Pink Lemonade 1/12/23.5 oz Can,Mike's Harder,12/23.5oz Can,67005 Shoprite Liq (A)Northvle,10/9/2026,1.00,1.00
Michael Harboy,8458 Mikes Harder Black Cherry 1/12/23.5 oz Can,Mike's Harder,12/23.5oz Can,11001 Lincoln Center Liq,10/9/2026,1.00,1.00
Michael Harboy,8585 White Claw Hard Seltzer Black Cherry 1/12/19.2 oz Can,White Claw,12/19.2oz Can,11001 Lincoln Center Liq,10/9/2026,1.00,1.00
Shane Barreca,8481 Mikes Harder Lemonade 1/12/23.5 oz Can,Mike's Harder,12/23.5oz Can,67005 Shoprite Liq (A)Northvle,10/9/2026,1.00,1.00
Shane Barreca,8480 Mikes Harder Cranberry 1/12/23.5 oz Can,Mike's Harder,12/23.5oz Can,67005 Shoprite Liq (A)Northvle,10/9/2026,1.00,1.00
Anthony Palmisano,8585 White Claw Hard Seltzer Black Cherry 1/12/19.2 oz Can,White Claw,12/19.2oz Can,1031 Highland Wine&Liquor Inc,10/9/2026,1.00,1.00
Chris Payton,8585 White Claw Hard Seltzer Black Cherry 1/12/19.2 oz Can,White Claw,12/19.2oz Can,38001 JR Sports Bar & Liquors(Z),10/8/2026,1.00,1.00
Derrick Laws,8466 Mikes Harder Mango 1/12/23.5 oz Can,Mike's Harder,12/23.5oz Can,15013 El Oasis,10/8/2026,1.00,1.00
Chris Payton,8481 Mikes Harder Lemonade 1/12/23.5 oz Can,Mike's Harder,12/23.5oz Can,38001 JR Sports Bar & Liquors(Z),10/8/2026,1.00,1.00
Chris Payton,8585 White Claw Hard Seltzer Black Cherry 1/12/19.2 oz Can,White Claw,12/19.2oz Can,50020 Wineland,10/8/2026,1.00,1.00
Jayson Romine,8466 Mikes Harder Mango 1/12/23.5 oz Can,Mike's Harder,12/23.5oz Can,230905 ShopRite Wines & Spirits of Franklin,10/8/2026,1.00,1.00
Klejdi Lamo,8585 White Claw Hard Seltzer Black Cherry 1/12/19.2 oz Can,White Claw,12/19.2oz Can,190603 Denville W & L,10/8/2026,1.00,1.00
Jayson Romine,8623 White Claw Surge 8% Blood Orange 19.2 oz Can,White Claw,12/19.2oz Can,230427 ShopRite Wine & Spirits of Newton#830,10/8/2026,1.00,1.00
Dave Ehlers,8585 White Claw Hard Seltzer Black Cherry 1/12/19.2 oz Can,White Claw,12/19.2oz Can,52008 Englewood Liq (A),10/8/2026,1.00,1.00
Klejdi Lamo,8585 White Claw Hard Seltzer Black Cherry 1/12/19.2 oz Can,White Claw,12/19.2oz Can,190907 Wharton Liquor Store,10/8/2026,1.00,1.00
Shane Barreca,8631 White Claw Peach 1/12/19.2 oz Can,White Claw,12/19.2oz Can,92008 Ramsey Wine & Liquor,10/8/2026,1.00,1.00
Dave Ehlers,8631 White Claw Peach 1/12/19.2 oz Can,White Claw,12/19.2oz Can,52004 Grand Liquor & Delicatesen,10/8/2026,1.00,1.00
Dan Lagala,8585 White Claw Hard Seltzer Black Cherry 1/12/19.2 oz Can,White Claw,12/19.2oz Can,49031 Top Shelf Liquors,10/8/2026,1.00,1.00
Jim Heaney,8592 White Claw Hard Seltzer Mango 1/12/19.2 oz Can,White Claw,12/19.2oz Can,24002 Swizzle Stick Liq (A),10/8/2026,1.00,1.00
Anthony Palmisano,8458 Mikes Harder Black Cherry 1/12/23.5 oz Can,Mike's Harder,12/23.5oz Can,1012 Uncorked Wines & Spirits (West Milford),10/8/2026,1.00,1.00
Jayson Romine,8586 White Claw Hard Seltzer Ruby Grapefruit 1/12/19.2 oz Can,White Claw,12/19.2oz Can,230427 ShopRite Wine & Spirits of Newton#830,10/8/2026,1.00,1.00
Jayson Romine,8458 Mikes Harder Black Cherry 1/12/23.5 oz Can,Mike's Harder,12/23.5oz Can,230420 Spring Street Liquors,10/8/2026,1.00,1.00
Javier Melo,8585 White Claw Hard Seltzer Black Cherry 1/12/19.2 oz Can,White Claw,12/19.2oz Can,24003 Paulison Liquors (P),10/8/2026,1.00,1.00
Jim Heaney,8624 White Claw Surge 8% Cranberry 19.2 oz Can,White Claw,12/19.2oz Can,25008 Clifton Commons S & W,10/8/2026,1.00,1.00
Jayson Romine,8480 Mikes Harder Cranberry 1/12/23.5 oz Can,Mike's Harder,12/23.5oz Can,230905 ShopRite Wines & Spirits of Franklin,10/8/2026,1.00,1.00
Anthony Palmisano,8480 Mikes Harder Cranberry 1/12/23.5 oz Can,Mike's Harder,12/23.5oz Can,1015 Greenwood Lake Disc.(P),10/8/2026,1.00,1.00
Anthony Palmisano,8481 Mikes Harder Lemonade 1/12/23.5 oz Can,Mike's Harder,12/23.5oz Can,1015 Greenwood Lake Disc.(P),10/8/2026,1.00,1.00
Klejdi Lamo,8481 Mikes Harder Lemonade 1/12/23.5 oz Can,Mike's Harder,12/23.5oz Can,190702 Smith's Tavern,10/8/2026,1.00,1.00
Klejdi Lamo,8592 White Claw Hard Seltzer Mango 1/12/19.2 oz Can,White Claw,12/19.2oz Can,190907 Wharton Liquor Store,10/8/2026,1.00,1.00
Jayson Romine,8409 Mikes Harder Pink Lemonade 1/12/23.5 oz Can,Mike's Harder,12/23.5oz Can,230420 Spring Street Liquors,10/8/2026,1.00,1.00
Anthony Palmisano,8632 White Claw Surge Blueberry 1/12/19.2 oz Can,White Claw,12/19.2oz Can,8002 Country Convenience Store,10/8/2026,1.00,1.00
Jayson Romine,8480 Mikes Harder Cranberry 1/12/23.5 oz Can,Mike's Harder,12/23.5oz Can,230427 ShopRite Wine & Spirits of Newton#830,10/8/2026,1.00,1.00
Dan Lagala,8586 White Claw Hard Seltzer Ruby Grapefruit 1/12/19.2 oz Can,White Claw,12/19.2oz Can,49031 Top Shelf Liquors,10/8/2026,1.00,1.00
Dave Ehlers,8592 White Claw Hard Seltzer Mango 1/12/19.2 oz Can,White Claw,12/19.2oz Can,52004 Grand Liquor & Delicatesen,10/8/2026,1.00,1.00
Anthony Palmisano,8458 Mikes Harder Black Cherry 1/12/23.5 oz Can,Mike's Harder,12/23.5oz Can,1015 Greenwood Lake Disc.(P),10/8/2026,1.00,1.00
Phil Ernst,8585 White Claw Hard Seltzer Black Cherry 1/12/19.2 oz Can,White Claw,12/19.2oz Can,80005 Shop Rite Liq (Paramus),10/8/2026,1.00,1.00
Klejdi Lamo,8638 White Claw Surge Grape 1/12/19.2oz Can,White Claw,12/19.2oz Can,190907 Wharton Liquor Store,10/8/2026,1.00,1.00
Jim Heaney,8585 White Claw Hard Seltzer Black Cherry 1/12/19.2 oz Can,White Claw,12/19.2oz Can,24002 Swizzle Stick Liq (A),10/8/2026,1.00,1.00
Anthony Palmisano,8638 White Claw Surge Grape 1/12/19.2oz Can,White Claw,12/19.2oz Can,1015 Greenwood Lake Disc.(P),10/8/2026,1.00,1.00
Anthony Palmisano,8585 White Claw Hard Seltzer Black Cherry 1/12/19.2 oz Can,White Claw,12/19.2oz Can,1012 Uncorked Wines & Spirits (West Milford),10/8/2026,1.00,1.00
Phil Ernst,8585 White Claw Hard Seltzer Black Cherry 1/12/19.2 oz Can,White Claw,12/19.2oz Can,25010 Stew Leonard's Wines & Spirits of Clifton,10/8/2026,1.00,1.00
Anthony Palmisano,8624 White Claw Surge 8% Cranberry 19.2 oz Can,White Claw,12/19.2oz Can,8002 Country Convenience Store,10/8/2026,1.00,1.00
Chris Payton,8585 White Claw Hard Seltzer Black Cherry 1/12/19.2 oz Can,White Claw,12/19.2oz Can,38017 Quick Stop Food & Liq,10/8/2026,1.00,1.00
Phil Ernst,8592 White Claw Hard Seltzer Mango 1/12/19.2 oz Can,White Claw,12/19.2oz Can,80005 Shop Rite Liq (Paramus),10/8/2026,1.00,1.00
Jayson Romine,8409 Mikes Harder Pink Lemonade 1/12/23.5 oz Can,Mike's Harder,12/23.5oz Can,230427 ShopRite Wine & Spirits of Newton#830,10/8/2026,1.00,1.00
Jayson Romine,8585 White Claw Hard Seltzer Black Cherry 1/12/19.2 oz Can,White Claw,12/19.2oz Can,230427 ShopRite Wine & Spirits of Newton#830,10/8/2026,1.00,1.00
Shane Barreca,8592 White Claw Hard Seltzer Mango 1/12/19.2 oz Can,White Claw,12/19.2oz Can,92008 Ramsey Wine & Liquor,10/8/2026,1.00,1.00
Klejdi Lamo,8624 White Claw Surge 8% Cranberry 19.2 oz Can,White Claw,12/19.2oz Can,191518 3 IN 1 LIQUORS INC,10/8/2026,1.00,1.00
Anthony Palmisano,8481 Mikes Harder Lemonade 1/12/23.5 oz Can,Mike's Harder,12/23.5oz Can,1012 Uncorked Wines & Spirits (West Milford),10/8/2026,1.00,1.00
Jayson Romine,8458 Mikes Harder Black Cherry 1/12/23.5 oz Can,Mike's Harder,12/23.5oz Can,230427 ShopRite Wine & Spirits of Newton#830,10/8/2026,1.00,1.00
Jayson Romine,8466 Mikes Harder Mango 1/12/23.5 oz Can,Mike's Harder,12/23.5oz Can,230427 ShopRite Wine & Spirits of Newton#830,10/8/2026,1.00,1.00
Klejdi Lamo,8592 White Claw Hard Seltzer Mango 1/12/19.2 oz Can,White Claw,12/19.2oz Can,191518 3 IN 1 LIQUORS INC,10/8/2026,1.00,1.00
Jim Heaney,8624 White Claw Surge 8% Cranberry 19.2 oz Can,White Claw,12/19.2oz Can,24002 Swizzle Stick Liq (A),10/8/2026,1.00,1.00
Klejdi Lamo,8586 White Claw Hard Seltzer Ruby Grapefruit 1/12/19.2 oz Can,White Claw,12/19.2oz Can,190907 Wharton Liquor Store,10/8/2026,1.00,1.00
Jayson Romine,8458 Mikes Harder Black Cherry 1/12/23.5 oz Can,Mike's Harder,12/23.5oz Can,230905 ShopRite Wines & Spirits of Franklin,10/8/2026,1.00,1.00
Jim Heaney,8592 White Claw Hard Seltzer Mango 1/12/19.2 oz Can,White Claw,12/19.2oz Can,24012 Dante's Liquor & Wine,10/8/2026,1.00,1.00
Jim Heaney,8638 White Claw Surge Grape 1/12/19.2oz Can,White Claw,12/19.2oz Can,25008 Clifton Commons S & W,10/8/2026,1.00,1.00
Shane Barreca,8585 White Claw Hard Seltzer Black Cherry 1/12/19.2 oz Can,White Claw,12/19.2oz Can,92008 Ramsey Wine & Liquor,10/8/2026,1.00,1.00
Shane Barreca,8458 Mikes Harder Black Cherry 1/12/23.5 oz Can,Mike's Harder,12/23.5oz Can,92008 Ramsey Wine & Liquor,10/8/2026,1.00,1.00
Jayson Romine,8624 White Claw Surge 8% Cranberry 19.2 oz Can,White Claw,12/19.2oz Can,230105 ShopRite Wines & Spirits of Sparta,10/8/2026,1.00,1.00
Jayson Romine,8592 White Claw Hard Seltzer Mango 1/12/19.2 oz Can,White Claw,12/19.2oz Can,230427 ShopRite Wine & Spirits of Newton#830,10/8/2026,1.00,1.00
Javier Melo,8592 White Claw Hard Seltzer Mango 1/12/19.2 oz Can,White Claw,12/19.2oz Can,24003 Paulison Liquors (P),10/8/2026,1.00,1.00
Jim Heaney,8585 White Claw Hard Seltzer Black Cherry 1/12/19.2 oz Can,White Claw,12/19.2oz Can,24012 Dante's Liquor & Wine,10/8/2026,1.00,1.00
Shane Barreca,8481 Mikes Harder Lemonade 1/12/23.5 oz Can,Mike's Harder,12/23.5oz Can,92008 Ramsey Wine & Liquor,10/8/2026,1.00,1.00
Dave Ehlers,8585 White Claw Hard Seltzer Black Cherry 1/12/19.2 oz Can,White Claw,12/19.2oz Can,39012 Wine And Liq Depot(A),10/7/2026,1.00,1.00
Jayson Romine,8624 White Claw Surge 8% Cranberry 19.2 oz Can,White Claw,12/19.2oz Can,230911 The Right Bottle,10/7/2026,1.00,1.00
Chris Payton,8592 White Claw Hard Seltzer Mango 1/12/19.2 oz Can,White Claw,12/19.2oz Can,81001 B & B Liquors (Fair Lawn),10/7/2026,1.00,1.00
Jayson Romine,8586 White Claw Hard Seltzer Ruby Grapefruit 1/12/19.2 oz Can,White Claw,12/19.2oz Can,230920 Hamburg Liquor,10/7/2026,1.00,1.00
Pablo Lopez,8537 Cayman Jacked Margarita 1/12/19.2 oz Can,Cayman Jack,1/12/19.2oz,27072 Passaic Discount Liquors,10/7/2026,1.00,1.00
Derrick Laws,8585 White Claw Hard Seltzer Black Cherry 1/12/19.2 oz Can,White Claw,12/19.2oz Can,13001 Shop Rite Liq (A)Littlefl,10/7/2026,1.00,1.00
Dave Ehlers,8586 White Claw Hard Seltzer Ruby Grapefruit 1/12/19.2 oz Can,White Claw,12/19.2oz Can,39012 Wine And Liq Depot(A),10/7/2026,1.00,1.00
Chris Payton,8624 White Claw Surge 8% Cranberry 19.2 oz Can,White Claw,12/19.2oz Can,34007 Liquor Masters (P),10/7/2026,1.00,1.00
Klejdi Lamo,8481 Mikes Harder Lemonade 1/12/23.5 oz Can,Mike's Harder,12/23.5oz Can,190207 Liquor Outlet,10/7/2026,1.00,1.00
Matt Powierski,8458 Mikes Harder Black Cherry 1/12/23.5 oz Can,Mike's Harder,12/23.5oz Can,37068 Whoopee Liq (A),10/7/2026,1.00,1.00
Chris Payton,8632 White Claw Surge Blueberry 1/12/19.2 oz Can,White Claw,12/19.2oz Can,34007 Liquor Masters (P),10/7/2026,1.00,1.00
Jim Heaney,8480 Mikes Harder Cranberry 1/12/23.5 oz Can,Mike's Harder,12/23.5oz Can,29013 Lyndhurst Liquors (P),10/7/2026,1.00,1.00
Klejdi Lamo,8585 White Claw Hard Seltzer Black Cherry 1/12/19.2 oz Can,White Claw,12/19.2oz Can,190705 Rockaway W/L,10/7/2026,1.00,1.00
Chris Payton,8586 White Claw Hard Seltzer Ruby Grapefruit 1/12/19.2 oz Can,White Claw,12/19.2oz Can,81001 B & B Liquors (Fair Lawn),10/7/2026,1.00,1.00
Javier Melo,8585 White Claw Hard Seltzer Black Cherry 1/12/19.2 oz Can,White Claw,12/19.2oz Can,27012 ESTEVEZ LIQUORS LLC,10/7/2026,1.00,1.00
Matt Powierski,8624 White Claw Surge 8% Cranberry 19.2 oz Can,White Claw,12/19.2oz Can,42012 Vinny's Disc Liq (P),10/7/2026,1.00,1.00
Derrick Laws,8458 Mikes Harder Black Cherry 1/12/23.5 oz Can,Mike's Harder,12/23.5oz Can,13001 Shop Rite Liq (A)Littlefl,10/7/2026,1.00,1.00
Klejdi Lamo,8458 Mikes Harder Black Cherry 1/12/23.5 oz Can,Mike's Harder,12/23.5oz Can,190207 Liquor Outlet,10/7/2026,1.00,1.00
Dave Ehlers,8409 Mikes Harder Pink Lemonade 1/12/23.5 oz Can,Mike's Harder,12/23.5oz Can,57003 Joes Beer Wine & Spirits,10/7/2026,1.00,1.00
Matt Powierski,8409 Mikes Harder Pink Lemonade 1/12/23.5 oz Can,Mike's Harder,12/23.5oz Can,37068 Whoopee Liq (A),10/7/2026,1.00,1.00
Dan Lagala,8592 White Claw Hard Seltzer Mango 1/12/19.2 oz Can,White Claw,12/19.2oz Can,44009 Metro Liquor (Cliffside Park),10/7/2026,1.00,1.00
Michael Harboy,8624 White Claw Surge 8% Cranberry 19.2 oz Can,White Claw,12/19.2oz Can,11014 Wayne Liquor Locker,10/7/2026,1.00,1.00
Matt Powierski,8585 White Claw Hard Seltzer Black Cherry 1/12/19.2 oz Can,White Claw,12/19.2oz Can,42012 Vinny's Disc Liq (P),10/7/2026,1.00,1.00
Klejdi Lamo,8586 White Claw Hard Seltzer Ruby Grapefruit 1/12/19.2 oz Can,White Claw,12/19.2oz Can,191710 Shop Rite Wine & Spirits Stanhope,10/7/2026,1.00,1.00
Jim Heaney,8592 White Claw Hard Seltzer Mango 1/12/19.2 oz Can,White Claw,12/19.2oz Can,24017 Rainbow Liquor (P),10/7/2026,1.00,1.00
Jayson Romine,8623 White Claw Surge 8% Blood Orange 19.2 oz Can,White Claw,12/19.2oz Can,231315 Woody's Liq Shop (A),10/7/2026,1.00,1.00
Klejdi Lamo,8638 White Claw Surge Grape 1/12/19.2oz Can,White Claw,12/19.2oz Can,191606 Quick Check Liquor (A),10/7/2026,1.00,1.00
Dave Ehlers,8623 White Claw Surge 8% Blood Orange 19.2 oz Can,White Claw,12/19.2oz Can,40001 Bottle & Cork,10/7/2026,1.00,1.00
Klejdi Lamo,8460 Mikes Harder Strawberry Pineapple 1/12/23.5 oz Can,Mike's Harder,12/23.5oz Can,191518 3 IN 1 LIQUORS INC,10/7/2026,1.00,1.00
Shane Barreca,8585 White Claw Hard Seltzer Black Cherry 1/12/19.2 oz Can,White Claw,12/19.2oz Can,86003 Township Liq (P),10/7/2026,1.00,1.00
Dave Ehlers,8624 White Claw Surge 8% Cranberry 19.2 oz Can,White Claw,12/19.2oz Can,56008 Bergenfield Liq & Fw,10/7/2026,1.00,1.00
Derrick Laws,8458 Mikes Harder Black Cherry 1/12/23.5 oz Can,Mike's Harder,12/23.5oz Can,21031 Broadway Liq (A),10/7/2026,1.00,1.00
Phil Ernst,8585 White Claw Hard Seltzer Black Cherry 1/12/19.2 oz Can,White Claw,12/19.2oz Can,76006 Wine Country Of Saddle Brook (A),10/7/2026,1.00,1.00
Klejdi Lamo,8409 Mikes Harder Pink Lemonade 1/12/23.5 oz Can,Mike's Harder,12/23.5oz Can,190207 Liquor Outlet,10/7/2026,1.00,1.00
Jayson Romine,8585 White Claw Hard Seltzer Black Cherry 1/12/19.2 oz Can,White Claw,12/19.2oz Can,230920 Hamburg Liquor,10/7/2026,1.00,1.00
Dave Ehlers,8632 White Claw Surge Blueberry 1/12/19.2 oz Can,White Claw,12/19.2oz Can,39012 Wine And Liq Depot(A),10/7/2026,1.00,1.00
Jayson Romine,8585 White Claw Hard Seltzer Black Cherry 1/12/19.2 oz Can,White Claw,12/19.2oz Can,230121 White Deer Inn,10/7/2026,1.00,1.00
Dan Lagala,8592 White Claw Hard Seltzer Mango 1/12/19.2 oz Can,White Claw,12/19.2oz Can,44002 Wine And Food Mart (Z),10/7/2026,1.00,1.00
Derrick Laws,8624 White Claw Surge 8% Cranberry 19.2 oz Can,White Claw,12/19.2oz Can,20025 Mercer Bar & Liquors,10/7/2026,1.00,1.00
Dan Lagala,8585 White Claw Hard Seltzer Black Cherry 1/12/19.2 oz Can,White Claw,12/19.2oz Can,44002 Wine And Food Mart (Z),10/7/2026,1.00,1.00
Dave Ehlers,8481 Mikes Harder Lemonade 1/12/23.5 oz Can,Mike's Harder,12/23.5oz Can,57003 Joes Beer Wine & Spirits,10/7/2026,1.00,1.00
Jim Heaney,8586 White Claw Hard Seltzer Ruby Grapefruit 1/12/19.2 oz Can,White Claw,12/19.2oz Can,28011 Liquor Mart (North Arlington),10/7/2026,1.00,1.00
Derrick Laws,8631 White Claw Peach 1/12/19.2 oz Can,White Claw,12/19.2oz Can,13001 Shop Rite Liq (A)Littlefl,10/7/2026,1.00,1.00
Matt Powierski,8460 Mikes Harder Strawberry Pineapple 1/12/23.5 oz Can,Mike's Harder,12/23.5oz Can,37068 Whoopee Liq (A),10/7/2026,1.00,1.00
Dave Ehlers,8638 White Claw Surge Grape 1/12/19.2oz Can,White Claw,12/19.2oz Can,40001 Bottle & Cork,10/7/2026,1.00,1.00
Dan Lagala,8586 White Claw Hard Seltzer Ruby Grapefruit 1/12/19.2 oz Can,White Claw,12/19.2oz Can,44002 Wine And Food Mart (Z),10/7/2026,1.00,1.00
Jayson Romine,8481 Mikes Harder Lemonade 1/12/23.5 oz Can,Mike's Harder,12/23.5oz Can,230924 Sussex Co.Discount Liq(P),10/7/2026,1.00,1.00
Jim Heaney,8638 White Claw Surge Grape 1/12/19.2oz Can,White Claw,12/19.2oz Can,29013 Lyndhurst Liquors (P),10/7/2026,1.00,1.00
Shane Barreca,8592 White Claw Hard Seltzer Mango 1/12/19.2 oz Can,White Claw,12/19.2oz Can,70003 Montvale Wines & Spirits,10/7/2026,1.00,1.00
Jayson Romine,8460 Mikes Harder Strawberry Pineapple 1/12/23.5 oz Can,Mike's Harder,12/23.5oz Can,230924 Sussex Co.Discount Liq(P),10/7/2026,1.00,1.00
Dan Lagala,8632 White Claw Surge Blueberry 1/12/19.2 oz Can,White Claw,12/19.2oz Can,44009 Metro Liquor (Cliffside Park),10/7/2026,1.00,1.00
Matt Powierski,8638 White Claw Surge Grape 1/12/19.2oz Can,White Claw,12/19.2oz Can,37002 Garfield Bar & Liq (P),10/7/2026,1.00,1.00
Klejdi Lamo,8592 White Claw Hard Seltzer Mango 1/12/19.2 oz Can,White Claw,12/19.2oz Can,191608 Shop-Rite(A) Netcong,10/7/2026,1.00,1.00
Anthony Palmisano,8586 White Claw Hard Seltzer Ruby Grapefruit 1/12/19.2 oz Can,White Claw,12/19.2oz Can,4002 Bloomingdale Discount Liq,10/7/2026,1.00,1.00
Anthony Palmisano,8586 White Claw Hard Seltzer Ruby Grapefruit 1/12/19.2 oz Can,White Claw,12/19.2oz Can,231805 Meloi Liquors,10/7/2026,1.00,1.00
Dan Lagala,8623 White Claw Surge 8% Blood Orange 19.2 oz Can,White Claw,12/19.2oz Can,44009 Metro Liquor (Cliffside Park),10/7/2026,1.00,1.00
Shane Barreca,8592 White Claw Hard Seltzer Mango 1/12/19.2 oz Can,White Claw,12/19.2oz Can,86003 Township Liq (P),10/7/2026,1.00,1.00
Derrick Laws,8586 White Claw Hard Seltzer Ruby Grapefruit 1/12/19.2 oz Can,White Claw,12/19.2oz Can,13001 Shop Rite Liq (A)Littlefl,10/7/2026,1.00,1.00
Michael Harboy,8623 White Claw Surge 8% Blood Orange 19.2 oz Can,White Claw,12/19.2oz Can,11014 Wayne Liquor Locker,10/7/2026,1.00,1.00
Klejdi Lamo,8638 White Claw Surge Grape 1/12/19.2oz Can,White Claw,12/19.2oz Can,191608 Shop-Rite(A) Netcong,10/7/2026,1.00,1.00
Jim Heaney,8481 Mikes Harder Lemonade 1/12/23.5 oz Can,Mike's Harder,12/23.5oz Can,29013 Lyndhurst Liquors (P),10/7/2026,1.00,1.00
Matt Powierski,8481 Mikes Harder Lemonade 1/12/23.5 oz Can,Mike's Harder,12/23.5oz Can,37068 Whoopee Liq (A),10/7/2026,1.00,1.00
Shane Barreca,8585 White Claw Hard Seltzer Black Cherry 1/12/19.2 oz Can,White Claw,12/19.2oz Can,59003 Oradell Mini Mart(P),10/7/2026,1.00,1.00
Klejdi Lamo,8585 White Claw Hard Seltzer Black Cherry 1/12/19.2 oz Can,White Claw,12/19.2oz Can,191213 Island Of Spirits (P),10/7/2026,1.00,1.00
Chris Payton,8481 Mikes Harder Lemonade 1/12/23.5 oz Can,Mike's Harder,12/23.5oz Can,25045 Clifton Disc Liq (A),10/7/2026,1.00,1.00
Dan Lagala,8624 White Claw Surge 8% Cranberry 19.2 oz Can,White Claw,12/19.2oz Can,44009 Metro Liquor (Cliffside Park),10/7/2026,1.00,1.00
Chris Payton,8623 White Claw Surge 8% Blood Orange 19.2 oz Can,White Claw,12/19.2oz Can,81001 B & B Liquors (Fair Lawn),10/7/2026,1.00,1.00
Anthony Palmisano,8592 White Claw Hard Seltzer Mango 1/12/19.2 oz Can,White Claw,12/19.2oz Can,4002 Bloomingdale Discount Liq,10/7/2026,1.00,1.00
Derrick Laws,8480 Mikes Harder Cranberry 1/12/23.5 oz Can,Mike's Harder,12/23.5oz Can,20025 Mercer Bar & Liquors,10/7/2026,1.00,1.00
Jayson Romine,8623 White Claw Surge 8% Blood Orange 19.2 oz Can,White Claw,12/19.2oz Can,230911 The Right Bottle,10/7/2026,1.00,1.00
Jayson Romine,8585 White Claw Hard Seltzer Black Cherry 1/12/19.2 oz Can,White Claw,12/19.2oz Can,231315 Woody's Liq Shop (A),10/7/2026,1.00,1.00
Anthony Palmisano,8586 White Claw Hard Seltzer Ruby Grapefruit 1/12/19.2 oz Can,White Claw,12/19.2oz Can,8010 George's Market (A),10/7/2026,1.00,1.00
Matt Powierski,8585 White Claw Hard Seltzer Black Cherry 1/12/19.2 oz Can,White Claw,12/19.2oz Can,31008 Metro Wine And Liq(A),10/7/2026,1.00,1.00
Dave Ehlers,8631 White Claw Peach 1/12/19.2 oz Can,White Claw,12/19.2oz Can,56008 Bergenfield Liq & Fw,10/7/2026,1.00,1.00
Anthony Palmisano,8585 White Claw Hard Seltzer Black Cherry 1/12/19.2 oz Can,White Claw,12/19.2oz Can,231805 Meloi Liquors,10/7/2026,1.00,1.00
Dave Ehlers,8585 White Claw Hard Seltzer Black Cherry 1/12/19.2 oz Can,White Claw,12/19.2oz Can,56008 Bergenfield Liq & Fw,10/7/2026,1.00,1.00
Derrick Laws,8481 Mikes Harder Lemonade 1/12/23.5 oz Can,Mike's Harder,12/23.5oz Can,21031 Broadway Liq (A),10/7/2026,1.00,1.00
Chris Payton,8585 White Claw Hard Seltzer Black Cherry 1/12/19.2 oz Can,White Claw,12/19.2oz Can,25045 Clifton Disc Liq (A),10/7/2026,1.00,1.00
Klejdi Lamo,8586 White Claw Hard Seltzer Ruby Grapefruit 1/12/19.2 oz Can,White Claw,12/19.2oz Can,190207 Liquor Outlet,10/7/2026,1.00,1.00
Dave Ehlers,8623 White Claw Surge 8% Blood Orange 19.2 oz Can,White Claw,12/19.2oz Can,39012 Wine And Liq Depot(A),10/7/2026,1.00,1.00
Derrick Laws,8624 White Claw Surge 8% Cranberry 19.2 oz Can,White Claw,12/19.2oz Can,20027 230 Liq & Groc.(A),10/7/2026,1.00,1.00
Jim Heaney,8586 White Claw Hard Seltzer Ruby Grapefruit 1/12/19.2 oz Can,White Claw,12/19.2oz Can,29013 Lyndhurst Liquors (P),10/7/2026,1.00,1.00
Matt Powierski,8632 White Claw Surge Blueberry 1/12/19.2 oz Can,White Claw,12/19.2oz Can,37068 Whoopee Liq (A),10/7/2026,1.00,1.00
Jim Heaney,8592 White Claw Hard Seltzer Mango 1/12/19.2 oz Can,White Claw,12/19.2oz Can,29013 Lyndhurst Liquors (P),10/7/2026,1.00,1.00
Matt Powierski,8480 Mikes Harder Cranberry 1/12/23.5 oz Can,Mike's Harder,12/23.5oz Can,37068 Whoopee Liq (A),10/7/2026,1.00,1.00
Klejdi Lamo,8586 White Claw Hard Seltzer Ruby Grapefruit 1/12/19.2 oz Can,White Claw,12/19.2oz Can,191213 Island Of Spirits (P),10/7/2026,1.00,1.00
Matt Powierski,8624 White Claw Surge 8% Cranberry 19.2 oz Can,White Claw,12/19.2oz Can,37068 Whoopee Liq (A),10/7/2026,1.00,1.00
Anthony Palmisano,8585 White Claw Hard Seltzer Black Cherry 1/12/19.2 oz Can,White Claw,12/19.2oz Can,4002 Bloomingdale Discount Liq,10/7/2026,1.00,1.00
Klejdi Lamo,8480 Mikes Harder Cranberry 1/12/23.5 oz Can,Mike's Harder,12/23.5oz Can,190207 Liquor Outlet,10/7/2026,1.00,1.00
Derrick Laws,8585 White Claw Hard Seltzer Black Cherry 1/12/19.2 oz Can,White Claw,12/19.2oz Can,20025 Mercer Bar & Liquors,10/7/2026,1.00,1.00
Chris Payton,8632 White Claw Surge Blueberry 1/12/19.2 oz Can,White Claw,12/19.2oz Can,81001 B & B Liquors (Fair Lawn),10/7/2026,1.00,1.00
Derrick Laws,8458 Mikes Harder Black Cherry 1/12/23.5 oz Can,Mike's Harder,12/23.5oz Can,20025 Mercer Bar & Liquors,10/7/2026,1.00,1.00
Shane Barreca,8592 White Claw Hard Seltzer Mango 1/12/19.2 oz Can,White Claw,12/19.2oz Can,62001 Garden State Deli (A),10/7/2026,1.00,1.00
Matt Powierski,8632 White Claw Surge Blueberry 1/12/19.2 oz Can,White Claw,12/19.2oz Can,31008 Metro Wine And Liq(A),10/7/2026,1.00,1.00
Matt Powierski,8638 White Claw Surge Grape 1/12/19.2oz Can,White Claw,12/19.2oz Can,37068 Whoopee Liq (A),10/7/2026,1.00,1.00
Derrick Laws,8624 White Claw Surge 8% Cranberry 19.2 oz Can,White Claw,12/19.2oz Can,13001 Shop Rite Liq (A)Littlefl,10/7/2026,1.00,1.00
Klejdi Lamo,8409 Mikes Harder Pink Lemonade 1/12/23.5 oz Can,Mike's Harder,12/23.5oz Can,191518 3 IN 1 LIQUORS INC,10/7/2026,1.00,1.00
Shane Barreca,8586 White Claw Hard Seltzer Ruby Grapefruit 1/12/19.2 oz Can,White Claw,12/19.2oz Can,59003 Oradell Mini Mart(P),10/7/2026,1.00,1.00
Dave Ehlers,8537 Cayman Jacked Margarita 1/12/19.2 oz Can,Cayman Jack,1/12/19.2oz,39012 Wine And Liq Depot(A),10/7/2026,1.00,1.00
Pablo Lopez,8592 White Claw Hard Seltzer Mango 1/12/19.2 oz Can,White Claw,12/19.2oz Can,27072 Passaic Discount Liquors,10/7/2026,1.00,1.00
Chris Payton,8592 White Claw Hard Seltzer Mango 1/12/19.2 oz Can,White Claw,12/19.2oz Can,25045 Clifton Disc Liq (A),10/7/2026,1.00,1.00
Dave Ehlers,8538 Cayman Jacked Strawberry Margarita 1/12/19.2 oz Can,Cayman Jack,1/12/19.2oz,39012 Wine And Liq Depot(A),10/7/2026,1.00,1.00
Klejdi Lamo,8585 White Claw Hard Seltzer Black Cherry 1/12/19.2 oz Can,White Claw,12/19.2oz Can,190207 Liquor Outlet,10/7/2026,1.00,1.00
Klejdi Lamo,8592 White Claw Hard Seltzer Mango 1/12/19.2 oz Can,White Claw,12/19.2oz Can,191606 Quick Check Liquor (A),10/7/2026,1.00,1.00
Matt Powierski,8466 Mikes Harder Mango 1/12/23.5 oz Can,Mike's Harder,12/23.5oz Can,37068 Whoopee Liq (A),10/7/2026,1.00,1.00
Jim Heaney,8458 Mikes Harder Black Cherry 1/12/23.5 oz Can,Mike's Harder,12/23.5oz Can,29013 Lyndhurst Liquors (P),10/7/2026,1.00,1.00
Klejdi Lamo,8623 White Claw Surge 8% Blood Orange 19.2 oz Can,White Claw,12/19.2oz Can,190207 Liquor Outlet,10/7/2026,1.00,1.00
Michael Harboy,8623 White Claw Surge 8% Blood Orange 19.2 oz Can,White Claw,12/19.2oz Can,11005 Wolfson Market,10/6/2026,1.00,1.00
Mike Ast,8624 White Claw Surge 8% Cranberry 19.2 oz Can,White Claw,12/19.2oz Can,88005 Waldwick Wine/Spirits,10/6/2026,1.00,1.00
Anthony Palmisano,8480 Mikes Harder Cranberry 1/12/23.5 oz Can,Mike's Harder,12/23.5oz Can,8007 Krauszer's Liquor Wine and Spirits,10/6/2026,1.00,1.00
Anthony Palmisano,8592 White Claw Hard Seltzer Mango 1/12/19.2 oz Can,White Claw,12/19.2oz Can,8008 Shoppers Disc(A)Pompton,10/6/2026,1.00,1.00
Mike Ast,8623 White Claw Surge 8% Blood Orange 19.2 oz Can,White Claw,12/19.2oz Can,95004 Franklin Lake Liq,10/6/2026,1.00,1.00
Klejdi Lamo,8460 Mikes Harder Strawberry Pineapple 1/12/23.5 oz Can,Mike's Harder,12/23.5oz Can,1003 23 liquor & Tobacco,10/6/2026,1.00,1.00
Dave Ehlers,8592 White Claw Hard Seltzer Mango 1/12/19.2 oz Can,White Claw,12/19.2oz Can,40010 Hackensack Liquors,10/6/2026,1.00,1.00
Dave Ehlers,8624 White Claw Surge 8% Cranberry 19.2 oz Can,White Claw,12/19.2oz Can,41012 Deli Mart (A),10/6/2026,1.00,1.00
Phil Ernst,8586 White Claw Hard Seltzer Ruby Grapefruit 1/12/19.2 oz Can,White Claw,12/19.2oz Can,43001 City Supermarket,10/6/2026,1.00,1.00
Mike Ast,8592 White Claw Hard Seltzer Mango 1/12/19.2 oz Can,White Claw,12/19.2oz Can,93003 Mahwah Liqrs (P),10/6/2026,1.00,1.00
Dave Ehlers,8585 White Claw Hard Seltzer Black Cherry 1/12/19.2 oz Can,White Claw,12/19.2oz Can,40010 Hackensack Liquors,10/6/2026,1.00,1.00
Michael Harboy,8585 White Claw Hard Seltzer Black Cherry 1/12/19.2 oz Can,White Claw,12/19.2oz Can,12005 Shay's Liquors,10/6/2026,1.00,1.00
Anthony Palmisano,8592 White Claw Hard Seltzer Mango 1/12/19.2 oz Can,White Claw,12/19.2oz Can,5006 Roserne Pkg Store South,10/6/2026,1.00,1.00
Anthony Palmisano,8586 White Claw Hard Seltzer Ruby Grapefruit 1/12/19.2 oz Can,White Claw,12/19.2oz Can,6002 Roserne Liquors North,10/6/2026,1.00,1.00
Mike Ast,8585 White Claw Hard Seltzer Black Cherry 1/12/19.2 oz Can,White Claw,12/19.2oz Can,93006 Mahwah Wine & Liquor (A),10/6/2026,1.00,1.00
Matt Powierski,8623 White Claw Surge 8% Blood Orange 19.2 oz Can,White Claw,12/19.2oz Can,32016 Cobblestone Hill Deli,10/6/2026,1.00,1.00
Phil Ernst,8585 White Claw Hard Seltzer Black Cherry 1/12/19.2 oz Can,White Claw,12/19.2oz Can,43001 City Supermarket,10/6/2026,1.00,1.00
Klejdi Lamo,8592 White Claw Hard Seltzer Mango 1/12/19.2 oz Can,White Claw,12/19.2oz Can,190304 Shoppers Disc Liquor,10/6/2026,1.00,1.00
Chris Payton,8586 White Claw Hard Seltzer Ruby Grapefruit 1/12/19.2 oz Can,White Claw,12/19.2oz Can,38007 Garden Liquors (P),10/6/2026,1.00,1.00
Jayson Romine,8481 Mikes Harder Lemonade 1/12/23.5 oz Can,Mike's Harder,12/23.5oz Can,231203 The George Inn,10/6/2026,1.00,1.00
Chris Payton,8480 Mikes Harder Cranberry 1/12/23.5 oz Can,Mike's Harder,12/23.5oz Can,38007 Garden Liquors (P),10/6/2026,1.00,1.00
Jim Heaney,8538 Cayman Jacked Strawberry Margarita 1/12/19.2 oz Can,Cayman Jack,1/12/19.2oz,23002 Valley Liquors (A),10/6/2026,1.00,1.00
Mike Ast,8586 White Claw Hard Seltzer Ruby Grapefruit 1/12/19.2 oz Can,White Claw,12/19.2oz Can,95004 Franklin Lake Liq,10/6/2026,1.00,1.00
Mike Ast,8592 White Claw Hard Seltzer Mango 1/12/19.2 oz Can,White Claw,12/19.2oz Can,88005 Waldwick Wine/Spirits,10/6/2026,1.00,1.00
Anthony Palmisano,8458 Mikes Harder Black Cherry 1/12/23.5 oz Can,Mike's Harder,12/23.5oz Can,4009 Usa Wine Traders Club (Bloomingdale),10/6/2026,1.00,1.00
Michael Harboy,8638 White Claw Surge Grape 1/12/19.2oz Can,White Claw,12/19.2oz Can,12005 Shay's Liquors,10/6/2026,1.00,1.00
Anthony Palmisano,8592 White Claw Hard Seltzer Mango 1/12/19.2 oz Can,White Claw,12/19.2oz Can,6002 Roserne Liquors North,10/6/2026,1.00,1.00
Mike Ast,8466 Mikes Harder Mango 1/12/23.5 oz Can,Mike's Harder,12/23.5oz Can,84004 Quick Stop Liquor & Wine,10/6/2026,1.00,1.00
Anthony Palmisano,8458 Mikes Harder Black Cherry 1/12/23.5 oz Can,Mike's Harder,12/23.5oz Can,8007 Krauszer's Liquor Wine and Spirits,10/6/2026,1.00,1.00
Dave Ehlers,8624 White Claw Surge 8% Cranberry 19.2 oz Can,White Claw,12/19.2oz Can,41005 George's Liq,10/6/2026,1.00,1.00
Phil Ernst,8638 White Claw Surge Grape 1/12/19.2oz Can,White Claw,12/19.2oz Can,43001 City Supermarket,10/6/2026,1.00,1.00
Jayson Romine,8592 White Claw Hard Seltzer Mango 1/12/19.2 oz Can,White Claw,12/19.2oz Can,231203 The George Inn,10/6/2026,1.00,1.00
Chris Payton,8585 White Claw Hard Seltzer Black Cherry 1/12/19.2 oz Can,White Claw,12/19.2oz Can,38021 Buy Rite Of Main St Lodi,10/6/2026,1.00,1.00
Brian Sengebush,8585 White Claw Hard Seltzer Black Cherry 1/12/19.2 oz Can,White Claw,12/19.2oz Can,231717 Culver Liquor and Bar,10/6/2026,1.00,1.00
Matt Powierski,8458 Mikes Harder Black Cherry 1/12/23.5 oz Can,Mike's Harder,12/23.5oz Can,32016 Cobblestone Hill Deli,10/6/2026,1.00,1.00
Phil Ernst,8623 White Claw Surge 8% Blood Orange 19.2 oz Can,White Claw,12/19.2oz Can,40019 Budy's Wine & Liq (A),10/6/2026,1.00,1.00
Klejdi Lamo,8409 Mikes Harder Pink Lemonade 1/12/23.5 oz Can,Mike's Harder,12/23.5oz Can,1003 23 liquor & Tobacco,10/6/2026,1.00,1.00
Jayson Romine,8585 White Claw Hard Seltzer Black Cherry 1/12/19.2 oz Can,White Claw,12/19.2oz Can,231203 The George Inn,10/6/2026,1.00,1.00
Dave Ehlers,8586 White Claw Hard Seltzer Ruby Grapefruit 1/12/19.2 oz Can,White Claw,12/19.2oz Can,57001 Barrel & Brew Bar & Liq,10/6/2026,1.00,1.00
Dave Ehlers,8631 White Claw Peach 1/12/19.2 oz Can,White Claw,12/19.2oz Can,40010 Hackensack Liquors,10/6/2026,1.00,1.00
Chris Payton,8460 Mikes Harder Strawberry Pineapple 1/12/23.5 oz Can,Mike's Harder,12/23.5oz Can,38007 Garden Liquors (P),10/6/2026,1.00,1.00
Klejdi Lamo,8466 Mikes Harder Mango 1/12/23.5 oz Can,Mike's Harder,12/23.5oz Can,1003 23 liquor & Tobacco,10/6/2026,1.00,1.00
Dave Ehlers,8632 White Claw Surge Blueberry 1/12/19.2 oz Can,White Claw,12/19.2oz Can,41012 Deli Mart (A),10/6/2026,1.00,1.00
Dan Lagala,8632 White Claw Surge Blueberry 1/12/19.2 oz Can,White Claw,12/19.2oz Can,49055 Edgewater Liquor (A),10/6/2026,1.00,1.00
Shane Barreca,8585 White Claw Hard Seltzer Black Cherry 1/12/19.2 oz Can,White Claw,12/19.2oz Can,70001 Montvale Wine/Liq & Beer,10/6/2026,1.00,1.00
Dave Ehlers,8592 White Claw Hard Seltzer Mango 1/12/19.2 oz Can,White Claw,12/19.2oz Can,57001 Barrel & Brew Bar & Liq,10/6/2026,1.00,1.00
Anthony Palmisano,8632 White Claw Surge Blueberry 1/12/19.2 oz Can,White Claw,12/19.2oz Can,9003 B & B Wine&Liq,10/6/2026,1.00,1.00
Klejdi Lamo,8537 Cayman Jacked Margarita 1/12/19.2 oz Can,Cayman Jack,1/12/19.2oz,191814 Sandy's Wine & Spirit (P) (Budd Lake),10/6/2026,1.00,1.00
Mike Ast,8585 White Claw Hard Seltzer Black Cherry 1/12/19.2 oz Can,White Claw,12/19.2oz Can,84004 Quick Stop Liquor & Wine,10/6/2026,1.00,1.00
Jayson Romine,8586 White Claw Hard Seltzer Ruby Grapefruit 1/12/19.2 oz Can,White Claw,12/19.2oz Can,231203 The George Inn,10/6/2026,1.00,1.00
Dave Ehlers,8585 White Claw Hard Seltzer Black Cherry 1/12/19.2 oz Can,White Claw,12/19.2oz Can,57001 Barrel & Brew Bar & Liq,10/6/2026,1.00,1.00
Matt Powierski,8585 White Claw Hard Seltzer Black Cherry 1/12/19.2 oz Can,White Claw,12/19.2oz Can,33002 Moonachie Liquors,10/6/2026,1.00,1.00
Anthony Palmisano,8481 Mikes Harder Lemonade 1/12/23.5 oz Can,Mike's Harder,12/23.5oz Can,8007 Krauszer's Liquor Wine and Spirits,10/6/2026,1.00,1.00
Mike Ast,8586 White Claw Hard Seltzer Ruby Grapefruit 1/12/19.2 oz Can,White Claw,12/19.2oz Can,84004 Quick Stop Liquor & Wine,10/6/2026,1.00,1.00
Mike Ast,8585 White Claw Hard Seltzer Black Cherry 1/12/19.2 oz Can,White Claw,12/19.2oz Can,88005 Waldwick Wine/Spirits,10/6/2026,1.00,1.00
Anthony Palmisano,8585 White Claw Hard Seltzer Black Cherry 1/12/19.2 oz Can,White Claw,12/19.2oz Can,6002 Roserne Liquors North,10/6/2026,1.00,1.00
Chris Payton,8631 White Claw Peach 1/12/19.2 oz Can,White Claw,12/19.2oz Can,38021 Buy Rite Of Main St Lodi,10/6/2026,1.00,1.00
Anthony Palmisano,8466 Mikes Harder Mango 1/12/23.5 oz Can,Mike's Harder,12/23.5oz Can,4009 Usa Wine Traders Club (Bloomingdale),10/6/2026,1.00,1.00
Klejdi Lamo,8624 White Claw Surge 8% Cranberry 19.2 oz Can,White Claw,12/19.2oz Can,191713 Stanhope Liquors,10/6/2026,1.00,1.00
Chris Payton,8632 White Claw Surge Blueberry 1/12/19.2 oz Can,White Claw,12/19.2oz Can,38021 Buy Rite Of Main St Lodi,10/6/2026,1.00,1.00
Dave Ehlers,8624 White Claw Surge 8% Cranberry 19.2 oz Can,White Claw,12/19.2oz Can,40010 Hackensack Liquors,10/6/2026,1.00,1.00
Anthony Palmisano,8623 White Claw Surge 8% Blood Orange 19.2 oz Can,White Claw,12/19.2oz Can,5001 River Place Food Store,10/6/2026,1.00,1.00
Jim Heaney,8585 White Claw Hard Seltzer Black Cherry 1/12/19.2 oz Can,White Claw,12/19.2oz Can,24014 Bottleneck Liquors,10/6/2026,1.00,1.00
Dave Ehlers,8623 White Claw Surge 8% Blood Orange 19.2 oz Can,White Claw,12/19.2oz Can,40010 Hackensack Liquors,10/6/2026,1.00,1.00
Michael Harboy,8586 White Claw Hard Seltzer Ruby Grapefruit 1/12/19.2 oz Can,White Claw,12/19.2oz Can,12005 Shay's Liquors,10/6/2026,1.00,1.00
Jim Heaney,8585 White Claw Hard Seltzer Black Cherry 1/12/19.2 oz Can,White Claw,12/19.2oz Can,24020 US#1 Wine & Liquor,10/6/2026,1.00,1.00
Chris Payton,8585 White Claw Hard Seltzer Black Cherry 1/12/19.2 oz Can,White Claw,12/19.2oz Can,35002 Woodridge Wines & Liq(A),10/6/2026,1.00,1.00
Klejdi Lamo,8638 White Claw Surge Grape 1/12/19.2oz Can,White Claw,12/19.2oz Can,1003 23 liquor & Tobacco,10/6/2026,1.00,1.00
Derrick Laws,8632 White Claw Surge Blueberry 1/12/19.2 oz Can,White Claw,12/19.2oz Can,21048 Ferraro's Liquor,10/6/2026,1.00,1.00
Phil Ernst,8592 White Claw Hard Seltzer Mango 1/12/19.2 oz Can,White Claw,12/19.2oz Can,43001 City Supermarket,10/6/2026,1.00,1.00
Mike Ast,8586 White Claw Hard Seltzer Ruby Grapefruit 1/12/19.2 oz Can,White Claw,12/19.2oz Can,19009 Diamond Liquor,10/6/2026,1.00,1.00
Dave Ehlers,8632 White Claw Surge Blueberry 1/12/19.2 oz Can,White Claw,12/19.2oz Can,57001 Barrel & Brew Bar & Liq,10/6/2026,1.00,1.00
Matt Powierski,8585 White Claw Hard Seltzer Black Cherry 1/12/19.2 oz Can,White Claw,12/19.2oz Can,27031 Home Wine Liquor (Passaic),10/6/2026,1.00,1.00
Klejdi Lamo,8623 White Claw Surge 8% Blood Orange 19.2 oz Can,White Claw,12/19.2oz Can,190304 Shoppers Disc Liquor,10/6/2026,1.00,1.00
Derrick Laws,8537 Cayman Jacked Margarita 1/12/19.2 oz Can,Cayman Jack,1/12/19.2oz,21048 Ferraro's Liquor,10/6/2026,1.00,1.00
Anthony Palmisano,8623 White Claw Surge 8% Blood Orange 19.2 oz Can,White Claw,12/19.2oz Can,9003 B & B Wine&Liq,10/6/2026,1.00,1.00
Jim Heaney,8592 White Claw Hard Seltzer Mango 1/12/19.2 oz Can,White Claw,12/19.2oz Can,24014 Bottleneck Liquors,10/6/2026,1.00,1.00
Dave Ehlers,8537 Cayman Jacked Margarita 1/12/19.2 oz Can,Cayman Jack,1/12/19.2oz,40010 Hackensack Liquors,10/6/2026,1.00,1.00
Anthony Palmisano,8586 White Claw Hard Seltzer Ruby Grapefruit 1/12/19.2 oz Can,White Claw,12/19.2oz Can,8008 Shoppers Disc(A)Pompton,10/6/2026,1.00,1.00
Jayson Romine,8481 Mikes Harder Lemonade 1/12/23.5 oz Can,Mike's Harder,12/23.5oz Can,231316 Patricks Wine Barn,10/6/2026,1.00,1.00
Dave Ehlers,8592 White Claw Hard Seltzer Mango 1/12/19.2 oz Can,White Claw,12/19.2oz Can,41005 George's Liq,10/6/2026,1.00,1.00
Matt Powierski,8460 Mikes Harder Strawberry Pineapple 1/12/23.5 oz Can,Mike's Harder,12/23.5oz Can,32016 Cobblestone Hill Deli,10/6/2026,1.00,1.00
Dan Lagala,8631 White Claw Peach 1/12/19.2 oz Can,White Claw,12/19.2oz Can,49055 Edgewater Liquor (A),10/6/2026,1.00,1.00
Dave Ehlers,8458 Mikes Harder Black Cherry 1/12/23.5 oz Can,Mike's Harder,12/23.5oz Can,57001 Barrel & Brew Bar & Liq,10/6/2026,1.00,1.00
Matt Powierski,8538 Cayman Jacked Strawberry Margarita 1/12/19.2 oz Can,Cayman Jack,1/12/19.2oz,31060 Bottle Republic (Rutherford),10/6/2026,1.00,1.00
Matt Powierski,8585 White Claw Hard Seltzer Black Cherry 1/12/19.2 oz Can,White Claw,12/19.2oz Can,32016 Cobblestone Hill Deli,10/6/2026,1.00,1.00
Michael Harboy,8585 White Claw Hard Seltzer Black Cherry 1/12/19.2 oz Can,White Claw,12/19.2oz Can,11005 Wolfson Market,10/6/2026,1.00,1.00
Anthony Palmisano,8624 White Claw Surge 8% Cranberry 19.2 oz Can,White Claw,12/19.2oz Can,9003 B & B Wine&Liq,10/6/2026,1.00,1.00
Mike Ast,8585 White Claw Hard Seltzer Black Cherry 1/12/19.2 oz Can,White Claw,12/19.2oz Can,17010 Frank's Fine Wine & Foods,10/6/2026,1.00,1.00
Klejdi Lamo,8623 White Claw Surge 8% Blood Orange 19.2 oz Can,White Claw,12/19.2oz Can,191210 Milton Inn,10/6/2026,1.00,1.00
Jim Heaney,8592 White Claw Hard Seltzer Mango 1/12/19.2 oz Can,White Claw,12/19.2oz Can,24020 US#1 Wine & Liquor,10/6/2026,1.00,1.00
Dave Ehlers,8481 Mikes Harder Lemonade 1/12/23.5 oz Can,Mike's Harder,12/23.5oz Can,40010 Hackensack Liquors,10/6/2026,1.00,1.00
Klejdi Lamo,8538 Cayman Jacked Strawberry Margarita 1/12/19.2 oz Can,Cayman Jack,1/12/19.2oz,191814 Sandy's Wine & Spirit (P) (Budd Lake),10/6/2026,1.00,1.00
Chris Payton,8623 White Claw Surge 8% Blood Orange 19.2 oz Can,White Claw,12/19.2oz Can,38007 Garden Liquors (P),10/6/2026,1.00,1.00
Derrick Laws,8585 White Claw Hard Seltzer Black Cherry 1/12/19.2 oz Can,White Claw,12/19.2oz Can,20079 Limestone Liquors (A),10/6/2026,1.00,1.00
Dave Ehlers,8585 White Claw Hard Seltzer Black Cherry 1/12/19.2 oz Can,White Claw,12/19.2oz Can,41012 Deli Mart (A),10/6/2026,1.00,1.00
Klejdi Lamo,8481 Mikes Harder Lemonade 1/12/23.5 oz Can,Mike's Harder,12/23.5oz Can,1003 23 liquor & Tobacco,10/6/2026,1.00,1.00
Klejdi Lamo,8466 Mikes Harder Mango 1/12/23.5 oz Can,Mike's Harder,12/23.5oz Can,191210 Milton Inn,10/6/2026,1.00,1.00
Dave Ehlers,8585 White Claw Hard Seltzer Black Cherry 1/12/19.2 oz Can,White Claw,12/19.2oz Can,41005 George's Liq,10/6/2026,1.00,1.00
Matt Powierski,8592 White Claw Hard Seltzer Mango 1/12/19.2 oz Can,White Claw,12/19.2oz Can,32016 Cobblestone Hill Deli,10/6/2026,1.00,1.00
Matt Powierski,8537 Cayman Jacked Margarita 1/12/19.2 oz Can,Cayman Jack,1/12/19.2oz,31060 Bottle Republic (Rutherford),10/6/2026,1.00,1.00
Klejdi Lamo,8632 White Claw Surge Blueberry 1/12/19.2 oz Can,White Claw,12/19.2oz Can,190804 Midtown Liq,10/6/2026,1.00,1.00
Chris Payton,8585 White Claw Hard Seltzer Black Cherry 1/12/19.2 oz Can,White Claw,12/19.2oz Can,38007 Garden Liquors (P),10/6/2026,1.00,1.00
Pablo Lopez,8592 White Claw Hard Seltzer Mango 1/12/19.2 oz Can,White Claw,12/19.2oz Can,27043 Monroe Wine & Liq(P),10/6/2026,1.00,1.00
Klejdi Lamo,8585 White Claw Hard Seltzer Black Cherry 1/12/19.2 oz Can,White Claw,12/19.2oz Can,190901 Berkshire(P) Bot. Shop,10/6/2026,1.00,1.00
Derrick Laws,8537 Cayman Jacked Margarita 1/12/19.2 oz Can,Cayman Jack,1/12/19.2oz,20079 Limestone Liquors (A),10/6/2026,1.00,1.00
Dave Ehlers,8631 White Claw Peach 1/12/19.2 oz Can,White Claw,12/19.2oz Can,41005 George's Liq,10/6/2026,1.00,1.00
Dan Lagala,8592 White Claw Hard Seltzer Mango 1/12/19.2 oz Can,White Claw,12/19.2oz Can,49055 Edgewater Liquor (A),10/6/2026,1.00,1.00
Chris Payton,8624 White Claw Surge 8% Cranberry 19.2 oz Can,White Claw,12/19.2oz Can,38021 Buy Rite Of Main St Lodi,10/6/2026,1.00,1.00
Michael Harboy,8632 White Claw Surge Blueberry 1/12/19.2 oz Can,White Claw,12/19.2oz Can,12005 Shay's Liquors,10/6/2026,1.00,1.00
Pablo Lopez,8585 White Claw Hard Seltzer Black Cherry 1/12/19.2 oz Can,White Claw,12/19.2oz Can,27069 Broadway W&L,10/6/2026,1.00,1.00
Matt Powierski,8480 Mikes Harder Cranberry 1/12/23.5 oz Can,Mike's Harder,12/23.5oz Can,32016 Cobblestone Hill Deli,10/6/2026,1.00,1.00
Matt Powierski,8592 White Claw Hard Seltzer Mango 1/12/19.2 oz Can,White Claw,12/19.2oz Can,77022 All Star Wine & Liquor,10/6/2026,1.00,1.00
Klejdi Lamo,8585 White Claw Hard Seltzer Black Cherry 1/12/19.2 oz Can,White Claw,12/19.2oz Can,1003 23 liquor & Tobacco,10/6/2026,1.00,1.00
Mike Ast,8632 White Claw Surge Blueberry 1/12/19.2 oz Can,White Claw,12/19.2oz Can,95004 Franklin Lake Liq,10/6/2026,1.00,1.00
Klejdi Lamo,8409 Mikes Harder Pink Lemonade 1/12/23.5 oz Can,Mike's Harder,12/23.5oz Can,191814 Sandy's Wine & Spirit (P) (Budd Lake),10/6/2026,1.00,1.00
Pablo Lopez,8585 White Claw Hard Seltzer Black Cherry 1/12/19.2 oz Can,White Claw,12/19.2oz Can,15034 Allen's Liquors,10/5/2026,1.00,1.00
Mike Ast,8623 White Claw Surge 8% Blood Orange 19.2 oz Can,White Claw,12/19.2oz Can,12011 Bottle King (A) Wayne,10/5/2026,1.00,1.00
Phil Ernst,8585 White Claw Hard Seltzer Black Cherry 1/12/19.2 oz Can,White Claw,12/19.2oz Can,81014 Shop Rite Liq(A) Fair Lwn,10/5/2026,1.00,1.00
Derrick Laws,8623 White Claw Surge 8% Blood Orange 19.2 oz Can,White Claw,12/19.2oz Can,20080 Raphael & Angel Liq (A),10/5/2026,1.00,1.00
Jim Heaney,8592 White Claw Hard Seltzer Mango 1/12/19.2 oz Can,White Claw,12/19.2oz Can,25031 Lexington Liquors (Z),10/5/2026,1.00,1.00
Matt Powierski,8458 Mikes Harder Black Cherry 1/12/23.5 oz Can,Mike's Harder,12/23.5oz Can,42011 Buzzzrite Liquors,10/5/2026,1.00,1.00
Jayson Romine,8585 White Claw Hard Seltzer Black Cherry 1/12/19.2 oz Can,White Claw,12/19.2oz Can,230441 Wine Country Newton,10/5/2026,1.00,1.00
Pablo Lopez,8631 White Claw Peach 1/12/19.2 oz Can,White Claw,12/19.2oz Can,15034 Allen's Liquors,10/5/2026,1.00,1.00
Jayson Romine,8624 White Claw Surge 8% Cranberry 19.2 oz Can,White Claw,12/19.2oz Can,230441 Wine Country Newton,10/5/2026,1.00,1.00
Phil Ernst,8466 Mikes Harder Mango 1/12/23.5 oz Can,Mike's Harder,12/23.5oz Can,81014 Shop Rite Liq(A) Fair Lwn,10/5/2026,1.00,1.00
Jayson Romine,8480 Mikes Harder Cranberry 1/12/23.5 oz Can,Mike's Harder,12/23.5oz Can,230314 Liquor Factory V Andover,10/5/2026,1.00,1.00
Chris Payton,8585 White Claw Hard Seltzer Black Cherry 1/12/19.2 oz Can,White Claw,12/19.2oz Can,50007 Welsh Farms,10/5/2026,1.00,1.00
Jayson Romine,8624 White Claw Surge 8% Cranberry 19.2 oz Can,White Claw,12/19.2oz Can,230114 Liquor Factory III Sparta,10/5/2026,1.00,1.00
Javier Melo,8592 White Claw Hard Seltzer Mango 1/12/19.2 oz Can,White Claw,12/19.2oz Can,25047 Parker Liquors (Z),10/5/2026,1.00,1.00
Matt Powierski,8631 White Claw Peach 1/12/19.2 oz Can,White Claw,12/19.2oz Can,77009 M & M Wine & Spirits,10/5/2026,1.00,1.00
Phil Ernst,8586 White Claw Hard Seltzer Ruby Grapefruit 1/12/19.2 oz Can,White Claw,12/19.2oz Can,81014 Shop Rite Liq(A) Fair Lwn,10/5/2026,1.00,1.00
Phil Ernst,8623 White Claw Surge 8% Blood Orange 19.2 oz Can,White Claw,12/19.2oz Can,81014 Shop Rite Liq(A) Fair Lwn,10/5/2026,1.00,1.00
Jim Heaney,8623 White Claw Surge 8% Blood Orange 19.2 oz Can,White Claw,12/19.2oz Can,29009 Quick Buy,10/5/2026,1.00,1.00
Jayson Romine,8585 White Claw Hard Seltzer Black Cherry 1/12/19.2 oz Can,White Claw,12/19.2oz Can,230114 Liquor Factory III Sparta,10/5/2026,1.00,1.00
Jayson Romine,8586 White Claw Hard Seltzer Ruby Grapefruit 1/12/19.2 oz Can,White Claw,12/19.2oz Can,230441 Wine Country Newton,10/5/2026,1.00,1.00
Jayson Romine,8623 White Claw Surge 8% Blood Orange 19.2 oz Can,White Claw,12/19.2oz Can,191302 Liquor Factory I Landing,10/5/2026,1.00,1.00
Phil Ernst,8585 White Claw Hard Seltzer Black Cherry 1/12/19.2 oz Can,White Claw,12/19.2oz Can,83001 Food Universe Marketplace,10/5/2026,1.00,1.00
Javier Melo,8585 White Claw Hard Seltzer Black Cherry 1/12/19.2 oz Can,White Claw,12/19.2oz Can,25012 Bottle Liquor (P),10/5/2026,1.00,1.00
Javier Melo,8592 White Claw Hard Seltzer Mango 1/12/19.2 oz Can,White Claw,12/19.2oz Can,27002 President Liqrs (A),10/5/2026,1.00,1.00
Phil Ernst,8480 Mikes Harder Cranberry 1/12/23.5 oz Can,Mike's Harder,12/23.5oz Can,83001 Food Universe Marketplace,10/5/2026,1.00,1.00
Matt Powierski,8586 White Claw Hard Seltzer Ruby Grapefruit 1/12/19.2 oz Can,White Claw,12/19.2oz Can,31004 Metro Liquors (East Rutherford),10/5/2026,1.00,1.00
Jayson Romine,8481 Mikes Harder Lemonade 1/12/23.5 oz Can,Mike's Harder,12/23.5oz Can,231308 Wantage Plaza Liq Outlet,10/5/2026,1.00,1.00
Klejdi Lamo,8409 Mikes Harder Pink Lemonade 1/12/23.5 oz Can,Mike's Harder,12/23.5oz Can,190917 Shop Rite Liq (A)Wharton,10/5/2026,1.00,1.00
Javier Melo,8585 White Claw Hard Seltzer Black Cherry 1/12/19.2 oz Can,White Claw,12/19.2oz Can,27002 President Liqrs (A),10/5/2026,1.00,1.00
Pablo Lopez,8586 White Claw Hard Seltzer Ruby Grapefruit 1/12/19.2 oz Can,White Claw,12/19.2oz Can,15016 Gene's Liquor,10/5/2026,1.00,1.00
Jayson Romine,8466 Mikes Harder Mango 1/12/23.5 oz Can,Mike's Harder,12/23.5oz Can,231308 Wantage Plaza Liq Outlet,10/5/2026,1.00,1.00
Jim Heaney,8585 White Claw Hard Seltzer Black Cherry 1/12/19.2 oz Can,White Claw,12/19.2oz Can,25031 Lexington Liquors (Z),10/5/2026,1.00,1.00
Shane Barreca,8592 White Claw Hard Seltzer Mango 1/12/19.2 oz Can,White Claw,12/19.2oz Can,92008 Ramsey Wine & Liquor,10/5/2026,1.00,1.00
Phil Ernst,8632 White Claw Surge Blueberry 1/12/19.2 oz Can,White Claw,12/19.2oz Can,81014 Shop Rite Liq(A) Fair Lwn,10/5/2026,1.00,1.00
Javier Melo,8586 White Claw Hard Seltzer Ruby Grapefruit 1/12/19.2 oz Can,White Claw,12/19.2oz Can,25012 Bottle Liquor (P),10/5/2026,1.00,1.00
Chris Payton,8481 Mikes Harder Lemonade 1/12/23.5 oz Can,Mike's Harder,12/23.5oz Can,38008 Shop Rite Liq.(A)Lodi,10/5/2026,1.00,1.00
Matt Powierski,8466 Mikes Harder Mango 1/12/23.5 oz Can,Mike's Harder,12/23.5oz Can,42011 Buzzzrite Liquors,10/5/2026,1.00,1.00
Jim Heaney,8624 White Claw Surge 8% Cranberry 19.2 oz Can,White Claw,12/19.2oz Can,30004 West End Wine & Liq,10/5/2026,1.00,1.00
Klejdi Lamo,8585 White Claw Hard Seltzer Black Cherry 1/12/19.2 oz Can,White Claw,12/19.2oz Can,190917 Shop Rite Liq (A)Wharton,10/5/2026,1.00,1.00
Klejdi Lamo,8638 White Claw Surge Grape 1/12/19.2oz Can,White Claw,12/19.2oz Can,190917 Shop Rite Liq (A)Wharton,10/5/2026,1.00,1.00
Shane Barreca,8585 White Claw Hard Seltzer Black Cherry 1/12/19.2 oz Can,White Claw,12/19.2oz Can,92011 Bottle King (A) Ramsey,10/5/2026,1.00,1.00
Jayson Romine,8480 Mikes Harder Cranberry 1/12/23.5 oz Can,Mike's Harder,12/23.5oz Can,191010 Liquor Factory II Jefferson,10/5/2026,1.00,1.00
Shane Barreca,8586 White Claw Hard Seltzer Ruby Grapefruit 1/12/19.2 oz Can,White Claw,12/19.2oz Can,67004 Beverage Barn (A),10/5/2026,1.00,1.00
Pablo Lopez,8592 White Claw Hard Seltzer Mango 1/12/19.2 oz Can,White Claw,12/19.2oz Can,27021 Johnny's Liqs (P),10/5/2026,1.00,1.00
Jayson Romine,8460 Mikes Harder Strawberry Pineapple 1/12/23.5 oz Can,Mike's Harder,12/23.5oz Can,231308 Wantage Plaza Liq Outlet,10/5/2026,1.00,1.00
Jayson Romine,8592 White Claw Hard Seltzer Mango 1/12/19.2 oz Can,White Claw,12/19.2oz Can,230314 Liquor Factory V Andover,10/5/2026,1.00,1.00
Javier Melo,8638 White Claw Surge Grape 1/12/19.2oz Can,White Claw,12/19.2oz Can,25012 Bottle Liquor (P),10/5/2026,1.00,1.00
Klejdi Lamo,8537 Cayman Jacked Margarita 1/12/19.2 oz Can,Cayman Jack,1/12/19.2oz,190917 Shop Rite Liq (A)Wharton,10/5/2026,1.00,1.00
Klejdi Lamo,8632 White Claw Surge Blueberry 1/12/19.2 oz Can,White Claw,12/19.2oz Can,190917 Shop Rite Liq (A)Wharton,10/5/2026,1.00,1.00
Jayson Romine,8585 White Claw Hard Seltzer Black Cherry 1/12/19.2 oz Can,White Claw,12/19.2oz Can,230314 Liquor Factory V Andover,10/5/2026,1.00,1.00
Mike Ast,8592 White Claw Hard Seltzer Mango 1/12/19.2 oz Can,White Claw,12/19.2oz Can,12011 Bottle King (A) Wayne,10/5/2026,1.00,1.00
Derrick Laws,8592 White Claw Hard Seltzer Mango 1/12/19.2 oz Can,White Claw,12/19.2oz Can,15037 Liquor Gallery (Paterson),10/5/2026,1.00,1.00
Shane Barreca,8632 White Claw Surge Blueberry 1/12/19.2 oz Can,White Claw,12/19.2oz Can,92008 Ramsey Wine & Liquor,10/5/2026,1.00,1.00
Derrick Laws,8638 White Claw Surge Grape 1/12/19.2oz Can,White Claw,12/19.2oz Can,20080 Raphael & Angel Liq (A),10/5/2026,1.00,1.00
Matt Powierski,8592 White Claw Hard Seltzer Mango 1/12/19.2 oz Can,White Claw,12/19.2oz Can,77009 M & M Wine & Spirits,10/5/2026,1.00,1.00
Jayson Romine,8481 Mikes Harder Lemonade 1/12/23.5 oz Can,Mike's Harder,12/23.5oz Can,191702 Liquor Factory VI Byram,10/5/2026,1.00,1.00
Derrick Laws,8623 White Claw Surge 8% Blood Orange 19.2 oz Can,White Claw,12/19.2oz Can,15037 Liquor Gallery (Paterson),10/5/2026,1.00,1.00
Jayson Romine,8466 Mikes Harder Mango 1/12/23.5 oz Can,Mike's Harder,12/23.5oz Can,191702 Liquor Factory VI Byram,10/5/2026,1.00,1.00
Jayson Romine,8586 White Claw Hard Seltzer Ruby Grapefruit 1/12/19.2 oz Can,White Claw,12/19.2oz Can,230114 Liquor Factory III Sparta,10/5/2026,1.00,1.00
Derrick Laws,8631 White Claw Peach 1/12/19.2 oz Can,White Claw,12/19.2oz Can,20080 Raphael & Angel Liq (A),10/5/2026,1.00,1.00
Matt Powierski,8638 White Claw Surge Grape 1/12/19.2oz Can,White Claw,12/19.2oz Can,77009 M & M Wine & Spirits,10/5/2026,1.00,1.00
Matt Powierski,8592 White Claw Hard Seltzer Mango 1/12/19.2 oz Can,White Claw,12/19.2oz Can,26001 Luigi's Liquor (A),10/5/2026,1.00,1.00
Jayson Romine,8624 White Claw Surge 8% Cranberry 19.2 oz Can,White Claw,12/19.2oz Can,191526 Liquor Factory IV Hopatcong,10/5/2026,1.00,1.00
Matt Powierski,8481 Mikes Harder Lemonade 1/12/23.5 oz Can,Mike's Harder,12/23.5oz Can,42011 Buzzzrite Liquors,10/5/2026,1.00,1.00
Chris Payton,8586 White Claw Hard Seltzer Ruby Grapefruit 1/12/19.2 oz Can,White Claw,12/19.2oz Can,38008 Shop Rite Liq.(A)Lodi,10/5/2026,1.00,1.00
Phil Ernst,8631 White Claw Peach 1/12/19.2 oz Can,White Claw,12/19.2oz Can,83001 Food Universe Marketplace,10/5/2026,1.00,1.00
Phil Ernst,8585 White Claw Hard Seltzer Black Cherry 1/12/19.2 oz Can,White Claw,12/19.2oz Can,50002 Lushka Liquors,10/5/2026,1.00,1.00
Matt Powierski,8480 Mikes Harder Cranberry 1/12/23.5 oz Can,Mike's Harder,12/23.5oz Can,31004 Metro Liquors (East Rutherford),10/5/2026,1.00,1.00
Javier Melo,8481 Mikes Harder Lemonade 1/12/23.5 oz Can,Mike's Harder,12/23.5oz Can,25012 Bottle Liquor (P),10/5/2026,1.00,1.00
Jayson Romine,8624 White Claw Surge 8% Cranberry 19.2 oz Can,White Claw,12/19.2oz Can,230314 Liquor Factory V Andover,10/5/2026,1.00,1.00
Javier Melo,8538 Cayman Jacked Strawberry Margarita 1/12/19.2 oz Can,Cayman Jack,1/12/19.2oz,25012 Bottle Liquor (P),10/5/2026,1.00,1.00
Javier Melo,8409 Mikes Harder Pink Lemonade 1/12/23.5 oz Can,Mike's Harder,12/23.5oz Can,25012 Bottle Liquor (P),10/5/2026,1.00,1.00
Matt Powierski,8623 White Claw Surge 8% Blood Orange 19.2 oz Can,White Claw,12/19.2oz Can,77009 M & M Wine & Spirits,10/5/2026,1.00,1.00
Jayson Romine,8632 White Claw Surge Blueberry 1/12/19.2 oz Can,White Claw,12/19.2oz Can,230114 Liquor Factory III Sparta,10/5/2026,1.00,1.00
Phil Ernst,8631 White Claw Peach 1/12/19.2 oz Can,White Claw,12/19.2oz Can,50002 Lushka Liquors,10/5/2026,1.00,1.00
Derrick Laws,8585 White Claw Hard Seltzer Black Cherry 1/12/19.2 oz Can,White Claw,12/19.2oz Can,15037 Liquor Gallery (Paterson),10/5/2026,1.00,1.00
Jayson Romine,8586 White Claw Hard Seltzer Ruby Grapefruit 1/12/19.2 oz Can,White Claw,12/19.2oz Can,230314 Liquor Factory V Andover,10/5/2026,1.00,1.00
Jayson Romine,8409 Mikes Harder Pink Lemonade 1/12/23.5 oz Can,Mike's Harder,12/23.5oz Can,231308 Wantage Plaza Liq Outlet,10/5/2026,1.00,1.00
Jayson Romine,8632 White Claw Surge Blueberry 1/12/19.2 oz Can,White Claw,12/19.2oz Can,230314 Liquor Factory V Andover,10/5/2026,1.00,1.00
Shane Barreca,8585 White Claw Hard Seltzer Black Cherry 1/12/19.2 oz Can,White Claw,12/19.2oz Can,92008 Ramsey Wine & Liquor,10/5/2026,1.00,1.00
Derrick Laws,8592 White Claw Hard Seltzer Mango 1/12/19.2 oz Can,White Claw,12/19.2oz Can,20080 Raphael & Angel Liq (A),10/5/2026,1.00,1.00
Anthony Palmisano,8458 Mikes Harder Black Cherry 1/12/23.5 oz Can,Mike's Harder,12/23.5oz Can,3006 Wine 2 Spirits (P),10/5/2026,1.00,1.00
Javier Melo,8624 White Claw Surge 8% Cranberry 19.2 oz Can,White Claw,12/19.2oz Can,25012 Bottle Liquor (P),10/5/2026,1.00,1.00
Matt Powierski,8585 White Claw Hard Seltzer Black Cherry 1/12/19.2 oz Can,White Claw,12/19.2oz Can,31004 Metro Liquors (East Rutherford),10/5/2026,1.00,1.00
Chris Payton,8585 White Claw Hard Seltzer Black Cherry 1/12/19.2 oz Can,White Claw,12/19.2oz Can,38008 Shop Rite Liq.(A)Lodi,10/5/2026,1.00,1.00
Jayson Romine,8466 Mikes Harder Mango 1/12/23.5 oz Can,Mike's Harder,12/23.5oz Can,191526 Liquor Factory IV Hopatcong,10/5/2026,1.00,1.00
Javier Melo,8538 Cayman Jacked Strawberry Margarita 1/12/19.2 oz Can,Cayman Jack,1/12/19.2oz,21054 C & S Lucky Liquors (P),10/5/2026,1.00,1.00
Jim Heaney,8586 White Claw Hard Seltzer Ruby Grapefruit 1/12/19.2 oz Can,White Claw,12/19.2oz Can,30004 West End Wine & Liq,10/5/2026,1.00,1.00
Chris Payton,8592 White Claw Hard Seltzer Mango 1/12/19.2 oz Can,White Claw,12/19.2oz Can,38008 Shop Rite Liq.(A)Lodi,10/5/2026,1.00,1.00
Shane Barreca,8631 White Claw Peach 1/12/19.2 oz Can,White Claw,12/19.2oz Can,92008 Ramsey Wine & Liquor,10/5/2026,1.00,1.00
Javier Melo,8585 White Claw Hard Seltzer Black Cherry 1/12/19.2 oz Can,White Claw,12/19.2oz Can,25047 Parker Liquors (Z),10/5/2026,1.00,1.00
Mike Ast,8585 White Claw Hard Seltzer Black Cherry 1/12/19.2 oz Can,White Claw,12/19.2oz Can,12011 Bottle King (A) Wayne,10/5/2026,1.00,1.00
Jim Heaney,8623 White Claw Surge 8% Blood Orange 19.2 oz Can,White Claw,12/19.2oz Can,30004 West End Wine & Liq,10/5/2026,1.00,1.00
Phil Ernst,8458 Mikes Harder Black Cherry 1/12/23.5 oz Can,Mike's Harder,12/23.5oz Can,83001 Food Universe Marketplace,10/5/2026,1.00,1.00
Phil Ernst,8592 White Claw Hard Seltzer Mango 1/12/19.2 oz Can,White Claw,12/19.2oz Can,83001 Food Universe Marketplace,10/5/2026,1.00,1.00
Chris Payton,8585 White Claw Hard Seltzer Black Cherry 1/12/19.2 oz Can,White Claw,12/19.2oz Can,81011 Radburn Liquors (A,10/2/2026,1.00,1.00
Javier Melo,8466 Mikes Harder Mango 1/12/23.5 oz Can,Mike's Harder,12/23.5oz Can,21044 Farm Boy,10/2/2026,1.00,1.00
Dave Ehlers,8481 Mikes Harder Lemonade 1/12/23.5 oz Can,Mike's Harder,12/23.5oz Can,14007 Total Wine & More (Totowa),10/2/2026,1.00,1.00
Mike Ast,8624 White Claw Surge 8% Cranberry 19.2 oz Can,White Claw,12/19.2oz Can,11003 Lincoln Park Fine Wines & Spirits,10/2/2026,1.00,1.00
Javier Melo,8460 Mikes Harder Strawberry Pineapple 1/12/23.5 oz Can,Mike's Harder,12/23.5oz Can,21044 Farm Boy,10/2/2026,1.00,1.00
Mike Ast,8481 Mikes Harder Lemonade 1/12/23.5 oz Can,Mike's Harder,12/23.5oz Can,81006 Fair Lawn Wine & Spirits,10/2/2026,1.00,1.00
Anthony Palmisano,8624 White Claw Surge 8% Cranberry 19.2 oz Can,White Claw,12/19.2oz Can,8007 Krauszer's Liquor Wine and Spirits,10/2/2026,1.00,1.00
Javier Melo,8458 Mikes Harder Black Cherry 1/12/23.5 oz Can,Mike's Harder,12/23.5oz Can,21044 Farm Boy,10/2/2026,1.00,1.00
Mike Ast,8632 White Claw Surge Blueberry 1/12/19.2 oz Can,White Claw,12/19.2oz Can,94008 Oakland Wine (A),10/2/2026,1.00,1.00
Shane Barreca,8585 White Claw Hard Seltzer Black Cherry 1/12/19.2 oz Can,White Claw,12/19.2oz Can,68002 Wine And Beverage Spirits,10/2/2026,1.00,1.00
Mike Ast,8537 Cayman Jacked Margarita 1/12/19.2 oz Can,Cayman Jack,1/12/19.2oz,11003 Lincoln Park Fine Wines & Spirits,10/2/2026,1.00,1.00
Chris Payton,8585 White Claw Hard Seltzer Black Cherry 1/12/19.2 oz Can,White Claw,12/19.2oz Can,25034 Figlar's (P),10/2/2026,1.00,1.00
Matt Powierski,8592 White Claw Hard Seltzer Mango 1/12/19.2 oz Can,White Claw,12/19.2oz Can,32016 Cobblestone Hill Deli,10/2/2026,1.00,1.00
Pablo Lopez,8592 White Claw Hard Seltzer Mango 1/12/19.2 oz Can,White Claw,12/19.2oz Can,27043 Monroe Wine & Liq(P),10/2/2026,1.00,1.00
Klejdi Lamo,8638 White Claw Surge Grape 1/12/19.2oz Can,White Claw,12/19.2oz Can,191803 Kingston Liquors,10/2/2026,1.00,1.00
Klejdi Lamo,8586 White Claw Hard Seltzer Ruby Grapefruit 1/12/19.2 oz Can,White Claw,12/19.2oz Can,190208 Boonton Liquor Locker,10/2/2026,1.00,1.00
Shane Barreca,8592 White Claw Hard Seltzer Mango 1/12/19.2 oz Can,White Claw,12/19.2oz Can,68002 Wine And Beverage Spirits,10/2/2026,1.00,1.00
Derrick Laws,8586 White Claw Hard Seltzer Ruby Grapefruit 1/12/19.2 oz Can,White Claw,12/19.2oz Can,23004 Shop Rite Wines/Spirits,10/2/2026,1.00,1.00
Jim Heaney,8623 White Claw Surge 8% Blood Orange 19.2 oz Can,White Claw,12/19.2oz Can,29011 World of Wine & Liquor,10/2/2026,1.00,1.00
Klejdi Lamo,8623 White Claw Surge 8% Blood Orange 19.2 oz Can,White Claw,12/19.2oz Can,190208 Boonton Liquor Locker,10/2/2026,1.00,1.00
Dave Ehlers,8586 White Claw Hard Seltzer Ruby Grapefruit 1/12/19.2 oz Can,White Claw,12/19.2oz Can,40004 Simple Simon's (Z),10/2/2026,1.00,1.00
Derrick Laws,8623 White Claw Surge 8% Blood Orange 19.2 oz Can,White Claw,12/19.2oz Can,23004 Shop Rite Wines/Spirits,10/2/2026,1.00,1.00
Jim Heaney,8585 White Claw Hard Seltzer Black Cherry 1/12/19.2 oz Can,White Claw,12/19.2oz Can,27016 Marina's Wine & Spirits,10/2/2026,1.00,1.00
Shane Barreca,8631 White Claw Peach 1/12/19.2 oz Can,White Claw,12/19.2oz Can,67004 Beverage Barn (A),10/2/2026,1.00,1.00
Mike Ast,8592 White Claw Hard Seltzer Mango 1/12/19.2 oz Can,White Claw,12/19.2oz Can,11003 Lincoln Park Fine Wines & Spirits,10/2/2026,1.00,1.00
Jim Heaney,8631 White Claw Peach 1/12/19.2 oz Can,White Claw,12/19.2oz Can,27016 Marina's Wine & Spirits,10/2/2026,1.00,1.00
Matt Powierski,8538 Cayman Jacked Strawberry Margarita 1/12/19.2 oz Can,Cayman Jack,1/12/19.2oz,36008 Vicki's Bar & Liquors,10/2/2026,1.00,1.00
Alisa Acciardi,8623 White Claw Surge 8% Blood Orange 19.2 oz Can,White Claw,12/19.2oz Can,78002 Super K Food (A) Store,10/2/2026,1.00,1.00
Jayson Romine,8458 Mikes Harder Black Cherry 1/12/23.5 oz Can,Mike's Harder,12/23.5oz Can,230902 Buy Rite Liquors Franklin,10/2/2026,1.00,1.00
Matt Powierski,8585 White Claw Hard Seltzer Black Cherry 1/12/19.2 oz Can,White Claw,12/19.2oz Can,36007 Shop Rite Of Wallington,10/2/2026,1.00,1.00
Mike Ast,8623 White Claw Surge 8% Blood Orange 19.2 oz Can,White Claw,12/19.2oz Can,11003 Lincoln Park Fine Wines & Spirits,10/2/2026,1.00,1.00
Dave Ehlers,8409 Mikes Harder Pink Lemonade 1/12/23.5 oz Can,Mike's Harder,12/23.5oz Can,57003 Joes Beer Wine & Spirits,10/2/2026,1.00,1.00
Shane Barreca,8466 Mikes Harder Mango 1/12/23.5 oz Can,Mike's Harder,12/23.5oz Can,67004 Beverage Barn (A),10/2/2026,1.00,1.00
Dave Ehlers,8409 Mikes Harder Pink Lemonade 1/12/23.5 oz Can,Mike's Harder,12/23.5oz Can,14007 Total Wine & More (Totowa),10/2/2026,1.00,1.00
Anthony Palmisano,8586 White Claw Hard Seltzer Ruby Grapefruit 1/12/19.2 oz Can,White Claw,12/19.2oz Can,8007 Krauszer's Liquor Wine and Spirits,10/2/2026,1.00,1.00
Dave Ehlers,8481 Mikes Harder Lemonade 1/12/23.5 oz Can,Mike's Harder,12/23.5oz Can,57003 Joes Beer Wine & Spirits,10/2/2026,1.00,1.00
Dave Ehlers,8623 White Claw Surge 8% Blood Orange 19.2 oz Can,White Claw,12/19.2oz Can,40004 Simple Simon's (Z),10/2/2026,1.00,1.00
Anthony Palmisano,8623 White Claw Surge 8% Blood Orange 19.2 oz Can,White Claw,12/19.2oz Can,4005 Turnpike Discount Liquors,10/2/2026,1.00,1.00
Mike Ast,8481 Mikes Harder Lemonade 1/12/23.5 oz Can,Mike's Harder,12/23.5oz Can,19008 Hawthorne Liq (A),10/2/2026,1.00,1.00
Phil Ernst,8592 White Claw Hard Seltzer Mango 1/12/19.2 oz Can,White Claw,12/19.2oz Can,83001 Food Universe Marketplace,10/2/2026,1.00,1.00
Dave Ehlers,8592 White Claw Hard Seltzer Mango 1/12/19.2 oz Can,White Claw,12/19.2oz Can,58002 River Edge Wine & Liquor,10/2/2026,1.00,1.00
Javier Melo,8480 Mikes Harder Cranberry 1/12/23.5 oz Can,Mike's Harder,12/23.5oz Can,21044 Farm Boy,10/2/2026,1.00,1.00
Klejdi Lamo,8585 White Claw Hard Seltzer Black Cherry 1/12/19.2 oz Can,White Claw,12/19.2oz Can,190208 Boonton Liquor Locker,10/2/2026,1.00,1.00
Chris Payton,8631 White Claw Peach 1/12/19.2 oz Can,White Claw,12/19.2oz Can,81011 Radburn Liquors (A,10/2/2026,1.00,1.00
Jayson Romine,8585 White Claw Hard Seltzer Black Cherry 1/12/19.2 oz Can,White Claw,12/19.2oz Can,230902 Buy Rite Liquors Franklin,10/2/2026,1.00,1.00
Mike Ast,8623 White Claw Surge 8% Blood Orange 19.2 oz Can,White Claw,12/19.2oz Can,94008 Oakland Wine (A),10/2/2026,1.00,1.00
Shane Barreca,8632 White Claw Surge Blueberry 1/12/19.2 oz Can,White Claw,12/19.2oz Can,67004 Beverage Barn (A),10/2/2026,1.00,1.00
Shane Barreca,8481 Mikes Harder Lemonade 1/12/23.5 oz Can,Mike's Harder,12/23.5oz Can,67004 Beverage Barn (A),10/2/2026,1.00,1.00
Alisa Acciardi,8624 White Claw Surge 8% Cranberry 19.2 oz Can,White Claw,12/19.2oz Can,29010 Paradise Liquors,10/2/2026,1.00,1.00
Jayson Romine,8481 Mikes Harder Lemonade 1/12/23.5 oz Can,Mike's Harder,12/23.5oz Can,230902 Buy Rite Liquors Franklin,10/2/2026,1.00,1.00
Dave Ehlers,8585 White Claw Hard Seltzer Black Cherry 1/12/19.2 oz Can,White Claw,12/19.2oz Can,58002 River Edge Wine & Liquor,10/2/2026,1.00,1.00
Anthony Palmisano,8585 White Claw Hard Seltzer Black Cherry 1/12/19.2 oz Can,White Claw,12/19.2oz Can,4005 Turnpike Discount Liquors,10/2/2026,1.00,1.00
Alisa Acciardi,8585 White Claw Hard Seltzer Black Cherry 1/12/19.2 oz Can,White Claw,12/19.2oz Can,29010 Paradise Liquors,10/2/2026,1.00,1.00
Klejdi Lamo,8631 White Claw Peach 1/12/19.2 oz Can,White Claw,12/19.2oz Can,190208 Boonton Liquor Locker,10/2/2026,1.00,1.00
Mike Ast,8458 Mikes Harder Black Cherry 1/12/23.5 oz Can,Mike's Harder,12/23.5oz Can,11003 Lincoln Park Fine Wines & Spirits,10/2/2026,1.00,1.00
Shane Barreca,8624 White Claw Surge 8% Cranberry 19.2 oz Can,White Claw,12/19.2oz Can,67004 Beverage Barn (A),10/2/2026,1.00,1.00
Phil Ernst,8586 White Claw Hard Seltzer Ruby Grapefruit 1/12/19.2 oz Can,White Claw,12/19.2oz Can,83001 Food Universe Marketplace,10/2/2026,1.00,1.00
Matt Powierski,8585 White Claw Hard Seltzer Black Cherry 1/12/19.2 oz Can,White Claw,12/19.2oz Can,32016 Cobblestone Hill Deli,10/2/2026,1.00,1.00
Shane Barreca,8623 White Claw Surge 8% Blood Orange 19.2 oz Can,White Claw,12/19.2oz Can,67004 Beverage Barn (A),10/2/2026,1.00,1.00
Jim Heaney,8585 White Claw Hard Seltzer Black Cherry 1/12/19.2 oz Can,White Claw,12/19.2oz Can,25042 Town Liquors,10/2/2026,1.00,1.00
Matt Powierski,8586 White Claw Hard Seltzer Ruby Grapefruit 1/12/19.2 oz Can,White Claw,12/19.2oz Can,36007 Shop Rite Of Wallington,10/2/2026,1.00,1.00
Derrick Laws,8631 White Claw Peach 1/12/19.2 oz Can,White Claw,12/19.2oz Can,23004 Shop Rite Wines/Spirits,10/2/2026,1.00,1.00
Chris Payton,8586 White Claw Hard Seltzer Ruby Grapefruit 1/12/19.2 oz Can,White Claw,12/19.2oz Can,81011 Radburn Liquors (A,10/2/2026,1.00,1.00
Anthony Palmisano,8631 White Claw Peach 1/12/19.2 oz Can,White Claw,12/19.2oz Can,8007 Krauszer's Liquor Wine and Spirits,10/2/2026,1.00,1.00
Chris Payton,8623 White Claw Surge 8% Blood Orange 19.2 oz Can,White Claw,12/19.2oz Can,81011 Radburn Liquors (A,10/2/2026,1.00,1.00
Mike Ast,8624 White Claw Surge 8% Cranberry 19.2 oz Can,White Claw,12/19.2oz Can,17011 Nico's Wine & Spirits,10/2/2026,1.00,1.00
Mike Ast,8538 Cayman Jacked Strawberry Margarita 1/12/19.2 oz Can,Cayman Jack,1/12/19.2oz,81006 Fair Lawn Wine & Spirits,10/2/2026,1.00,1.00
Matt Powierski,8623 White Claw Surge 8% Blood Orange 19.2 oz Can,White Claw,12/19.2oz Can,32016 Cobblestone Hill Deli,10/2/2026,1.00,1.00
Chris Payton,8632 White Claw Surge Blueberry 1/12/19.2 oz Can,White Claw,12/19.2oz Can,76018 Krauszer Liquor,10/2/2026,1.00,1.00
Anthony Palmisano,8592 White Claw Hard Seltzer Mango 1/12/19.2 oz Can,White Claw,12/19.2oz Can,8007 Krauszer's Liquor Wine and Spirits,10/2/2026,1.00,1.00
Klejdi Lamo,8592 White Claw Hard Seltzer Mango 1/12/19.2 oz Can,White Claw,12/19.2oz Can,191803 Kingston Liquors,10/2/2026,1.00,1.00
Derrick Laws,8481 Mikes Harder Lemonade 1/12/23.5 oz Can,Mike's Harder,12/23.5oz Can,23004 Shop Rite Wines/Spirits,10/2/2026,1.00,1.00
Dave Ehlers,8585 White Claw Hard Seltzer Black Cherry 1/12/19.2 oz Can,White Claw,12/19.2oz Can,56013 Time Lounge And Liq (A),10/2/2026,1.00,1.00
Dave Ehlers,8585 White Claw Hard Seltzer Black Cherry 1/12/19.2 oz Can,White Claw,12/19.2oz Can,40004 Simple Simon's (Z),10/2/2026,1.00,1.00
Shane Barreca,8592 White Claw Hard Seltzer Mango 1/12/19.2 oz Can,White Claw,12/19.2oz Can,67004 Beverage Barn (A),10/2/2026,1.00,1.00
Mike Ast,8458 Mikes Harder Black Cherry 1/12/23.5 oz Can,Mike's Harder,12/23.5oz Can,81006 Fair Lawn Wine & Spirits,10/2/2026,1.00,1.00
Dave Ehlers,8538 Cayman Jacked Strawberry Margarita 1/12/19.2 oz Can,Cayman Jack,1/12/19.2oz,56007 Portland Wine & Liquor,10/2/2026,1.00,1.00
Anthony Palmisano,8585 White Claw Hard Seltzer Black Cherry 1/12/19.2 oz Can,White Claw,12/19.2oz Can,8007 Krauszer's Liquor Wine and Spirits,10/2/2026,1.00,1.00
Derrick Laws,8585 White Claw Hard Seltzer Black Cherry 1/12/19.2 oz Can,White Claw,12/19.2oz Can,23004 Shop Rite Wines/Spirits,10/2/2026,1.00,1.00
Shane Barreca,8585 White Claw Hard Seltzer Black Cherry 1/12/19.2 oz Can,White Claw,12/19.2oz Can,75004 Cork & Keg (A),10/2/2026,1.00,1.00
Derrick Laws,8592 White Claw Hard Seltzer Mango 1/12/19.2 oz Can,White Claw,12/19.2oz Can,23004 Shop Rite Wines/Spirits,10/2/2026,1.00,1.00
Chris Payton,8592 White Claw Hard Seltzer Mango 1/12/19.2 oz Can,White Claw,12/19.2oz Can,25034 Figlar's (P),10/2/2026,1.00,1.00
Jayson Romine,8458 Mikes Harder Black Cherry 1/12/23.5 oz Can,Mike's Harder,12/23.5oz Can,230420 Spring Street Liquors,10/2/2026,1.00,1.00
Jayson Romine,8409 Mikes Harder Pink Lemonade 1/12/23.5 oz Can,Mike's Harder,12/23.5oz Can,230420 Spring Street Liquors,10/2/2026,1.00,1.00
Matt Powierski,8538 Cayman Jacked Strawberry Margarita 1/12/19.2 oz Can,Cayman Jack,1/12/19.2oz,77016 Metro Liquor (Elmwood Park),10/2/2026,1.00,1.00
Mike Ast,8409 Mikes Harder Pink Lemonade 1/12/23.5 oz Can,Mike's Harder,12/23.5oz Can,81006 Fair Lawn Wine & Spirits,10/2/2026,1.00,1.00
Matt Powierski,8537 Cayman Jacked Margarita 1/12/19.2 oz Can,Cayman Jack,1/12/19.2oz,77016 Metro Liquor (Elmwood Park),10/2/2026,1.00,1.00
Dave Ehlers,8623 White Claw Surge 8% Blood Orange 19.2 oz Can,White Claw,12/19.2oz Can,58002 River Edge Wine & Liquor,10/2/2026,1.00,1.00
Mike Ast,8481 Mikes Harder Lemonade 1/12/23.5 oz Can,Mike's Harder,12/23.5oz Can,93009 Scherer & Company,10/2/2026,1.00,1.00
Jayson Romine,8585 White Claw Hard Seltzer Black Cherry 1/12/19.2 oz Can,White Claw,12/19.2oz Can,"230440 Brix - Wine, Spirits, Beer (Fredon)",10/1/2026,1.00,1.00
Jayson Romine,8624 White Claw Surge 8% Cranberry 19.2 oz Can,White Claw,12/19.2oz Can,231316 Patricks Wine Barn,10/1/2026,1.00,1.00
Chris Payton,8632 White Claw Surge Blueberry 1/12/19.2 oz Can,White Claw,12/19.2oz Can,38001 JR Sports Bar & Liquors(Z),10/1/2026,1.00,1.00
Jayson Romine,8623 White Claw Surge 8% Blood Orange 19.2 oz Can,White Claw,12/19.2oz Can,231316 Patricks Wine Barn,10/1/2026,1.00,1.00
Phil Ernst,8409 Mikes Harder Pink Lemonade 1/12/23.5 oz Can,Mike's Harder,12/23.5oz Can,80004 USA Wine Traders Paramus,10/1/2026,1.00,1.00
Shane Barreca,8624 White Claw Surge 8% Cranberry 19.2 oz Can,White Claw,12/19.2oz Can,73003 Bottle King (A) Hillsdale,10/1/2026,1.00,1.00
Klejdi Lamo,8592 White Claw Hard Seltzer Mango 1/12/19.2 oz Can,White Claw,12/19.2oz Can,190913 Main Street Liquor,10/1/2026,1.00,1.00
Mike Ast,8458 Mikes Harder Black Cherry 1/12/23.5 oz Can,Mike's Harder,12/23.5oz Can,88005 Waldwick Wine/Spirits,10/1/2026,1.00,1.00
Phil Ernst,8480 Mikes Harder Cranberry 1/12/23.5 oz Can,Mike's Harder,12/23.5oz Can,83010 Bottle King (A) Glen Rock,10/1/2026,1.00,1.00
Klejdi Lamo,8623 White Claw Surge 8% Blood Orange 19.2 oz Can,White Claw,12/19.2oz Can,190913 Main Street Liquor,10/1/2026,1.00,1.00
Shane Barreca,8592 White Claw Hard Seltzer Mango 1/12/19.2 oz Can,White Claw,12/19.2oz Can,65001 Wine & Whiskey (A),10/1/2026,1.00,1.00
Phil Ernst,8585 White Claw Hard Seltzer Black Cherry 1/12/19.2 oz Can,White Claw,12/19.2oz Can,83010 Bottle King (A) Glen Rock,10/1/2026,1.00,1.00
Chris Payton,8592 White Claw Hard Seltzer Mango 1/12/19.2 oz Can,White Claw,12/19.2oz Can,50020 Wineland,10/1/2026,1.00,1.00
Jayson Romine,8623 White Claw Surge 8% Blood Orange 19.2 oz Can,White Claw,12/19.2oz Can,191408 Super Saver Liq,10/1/2026,1.00,1.00
Phil Ernst,8585 White Claw Hard Seltzer Black Cherry 1/12/19.2 oz Can,White Claw,12/19.2oz Can,80004 USA Wine Traders Paramus,10/1/2026,1.00,1.00
Dave Ehlers,8586 White Claw Hard Seltzer Ruby Grapefruit 1/12/19.2 oz Can,White Claw,12/19.2oz Can,40022 Buy Rite Of Hackensack,10/1/2026,1.00,1.00
Anthony Palmisano,8632 White Claw Surge Blueberry 1/12/19.2 oz Can,White Claw,12/19.2oz Can,2003 Ringwood W&L,10/1/2026,1.00,1.00
Jim Heaney,8592 White Claw Hard Seltzer Mango 1/12/19.2 oz Can,White Claw,12/19.2oz Can,25008 Clifton Commons S & W,10/1/2026,1.00,1.00
Phil Ernst,8592 White Claw Hard Seltzer Mango 1/12/19.2 oz Can,White Claw,12/19.2oz Can,80002 Whole Foods Market (Paramus),10/1/2026,1.00,1.00
Phil Ernst,8481 Mikes Harder Lemonade 1/12/23.5 oz Can,Mike's Harder,12/23.5oz Can,83010 Bottle King (A) Glen Rock,10/1/2026,1.00,1.00
Matt Powierski,8481 Mikes Harder Lemonade 1/12/23.5 oz Can,Mike's Harder,12/23.5oz Can,27031 Home Wine Liquor (Passaic),10/1/2026,1.00,1.00
Jim Heaney,8638 White Claw Surge Grape 1/12/19.2oz Can,White Claw,12/19.2oz Can,25008 Clifton Commons S & W,10/1/2026,1.00,1.00
Mike Ast,8585 White Claw Hard Seltzer Black Cherry 1/12/19.2 oz Can,White Claw,12/19.2oz Can,88005 Waldwick Wine/Spirits,10/1/2026,1.00,1.00
Klejdi Lamo,8638 White Claw Surge Grape 1/12/19.2oz Can,White Claw,12/19.2oz Can,190913 Main Street Liquor,10/1/2026,1.00,1.00
Anthony Palmisano,8623 White Claw Surge 8% Blood Orange 19.2 oz Can,White Claw,12/19.2oz Can,2003 Ringwood W&L,10/1/2026,1.00,1.00
Shane Barreca,8481 Mikes Harder Lemonade 1/12/23.5 oz Can,Mike's Harder,12/23.5oz Can,92008 Ramsey Wine & Liquor,10/1/2026,1.00,1.00
Dave Ehlers,8623 White Claw Surge 8% Blood Orange 19.2 oz Can,White Claw,12/19.2oz Can,40022 Buy Rite Of Hackensack,10/1/2026,1.00,1.00
Matt Powierski,8592 White Claw Hard Seltzer Mango 1/12/19.2 oz Can,White Claw,12/19.2oz Can,37006 Garfield Discount Liquors,10/1/2026,1.00,1.00
Mike Ast,8632 White Claw Surge Blueberry 1/12/19.2 oz Can,White Claw,12/19.2oz Can,88005 Waldwick Wine/Spirits,10/1/2026,1.00,1.00
Shane Barreca,8624 White Claw Surge 8% Cranberry 19.2 oz Can,White Claw,12/19.2oz Can,92008 Ramsey Wine & Liquor,10/1/2026,1.00,1.00
Shane Barreca,8585 White Claw Hard Seltzer Black Cherry 1/12/19.2 oz Can,White Claw,12/19.2oz Can,60001 Bottle King (A) Dumont,10/1/2026,1.00,1.00
Anthony Palmisano,8592 White Claw Hard Seltzer Mango 1/12/19.2 oz Can,White Claw,12/19.2oz Can,2002 Ringwood Discount Liquors,10/1/2026,1.00,1.00
Dave Ehlers,8481 Mikes Harder Lemonade 1/12/23.5 oz Can,Mike's Harder,12/23.5oz Can,41005 George's Liq,10/1/2026,1.00,1.00
Dave Ehlers,8585 White Claw Hard Seltzer Black Cherry 1/12/19.2 oz Can,White Claw,12/19.2oz Can,40022 Buy Rite Of Hackensack,10/1/2026,1.00,1.00
Mike Ast,8638 White Claw Surge Grape 1/12/19.2oz Can,White Claw,12/19.2oz Can,88005 Waldwick Wine/Spirits,10/1/2026,1.00,1.00
Shane Barreca,8458 Mikes Harder Black Cherry 1/12/23.5 oz Can,Mike's Harder,12/23.5oz Can,92011 Bottle King (A) Ramsey,10/1/2026,1.00,1.00
Jim Heaney,8585 White Claw Hard Seltzer Black Cherry 1/12/19.2 oz Can,White Claw,12/19.2oz Can,28011 Liquor Mart (North Arlington),10/1/2026,1.00,1.00
Jayson Romine,8480 Mikes Harder Cranberry 1/12/23.5 oz Can,Mike's Harder,12/23.5oz Can,231316 Patricks Wine Barn,10/1/2026,1.00,1.00
Shane Barreca,8624 White Claw Surge 8% Cranberry 19.2 oz Can,White Claw,12/19.2oz Can,62001 Garden State Deli (A),10/1/2026,1.00,1.00
Shane Barreca,8632 White Claw Surge Blueberry 1/12/19.2 oz Can,White Claw,12/19.2oz Can,92008 Ramsey Wine & Liquor,10/1/2026,1.00,1.00
Phil Ernst,8624 White Claw Surge 8% Cranberry 19.2 oz Can,White Claw,12/19.2oz Can,83010 Bottle King (A) Glen Rock,10/1/2026,1.00,1.00
Mike Ast,8624 White Claw Surge 8% Cranberry 19.2 oz Can,White Claw,12/19.2oz Can,88005 Waldwick Wine/Spirits,10/1/2026,1.00,1.00
Phil Ernst,8623 White Claw Surge 8% Blood Orange 19.2 oz Can,White Claw,12/19.2oz Can,83010 Bottle King (A) Glen Rock,10/1/2026,1.00,1.00
Shane Barreca,8585 White Claw Hard Seltzer Black Cherry 1/12/19.2 oz Can,White Claw,12/19.2oz Can,65001 Wine & Whiskey (A),10/1/2026,1.00,1.00
Chris Payton,8586 White Claw Hard Seltzer Ruby Grapefruit 1/12/19.2 oz Can,White Claw,12/19.2oz Can,50020 Wineland,10/1/2026,1.00,1.00
Klejdi Lamo,8585 White Claw Hard Seltzer Black Cherry 1/12/19.2 oz Can,White Claw,12/19.2oz Can,190216 House of Wine & Liquor - Boonton,10/1/2026,1.00,1.00
Phil Ernst,8458 Mikes Harder Black Cherry 1/12/23.5 oz Can,Mike's Harder,12/23.5oz Can,83010 Bottle King (A) Glen Rock,10/1/2026,1.00,1.00
Mike Ast,8458 Mikes Harder Black Cherry 1/12/23.5 oz Can,Mike's Harder,12/23.5oz Can,84002 GREEN WAY MARKETS,10/1/2026,1.00,1.00
Matt Powierski,8638 White Claw Surge Grape 1/12/19.2oz Can,White Claw,12/19.2oz Can,31060 Bottle Republic (Rutherford),10/1/2026,1.00,1.00
Dave Ehlers,8632 White Claw Surge Blueberry 1/12/19.2 oz Can,White Claw,12/19.2oz Can,40022 Buy Rite Of Hackensack,10/1/2026,1.00,1.00
Phil Ernst,8592 White Claw Hard Seltzer Mango 1/12/19.2 oz Can,White Claw,12/19.2oz Can,83010 Bottle King (A) Glen Rock,10/1/2026,1.00,1.00
Matt Powierski,8585 White Claw Hard Seltzer Black Cherry 1/12/19.2 oz Can,White Claw,12/19.2oz Can,37006 Garfield Discount Liquors,10/1/2026,1.00,1.00
Jim Heaney,8585 White Claw Hard Seltzer Black Cherry 1/12/19.2 oz Can,White Claw,12/19.2oz Can,24012 Dante's Liquor & Wine,10/1/2026,1.00,1.00
Anthony Palmisano,8624 White Claw Surge 8% Cranberry 19.2 oz Can,White Claw,12/19.2oz Can,2003 Ringwood W&L,10/1/2026,1.00,1.00
Jayson Romine,8586 White Claw Hard Seltzer Ruby Grapefruit 1/12/19.2 oz Can,White Claw,12/19.2oz Can,"230440 Brix - Wine, Spirits, Beer (Fredon)",10/1/2026,1.00,1.00
Dave Ehlers,8466 Mikes Harder Mango 1/12/23.5 oz Can,Mike's Harder,12/23.5oz Can,41005 George's Liq,10/1/2026,1.00,1.00
Shane Barreca,8586 White Claw Hard Seltzer Ruby Grapefruit 1/12/19.2 oz Can,White Claw,12/19.2oz Can,73003 Bottle King (A) Hillsdale,10/1/2026,1.00,1.00
Shane Barreca,8466 Mikes Harder Mango 1/12/23.5 oz Can,Mike's Harder,12/23.5oz Can,92011 Bottle King (A) Ramsey,10/1/2026,1.00,1.00
Chris Payton,8638 White Claw Surge Grape 1/12/19.2oz Can,White Claw,12/19.2oz Can,23006 46 Discount Liquor Store,10/1/2026,1.00,1.00
Phil Ernst,8481 Mikes Harder Lemonade 1/12/23.5 oz Can,Mike's Harder,12/23.5oz Can,80004 USA Wine Traders Paramus,10/1/2026,1.00,1.00
Matt Powierski,8538 Cayman Jacked Strawberry Margarita 1/12/19.2 oz Can,Cayman Jack,1/12/19.2oz,27031 Home Wine Liquor (Passaic),10/1/2026,1.00,1.00
Dave Ehlers,8624 White Claw Surge 8% Cranberry 19.2 oz Can,White Claw,12/19.2oz Can,51013 G & G Liquors & Bar,10/1/2026,1.00,1.00
Chris Payton,8631 White Claw Peach 1/12/19.2 oz Can,White Claw,12/19.2oz Can,50016 Teaneck Quickshop(P)Conv,10/1/2026,1.00,1.00
Jim Heaney,8623 White Claw Surge 8% Blood Orange 19.2 oz Can,White Claw,12/19.2oz Can,24002 Swizzle Stick Liq (A),10/1/2026,1.00,1.00
Phil Ernst,8585 White Claw Hard Seltzer Black Cherry 1/12/19.2 oz Can,White Claw,12/19.2oz Can,80002 Whole Foods Market (Paramus),10/1/2026,1.00,1.00
Anthony Palmisano,8585 White Claw Hard Seltzer Black Cherry 1/12/19.2 oz Can,White Claw,12/19.2oz Can,2002 Ringwood Discount Liquors,10/1/2026,1.00,1.00
Dave Ehlers,8592 White Claw Hard Seltzer Mango 1/12/19.2 oz Can,White Claw,12/19.2oz Can,41015 99 Ranch Market,10/1/2026,1.00,1.00
Anthony Palmisano,8638 White Claw Surge Grape 1/12/19.2oz Can,White Claw,12/19.2oz Can,2002 Ringwood Discount Liquors,10/1/2026,1.00,1.00
Anthony Palmisano,8585 White Claw Hard Seltzer Black Cherry 1/12/19.2 oz Can,White Claw,12/19.2oz Can,1015 Greenwood Lake Disc.(P),10/1/2026,1.00,1.00
Phil Ernst,8632 White Claw Surge Blueberry 1/12/19.2 oz Can,White Claw,12/19.2oz Can,83010 Bottle King (A) Glen Rock,10/1/2026,1.00,1.00
Jim Heaney,8624 White Claw Surge 8% Cranberry 19.2 oz Can,White Claw,12/19.2oz Can,24002 Swizzle Stick Liq (A),10/1/2026,1.00,1.00
Chris Payton,8481 Mikes Harder Lemonade 1/12/23.5 oz Can,Mike's Harder,12/23.5oz Can,38001 JR Sports Bar & Liquors(Z),10/1/2026,1.00,1.00
Phil Ernst,8624 White Claw Surge 8% Cranberry 19.2 oz Can,White Claw,12/19.2oz Can,80004 USA Wine Traders Paramus,10/1/2026,1.00,1.00
Mike Ast,8586 White Claw Hard Seltzer Ruby Grapefruit 1/12/19.2 oz Can,White Claw,12/19.2oz Can,88005 Waldwick Wine/Spirits,10/1/2026,1.00,1.00
Shane Barreca,8481 Mikes Harder Lemonade 1/12/23.5 oz Can,Mike's Harder,12/23.5oz Can,92011 Bottle King (A) Ramsey,10/1/2026,1.00,1.00
Anthony Palmisano,8585 White Claw Hard Seltzer Black Cherry 1/12/19.2 oz Can,White Claw,12/19.2oz Can,1012 Uncorked Wines & Spirits (West Milford),10/1/2026,1.00,1.00
Anthony Palmisano,8481 Mikes Harder Lemonade 1/12/23.5 oz Can,Mike's Harder,12/23.5oz Can,1015 Greenwood Lake Disc.(P),10/1/2026,1.00,1.00
Jim Heaney,8585 White Claw Hard Seltzer Black Cherry 1/12/19.2 oz Can,White Claw,12/19.2oz Can,25008 Clifton Commons S & W,10/1/2026,1.00,1.00
Jayson Romine,8586 White Claw Hard Seltzer Ruby Grapefruit 1/12/19.2 oz Can,White Claw,12/19.2oz Can,231316 Patricks Wine Barn,10/1/2026,1.00,1.00
Dan Lagala,8586 White Claw Hard Seltzer Ruby Grapefruit 1/12/19.2 oz Can,White Claw,12/19.2oz Can,44049 Rome Liquor (Cliffside Park),10/1/2026,1.00,1.00
Chris Payton,8585 White Claw Hard Seltzer Black Cherry 1/12/19.2 oz Can,White Claw,12/19.2oz Can,50020 Wineland,10/1/2026,1.00,1.00
Jayson Romine,8585 White Claw Hard Seltzer Black Cherry 1/12/19.2 oz Can,White Claw,12/19.2oz Can,191408 Super Saver Liq,10/1/2026,1.00,1.00
Dave Ehlers,8585 White Claw Hard Seltzer Black Cherry 1/12/19.2 oz Can,White Claw,12/19.2oz Can,41015 99 Ranch Market,10/1/2026,1.00,1.00
Chris Payton,8586 White Claw Hard Seltzer Ruby Grapefruit 1/12/19.2 oz Can,White Claw,12/19.2oz Can,50016 Teaneck Quickshop(P)Conv,10/1/2026,1.00,1.00
Anthony Palmisano,8586 White Claw Hard Seltzer Ruby Grapefruit 1/12/19.2 oz Can,White Claw,12/19.2oz Can,1031 Highland Wine&Liquor Inc,10/1/2026,1.00,1.00
Phil Ernst,8586 White Claw Hard Seltzer Ruby Grapefruit 1/12/19.2 oz Can,White Claw,12/19.2oz Can,83010 Bottle King (A) Glen Rock,10/1/2026,1.00,1.00
Jim Heaney,8585 White Claw Hard Seltzer Black Cherry 1/12/19.2 oz Can,White Claw,12/19.2oz Can,24002 Swizzle Stick Liq (A),10/1/2026,1.00,1.00
Chris Payton,8585 White Claw Hard Seltzer Black Cherry 1/12/19.2 oz Can,White Claw,12/19.2oz Can,38040 Buy Rite Discount Liquor,10/1/2026,1.00,1.00
Chris Payton,8481 Mikes Harder Lemonade 1/12/23.5 oz Can,Mike's Harder,12/23.5oz Can,38040 Buy Rite Discount Liquor,10/1/2026,1.00,1.00
Dave Ehlers,8623 White Claw Surge 8% Blood Orange 19.2 oz Can,White Claw,12/19.2oz Can,41015 99 Ranch Market,10/1/2026,1.00,1.00
Chris Payton,8585 White Claw Hard Seltzer Black Cherry 1/12/19.2 oz Can,White Claw,12/19.2oz Can,23006 46 Discount Liquor Store,10/1/2026,1.00,1.00
Jim Heaney,8592 White Claw Hard Seltzer Mango 1/12/19.2 oz Can,White Claw,12/19.2oz Can,30004 West End Wine & Liq,10/1/2026,1.00,1.00
Matt Powierski,8585 White Claw Hard Seltzer Black Cherry 1/12/19.2 oz Can,White Claw,12/19.2oz Can,31060 Bottle Republic (Rutherford),10/1/2026,1.00,1.00
Jim Heaney,8585 White Claw Hard Seltzer Black Cherry 1/12/19.2 oz Can,White Claw,12/19.2oz Can,28007 Metro Liquors (North Arlington),10/1/2026,1.00,1.00
Shane Barreca,8585 White Claw Hard Seltzer Black Cherry 1/12/19.2 oz Can,White Claw,12/19.2oz Can,92008 Ramsey Wine & Liquor,10/1/2026,1.00,1.00
Anthony Palmisano,8409 Mikes Harder Pink Lemonade 1/12/23.5 oz Can,Mike's Harder,12/23.5oz Can,1015 Greenwood Lake Disc.(P),10/1/2026,1.00,1.00
Anthony Palmisano,8585 White Claw Hard Seltzer Black Cherry 1/12/19.2 oz Can,White Claw,12/19.2oz Can,1031 Highland Wine&Liquor Inc,10/1/2026,1.00,1.00
Anthony Palmisano,8586 White Claw Hard Seltzer Ruby Grapefruit 1/12/19.2 oz Can,White Claw,12/19.2oz Can,1023 The New Jessies Kettle(P),10/1/2026,1.00,1.00
Matt Powierski,8480 Mikes Harder Cranberry 1/12/23.5 oz Can,Mike's Harder,12/23.5oz Can,27031 Home Wine Liquor (Passaic),10/1/2026,1.00,1.00
Shane Barreca,8458 Mikes Harder Black Cherry 1/12/23.5 oz Can,Mike's Harder,12/23.5oz Can,92008 Ramsey Wine & Liquor,10/1/2026,1.00,1.00
Shane Barreca,8585 White Claw Hard Seltzer Black Cherry 1/12/19.2 oz Can,White Claw,12/19.2oz Can,73003 Bottle King (A) Hillsdale,10/1/2026,1.00,1.00
Phil Ernst,8638 White Claw Surge Grape 1/12/19.2oz Can,White Claw,12/19.2oz Can,83010 Bottle King (A) Glen Rock,10/1/2026,1.00,1.00
Jim Heaney,8458 Mikes Harder Black Cherry 1/12/23.5 oz Can,Mike's Harder,12/23.5oz Can,28007 Metro Liquors (North Arlington),10/1/2026,1.00,1.00
Phil Ernst,8460 Mikes Harder Strawberry Pineapple 1/12/23.5 oz Can,Mike's Harder,12/23.5oz Can,83010 Bottle King (A) Glen Rock,10/1/2026,1.00,1.00
Chris Payton,8592 White Claw Hard Seltzer Mango 1/12/19.2 oz Can,White Claw,12/19.2oz Can,50016 Teaneck Quickshop(P)Conv,10/1/2026,1.00,1.00
Mike Ast,8481 Mikes Harder Lemonade 1/12/23.5 oz Can,Mike's Harder,12/23.5oz Can,84002 GREEN WAY MARKETS,10/1/2026,1.00,1.00
Jim Heaney,8623 White Claw Surge 8% Blood Orange 19.2 oz Can,White Claw,12/19.2oz Can,28007 Metro Liquors (North Arlington),10/1/2026,1.00,1.00
Chris Payton,8585 White Claw Hard Seltzer Black Cherry 1/12/19.2 oz Can,White Claw,12/19.2oz Can,79004 Coronet Variety,10/1/2026,1.00,1.00
Shane Barreca,8592 White Claw Hard Seltzer Mango 1/12/19.2 oz Can,White Claw,12/19.2oz Can,92008 Ramsey Wine & Liquor,10/1/2026,1.00,1.00
Mike Ast,8481 Mikes Harder Lemonade 1/12/23.5 oz Can,Mike's Harder,12/23.5oz Can,88005 Waldwick Wine/Spirits,10/1/2026,1.00,1.00
Anthony Palmisano,8480 Mikes Harder Cranberry 1/12/23.5 oz Can,Mike's Harder,12/23.5oz Can,1015 Greenwood Lake Disc.(P),10/1/2026,1.00,1.00
Chris Payton,8409 Mikes Harder Pink Lemonade 1/12/23.5 oz Can,Mike's Harder,12/23.5oz Can,38040 Buy Rite Discount Liquor,10/1/2026,1.00,1.00
Mike Ast,8592 White Claw Hard Seltzer Mango 1/12/19.2 oz Can,White Claw,12/19.2oz Can,88005 Waldwick Wine/Spirits,10/1/2026,1.00,1.00
Dave Ehlers,8586 White Claw Hard Seltzer Ruby Grapefruit 1/12/19.2 oz Can,White Claw,12/19.2oz Can,51013 G & G Liquors & Bar,10/1/2026,1.00,1.00
Jim Heaney,8592 White Claw Hard Seltzer Mango 1/12/19.2 oz Can,White Claw,12/19.2oz Can,24012 Dante's Liquor & Wine,10/1/2026,1.00,1.00
Anthony Palmisano,8592 White Claw Hard Seltzer Mango 1/12/19.2 oz Can,White Claw,12/19.2oz Can,1012 Uncorked Wines & Spirits (West Milford),10/1/2026,1.00,1.00
Jayson Romine,8585 White Claw Hard Seltzer Black Cherry 1/12/19.2 oz Can,White Claw,12/19.2oz Can,231316 Patricks Wine Barn,10/1/2026,1.00,1.00
Matt Powierski,8586 White Claw Hard Seltzer Ruby Grapefruit 1/12/19.2 oz Can,White Claw,12/19.2oz Can,37006 Garfield Discount Liquors,10/1/2026,1.00,1.00
Phil Ernst,8458 Mikes Harder Black Cherry 1/12/23.5 oz Can,Mike's Harder,12/23.5oz Can,80004 USA Wine Traders Paramus,10/1/2026,1.00,1.00
Phil Ernst,8592 White Claw Hard Seltzer Mango 1/12/19.2 oz Can,White Claw,12/19.2oz Can,80004 USA Wine Traders Paramus,10/1/2026,1.00,1.00
Jim Heaney,8624 White Claw Surge 8% Cranberry 19.2 oz Can,White Claw,12/19.2oz Can,30006 Forest Dairy (A),10/1/2026,1.00,1.00
Anthony Palmisano,8623 White Claw Surge 8% Blood Orange 19.2 oz Can,White Claw,12/19.2oz Can,1012 Uncorked Wines & Spirits (West Milford),10/1/2026,1.00,1.00
Anthony Palmisano,8638 White Claw Surge Grape 1/12/19.2oz Can,White Claw,12/19.2oz Can,1015 Greenwood Lake Disc.(P),10/1/2026,1.00,1.00
Phil Ernst,8623 White Claw Surge 8% Blood Orange 19.2 oz Can,White Claw,12/19.2oz Can,80004 USA Wine Traders Paramus,10/1/2026,1.00,1.00
Klejdi Lamo,8623 White Claw Surge 8% Blood Orange 19.2 oz Can,White Claw,12/19.2oz Can,190216 House of Wine & Liquor - Boonton,10/1/2026,1.00,1.00
Matt Powierski,8623 White Claw Surge 8% Blood Orange 19.2 oz Can,White Claw,12/19.2oz Can,31060 Bottle Republic (Rutherford),10/1/2026,1.00,1.00
Dan Lagala,8585 White Claw Hard Seltzer Black Cherry 1/12/19.2 oz Can,White Claw,12/19.2oz Can,49033 Banner Liquor Iii,9/30/2026,1.00,1.00
Javier Melo,8585 White Claw Hard Seltzer Black Cherry 1/12/19.2 oz Can,White Claw,12/19.2oz Can,27002 President Liqrs (A),9/30/2026,1.00,1.00
Klejdi Lamo,8592 White Claw Hard Seltzer Mango 1/12/19.2 oz Can,White Claw,12/19.2oz Can,191213 Island Of Spirits (P),9/30/2026,1.00,1.00
Dave Ehlers,8480 Mikes Harder Cranberry 1/12/23.5 oz Can,Mike's Harder,12/23.5oz Can,57001 Barrel & Brew Bar & Liq,9/30/2026,1.00,1.00
Dan Lagala,8466 Mikes Harder Mango 1/12/23.5 oz Can,Mike's Harder,12/23.5oz Can,48006 Andres Wine & Spirits,9/30/2026,1.00,1.00
Matt Powierski,8624 White Claw Surge 8% Cranberry 19.2 oz Can,White Claw,12/19.2oz Can,42012 Vinny's Disc Liq (P),9/30/2026,1.00,1.00
Dave Ehlers,8624 White Claw Surge 8% Cranberry 19.2 oz Can,White Claw,12/19.2oz Can,57001 Barrel & Brew Bar & Liq,9/30/2026,1.00,1.00
Derrick Laws,8481 Mikes Harder Lemonade 1/12/23.5 oz Can,Mike's Harder,12/23.5oz Can,17002 Hillcrest Liqrs (A),9/30/2026,1.00,1.00
Mike Ast,8632 White Claw Surge Blueberry 1/12/19.2 oz Can,White Claw,12/19.2oz Can,96002 Wine & Spirit World(W),9/30/2026,1.00,1.00
Matt Powierski,8624 White Claw Surge 8% Cranberry 19.2 oz Can,White Claw,12/19.2oz Can,37002 Garfield Bar & Liq (P),9/30/2026,1.00,1.00
Jayson Romine,8592 White Claw Hard Seltzer Mango 1/12/19.2 oz Can,White Claw,12/19.2oz Can,231215 Mac & Lindy's W & S (A),9/30/2026,1.00,1.00
Jim Heaney,8623 White Claw Surge 8% Blood Orange 19.2 oz Can,White Claw,12/19.2oz Can,29003 Liquor Shed,9/30/2026,1.00,1.00
Dan Lagala,8592 White Claw Hard Seltzer Mango 1/12/19.2 oz Can,White Claw,12/19.2oz Can,49033 Banner Liquor Iii,9/30/2026,1.00,1.00
Dave Ehlers,8585 White Claw Hard Seltzer Black Cherry 1/12/19.2 oz Can,White Claw,12/19.2oz Can,57003 Joes Beer Wine & Spirits,9/30/2026,1.00,1.00
Mike Ast,8585 White Claw Hard Seltzer Black Cherry 1/12/19.2 oz Can,White Claw,12/19.2oz Can,96002 Wine & Spirit World(W),9/30/2026,1.00,1.00
Matt Powierski,8586 White Claw Hard Seltzer Ruby Grapefruit 1/12/19.2 oz Can,White Claw,12/19.2oz Can,37002 Garfield Bar & Liq (P),9/30/2026,1.00,1.00
Matt Powierski,8466 Mikes Harder Mango 1/12/23.5 oz Can,Mike's Harder,12/23.5oz Can,31060 Bottle Republic (Rutherford),9/30/2026,1.00,1.00
Jayson Romine,8592 White Claw Hard Seltzer Mango 1/12/19.2 oz Can,White Claw,12/19.2oz Can,230924 Sussex Co.Discount Liq(P),9/30/2026,1.00,1.00
Klejdi Lamo,8631 White Claw Peach 1/12/19.2 oz Can,White Claw,12/19.2oz Can,191213 Island Of Spirits (P),9/30/2026,1.00,1.00
Klejdi Lamo,8585 White Claw Hard Seltzer Black Cherry 1/12/19.2 oz Can,White Claw,12/19.2oz Can,191606 Quick Check Liquor (A),9/30/2026,1.00,1.00
Matt Powierski,8631 White Claw Peach 1/12/19.2 oz Can,White Claw,12/19.2oz Can,31033 Capri Deli&Liq (P),9/30/2026,1.00,1.00
Dave Ehlers,8632 White Claw Surge Blueberry 1/12/19.2 oz Can,White Claw,12/19.2oz Can,57001 Barrel & Brew Bar & Liq,9/30/2026,1.00,1.00
Dave Ehlers,8585 White Claw Hard Seltzer Black Cherry 1/12/19.2 oz Can,White Claw,12/19.2oz Can,14007 Total Wine & More (Totowa),9/30/2026,1.00,1.00
Phil Ernst,8592 White Claw Hard Seltzer Mango 1/12/19.2 oz Can,White Claw,12/19.2oz Can,80041 PRIME WINE CELLAR Liquor & Beer,9/30/2026,1.00,1.00
Anthony Palmisano,8592 White Claw Hard Seltzer Mango 1/12/19.2 oz Can,White Claw,12/19.2oz Can,1028 J & S Roadhouse,9/30/2026,1.00,1.00
Jayson Romine,8481 Mikes Harder Lemonade 1/12/23.5 oz Can,Mike's Harder,12/23.5oz Can,231215 Mac & Lindy's W & S (A),9/30/2026,1.00,1.00
Dave Ehlers,8631 White Claw Peach 1/12/19.2 oz Can,White Claw,12/19.2oz Can,57001 Barrel & Brew Bar & Liq,9/30/2026,1.00,1.00
Mike Ast,8623 White Claw Surge 8% Blood Orange 19.2 oz Can,White Claw,12/19.2oz Can,95004 Franklin Lake Liq,9/30/2026,1.00,1.00
Klejdi Lamo,8480 Mikes Harder Cranberry 1/12/23.5 oz Can,Mike's Harder,12/23.5oz Can,191213 Island Of Spirits (P),9/30/2026,1.00,1.00
Michael Harboy,8638 White Claw Surge Grape 1/12/19.2oz Can,White Claw,12/19.2oz Can,11014 Wayne Liquor Locker,9/30/2026,1.00,1.00
Shane Barreca,8623 White Claw Surge 8% Blood Orange 19.2 oz Can,White Claw,12/19.2oz Can,59003 Oradell Mini Mart(P),9/30/2026,1.00,1.00
Dan Lagala,8481 Mikes Harder Lemonade 1/12/23.5 oz Can,Mike's Harder,12/23.5oz Can,48006 Andres Wine & Spirits,9/30/2026,1.00,1.00
Klejdi Lamo,8481 Mikes Harder Lemonade 1/12/23.5 oz Can,Mike's Harder,12/23.5oz Can,191213 Island Of Spirits (P),9/30/2026,1.00,1.00
Jayson Romine,8585 White Claw Hard Seltzer Black Cherry 1/12/19.2 oz Can,White Claw,12/19.2oz Can,230121 White Deer Inn,9/30/2026,1.00,1.00
Mike Ast,8586 White Claw Hard Seltzer Ruby Grapefruit 1/12/19.2 oz Can,White Claw,12/19.2oz Can,95004 Franklin Lake Liq,9/30/2026,1.00,1.00
Jim Heaney,8624 White Claw Surge 8% Cranberry 19.2 oz Can,White Claw,12/19.2oz Can,30010 Krauser Food & Liq(A),9/30/2026,1.00,1.00
Phil Ernst,8586 White Claw Hard Seltzer Ruby Grapefruit 1/12/19.2 oz Can,White Claw,12/19.2oz Can,76006 Wine Country Of Saddle Brook (A),9/30/2026,1.00,1.00
Klejdi Lamo,8586 White Claw Hard Seltzer Ruby Grapefruit 1/12/19.2 oz Can,White Claw,12/19.2oz Can,191213 Island Of Spirits (P),9/30/2026,1.00,1.00
Jayson Romine,8481 Mikes Harder Lemonade 1/12/23.5 oz Can,Mike's Harder,12/23.5oz Can,230920 Hamburg Liquor,9/30/2026,1.00,1.00
Dan Lagala,8638 White Claw Surge Grape 1/12/19.2oz Can,White Claw,12/19.2oz Can,49033 Banner Liquor Iii,9/30/2026,1.00,1.00
Jayson Romine,8623 White Claw Surge 8% Blood Orange 19.2 oz Can,White Claw,12/19.2oz Can,230412 USA Wine Traders Club Of Newton (A),9/30/2026,1.00,1.00
Matt Powierski,8585 White Claw Hard Seltzer Black Cherry 1/12/19.2 oz Can,White Claw,12/19.2oz Can,37002 Garfield Bar & Liq (P),9/30/2026,1.00,1.00
Klejdi Lamo,8585 White Claw Hard Seltzer Black Cherry 1/12/19.2 oz Can,White Claw,12/19.2oz Can,191213 Island Of Spirits (P),9/30/2026,1.00,1.00
Klejdi Lamo,8592 White Claw Hard Seltzer Mango 1/12/19.2 oz Can,White Claw,12/19.2oz Can,191606 Quick Check Liquor (A),9/30/2026,1.00,1.00
Jayson Romine,8592 White Claw Hard Seltzer Mango 1/12/19.2 oz Can,White Claw,12/19.2oz Can,231315 Woody's Liq Shop (A),9/30/2026,1.00,1.00
Dave Ehlers,8409 Mikes Harder Pink Lemonade 1/12/23.5 oz Can,Mike's Harder,12/23.5oz Can,57001 Barrel & Brew Bar & Liq,9/30/2026,1.00,1.00
Dave Ehlers,8623 White Claw Surge 8% Blood Orange 19.2 oz Can,White Claw,12/19.2oz Can,14007 Total Wine & More (Totowa),9/30/2026,1.00,1.00
Jim Heaney,8585 White Claw Hard Seltzer Black Cherry 1/12/19.2 oz Can,White Claw,12/19.2oz Can,29003 Liquor Shed,9/30/2026,1.00,1.00
Derrick Laws,8586 White Claw Hard Seltzer Ruby Grapefruit 1/12/19.2 oz Can,White Claw,12/19.2oz Can,13001 Shop Rite Liq (A)Littlefl,9/30/2026,1.00,1.00
Dan Lagala,8631 White Claw Peach 1/12/19.2 oz Can,White Claw,12/19.2oz Can,49033 Banner Liquor Iii,9/30/2026,1.00,1.00
Jayson Romine,8585 White Claw Hard Seltzer Black Cherry 1/12/19.2 oz Can,White Claw,12/19.2oz Can,230924 Sussex Co.Discount Liq(P),9/30/2026,1.00,1.00
Jayson Romine,8586 White Claw Hard Seltzer Ruby Grapefruit 1/12/19.2 oz Can,White Claw,12/19.2oz Can,230920 Hamburg Liquor,9/30/2026,1.00,1.00
Klejdi Lamo,8481 Mikes Harder Lemonade 1/12/23.5 oz Can,Mike's Harder,12/23.5oz Can,190207 Liquor Outlet,9/30/2026,1.00,1.00
Dave Ehlers,8480 Mikes Harder Cranberry 1/12/23.5 oz Can,Mike's Harder,12/23.5oz Can,39012 Wine And Liq Depot(A),9/30/2026,1.00,1.00
Jayson Romine,8458 Mikes Harder Black Cherry 1/12/23.5 oz Can,Mike's Harder,12/23.5oz Can,230920 Hamburg Liquor,9/30/2026,1.00,1.00
Klejdi Lamo,8592 White Claw Hard Seltzer Mango 1/12/19.2 oz Can,White Claw,12/19.2oz Can,190207 Liquor Outlet,9/30/2026,1.00,1.00
Klejdi Lamo,8585 White Claw Hard Seltzer Black Cherry 1/12/19.2 oz Can,White Claw,12/19.2oz Can,191608 Shop-Rite(A) Netcong,9/30/2026,1.00,1.00
Jayson Romine,8592 White Claw Hard Seltzer Mango 1/12/19.2 oz Can,White Claw,12/19.2oz Can,230920 Hamburg Liquor,9/30/2026,1.00,1.00
Chris Payton,8585 White Claw Hard Seltzer Black Cherry 1/12/19.2 oz Can,White Claw,12/19.2oz Can,38007 Garden Liquors (P),9/30/2026,1.00,1.00
Mike Ast,8458 Mikes Harder Black Cherry 1/12/23.5 oz Can,Mike's Harder,12/23.5oz Can,96002 Wine & Spirit World(W),9/30/2026,1.00,1.00
Mike Ast,8481 Mikes Harder Lemonade 1/12/23.5 oz Can,Mike's Harder,12/23.5oz Can,96002 Wine & Spirit World(W),9/30/2026,1.00,1.00
Matt Powierski,8585 White Claw Hard Seltzer Black Cherry 1/12/19.2 oz Can,White Claw,12/19.2oz Can,42012 Vinny's Disc Liq (P),9/30/2026,1.00,1.00
Mike Ast,8592 White Claw Hard Seltzer Mango 1/12/19.2 oz Can,White Claw,12/19.2oz Can,96002 Wine & Spirit World(W),9/30/2026,1.00,1.00
Jayson Romine,8623 White Claw Surge 8% Blood Orange 19.2 oz Can,White Claw,12/19.2oz Can,231315 Woody's Liq Shop (A),9/30/2026,1.00,1.00
Derrick Laws,8624 White Claw Surge 8% Cranberry 19.2 oz Can,White Claw,12/19.2oz Can,20027 230 Liq & Groc.(A),9/30/2026,1.00,1.00
Matt Powierski,8480 Mikes Harder Cranberry 1/12/23.5 oz Can,Mike's Harder,12/23.5oz Can,31060 Bottle Republic (Rutherford),9/30/2026,1.00,1.00
Dave Ehlers,8631 White Claw Peach 1/12/19.2 oz Can,White Claw,12/19.2oz Can,52025 Englewood Wine and Spirits,9/30/2026,1.00,1.00
Klejdi Lamo,8638 White Claw Surge Grape 1/12/19.2oz Can,White Claw,12/19.2oz Can,191606 Quick Check Liquor (A),9/30/2026,1.00,1.00
Derrick Laws,8460 Mikes Harder Strawberry Pineapple 1/12/23.5 oz Can,Mike's Harder,12/23.5oz Can,17002 Hillcrest Liqrs (A),9/30/2026,1.00,1.00
Jim Heaney,8480 Mikes Harder Cranberry 1/12/23.5 oz Can,Mike's Harder,12/23.5oz Can,28004 Schuyler Food,9/30/2026,1.00,1.00
Javier Melo,8480 Mikes Harder Cranberry 1/12/23.5 oz Can,Mike's Harder,12/23.5oz Can,21026 C Town Supermarket(P),9/30/2026,1.00,1.00
Derrick Laws,8631 White Claw Peach 1/12/19.2 oz Can,White Claw,12/19.2oz Can,13001 Shop Rite Liq (A)Littlefl,9/30/2026,1.00,1.00
Klejdi Lamo,8631 White Claw Peach 1/12/19.2 oz Can,White Claw,12/19.2oz Can,191710 Shop Rite Wine & Spirits Stanhope,9/30/2026,1.00,1.00
Jayson Romine,8585 White Claw Hard Seltzer Black Cherry 1/12/19.2 oz Can,White Claw,12/19.2oz Can,230920 Hamburg Liquor,9/30/2026,1.00,1.00
Jim Heaney,8631 White Claw Peach 1/12/19.2 oz Can,White Claw,12/19.2oz Can,29003 Liquor Shed,9/30/2026,1.00,1.00
Jayson Romine,8585 White Claw Hard Seltzer Black Cherry 1/12/19.2 oz Can,White Claw,12/19.2oz Can,231315 Woody's Liq Shop (A),9/30/2026,1.00,1.00
Dave Ehlers,8586 White Claw Hard Seltzer Ruby Grapefruit 1/12/19.2 oz Can,White Claw,12/19.2oz Can,51012 Teaneck Liquors,9/30/2026,1.00,1.00
Klejdi Lamo,8592 White Claw Hard Seltzer Mango 1/12/19.2 oz Can,White Claw,12/19.2oz Can,191608 Shop-Rite(A) Netcong,9/30/2026,1.00,1.00
Matt Powierski,8592 White Claw Hard Seltzer Mango 1/12/19.2 oz Can,White Claw,12/19.2oz Can,31033 Capri Deli&Liq (P),9/30/2026,1.00,1.00
Dave Ehlers,8481 Mikes Harder Lemonade 1/12/23.5 oz Can,Mike's Harder,12/23.5oz Can,39012 Wine And Liq Depot(A),9/30/2026,1.00,1.00
Jayson Romine,8623 White Claw Surge 8% Blood Orange 19.2 oz Can,White Claw,12/19.2oz Can,230121 White Deer Inn,9/30/2026,1.00,1.00
Dylan Rubino,8585 White Claw Hard Seltzer Black Cherry 1/12/19.2 oz Can,White Claw,12/19.2oz Can,28006 J B Liquors_2,9/30/2026,1.00,1.00
Phil Ernst,8624 White Claw Surge 8% Cranberry 19.2 oz Can,White Claw,12/19.2oz Can,80041 PRIME WINE CELLAR Liquor & Beer,9/30/2026,1.00,1.00
Matt Powierski,8460 Mikes Harder Strawberry Pineapple 1/12/23.5 oz Can,Mike's Harder,12/23.5oz Can,31060 Bottle Republic (Rutherford),9/30/2026,1.00,1.00
Dave Ehlers,8638 White Claw Surge Grape 1/12/19.2oz Can,White Claw,12/19.2oz Can,39012 Wine And Liq Depot(A),9/30/2026,1.00,1.00
Klejdi Lamo,8409 Mikes Harder Pink Lemonade 1/12/23.5 oz Can,Mike's Harder,12/23.5oz Can,190207 Liquor Outlet,9/30/2026,1.00,1.00
Klejdi Lamo,8638 White Claw Surge Grape 1/12/19.2oz Can,White Claw,12/19.2oz Can,191608 Shop-Rite(A) Netcong,9/30/2026,1.00,1.00
Jayson Romine,8585 White Claw Hard Seltzer Black Cherry 1/12/19.2 oz Can,White Claw,12/19.2oz Can,231215 Mac & Lindy's W & S (A),9/30/2026,1.00,1.00
Klejdi Lamo,8585 White Claw Hard Seltzer Black Cherry 1/12/19.2 oz Can,White Claw,12/19.2oz Can,191710 Shop Rite Wine & Spirits Stanhope,9/30/2026,1.00,1.00
Dave Ehlers,8458 Mikes Harder Black Cherry 1/12/23.5 oz Can,Mike's Harder,12/23.5oz Can,39012 Wine And Liq Depot(A),9/30/2026,1.00,1.00
Michael Harboy,8623 White Claw Surge 8% Blood Orange 19.2 oz Can,White Claw,12/19.2oz Can,11014 Wayne Liquor Locker,9/30/2026,1.00,1.00
Dave Ehlers,8586 White Claw Hard Seltzer Ruby Grapefruit 1/12/19.2 oz Can,White Claw,12/19.2oz Can,57001 Barrel & Brew Bar & Liq,9/30/2026,1.00,1.00
Klejdi Lamo,8624 White Claw Surge 8% Cranberry 19.2 oz Can,White Claw,12/19.2oz Can,190207 Liquor Outlet,9/30/2026,1.00,1.00
Klejdi Lamo,8586 White Claw Hard Seltzer Ruby Grapefruit 1/12/19.2 oz Can,White Claw,12/19.2oz Can,190207 Liquor Outlet,9/30/2026,1.00,1.00
Klejdi Lamo,8632 White Claw Surge Blueberry 1/12/19.2 oz Can,White Claw,12/19.2oz Can,191710 Shop Rite Wine & Spirits Stanhope,9/30/2026,1.00,1.00
Dan Lagala,8481 Mikes Harder Lemonade 1/12/23.5 oz Can,Mike's Harder,12/23.5oz Can,44009 Metro Liquor (Cliffside Park),9/30/2026,1.00,1.00
Klejdi Lamo,8623 White Claw Surge 8% Blood Orange 19.2 oz Can,White Claw,12/19.2oz Can,191710 Shop Rite Wine & Spirits Stanhope,9/30/2026,1.00,1.00
Jayson Romine,8586 White Claw Hard Seltzer Ruby Grapefruit 1/12/19.2 oz Can,White Claw,12/19.2oz Can,231215 Mac & Lindy's W & S (A),9/30/2026,1.00,1.00
Dan Lagala,8586 White Claw Hard Seltzer Ruby Grapefruit 1/12/19.2 oz Can,White Claw,12/19.2oz Can,49033 Banner Liquor Iii,9/30/2026,1.00,1.00
Dave Ehlers,8631 White Claw Peach 1/12/19.2 oz Can,White Claw,12/19.2oz Can,51012 Teaneck Liquors,9/30/2026,1.00,1.00
Jim Heaney,8624 White Claw Surge 8% Cranberry 19.2 oz Can,White Claw,12/19.2oz Can,28012 Lucky 7 (A),9/30/2026,1.00,1.00
Jim Heaney,8632 White Claw Surge Blueberry 1/12/19.2 oz Can,White Claw,12/19.2oz Can,30010 Krauser Food & Liq(A),9/30/2026,1.00,1.00
Jim Heaney,8623 White Claw Surge 8% Blood Orange 19.2 oz Can,White Claw,12/19.2oz Can,29012 Riverside Liquors,9/30/2026,1.00,1.00
Jayson Romine,8466 Mikes Harder Mango 1/12/23.5 oz Can,Mike's Harder,12/23.5oz Can,230920 Hamburg Liquor,9/30/2026,1.00,1.00
Javier Melo,8592 White Claw Hard Seltzer Mango 1/12/19.2 oz Can,White Claw,12/19.2oz Can,27002 President Liqrs (A),9/30/2026,1.00,1.00
Jayson Romine,8586 White Claw Hard Seltzer Ruby Grapefruit 1/12/19.2 oz Can,White Claw,12/19.2oz Can,230441 Wine Country Newton,9/29/2026,1.00,1.00
Jayson Romine,8585 White Claw Hard Seltzer Black Cherry 1/12/19.2 oz Can,White Claw,12/19.2oz Can,231308 Wantage Plaza Liq Outlet,9/29/2026,1.00,1.00
Klejdi Lamo,8409 Mikes Harder Pink Lemonade 1/12/23.5 oz Can,Mike's Harder,12/23.5oz Can,190901 Berkshire(P) Bot. Shop,9/29/2026,1.00,1.00
Anthony Palmisano,8623 White Claw Surge 8% Blood Orange 19.2 oz Can,White Claw,12/19.2oz Can,8007 Krauszer's Liquor Wine and Spirits,9/29/2026,1.00,1.00
Klejdi Lamo,8585 White Claw Hard Seltzer Black Cherry 1/12/19.2 oz Can,White Claw,12/19.2oz Can,191210 Milton Inn,9/29/2026,1.00,1.00
Dave Ehlers,8585 White Claw Hard Seltzer Black Cherry 1/12/19.2 oz Can,White Claw,12/19.2oz Can,40010 Hackensack Liquors,9/29/2026,1.00,1.00
Anthony Palmisano,8624 White Claw Surge 8% Cranberry 19.2 oz Can,White Claw,12/19.2oz Can,7001 Home Wine and Liquors,9/29/2026,1.00,1.00
Dan Lagala,8592 White Claw Hard Seltzer Mango 1/12/19.2 oz Can,White Claw,12/19.2oz Can,43013 Buy Rite Of Fairview,9/29/2026,1.00,1.00
Dave Ehlers,8537 Cayman Jacked Margarita 1/12/19.2 oz Can,Cayman Jack,1/12/19.2oz,40010 Hackensack Liquors,9/29/2026,1.00,1.00
Brian Sengebush,8592 White Claw Hard Seltzer Mango 1/12/19.2 oz Can,White Claw,12/19.2oz Can,191003 Chabons Ii Liq/Bar (A),9/29/2026,1.00,1.00
Klejdi Lamo,8409 Mikes Harder Pink Lemonade 1/12/23.5 oz Can,Mike's Harder,12/23.5oz Can,191210 Milton Inn,9/29/2026,1.00,1.00
Dave Ehlers,8466 Mikes Harder Mango 1/12/23.5 oz Can,Mike's Harder,12/23.5oz Can,40010 Hackensack Liquors,9/29/2026,1.00,1.00
Chris Payton,8631 White Claw Peach 1/12/19.2 oz Can,White Claw,12/19.2oz Can,80025 Paramus Food Center,9/29/2026,1.00,1.00
Dave Ehlers,8638 White Claw Surge Grape 1/12/19.2oz Can,White Claw,12/19.2oz Can,40010 Hackensack Liquors,9/29/2026,1.00,1.00
Michael Harboy,8638 White Claw Surge Grape 1/12/19.2oz Can,White Claw,12/19.2oz Can,12005 Shay's Liquors,9/29/2026,1.00,1.00
Klejdi Lamo,8481 Mikes Harder Lemonade 1/12/23.5 oz Can,Mike's Harder,12/23.5oz Can,190302 Basket Of Cheer Ii (Lake Hiawatha),9/29/2026,1.00,1.00
Anthony Palmisano,8632 White Claw Surge Blueberry 1/12/19.2 oz Can,White Claw,12/19.2oz Can,7001 Home Wine and Liquors,9/29/2026,1.00,1.00
Dan Lagala,8586 White Claw Hard Seltzer Ruby Grapefruit 1/12/19.2 oz Can,White Claw,12/19.2oz Can,43013 Buy Rite Of Fairview,9/29/2026,1.00,1.00
Jayson Romine,8623 White Claw Surge 8% Blood Orange 19.2 oz Can,White Claw,12/19.2oz Can,231308 Wantage Plaza Liq Outlet,9/29/2026,1.00,1.00
Klejdi Lamo,8585 White Claw Hard Seltzer Black Cherry 1/12/19.2 oz Can,White Claw,12/19.2oz Can,191713 Stanhope Liquors,9/29/2026,1.00,1.00
Shane Barreca,8592 White Claw Hard Seltzer Mango 1/12/19.2 oz Can,White Claw,12/19.2oz Can,75002 Shop Rite Liq (A)Emerson,9/29/2026,1.00,1.00
Jayson Romine,8592 White Claw Hard Seltzer Mango 1/12/19.2 oz Can,White Claw,12/19.2oz Can,231308 Wantage Plaza Liq Outlet,9/29/2026,1.00,1.00
Anthony Palmisano,8623 White Claw Surge 8% Blood Orange 19.2 oz Can,White Claw,12/19.2oz Can,5001 River Place Food Store,9/29/2026,1.00,1.00
Dan Lagala,8585 White Claw Hard Seltzer Black Cherry 1/12/19.2 oz Can,White Claw,12/19.2oz Can,49035 Gulf Express Fort Lee,9/29/2026,1.00,1.00
Klejdi Lamo,8592 White Claw Hard Seltzer Mango 1/12/19.2 oz Can,White Claw,12/19.2oz Can,191210 Milton Inn,9/29/2026,1.00,1.00
Shane Barreca,8592 White Claw Hard Seltzer Mango 1/12/19.2 oz Can,White Claw,12/19.2oz Can,71003 Brand Bar & Bev (A),9/29/2026,1.00,1.00
Dave Ehlers,8624 White Claw Surge 8% Cranberry 19.2 oz Can,White Claw,12/19.2oz Can,40010 Hackensack Liquors,9/29/2026,1.00,1.00
Anthony Palmisano,8586 White Claw Hard Seltzer Ruby Grapefruit 1/12/19.2 oz Can,White Claw,12/19.2oz Can,5001 River Place Food Store,9/29/2026,1.00,1.00
Shane Barreca,8592 White Claw Hard Seltzer Mango 1/12/19.2 oz Can,White Claw,12/19.2oz Can,70001 Montvale Wine/Liq & Beer,9/29/2026,1.00,1.00
Klejdi Lamo,8458 Mikes Harder Black Cherry 1/12/23.5 oz Can,Mike's Harder,12/23.5oz Can,1003 23 liquor & Tobacco,9/29/2026,1.00,1.00
Jayson Romine,8592 White Claw Hard Seltzer Mango 1/12/19.2 oz Can,White Claw,12/19.2oz Can,230441 Wine Country Newton,9/29/2026,1.00,1.00
Shane Barreca,8585 White Claw Hard Seltzer Black Cherry 1/12/19.2 oz Can,White Claw,12/19.2oz Can,70001 Montvale Wine/Liq & Beer,9/29/2026,1.00,1.00
Anthony Palmisano,8592 White Claw Hard Seltzer Mango 1/12/19.2 oz Can,White Claw,12/19.2oz Can,6002 Roserne Liquors North,9/29/2026,1.00,1.00
Brian Sengebush,8586 White Claw Hard Seltzer Ruby Grapefruit 1/12/19.2 oz Can,White Claw,12/19.2oz Can,191003 Chabons Ii Liq/Bar (A),9/29/2026,1.00,1.00
Anthony Palmisano,8458 Mikes Harder Black Cherry 1/12/23.5 oz Can,Mike's Harder,12/23.5oz Can,10003 Buy Rite W &L Pompton(P),9/29/2026,1.00,1.00
Matt Powierski,8638 White Claw Surge Grape 1/12/19.2oz Can,White Claw,12/19.2oz Can,36016 King Liquors,9/29/2026,1.00,1.00
Klejdi Lamo,8623 White Claw Surge 8% Blood Orange 19.2 oz Can,White Claw,12/19.2oz Can,190302 Basket Of Cheer Ii (Lake Hiawatha),9/29/2026,1.00,1.00
Klejdi Lamo,8638 White Claw Surge Grape 1/12/19.2oz Can,White Claw,12/19.2oz Can,191812 Patel Liqr & Gro(P),9/29/2026,1.00,1.00
Klejdi Lamo,8409 Mikes Harder Pink Lemonade 1/12/23.5 oz Can,Mike's Harder,12/23.5oz Can,190302 Basket Of Cheer Ii (Lake Hiawatha),9/29/2026,1.00,1.00
Jim Heaney,8481 Mikes Harder Lemonade 1/12/23.5 oz Can,Mike's Harder,12/23.5oz Can,24017 Rainbow Liquor (P),9/29/2026,1.00,1.00
Michael Harboy,8585 White Claw Hard Seltzer Black Cherry 1/12/19.2 oz Can,White Claw,12/19.2oz Can,11005 Wolfson Market,9/29/2026,1.00,1.00
Anthony Palmisano,8624 White Claw Surge 8% Cranberry 19.2 oz Can,White Claw,12/19.2oz Can,10003 Buy Rite W &L Pompton(P),9/29/2026,1.00,1.00
Anthony Palmisano,8638 White Claw Surge Grape 1/12/19.2oz Can,White Claw,12/19.2oz Can,8007 Krauszer's Liquor Wine and Spirits,9/29/2026,1.00,1.00
Anthony Palmisano,8481 Mikes Harder Lemonade 1/12/23.5 oz Can,Mike's Harder,12/23.5oz Can,10003 Buy Rite W &L Pompton(P),9/29/2026,1.00,1.00
Michael Harboy,8592 White Claw Hard Seltzer Mango 1/12/19.2 oz Can,White Claw,12/19.2oz Can,11005 Wolfson Market,9/29/2026,1.00,1.00
Jayson Romine,8458 Mikes Harder Black Cherry 1/12/23.5 oz Can,Mike's Harder,12/23.5oz Can,230431 Seplow's Liquors,9/29/2026,1.00,1.00
Klejdi Lamo,8585 White Claw Hard Seltzer Black Cherry 1/12/19.2 oz Can,White Claw,12/19.2oz Can,191812 Patel Liqr & Gro(P),9/29/2026,1.00,1.00
Chris Payton,8623 White Claw Surge 8% Blood Orange 19.2 oz Can,White Claw,12/19.2oz Can,80025 Paramus Food Center,9/29/2026,1.00,1.00
Shane Barreca,8592 White Claw Hard Seltzer Mango 1/12/19.2 oz Can,White Claw,12/19.2oz Can,73008 Shop Rite Liq (A)Hillsdal,9/29/2026,1.00,1.00
Michael Harboy,8632 White Claw Surge Blueberry 1/12/19.2 oz Can,White Claw,12/19.2oz Can,12005 Shay's Liquors,9/29/2026,1.00,1.00
Javier Melo,8592 White Claw Hard Seltzer Mango 1/12/19.2 oz Can,White Claw,12/19.2oz Can,27034 Liquor Stop (Passaic),9/29/2026,1.00,1.00
Klejdi Lamo,8623 White Claw Surge 8% Blood Orange 19.2 oz Can,White Claw,12/19.2oz Can,191210 Milton Inn,9/29/2026,1.00,1.00
Klejdi Lamo,8585 White Claw Hard Seltzer Black Cherry 1/12/19.2 oz Can,White Claw,12/19.2oz Can,190302 Basket Of Cheer Ii (Lake Hiawatha),9/29/2026,1.00,1.00
Jayson Romine,8586 White Claw Hard Seltzer Ruby Grapefruit 1/12/19.2 oz Can,White Claw,12/19.2oz Can,230431 Seplow's Liquors,9/29/2026,1.00,1.00
Klejdi Lamo,8466 Mikes Harder Mango 1/12/23.5 oz Can,Mike's Harder,12/23.5oz Can,191210 Milton Inn,9/29/2026,1.00,1.00
Klejdi Lamo,8481 Mikes Harder Lemonade 1/12/23.5 oz Can,Mike's Harder,12/23.5oz Can,1003 23 liquor & Tobacco,9/29/2026,1.00,1.00
Dave Ehlers,8631 White Claw Peach 1/12/19.2 oz Can,White Claw,12/19.2oz Can,40010 Hackensack Liquors,9/29/2026,1.00,1.00
Javier Melo,8585 White Claw Hard Seltzer Black Cherry 1/12/19.2 oz Can,White Claw,12/19.2oz Can,27037 Shanik Liqs.(P),9/29/2026,1.00,1.00
Anthony Palmisano,8585 White Claw Hard Seltzer Black Cherry 1/12/19.2 oz Can,White Claw,12/19.2oz Can,5001 River Place Food Store,9/29/2026,1.00,1.00
Javier Melo,8592 White Claw Hard Seltzer Mango 1/12/19.2 oz Can,White Claw,12/19.2oz Can,24003 Paulison Liquors (P),9/29/2026,1.00,1.00
Jim Heaney,8585 White Claw Hard Seltzer Black Cherry 1/12/19.2 oz Can,White Claw,12/19.2oz Can,24020 US#1 Wine & Liquor,9/29/2026,1.00,1.00
Jayson Romine,8592 White Claw Hard Seltzer Mango 1/12/19.2 oz Can,White Claw,12/19.2oz Can,230431 Seplow's Liquors,9/29/2026,1.00,1.00
Dave Ehlers,8623 White Claw Surge 8% Blood Orange 19.2 oz Can,White Claw,12/19.2oz Can,40010 Hackensack Liquors,9/29/2026,1.00,1.00
Anthony Palmisano,8624 White Claw Surge 8% Cranberry 19.2 oz Can,White Claw,12/19.2oz Can,5001 River Place Food Store,9/29/2026,1.00,1.00
Jayson Romine,8585 White Claw Hard Seltzer Black Cherry 1/12/19.2 oz Can,White Claw,12/19.2oz Can,230431 Seplow's Liquors,9/29/2026,1.00,1.00
Klejdi Lamo,8631 White Claw Peach 1/12/19.2 oz Can,White Claw,12/19.2oz Can,190302 Basket Of Cheer Ii (Lake Hiawatha),9/29/2026,1.00,1.00
Klejdi Lamo,8481 Mikes Harder Lemonade 1/12/23.5 oz Can,Mike's Harder,12/23.5oz Can,191210 Milton Inn,9/29/2026,1.00,1.00
Michael Harboy,8623 White Claw Surge 8% Blood Orange 19.2 oz Can,White Claw,12/19.2oz Can,12005 Shay's Liquors,9/29/2026,1.00,1.00
Jayson Romine,8481 Mikes Harder Lemonade 1/12/23.5 oz Can,Mike's Harder,12/23.5oz Can,230431 Seplow's Liquors,9/29/2026,1.00,1.00
Anthony Palmisano,8458 Mikes Harder Black Cherry 1/12/23.5 oz Can,Mike's Harder,12/23.5oz Can,4009 Usa Wine Traders Club (Bloomingdale),9/29/2026,1.00,1.00
Shane Barreca,8586 White Claw Hard Seltzer Ruby Grapefruit 1/12/19.2 oz Can,White Claw,12/19.2oz Can,75002 Shop Rite Liq (A)Emerson,9/29/2026,1.00,1.00
Dan Lagala,8585 White Claw Hard Seltzer Black Cherry 1/12/19.2 oz Can,White Claw,12/19.2oz Can,43013 Buy Rite Of Fairview,9/29/2026,1.00,1.00
Klejdi Lamo,8624 White Claw Surge 8% Cranberry 19.2 oz Can,White Claw,12/19.2oz Can,191210 Milton Inn,9/29/2026,1.00,1.00
Anthony Palmisano,8586 White Claw Hard Seltzer Ruby Grapefruit 1/12/19.2 oz Can,White Claw,12/19.2oz Can,8008 Shoppers Disc(A)Pompton,9/29/2026,1.00,1.00
Phil Ernst,8632 White Claw Surge Blueberry 1/12/19.2 oz Can,White Claw,12/19.2oz Can,85002 Acme Markets (Midland Park),9/29/2026,1.00,1.00
Derrick Laws,8409 Mikes Harder Pink Lemonade 1/12/23.5 oz Can,Mike's Harder,12/23.5oz Can,20005 La Sorpresa Liq (P),9/29/2026,1.00,1.00
Jim Heaney,8592 White Claw Hard Seltzer Mango 1/12/19.2 oz Can,White Claw,12/19.2oz Can,24017 Rainbow Liquor (P),9/29/2026,1.00,1.00
Klejdi Lamo,8466 Mikes Harder Mango 1/12/23.5 oz Can,Mike's Harder,12/23.5oz Can,1003 23 liquor & Tobacco,9/29/2026,1.00,1.00
Jim Heaney,8585 White Claw Hard Seltzer Black Cherry 1/12/19.2 oz Can,White Claw,12/19.2oz Can,24017 Rainbow Liquor (P),9/29/2026,1.00,1.00
Michael Harboy,8623 White Claw Surge 8% Blood Orange 19.2 oz Can,White Claw,12/19.2oz Can,11005 Wolfson Market,9/29/2026,1.00,1.00
Mike Ast,8585 White Claw Hard Seltzer Black Cherry 1/12/19.2 oz Can,White Claw,12/19.2oz Can,93003 Mahwah Liqrs (P),9/29/2026,1.00,1.00
Michael Harboy,8586 White Claw Hard Seltzer Ruby Grapefruit 1/12/19.2 oz Can,White Claw,12/19.2oz Can,11005 Wolfson Market,9/29/2026,1.00,1.00
Michael Harboy,8585 White Claw Hard Seltzer Black Cherry 1/12/19.2 oz Can,White Claw,12/19.2oz Can,12005 Shay's Liquors,9/29/2026,1.00,1.00
Anthony Palmisano,8623 White Claw Surge 8% Blood Orange 19.2 oz Can,White Claw,12/19.2oz Can,10003 Buy Rite W &L Pompton(P),9/29/2026,1.00,1.00
Shane Barreca,8585 White Claw Hard Seltzer Black Cherry 1/12/19.2 oz Can,White Claw,12/19.2oz Can,86003 Township Liq (P),9/29/2026,1.00,1.00
Jim Heaney,8409 Mikes Harder Pink Lemonade 1/12/23.5 oz Can,Mike's Harder,12/23.5oz Can,24017 Rainbow Liquor (P),9/29/2026,1.00,1.00
Dan Lagala,8409 Mikes Harder Pink Lemonade 1/12/23.5 oz Can,Mike's Harder,12/23.5oz Can,49035 Gulf Express Fort Lee,9/29/2026,1.00,1.00
Jayson Romine,8585 White Claw Hard Seltzer Black Cherry 1/12/19.2 oz Can,White Claw,12/19.2oz Can,230441 Wine Country Newton,9/29/2026,1.00,1.00
Dave Ehlers,8481 Mikes Harder Lemonade 1/12/23.5 oz Can,Mike's Harder,12/23.5oz Can,40010 Hackensack Liquors,9/29/2026,1.00,1.00
Anthony Palmisano,8585 White Claw Hard Seltzer Black Cherry 1/12/19.2 oz Can,White Claw,12/19.2oz Can,6002 Roserne Liquors North,9/29/2026,1.00,1.00
Anthony Palmisano,8623 White Claw Surge 8% Blood Orange 19.2 oz Can,White Claw,12/19.2oz Can,7001 Home Wine and Liquors,9/29/2026,1.00,1.00
Jayson Romine,8624 White Claw Surge 8% Cranberry 19.2 oz Can,White Claw,12/19.2oz Can,230431 Seplow's Liquors,9/29/2026,1.00,1.00
Javier Melo,8585 White Claw Hard Seltzer Black Cherry 1/12/19.2 oz Can,White Claw,12/19.2oz Can,24003 Paulison Liquors (P),9/29/2026,1.00,1.00
Anthony Palmisano,8409 Mikes Harder Pink Lemonade 1/12/23.5 oz Can,Mike's Harder,12/23.5oz Can,10003 Buy Rite W &L Pompton(P),9/29/2026,1.00,1.00
Mike Ast,8586 White Claw Hard Seltzer Ruby Grapefruit 1/12/19.2 oz Can,White Claw,12/19.2oz Can,12011 Bottle King (A) Wayne,9/29/2026,1.00,1.00
Anthony Palmisano,8638 White Claw Surge Grape 1/12/19.2oz Can,White Claw,12/19.2oz Can,10003 Buy Rite W &L Pompton(P),9/29/2026,1.00,1.00
Jayson Romine,8585 White Claw Hard Seltzer Black Cherry 1/12/19.2 oz Can,White Claw,12/19.2oz Can,231203 The George Inn,9/29/2026,1.00,1.00
Jayson Romine,8586 White Claw Hard Seltzer Ruby Grapefruit 1/12/19.2 oz Can,White Claw,12/19.2oz Can,231203 The George Inn,9/29/2026,1.00,1.00
Javier Melo,8538 Cayman Jacked Strawberry Margarita 1/12/19.2 oz Can,Cayman Jack,1/12/19.2oz,20021 Diamond Liquors (P),9/29/2026,1.00,1.00
Javier Melo,8585 White Claw Hard Seltzer Black Cherry 1/12/19.2 oz Can,White Claw,12/19.2oz Can,27034 Liquor Stop (Passaic),9/29/2026,1.00,1.00
Klejdi Lamo,8624 White Claw Surge 8% Cranberry 19.2 oz Can,White Claw,12/19.2oz Can,190917 Shop Rite Liq (A)Wharton,9/28/2026,1.00,1.00
Jim Heaney,8631 White Claw Peach 1/12/19.2 oz Can,White Claw,12/19.2oz Can,25031 Lexington Liquors (Z),9/28/2026,1.00,1.00
Matt Powierski,8460 Mikes Harder Strawberry Pineapple 1/12/23.5 oz Can,Mike's Harder,12/23.5oz Can,37023 Worldwide Liquors,9/28/2026,1.00,1.00
Phil Ernst,8632 White Claw Surge Blueberry 1/12/19.2 oz Can,White Claw,12/19.2oz Can,81014 Shop Rite Liq(A) Fair Lwn,9/28/2026,1.00,1.00
Anthony Palmisano,8586 White Claw Hard Seltzer Ruby Grapefruit 1/12/19.2 oz Can,White Claw,12/19.2oz Can,8009 Appio's Liquors,9/28/2026,1.00,1.00
Klejdi Lamo,8409 Mikes Harder Pink Lemonade 1/12/23.5 oz Can,Mike's Harder,12/23.5oz Can,190917 Shop Rite Liq (A)Wharton,9/28/2026,1.00,1.00
Jayson Romine,8623 White Claw Surge 8% Blood Orange 19.2 oz Can,White Claw,12/19.2oz Can,191010 Liquor Factory II Jefferson,9/28/2026,1.00,1.00
Jayson Romine,8480 Mikes Harder Cranberry 1/12/23.5 oz Can,Mike's Harder,12/23.5oz Can,191702 Liquor Factory VI Byram,9/28/2026,1.00,1.00
Chris Payton,8585 White Claw Hard Seltzer Black Cherry 1/12/19.2 oz Can,White Claw,12/19.2oz Can,38016 Lodi Liquor Store(P),9/28/2026,1.00,1.00
Jim Heaney,8592 White Claw Hard Seltzer Mango 1/12/19.2 oz Can,White Claw,12/19.2oz Can,25031 Lexington Liquors (Z),9/28/2026,1.00,1.00
Jayson Romine,8458 Mikes Harder Black Cherry 1/12/23.5 oz Can,Mike's Harder,12/23.5oz Can,191526 Liquor Factory IV Hopatcong,9/28/2026,1.00,1.00
Jim Heaney,8638 White Claw Surge Grape 1/12/19.2oz Can,White Claw,12/19.2oz Can,25031 Lexington Liquors (Z),9/28/2026,1.00,1.00
Dave Ehlers,8623 White Claw Surge 8% Blood Orange 19.2 oz Can,White Claw,12/19.2oz Can,52015 Shop Rite Liq (A)Englewd,9/28/2026,1.00,1.00
Jayson Romine,8624 White Claw Surge 8% Cranberry 19.2 oz Can,White Claw,12/19.2oz Can,230114 Liquor Factory III Sparta,9/28/2026,1.00,1.00
Pablo Lopez,8538 Cayman Jacked Strawberry Margarita 1/12/19.2 oz Can,Cayman Jack,1/12/19.2oz,15047 Freddie's Corner,9/28/2026,1.00,1.00
Jayson Romine,8585 White Claw Hard Seltzer Black Cherry 1/12/19.2 oz Can,White Claw,12/19.2oz Can,230114 Liquor Factory III Sparta,9/28/2026,1.00,1.00
Phil Ernst,8458 Mikes Harder Black Cherry 1/12/23.5 oz Can,Mike's Harder,12/23.5oz Can,80005 Shop Rite Liq (Paramus),9/28/2026,1.00,1.00
Jayson Romine,8538 Cayman Jacked Strawberry Margarita 1/12/19.2 oz Can,Cayman Jack,1/12/19.2oz,230105 ShopRite Wines & Spirits of Sparta,9/28/2026,1.00,1.00
Matt Powierski,8592 White Claw Hard Seltzer Mango 1/12/19.2 oz Can,White Claw,12/19.2oz Can,31004 Metro Liquors (East Rutherford),9/28/2026,1.00,1.00
Matt Powierski,8409 Mikes Harder Pink Lemonade 1/12/23.5 oz Can,Mike's Harder,12/23.5oz Can,31008 Metro Wine And Liq(A),9/28/2026,1.00,1.00
Matt Powierski,8585 White Claw Hard Seltzer Black Cherry 1/12/19.2 oz Can,White Claw,12/19.2oz Can,42011 Buzzzrite Liquors,9/28/2026,1.00,1.00
Jayson Romine,8585 White Claw Hard Seltzer Black Cherry 1/12/19.2 oz Can,White Claw,12/19.2oz Can,191526 Liquor Factory IV Hopatcong,9/28/2026,1.00,1.00
Anthony Palmisano,8631 White Claw Peach 1/12/19.2 oz Can,White Claw,12/19.2oz Can,8009 Appio's Liquors,9/28/2026,1.00,1.00
Jayson Romine,8409 Mikes Harder Pink Lemonade 1/12/23.5 oz Can,Mike's Harder,12/23.5oz Can,230105 ShopRite Wines & Spirits of Sparta,9/28/2026,1.00,1.00
Jayson Romine,8481 Mikes Harder Lemonade 1/12/23.5 oz Can,Mike's Harder,12/23.5oz Can,191702 Liquor Factory VI Byram,9/28/2026,1.00,1.00
Shane Barreca,8585 White Claw Hard Seltzer Black Cherry 1/12/19.2 oz Can,White Claw,12/19.2oz Can,92011 Bottle King (A) Ramsey,9/28/2026,1.00,1.00
Matt Powierski,8585 White Claw Hard Seltzer Black Cherry 1/12/19.2 oz Can,White Claw,12/19.2oz Can,31008 Metro Wine And Liq(A),9/28/2026,1.00,1.00
Matt Powierski,8592 White Claw Hard Seltzer Mango 1/12/19.2 oz Can,White Claw,12/19.2oz Can,26001 Luigi's Liquor (A),9/28/2026,1.00,1.00
Jayson Romine,8586 White Claw Hard Seltzer Ruby Grapefruit 1/12/19.2 oz Can,White Claw,12/19.2oz Can,191526 Liquor Factory IV Hopatcong,9/28/2026,1.00,1.00
Klejdi Lamo,8592 White Claw Hard Seltzer Mango 1/12/19.2 oz Can,White Claw,12/19.2oz Can,190917 Shop Rite Liq (A)Wharton,9/28/2026,1.00,1.00
Dave Ehlers,8624 White Claw Surge 8% Cranberry 19.2 oz Can,White Claw,12/19.2oz Can,52015 Shop Rite Liq (A)Englewd,9/28/2026,1.00,1.00
Matt Powierski,8585 White Claw Hard Seltzer Black Cherry 1/12/19.2 oz Can,White Claw,12/19.2oz Can,26001 Luigi's Liquor (A),9/28/2026,1.00,1.00
Jim Heaney,8632 White Claw Surge Blueberry 1/12/19.2 oz Can,White Claw,12/19.2oz Can,25031 Lexington Liquors (Z),9/28/2026,1.00,1.00
Pablo Lopez,8631 White Claw Peach 1/12/19.2 oz Can,White Claw,12/19.2oz Can,15047 Freddie's Corner,9/28/2026,1.00,1.00
Jim Heaney,8585 White Claw Hard Seltzer Black Cherry 1/12/19.2 oz Can,White Claw,12/19.2oz Can,24005 Henry's Liquors,9/28/2026,1.00,1.00
Jayson Romine,8466 Mikes Harder Mango 1/12/23.5 oz Can,Mike's Harder,12/23.5oz Can,191526 Liquor Factory IV Hopatcong,9/28/2026,1.00,1.00
Derrick Laws,8538 Cayman Jacked Strawberry Margarita 1/12/19.2 oz Can,Cayman Jack,1/12/19.2oz,20080 Raphael & Angel Liq (A),9/28/2026,1.00,1.00
Jim Heaney,8586 White Claw Hard Seltzer Ruby Grapefruit 1/12/19.2 oz Can,White Claw,12/19.2oz Can,25031 Lexington Liquors (Z),9/28/2026,1.00,1.00
Jim Heaney,8585 White Claw Hard Seltzer Black Cherry 1/12/19.2 oz Can,White Claw,12/19.2oz Can,25031 Lexington Liquors (Z),9/28/2026,1.00,1.00
Javier Melo,8585 White Claw Hard Seltzer Black Cherry 1/12/19.2 oz Can,White Claw,12/19.2oz Can,25012 Bottle Liquor (P),9/28/2026,1.00,1.00
Phil Ernst,8481 Mikes Harder Lemonade 1/12/23.5 oz Can,Mike's Harder,12/23.5oz Can,80005 Shop Rite Liq (Paramus),9/28/2026,1.00,1.00
Shane Barreca,8586 White Claw Hard Seltzer Ruby Grapefruit 1/12/19.2 oz Can,White Claw,12/19.2oz Can,92011 Bottle King (A) Ramsey,9/28/2026,1.00,1.00
Jim Heaney,8585 White Claw Hard Seltzer Black Cherry 1/12/19.2 oz Can,White Claw,12/19.2oz Can,29017 Meadow Fine Liquors,9/28/2026,1.00,1.00
Chris Payton,8592 White Claw Hard Seltzer Mango 1/12/19.2 oz Can,White Claw,12/19.2oz Can,34001 Meadowland Wine & Liquor,9/28/2026,1.00,1.00
Derrick Laws,8537 Cayman Jacked Margarita 1/12/19.2 oz Can,Cayman Jack,1/12/19.2oz,20080 Raphael & Angel Liq (A),9/28/2026,1.00,1.00
Phil Ernst,8409 Mikes Harder Pink Lemonade 1/12/23.5 oz Can,Mike's Harder,12/23.5oz Can,80005 Shop Rite Liq (Paramus),9/28/2026,1.00,1.00
Jayson Romine,8624 White Claw Surge 8% Cranberry 19.2 oz Can,White Claw,12/19.2oz Can,191702 Liquor Factory VI Byram,9/28/2026,1.00,1.00
Matt Powierski,8458 Mikes Harder Black Cherry 1/12/23.5 oz Can,Mike's Harder,12/23.5oz Can,37023 Worldwide Liquors,9/28/2026,1.00,1.00
Klejdi Lamo,8458 Mikes Harder Black Cherry 1/12/23.5 oz Can,Mike's Harder,12/23.5oz Can,190917 Shop Rite Liq (A)Wharton,9/28/2026,1.00,1.00
Phil Ernst,8586 White Claw Hard Seltzer Ruby Grapefruit 1/12/19.2 oz Can,White Claw,12/19.2oz Can,81014 Shop Rite Liq(A) Fair Lwn,9/28/2026,1.00,1.00
Jim Heaney,8623 White Claw Surge 8% Blood Orange 19.2 oz Can,White Claw,12/19.2oz Can,29017 Meadow Fine Liquors,9/28/2026,1.00,1.00
Derrick Laws,8480 Mikes Harder Cranberry 1/12/23.5 oz Can,Mike's Harder,12/23.5oz Can,20080 Raphael & Angel Liq (A),9/28/2026,1.00,1.00
Jayson Romine,8481 Mikes Harder Lemonade 1/12/23.5 oz Can,Mike's Harder,12/23.5oz Can,191302 Liquor Factory I Landing,9/28/2026,1.00,1.00
Jim Heaney,8623 White Claw Surge 8% Blood Orange 19.2 oz Can,White Claw,12/19.2oz Can,25031 Lexington Liquors (Z),9/28/2026,1.00,1.00
Phil Ernst,8481 Mikes Harder Lemonade 1/12/23.5 oz Can,Mike's Harder,12/23.5oz Can,81014 Shop Rite Liq(A) Fair Lwn,9/28/2026,1.00,1.00
Jayson Romine,8624 White Claw Surge 8% Cranberry 19.2 oz Can,White Claw,12/19.2oz Can,191526 Liquor Factory IV Hopatcong,9/28/2026,1.00,1.00
Klejdi Lamo,8586 White Claw Hard Seltzer Ruby Grapefruit 1/12/19.2 oz Can,White Claw,12/19.2oz Can,190917 Shop Rite Liq (A)Wharton,9/28/2026,1.00,1.00
Jayson Romine,8586 White Claw Hard Seltzer Ruby Grapefruit 1/12/19.2 oz Can,White Claw,12/19.2oz Can,230114 Liquor Factory III Sparta,9/28/2026,1.00,1.00
Jayson Romine,8592 White Claw Hard Seltzer Mango 1/12/19.2 oz Can,White Claw,12/19.2oz Can,191302 Liquor Factory I Landing,9/28/2026,1.00,1.00
Dave Ehlers,8481 Mikes Harder Lemonade 1/12/23.5 oz Can,Mike's Harder,12/23.5oz Can,52015 Shop Rite Liq (A)Englewd,9/28/2026,1.00,1.00
Jayson Romine,8480 Mikes Harder Cranberry 1/12/23.5 oz Can,Mike's Harder,12/23.5oz Can,230314 Liquor Factory V Andover,9/28/2026,1.00,1.00
Matt Powierski,8586 White Claw Hard Seltzer Ruby Grapefruit 1/12/19.2 oz Can,White Claw,12/19.2oz Can,31004 Metro Liquors (East Rutherford),9/28/2026,1.00,1.00
Shane Barreca,8586 White Claw Hard Seltzer Ruby Grapefruit 1/12/19.2 oz Can,White Claw,12/19.2oz Can,92008 Ramsey Wine & Liquor,9/28/2026,1.00,1.00
Klejdi Lamo,8638 White Claw Surge Grape 1/12/19.2oz Can,White Claw,12/19.2oz Can,190917 Shop Rite Liq (A)Wharton,9/28/2026,1.00,1.00
Pablo Lopez,8585 White Claw Hard Seltzer Black Cherry 1/12/19.2 oz Can,White Claw,12/19.2oz Can,15047 Freddie's Corner,9/28/2026,1.00,1.00
Phil Ernst,8585 White Claw Hard Seltzer Black Cherry 1/12/19.2 oz Can,White Claw,12/19.2oz Can,80005 Shop Rite Liq (Paramus),9/28/2026,1.00,1.00
Matt Powierski,8632 White Claw Surge Blueberry 1/12/19.2 oz Can,White Claw,12/19.2oz Can,26001 Luigi's Liquor (A),9/28/2026,1.00,1.00
Pablo Lopez,8592 White Claw Hard Seltzer Mango 1/12/19.2 oz Can,White Claw,12/19.2oz Can,15047 Freddie's Corner,9/28/2026,1.00,1.00
Phil Ernst,8623 White Claw Surge 8% Blood Orange 19.2 oz Can,White Claw,12/19.2oz Can,81014 Shop Rite Liq(A) Fair Lwn,9/28/2026,1.00,1.00
Anthony Palmisano,8592 White Claw Hard Seltzer Mango 1/12/19.2 oz Can,White Claw,12/19.2oz Can,8009 Appio's Liquors,9/28/2026,1.00,1.00
Jayson Romine,8586 White Claw Hard Seltzer Ruby Grapefruit 1/12/19.2 oz Can,White Claw,12/19.2oz Can,191010 Liquor Factory II Jefferson,9/28/2026,1.00,1.00
Chris Payton,8624 White Claw Surge 8% Cranberry 19.2 oz Can,White Claw,12/19.2oz Can,38016 Lodi Liquor Store(P),9/28/2026,1.00,1.00
Klejdi Lamo,8632 White Claw Surge Blueberry 1/12/19.2 oz Can,White Claw,12/19.2oz Can,190917 Shop Rite Liq (A)Wharton,9/28/2026,1.00,1.00
Derrick Laws,8466 Mikes Harder Mango 1/12/23.5 oz Can,Mike's Harder,12/23.5oz Can,20080 Raphael & Angel Liq (A),9/28/2026,1.00,1.00
Jayson Romine,8586 White Claw Hard Seltzer Ruby Grapefruit 1/12/19.2 oz Can,White Claw,12/19.2oz Can,191302 Liquor Factory I Landing,9/28/2026,1.00,1.00
Klejdi Lamo,8466 Mikes Harder Mango 1/12/23.5 oz Can,Mike's Harder,12/23.5oz Can,190917 Shop Rite Liq (A)Wharton,9/28/2026,1.00,1.00
Dave Ehlers,8466 Mikes Harder Mango 1/12/23.5 oz Can,Mike's Harder,12/23.5oz Can,52015 Shop Rite Liq (A)Englewd,9/28/2026,1.00,1.00
Jayson Romine,8632 White Claw Surge Blueberry 1/12/19.2 oz Can,White Claw,12/19.2oz Can,191010 Liquor Factory II Jefferson,9/28/2026,1.00,1.00
Shane Barreca,8585 White Claw Hard Seltzer Black Cherry 1/12/19.2 oz Can,White Claw,12/19.2oz Can,92008 Ramsey Wine & Liquor,9/28/2026,1.00,1.00
Jayson Romine,8624 White Claw Surge 8% Cranberry 19.2 oz Can,White Claw,12/19.2oz Can,191010 Liquor Factory II Jefferson,9/28/2026,1.00,1.00
Matt Powierski,8586 White Claw Hard Seltzer Ruby Grapefruit 1/12/19.2 oz Can,White Claw,12/19.2oz Can,31008 Metro Wine And Liq(A),9/28/2026,1.00,1.00
Jayson Romine,8623 White Claw Surge 8% Blood Orange 19.2 oz Can,White Claw,12/19.2oz Can,191302 Liquor Factory I Landing,9/28/2026,1.00,1.00
Phil Ernst,8585 White Claw Hard Seltzer Black Cherry 1/12/19.2 oz Can,White Claw,12/19.2oz Can,81014 Shop Rite Liq(A) Fair Lwn,9/28/2026,1.00,1.00
Javier Melo,8624 White Claw Surge 8% Cranberry 19.2 oz Can,White Claw,12/19.2oz Can,25012 Bottle Liquor (P),9/28/2026,1.00,1.00
Jayson Romine,8585 White Claw Hard Seltzer Black Cherry 1/12/19.2 oz Can,White Claw,12/19.2oz Can,191702 Liquor Factory VI Byram,9/28/2026,1.00,1.00
Phil Ernst,8592 White Claw Hard Seltzer Mango 1/12/19.2 oz Can,White Claw,12/19.2oz Can,83001 Food Universe Marketplace,9/28/2026,1.00,1.00
Chris Payton,8592 White Claw Hard Seltzer Mango 1/12/19.2 oz Can,White Claw,12/19.2oz Can,38016 Lodi Liquor Store(P),9/28/2026,1.00,1.00
Matt Powierski,8458 Mikes Harder Black Cherry 1/12/23.5 oz Can,Mike's Harder,12/23.5oz Can,31008 Metro Wine And Liq(A),9/28/2026,1.00,1.00
Dave Ehlers,8632 White Claw Surge Blueberry 1/12/19.2 oz Can,White Claw,12/19.2oz Can,52015 Shop Rite Liq (A)Englewd,9/28/2026,1.00,1.00
Jayson Romine,8592 White Claw Hard Seltzer Mango 1/12/19.2 oz Can,White Claw,12/19.2oz Can,191010 Liquor Factory II Jefferson,9/28/2026,1.00,1.00
Jim Heaney,8624 White Claw Surge 8% Cranberry 19.2 oz Can,White Claw,12/19.2oz Can,25042 Town Liquors,9/28/2026,1.00,1.00
Jayson Romine,8623 White Claw Surge 8% Blood Orange 19.2 oz Can,White Claw,12/19.2oz Can,230114 Liquor Factory III Sparta,9/28/2026,1.00,1.00
Jim Heaney,8481 Mikes Harder Lemonade 1/12/23.5 oz Can,Mike's Harder,12/23.5oz Can,24005 Henry's Liquors,9/28/2026,1.00,1.00
Klejdi Lamo,8585 White Claw Hard Seltzer Black Cherry 1/12/19.2 oz Can,White Claw,12/19.2oz Can,190603 Denville W & L,9/28/2026,1.00,1.00
Matt Powierski,8624 White Claw Surge 8% Cranberry 19.2 oz Can,White Claw,12/19.2oz Can,31004 Metro Liquors (East Rutherford),9/28/2026,1.00,1.00
Jayson Romine,8537 Cayman Jacked Margarita 1/12/19.2 oz Can,Cayman Jack,1/12/19.2oz,230105 ShopRite Wines & Spirits of Sparta,9/28/2026,1.00,1.00
Jayson Romine,8585 White Claw Hard Seltzer Black Cherry 1/12/19.2 oz Can,White Claw,12/19.2oz Can,230314 Liquor Factory V Andover,9/28/2026,1.00,1.00
Phil Ernst,8592 White Claw Hard Seltzer Mango 1/12/19.2 oz Can,White Claw,12/19.2oz Can,80005 Shop Rite Liq (Paramus),9/28/2026,1.00,1.00
Jayson Romine,8481 Mikes Harder Lemonade 1/12/23.5 oz Can,Mike's Harder,12/23.5oz Can,230105 ShopRite Wines & Spirits of Sparta,9/28/2026,1.00,1.00
Jayson Romine,8592 White Claw Hard Seltzer Mango 1/12/19.2 oz Can,White Claw,12/19.2oz Can,230114 Liquor Factory III Sparta,9/28/2026,1.00,1.00
Jayson Romine,8624 White Claw Surge 8% Cranberry 19.2 oz Can,White Claw,12/19.2oz Can,230314 Liquor Factory V Andover,9/28/2026,1.00,1.00
Jim Heaney,8586 White Claw Hard Seltzer Ruby Grapefruit 1/12/19.2 oz Can,White Claw,12/19.2oz Can,29017 Meadow Fine Liquors,9/28/2026,1.00,1.00
Dave Ehlers,8638 White Claw Surge Grape 1/12/19.2oz Can,White Claw,12/19.2oz Can,52015 Shop Rite Liq (A)Englewd,9/28/2026,1.00,1.00
Matt Powierski,8480 Mikes Harder Cranberry 1/12/23.5 oz Can,Mike's Harder,12/23.5oz Can,37023 Worldwide Liquors,9/28/2026,1.00,1.00
Pablo Lopez,8592 White Claw Hard Seltzer Mango 1/12/19.2 oz Can,White Claw,12/19.2oz Can,27005 #1 Liqrs (P),9/28/2026,1.00,1.00
Jim Heaney,8592 White Claw Hard Seltzer Mango 1/12/19.2 oz Can,White Claw,12/19.2oz Can,24014 Bottleneck Liquors,9/25/2026,1.00,1.00
Derrick Laws,8585 White Claw Hard Seltzer Black Cherry 1/12/19.2 oz Can,White Claw,12/19.2oz Can,15012 Pal's Liquor,9/25/2026,1.00,1.00
Michael Harboy,8638 White Claw Surge Grape 1/12/19.2oz Can,White Claw,12/19.2oz Can,12017 Shays Liquors,9/25/2026,1.00,1.00
Matt Powierski,8623 White Claw Surge 8% Blood Orange 19.2 oz Can,White Claw,12/19.2oz Can,36007 Shop Rite Of Wallington,9/25/2026,1.00,1.00
Mike Ast,8623 White Claw Surge 8% Blood Orange 19.2 oz Can,White Claw,12/19.2oz Can,94001 Long Hill Liquors (A),9/25/2026,1.00,1.00
Michael Harboy,8585 White Claw Hard Seltzer Black Cherry 1/12/19.2 oz Can,White Claw,12/19.2oz Can,12017 Shays Liquors,9/25/2026,1.00,1.00
Klejdi Lamo,8624 White Claw Surge 8% Cranberry 19.2 oz Can,White Claw,12/19.2oz Can,191803 Kingston Liquors,9/25/2026,1.00,1.00
Anthony Palmisano,8585 White Claw Hard Seltzer Black Cherry 1/12/19.2 oz Can,White Claw,12/19.2oz Can,3001 Best Cellars (Wanaque),9/25/2026,1.00,1.00
Jim Heaney,8624 White Claw Surge 8% Cranberry 19.2 oz Can,White Claw,12/19.2oz Can,24014 Bottleneck Liquors,9/25/2026,1.00,1.00
Phil Ernst,8592 White Claw Hard Seltzer Mango 1/12/19.2 oz Can,White Claw,12/19.2oz Can,38018 THE BOTTLE SHOP,9/25/2026,1.00,1.00
Mike Ast,8592 White Claw Hard Seltzer Mango 1/12/19.2 oz Can,White Claw,12/19.2oz Can,81006 Fair Lawn Wine & Spirits,9/25/2026,1.00,1.00
Dave Ehlers,8624 White Claw Surge 8% Cranberry 19.2 oz Can,White Claw,12/19.2oz Can,51008 H & R Disc. Liq (P),9/25/2026,1.00,1.00
Dave Ehlers,8623 White Claw Surge 8% Blood Orange 19.2 oz Can,White Claw,12/19.2oz Can,40004 Simple Simon's (Z),9/25/2026,1.00,1.00
Shane Barreca,8585 White Claw Hard Seltzer Black Cherry 1/12/19.2 oz Can,White Claw,12/19.2oz Can,75004 Cork & Keg (A),9/25/2026,1.00,1.00
Anthony Palmisano,8586 White Claw Hard Seltzer Ruby Grapefruit 1/12/19.2 oz Can,White Claw,12/19.2oz Can,3006 Wine 2 Spirits (P),9/25/2026,1.00,1.00
Dave Ehlers,8592 White Claw Hard Seltzer Mango 1/12/19.2 oz Can,White Claw,12/19.2oz Can,51008 H & R Disc. Liq (P),9/25/2026,1.00,1.00
Jim Heaney,8586 White Claw Hard Seltzer Ruby Grapefruit 1/12/19.2 oz Can,White Claw,12/19.2oz Can,24014 Bottleneck Liquors,9/25/2026,1.00,1.00
Derrick Laws,8631 White Claw Peach 1/12/19.2 oz Can,White Claw,12/19.2oz Can,15012 Pal's Liquor,9/25/2026,1.00,1.00
Jim Heaney,8592 White Claw Hard Seltzer Mango 1/12/19.2 oz Can,White Claw,12/19.2oz Can,24020 US#1 Wine & Liquor,9/25/2026,1.00,1.00
Dave Ehlers,8586 White Claw Hard Seltzer Ruby Grapefruit 1/12/19.2 oz Can,White Claw,12/19.2oz Can,41012 Deli Mart (A),9/25/2026,1.00,1.00
Chris Payton,8585 White Claw Hard Seltzer Black Cherry 1/12/19.2 oz Can,White Claw,12/19.2oz Can,25034 Figlar's (P),9/25/2026,1.00,1.00
Jayson Romine,8460 Mikes Harder Strawberry Pineapple 1/12/23.5 oz Can,Mike's Harder,12/23.5oz Can,231316 Patricks Wine Barn,9/25/2026,1.00,1.00
Chris Payton,8624 White Claw Surge 8% Cranberry 19.2 oz Can,White Claw,12/19.2oz Can,34007 Liquor Masters (P),9/25/2026,1.00,1.00
Jim Heaney,8592 White Claw Hard Seltzer Mango 1/12/19.2 oz Can,White Claw,12/19.2oz Can,23003 Pete's Liquors,9/25/2026,1.00,1.00
Klejdi Lamo,8585 White Claw Hard Seltzer Black Cherry 1/12/19.2 oz Can,White Claw,12/19.2oz Can,190208 Boonton Liquor Locker,9/25/2026,1.00,1.00
Klejdi Lamo,8409 Mikes Harder Pink Lemonade 1/12/23.5 oz Can,Mike's Harder,12/23.5oz Can,191803 Kingston Liquors,9/25/2026,1.00,1.00
Shane Barreca,8481 Mikes Harder Lemonade 1/12/23.5 oz Can,Mike's Harder,12/23.5oz Can,75002 Shop Rite Liq (A)Emerson,9/25/2026,1.00,1.00
Anthony Palmisano,8592 White Claw Hard Seltzer Mango 1/12/19.2 oz Can,White Claw,12/19.2oz Can,3006 Wine 2 Spirits (P),9/25/2026,1.00,1.00
Matt Powierski,8592 White Claw Hard Seltzer Mango 1/12/19.2 oz Can,White Claw,12/19.2oz Can,36007 Shop Rite Of Wallington,9/25/2026,1.00,1.00
Pablo Lopez,8592 White Claw Hard Seltzer Mango 1/12/19.2 oz Can,White Claw,12/19.2oz Can,27043 Monroe Wine & Liq(P),9/25/2026,1.00,1.00
Jim Heaney,8623 White Claw Surge 8% Blood Orange 19.2 oz Can,White Claw,12/19.2oz Can,28011 Liquor Mart (North Arlington),9/25/2026,1.00,1.00
Klejdi Lamo,8481 Mikes Harder Lemonade 1/12/23.5 oz Can,Mike's Harder,12/23.5oz Can,191803 Kingston Liquors,9/25/2026,1.00,1.00
Dave Ehlers,8623 White Claw Surge 8% Blood Orange 19.2 oz Can,White Claw,12/19.2oz Can,41012 Deli Mart (A),9/25/2026,1.00,1.00
Dave Ehlers,8592 White Claw Hard Seltzer Mango 1/12/19.2 oz Can,White Claw,12/19.2oz Can,40004 Simple Simon's (Z),9/25/2026,1.00,1.00
Phil Ernst,8585 White Claw Hard Seltzer Black Cherry 1/12/19.2 oz Can,White Claw,12/19.2oz Can,89007 Acme Markets (Allendale),9/25/2026,1.00,1.00
Chris Payton,8481 Mikes Harder Lemonade 1/12/23.5 oz Can,Mike's Harder,12/23.5oz Can,25045 Clifton Disc Liq (A),9/25/2026,1.00,1.00
Klejdi Lamo,8585 White Claw Hard Seltzer Black Cherry 1/12/19.2 oz Can,White Claw,12/19.2oz Can,191803 Kingston Liquors,9/25/2026,1.00,1.00
Michael Harboy,8586 White Claw Hard Seltzer Ruby Grapefruit 1/12/19.2 oz Can,White Claw,12/19.2oz Can,12017 Shays Liquors,9/25/2026,1.00,1.00
Dave Ehlers,8592 White Claw Hard Seltzer Mango 1/12/19.2 oz Can,White Claw,12/19.2oz Can,56013 Time Lounge And Liq (A),9/25/2026,1.00,1.00
Dave Ehlers,8586 White Claw Hard Seltzer Ruby Grapefruit 1/12/19.2 oz Can,White Claw,12/19.2oz Can,56013 Time Lounge And Liq (A),9/25/2026,1.00,1.00
Matt Powierski,8592 White Claw Hard Seltzer Mango 1/12/19.2 oz Can,White Claw,12/19.2oz Can,77016 Metro Liquor (Elmwood Park),9/25/2026,1.00,1.00
Dave Ehlers,8585 White Claw Hard Seltzer Black Cherry 1/12/19.2 oz Can,White Claw,12/19.2oz Can,56013 Time Lounge And Liq (A),9/25/2026,1.00,1.00
Matt Powierski,8592 White Claw Hard Seltzer Mango 1/12/19.2 oz Can,White Claw,12/19.2oz Can,42004 Wine And People,9/25/2026,1.00,1.00
Anthony Palmisano,8586 White Claw Hard Seltzer Ruby Grapefruit 1/12/19.2 oz Can,White Claw,12/19.2oz Can,3001 Best Cellars (Wanaque),9/25/2026,1.00,1.00
Derrick Laws,8537 Cayman Jacked Margarita 1/12/19.2 oz Can,Cayman Jack,1/12/19.2oz,23004 Shop Rite Wines/Spirits,9/25/2026,1.00,1.00
Jayson Romine,8585 White Claw Hard Seltzer Black Cherry 1/12/19.2 oz Can,White Claw,12/19.2oz Can,230902 Buy Rite Liquors Franklin,9/25/2026,1.00,1.00
Mike Ast,8586 White Claw Hard Seltzer Ruby Grapefruit 1/12/19.2 oz Can,White Claw,12/19.2oz Can,19009 Diamond Liquor,9/25/2026,1.00,1.00
Jim Heaney,8585 White Claw Hard Seltzer Black Cherry 1/12/19.2 oz Can,White Claw,12/19.2oz Can,24001 Richfield Liquors,9/25/2026,1.00,1.00
Dave Ehlers,8632 White Claw Surge Blueberry 1/12/19.2 oz Can,White Claw,12/19.2oz Can,41012 Deli Mart (A),9/25/2026,1.00,1.00
Mike Ast,8585 White Claw Hard Seltzer Black Cherry 1/12/19.2 oz Can,White Claw,12/19.2oz Can,19009 Diamond Liquor,9/25/2026,1.00,1.00
Jim Heaney,8480 Mikes Harder Cranberry 1/12/23.5 oz Can,Mike's Harder,12/23.5oz Can,24014 Bottleneck Liquors,9/25/2026,1.00,1.00
Matt Powierski,8585 White Claw Hard Seltzer Black Cherry 1/12/19.2 oz Can,White Claw,12/19.2oz Can,42004 Wine And People,9/25/2026,1.00,1.00
Mike Ast,8585 White Claw Hard Seltzer Black Cherry 1/12/19.2 oz Can,White Claw,12/19.2oz Can,81006 Fair Lawn Wine & Spirits,9/25/2026,1.00,1.00
Pablo Lopez,8632 White Claw Surge Blueberry 1/12/19.2 oz Can,White Claw,12/19.2oz Can,27043 Monroe Wine & Liq(P),9/25/2026,1.00,1.00
Jim Heaney,8586 White Claw Hard Seltzer Ruby Grapefruit 1/12/19.2 oz Can,White Claw,12/19.2oz Can,28011 Liquor Mart (North Arlington),9/25/2026,1.00,1.00
Jim Heaney,8585 White Claw Hard Seltzer Black Cherry 1/12/19.2 oz Can,White Claw,12/19.2oz Can,24020 US#1 Wine & Liquor,9/25/2026,1.00,1.00
Jim Heaney,8592 White Claw Hard Seltzer Mango 1/12/19.2 oz Can,White Claw,12/19.2oz Can,28011 Liquor Mart (North Arlington),9/25/2026,1.00,1.00
Jim Heaney,8585 White Claw Hard Seltzer Black Cherry 1/12/19.2 oz Can,White Claw,12/19.2oz Can,27016 Marina's Wine & Spirits,9/25/2026,1.00,1.00
Klejdi Lamo,8623 White Claw Surge 8% Blood Orange 19.2 oz Can,White Claw,12/19.2oz Can,190216 House of Wine & Liquor - Boonton,9/25/2026,1.00,1.00
Shane Barreca,8481 Mikes Harder Lemonade 1/12/23.5 oz Can,Mike's Harder,12/23.5oz Can,67004 Beverage Barn (A),9/25/2026,1.00,1.00
Shane Barreca,8624 White Claw Surge 8% Cranberry 19.2 oz Can,White Claw,12/19.2oz Can,75004 Cork & Keg (A),9/25/2026,1.00,1.00
Dan Lagala,8585 White Claw Hard Seltzer Black Cherry 1/12/19.2 oz Can,White Claw,12/19.2oz Can,48006 Andres Wine & Spirits,9/25/2026,1.00,1.00
Jim Heaney,8585 White Claw Hard Seltzer Black Cherry 1/12/19.2 oz Can,White Claw,12/19.2oz Can,28011 Liquor Mart (North Arlington),9/25/2026,1.00,1.00
Jayson Romine,8481 Mikes Harder Lemonade 1/12/23.5 oz Can,Mike's Harder,12/23.5oz Can,231316 Patricks Wine Barn,9/25/2026,1.00,1.00
Michael Harboy,8592 White Claw Hard Seltzer Mango 1/12/19.2 oz Can,White Claw,12/19.2oz Can,12017 Shays Liquors,9/25/2026,1.00,1.00
Shane Barreca,8631 White Claw Peach 1/12/19.2 oz Can,White Claw,12/19.2oz Can,67004 Beverage Barn (A),9/25/2026,1.00,1.00
Shane Barreca,8481 Mikes Harder Lemonade 1/12/23.5 oz Can,Mike's Harder,12/23.5oz Can,74005 Winemart Discount,9/25/2026,1.00,1.00
Derrick Laws,8538 Cayman Jacked Strawberry Margarita 1/12/19.2 oz Can,Cayman Jack,1/12/19.2oz,23004 Shop Rite Wines/Spirits,9/25/2026,1.00,1.00
Derrick Laws,8592 White Claw Hard Seltzer Mango 1/12/19.2 oz Can,White Claw,12/19.2oz Can,15012 Pal's Liquor,9/25/2026,1.00,1.00
Dan Lagala,8592 White Claw Hard Seltzer Mango 1/12/19.2 oz Can,White Claw,12/19.2oz Can,48006 Andres Wine & Spirits,9/25/2026,1.00,1.00
Mike Ast,8586 White Claw Hard Seltzer Ruby Grapefruit 1/12/19.2 oz Can,White Claw,12/19.2oz Can,81006 Fair Lawn Wine & Spirits,9/25/2026,1.00,1.00
Mike Ast,8624 White Claw Surge 8% Cranberry 19.2 oz Can,White Claw,12/19.2oz Can,81006 Fair Lawn Wine & Spirits,9/25/2026,1.00,1.00
Jim Heaney,8585 White Claw Hard Seltzer Black Cherry 1/12/19.2 oz Can,White Claw,12/19.2oz Can,24014 Bottleneck Liquors,9/25/2026,1.00,1.00
Phil Ernst,8538 Cayman Jacked Strawberry Margarita 1/12/19.2 oz Can,Cayman Jack,1/12/19.2oz,76021 Saddle Brook Liquor & Bar,9/25/2026,1.00,1.00
Klejdi Lamo,8638 White Claw Surge Grape 1/12/19.2oz Can,White Claw,12/19.2oz Can,190216 House of Wine & Liquor - Boonton,9/25/2026,1.00,1.00
Klejdi Lamo,8623 White Claw Surge 8% Blood Orange 19.2 oz Can,White Claw,12/19.2oz Can,191803 Kingston Liquors,9/25/2026,1.00,1.00
Dave Ehlers,8586 White Claw Hard Seltzer Ruby Grapefruit 1/12/19.2 oz Can,White Claw,12/19.2oz Can,40004 Simple Simon's (Z),9/25/2026,1.00,1.00
Jim Heaney,8585 White Claw Hard Seltzer Black Cherry 1/12/19.2 oz Can,White Claw,12/19.2oz Can,23003 Pete's Liquors,9/25/2026,1.00,1.00
Dave Ehlers,8585 White Claw Hard Seltzer Black Cherry 1/12/19.2 oz Can,White Claw,12/19.2oz Can,40004 Simple Simon's (Z),9/25/2026,1.00,1.00
Dave Ehlers,8623 White Claw Surge 8% Blood Orange 19.2 oz Can,White Claw,12/19.2oz Can,51008 H & R Disc. Liq (P),9/25/2026,1.00,1.00
Mike Ast,8592 White Claw Hard Seltzer Mango 1/12/19.2 oz Can,White Claw,12/19.2oz Can,84004 Quick Stop Liquor & Wine,9/25/2026,1.00,1.00
Matt Powierski,8586 White Claw Hard Seltzer Ruby Grapefruit 1/12/19.2 oz Can,White Claw,12/19.2oz Can,36007 Shop Rite Of Wallington,9/25/2026,1.00,1.00
Anthony Palmisano,8623 White Claw Surge 8% Blood Orange 19.2 oz Can,White Claw,12/19.2oz Can,3006 Wine 2 Spirits (P),9/25/2026,1.00,1.00
Jim Heaney,8585 White Claw Hard Seltzer Black Cherry 1/12/19.2 oz Can,White Claw,12/19.2oz Can,24021 Liquor Stop (P) (Clifton),9/25/2026,1.00,1.00
Klejdi Lamo,8623 White Claw Surge 8% Blood Orange 19.2 oz Can,White Claw,12/19.2oz Can,190208 Boonton Liquor Locker,9/25/2026,1.00,1.00
Jim Heaney,8458 Mikes Harder Black Cherry 1/12/23.5 oz Can,Mike's Harder,12/23.5oz Can,24014 Bottleneck Liquors,9/25/2026,1.00,1.00
Klejdi Lamo,8592 White Claw Hard Seltzer Mango 1/12/19.2 oz Can,White Claw,12/19.2oz Can,191803 Kingston Liquors,9/25/2026,1.00,1.00
Shane Barreca,8458 Mikes Harder Black Cherry 1/12/23.5 oz Can,Mike's Harder,12/23.5oz Can,74005 Winemart Discount,9/25/2026,1.00,1.00
Mike Ast,8632 White Claw Surge Blueberry 1/12/19.2 oz Can,White Claw,12/19.2oz Can,94001 Long Hill Liquors (A),9/25/2026,1.00,1.00
Matt Powierski,8631 White Claw Peach 1/12/19.2 oz Can,White Claw,12/19.2oz Can,77016 Metro Liquor (Elmwood Park),9/25/2026,1.00,1.00
Mike Ast,8623 White Claw Surge 8% Blood Orange 19.2 oz Can,White Claw,12/19.2oz Can,81006 Fair Lawn Wine & Spirits,9/25/2026,1.00,1.00
Michael Harboy,8624 White Claw Surge 8% Cranberry 19.2 oz Can,White Claw,12/19.2oz Can,12017 Shays Liquors,9/25/2026,1.00,1.00
Mike Ast,8585 White Claw Hard Seltzer Black Cherry 1/12/19.2 oz Can,White Claw,12/19.2oz Can,84004 Quick Stop Liquor & Wine,9/25/2026,1.00,1.00
Jim Heaney,8631 White Claw Peach 1/12/19.2 oz Can,White Claw,12/19.2oz Can,27016 Marina's Wine & Spirits,9/25/2026,1.00,1.00
Klejdi Lamo,8638 White Claw Surge Grape 1/12/19.2oz Can,White Claw,12/19.2oz Can,191803 Kingston Liquors,9/25/2026,1.00,1.00
Dave Ehlers,8631 White Claw Peach 1/12/19.2 oz Can,White Claw,12/19.2oz Can,41012 Deli Mart (A),9/25/2026,1.00,1.00
Jim Heaney,8592 White Claw Hard Seltzer Mango 1/12/19.2 oz Can,White Claw,12/19.2oz Can,25023 Clifton Wine & Liquor,9/25/2026,1.00,1.00
Phil Ernst,8585 White Claw Hard Seltzer Black Cherry 1/12/19.2 oz Can,White Claw,12/19.2oz Can,49039 Acme Markets (Fort Lee),9/25/2026,1.00,1.00
Phil Ernst,8458 Mikes Harder Black Cherry 1/12/23.5 oz Can,Mike's Harder,12/23.5oz Can,20106 Super Wine Warehse(P)Pate,9/24/2026,1.00,1.00
Matt Powierski,8638 White Claw Surge Grape 1/12/19.2oz Can,White Claw,12/19.2oz Can,31004 Metro Liquors (East Rutherford),9/24/2026,1.00,1.00
Chris Payton,8592 White Claw Hard Seltzer Mango 1/12/19.2 oz Can,White Claw,12/19.2oz Can,38001 JR Sports Bar & Liquors(Z),9/24/2026,1.00,1.00
Jayson Romine,8585 White Claw Hard Seltzer Black Cherry 1/12/19.2 oz Can,White Claw,12/19.2oz Can,230905 ShopRite Wines & Spirits of Franklin,9/24/2026,1.00,1.00
Jayson Romine,8585 White Claw Hard Seltzer Black Cherry 1/12/19.2 oz Can,White Claw,12/19.2oz Can,230420 Spring Street Liquors,9/24/2026,1.00,1.00
Phil Ernst,8466 Mikes Harder Mango 1/12/23.5 oz Can,Mike's Harder,12/23.5oz Can,20106 Super Wine Warehse(P)Pate,9/24/2026,1.00,1.00
Phil Ernst,8585 White Claw Hard Seltzer Black Cherry 1/12/19.2 oz Can,White Claw,12/19.2oz Can,20106 Super Wine Warehse(P)Pate,9/24/2026,1.00,1.00
Dave Ehlers,8585 White Claw Hard Seltzer Black Cherry 1/12/19.2 oz Can,White Claw,12/19.2oz Can,40022 Buy Rite Of Hackensack,9/24/2026,1.00,1.00
Klejdi Lamo,8592 White Claw Hard Seltzer Mango 1/12/19.2 oz Can,White Claw,12/19.2oz Can,190907 Wharton Liquor Store,9/24/2026,1.00,1.00
Anthony Palmisano,8623 White Claw Surge 8% Blood Orange 19.2 oz Can,White Claw,12/19.2oz Can,9003 B & B Wine&Liq,9/24/2026,1.00,1.00
Shane Barreca,8458 Mikes Harder Black Cherry 1/12/23.5 oz Can,Mike's Harder,12/23.5oz Can,92011 Bottle King (A) Ramsey,9/24/2026,1.00,1.00
Jim Heaney,8592 White Claw Hard Seltzer Mango 1/12/19.2 oz Can,White Claw,12/19.2oz Can,24012 Dante's Liquor & Wine,9/24/2026,1.00,1.00
Klejdi Lamo,8481 Mikes Harder Lemonade 1/12/23.5 oz Can,Mike's Harder,12/23.5oz Can,190702 Smith's Tavern,9/24/2026,1.00,1.00
Dave Ehlers,8592 White Claw Hard Seltzer Mango 1/12/19.2 oz Can,White Claw,12/19.2oz Can,40017 Essex St Liquor and Wine,9/24/2026,1.00,1.00
Pablo Lopez,8585 White Claw Hard Seltzer Black Cherry 1/12/19.2 oz Can,White Claw,12/19.2oz Can,27072 Passaic Discount Liquors,9/24/2026,1.00,1.00
Dave Ehlers,8481 Mikes Harder Lemonade 1/12/23.5 oz Can,Mike's Harder,12/23.5oz Can,52019 W E Beverage (A),9/24/2026,1.00,1.00
Nick Melissari,8592 White Claw Hard Seltzer Mango 1/12/19.2 oz Can,White Claw,12/19.2oz Can,31046 H Mart Inc (Space A101-A),9/24/2026,1.00,1.00
Javier Melo,8631 White Claw Peach 1/12/19.2 oz Can,White Claw,12/19.2oz Can,27040 Danny's Liquor,9/24/2026,1.00,1.00
Shane Barreca,8481 Mikes Harder Lemonade 1/12/23.5 oz Can,Mike's Harder,12/23.5oz Can,60001 Bottle King (A) Dumont,9/24/2026,1.00,1.00
Javier Melo,8585 White Claw Hard Seltzer Black Cherry 1/12/19.2 oz Can,White Claw,12/19.2oz Can,27040 Danny's Liquor,9/24/2026,1.00,1.00
Mike Ast,8586 White Claw Hard Seltzer Ruby Grapefruit 1/12/19.2 oz Can,White Claw,12/19.2oz Can,88005 Waldwick Wine/Spirits,9/24/2026,1.00,1.00
Jim Heaney,8585 White Claw Hard Seltzer Black Cherry 1/12/19.2 oz Can,White Claw,12/19.2oz Can,28007 Metro Liquors (North Arlington),9/24/2026,1.00,1.00
Javier Melo,8592 White Claw Hard Seltzer Mango 1/12/19.2 oz Can,White Claw,12/19.2oz Can,27040 Danny's Liquor,9/24/2026,1.00,1.00
Matt Powierski,8586 White Claw Hard Seltzer Ruby Grapefruit 1/12/19.2 oz Can,White Claw,12/19.2oz Can,27031 Home Wine Liquor (Passaic),9/24/2026,1.00,1.00
Dave Ehlers,8538 Cayman Jacked Strawberry Margarita 1/12/19.2 oz Can,Cayman Jack,1/12/19.2oz,51013 G & G Liquors & Bar,9/24/2026,1.00,1.00
Klejdi Lamo,8638 White Claw Surge Grape 1/12/19.2oz Can,White Claw,12/19.2oz Can,190802 Sam's Liq Wine (P),9/24/2026,1.00,1.00
Chris Payton,8585 White Claw Hard Seltzer Black Cherry 1/12/19.2 oz Can,White Claw,12/19.2oz Can,50020 Wineland,9/24/2026,1.00,1.00
Klejdi Lamo,8631 White Claw Peach 1/12/19.2 oz Can,White Claw,12/19.2oz Can,191814 Sandy's Wine & Spirit (P) (Budd Lake),9/24/2026,1.00,1.00
Phil Ernst,8586 White Claw Hard Seltzer Ruby Grapefruit 1/12/19.2 oz Can,White Claw,12/19.2oz Can,20106 Super Wine Warehse(P)Pate,9/24/2026,1.00,1.00
Jayson Romine,8481 Mikes Harder Lemonade 1/12/23.5 oz Can,Mike's Harder,12/23.5oz Can,230905 ShopRite Wines & Spirits of Franklin,9/24/2026,1.00,1.00
Dave Ehlers,8624 White Claw Surge 8% Cranberry 19.2 oz Can,White Claw,12/19.2oz Can,40017 Essex St Liquor and Wine,9/24/2026,1.00,1.00
Phil Ernst,8592 White Claw Hard Seltzer Mango 1/12/19.2 oz Can,White Claw,12/19.2oz Can,80026 Stew Leonard's(A) Paramus Wine,9/24/2026,1.00,1.00
Klejdi Lamo,8632 White Claw Surge Blueberry 1/12/19.2 oz Can,White Claw,12/19.2oz Can,191814 Sandy's Wine & Spirit (P) (Budd Lake),9/24/2026,1.00,1.00
Matt Powierski,8585 White Claw Hard Seltzer Black Cherry 1/12/19.2 oz Can,White Claw,12/19.2oz Can,37002 Garfield Bar & Liq (P),9/24/2026,1.00,1.00
Dave Ehlers,8586 White Claw Hard Seltzer Ruby Grapefruit 1/12/19.2 oz Can,White Claw,12/19.2oz Can,40017 Essex St Liquor and Wine,9/24/2026,1.00,1.00
Jim Heaney,8592 White Claw Hard Seltzer Mango 1/12/19.2 oz Can,White Claw,12/19.2oz Can,24002 Swizzle Stick Liq (A),9/24/2026,1.00,1.00
Chris Payton,8585 White Claw Hard Seltzer Black Cherry 1/12/19.2 oz Can,White Claw,12/19.2oz Can,35001 Westmont Liquors 64,9/24/2026,1.00,1.00
Mike Ast,8638 White Claw Surge Grape 1/12/19.2oz Can,White Claw,12/19.2oz Can,12011 Bottle King (A) Wayne,9/24/2026,1.00,1.00
Dave Ehlers,8537 Cayman Jacked Margarita 1/12/19.2 oz Can,Cayman Jack,1/12/19.2oz,51013 G & G Liquors & Bar,9/24/2026,1.00,1.00
Matt Powierski,8586 White Claw Hard Seltzer Ruby Grapefruit 1/12/19.2 oz Can,White Claw,12/19.2oz Can,37002 Garfield Bar & Liq (P),9/24/2026,1.00,1.00
Jayson Romine,8466 Mikes Harder Mango 1/12/23.5 oz Can,Mike's Harder,12/23.5oz Can,230905 ShopRite Wines & Spirits of Franklin,9/24/2026,1.00,1.00
Anthony Palmisano,8592 White Claw Hard Seltzer Mango 1/12/19.2 oz Can,White Claw,12/19.2oz Can,3005 Usa Wine Traders (Wanaque),9/24/2026,1.00,1.00
Shane Barreca,8592 White Claw Hard Seltzer Mango 1/12/19.2 oz Can,White Claw,12/19.2oz Can,92008 Ramsey Wine & Liquor,9/24/2026,1.00,1.00
Shane Barreca,8624 White Claw Surge 8% Cranberry 19.2 oz Can,White Claw,12/19.2oz Can,73003 Bottle King (A) Hillsdale,9/24/2026,1.00,1.00
Shane Barreca,8585 White Claw Hard Seltzer Black Cherry 1/12/19.2 oz Can,White Claw,12/19.2oz Can,60001 Bottle King (A) Dumont,9/24/2026,1.00,1.00
Nick Melissari,8623 White Claw Surge 8% Blood Orange 19.2 oz Can,White Claw,12/19.2oz Can,31046 H Mart Inc (Space A101-A),9/24/2026,1.00,1.00
Dan Lagala,8585 White Claw Hard Seltzer Black Cherry 1/12/19.2 oz Can,White Claw,12/19.2oz Can,44040 Stop N Go Conven. (P),9/24/2026,1.00,1.00
Jayson Romine,8458 Mikes Harder Black Cherry 1/12/23.5 oz Can,Mike's Harder,12/23.5oz Can,230420 Spring Street Liquors,9/24/2026,1.00,1.00
Mike Ast,8458 Mikes Harder Black Cherry 1/12/23.5 oz Can,Mike's Harder,12/23.5oz Can,12011 Bottle King (A) Wayne,9/24/2026,1.00,1.00
Anthony Palmisano,8632 White Claw Surge Blueberry 1/12/19.2 oz Can,White Claw,12/19.2oz Can,3005 Usa Wine Traders (Wanaque),9/24/2026,1.00,1.00
Jayson Romine,8632 White Claw Surge Blueberry 1/12/19.2 oz Can,White Claw,12/19.2oz Can,230420 Spring Street Liquors,9/24/2026,1.00,1.00
Mike Ast,8624 White Claw Surge 8% Cranberry 19.2 oz Can,White Claw,12/19.2oz Can,88005 Waldwick Wine/Spirits,9/24/2026,1.00,1.00
Jayson Romine,8585 White Claw Hard Seltzer Black Cherry 1/12/19.2 oz Can,White Claw,12/19.2oz Can,230105 ShopRite Wines & Spirits of Sparta,9/24/2026,1.00,1.00
Derrick Laws,8631 White Claw Peach 1/12/19.2 oz Can,White Claw,12/19.2oz Can,21050 Quis Queya Liquor(P),9/24/2026,1.00,1.00
Dan Lagala,8585 White Claw Hard Seltzer Black Cherry 1/12/19.2 oz Can,White Claw,12/19.2oz Can,44010 Garden State Food&Liq (P),9/24/2026,1.00,1.00
Jim Heaney,8585 White Claw Hard Seltzer Black Cherry 1/12/19.2 oz Can,White Claw,12/19.2oz Can,24002 Swizzle Stick Liq (A),9/24/2026,1.00,1.00
Dan Lagala,8586 White Claw Hard Seltzer Ruby Grapefruit 1/12/19.2 oz Can,White Claw,12/19.2oz Can,44010 Garden State Food&Liq (P),9/24/2026,1.00,1.00
Chris Payton,8592 White Claw Hard Seltzer Mango 1/12/19.2 oz Can,White Claw,12/19.2oz Can,35001 Westmont Liquors 64,9/24/2026,1.00,1.00
Matt Powierski,8624 White Claw Surge 8% Cranberry 19.2 oz Can,White Claw,12/19.2oz Can,31004 Metro Liquors (East Rutherford),9/24/2026,1.00,1.00
Jayson Romine,8624 White Claw Surge 8% Cranberry 19.2 oz Can,White Claw,12/19.2oz Can,230105 ShopRite Wines & Spirits of Sparta,9/24/2026,1.00,1.00
Chris Payton,8632 White Claw Surge Blueberry 1/12/19.2 oz Can,White Claw,12/19.2oz Can,38001 JR Sports Bar & Liquors(Z),9/24/2026,1.00,1.00
Pablo Lopez,8592 White Claw Hard Seltzer Mango 1/12/19.2 oz Can,White Claw,12/19.2oz Can,27005 #1 Liqrs (P),9/24/2026,1.00,1.00
Matt Powierski,8592 White Claw Hard Seltzer Mango 1/12/19.2 oz Can,White Claw,12/19.2oz Can,27031 Home Wine Liquor (Passaic),9/24/2026,1.00,1.00
Jayson Romine,8586 White Claw Hard Seltzer Ruby Grapefruit 1/12/19.2 oz Can,White Claw,12/19.2oz Can,230420 Spring Street Liquors,9/24/2026,1.00,1.00
Anthony Palmisano,8481 Mikes Harder Lemonade 1/12/23.5 oz Can,Mike's Harder,12/23.5oz Can,5006 Roserne Pkg Store South,9/24/2026,1.00,1.00
Matt Powierski,8586 White Claw Hard Seltzer Ruby Grapefruit 1/12/19.2 oz Can,White Claw,12/19.2oz Can,31004 Metro Liquors (East Rutherford),9/24/2026,1.00,1.00
Shane Barreca,8466 Mikes Harder Mango 1/12/23.5 oz Can,Mike's Harder,12/23.5oz Can,92011 Bottle King (A) Ramsey,9/24/2026,1.00,1.00
Anthony Palmisano,8585 White Claw Hard Seltzer Black Cherry 1/12/19.2 oz Can,White Claw,12/19.2oz Can,3005 Usa Wine Traders (Wanaque),9/24/2026,1.00,1.00
Phil Ernst,8585 White Claw Hard Seltzer Black Cherry 1/12/19.2 oz Can,White Claw,12/19.2oz Can,80026 Stew Leonard's(A) Paramus Wine,9/24/2026,1.00,1.00
Javier Melo,8624 White Claw Surge 8% Cranberry 19.2 oz Can,White Claw,12/19.2oz Can,27071 Mariana's Liquors,9/24/2026,1.00,1.00
Jayson Romine,8623 White Claw Surge 8% Blood Orange 19.2 oz Can,White Claw,12/19.2oz Can,230105 ShopRite Wines & Spirits of Sparta,9/24/2026,1.00,1.00
Anthony Palmisano,8586 White Claw Hard Seltzer Ruby Grapefruit 1/12/19.2 oz Can,White Claw,12/19.2oz Can,1023 The New Jessies Kettle(P),9/24/2026,1.00,1.00
Matt Powierski,8585 White Claw Hard Seltzer Black Cherry 1/12/19.2 oz Can,White Claw,12/19.2oz Can,27031 Home Wine Liquor (Passaic),9/24/2026,1.00,1.00
Klejdi Lamo,8623 White Claw Surge 8% Blood Orange 19.2 oz Can,White Claw,12/19.2oz Can,190907 Wharton Liquor Store,9/24/2026,1.00,1.00
Shane Barreca,8458 Mikes Harder Black Cherry 1/12/23.5 oz Can,Mike's Harder,12/23.5oz Can,92008 Ramsey Wine & Liquor,9/24/2026,1.00,1.00
Dave Ehlers,8632 White Claw Surge Blueberry 1/12/19.2 oz Can,White Claw,12/19.2oz Can,40022 Buy Rite Of Hackensack,9/24/2026,1.00,1.00
Shane Barreca,8592 White Claw Hard Seltzer Mango 1/12/19.2 oz Can,White Claw,12/19.2oz Can,60001 Bottle King (A) Dumont,9/24/2026,1.00,1.00
Dave Ehlers,8538 Cayman Jacked Strawberry Margarita 1/12/19.2 oz Can,Cayman Jack,1/12/19.2oz,40017 Essex St Liquor and Wine,9/24/2026,1.00,1.00
Dave Ehlers,8585 White Claw Hard Seltzer Black Cherry 1/12/19.2 oz Can,White Claw,12/19.2oz Can,52008 Englewood Liq (A),9/24/2026,1.00,1.00
Jim Heaney,8592 White Claw Hard Seltzer Mango 1/12/19.2 oz Can,White Claw,12/19.2oz Can,25017 Savers Club Liquor Locker,9/24/2026,1.00,1.00
Chris Payton,8586 White Claw Hard Seltzer Ruby Grapefruit 1/12/19.2 oz Can,White Claw,12/19.2oz Can,35001 Westmont Liquors 64,9/24/2026,1.00,1.00
Shane Barreca,8481 Mikes Harder Lemonade 1/12/23.5 oz Can,Mike's Harder,12/23.5oz Can,92008 Ramsey Wine & Liquor,9/24/2026,1.00,1.00
Jayson Romine,8585 White Claw Hard Seltzer Black Cherry 1/12/19.2 oz Can,White Claw,12/19.2oz Can,191408 Super Saver Liq,9/24/2026,1.00,1.00
Jim Heaney,8631 White Claw Peach 1/12/19.2 oz Can,White Claw,12/19.2oz Can,24002 Swizzle Stick Liq (A),9/24/2026,1.00,1.00
Dave Ehlers,8586 White Claw Hard Seltzer Ruby Grapefruit 1/12/19.2 oz Can,White Claw,12/19.2oz Can,40022 Buy Rite Of Hackensack,9/24/2026,1.00,1.00
Klejdi Lamo,8624 White Claw Surge 8% Cranberry 19.2 oz Can,White Claw,12/19.2oz Can,190907 Wharton Liquor Store,9/24/2026,1.00,1.00
Phil Ernst,8592 White Claw Hard Seltzer Mango 1/12/19.2 oz Can,White Claw,12/19.2oz Can,20106 Super Wine Warehse(P)Pate,9/24/2026,1.00,1.00
Mike Ast,8632 White Claw Surge Blueberry 1/12/19.2 oz Can,White Claw,12/19.2oz Can,88005 Waldwick Wine/Spirits,9/24/2026,1.00,1.00
Shane Barreca,8585 White Claw Hard Seltzer Black Cherry 1/12/19.2 oz Can,White Claw,12/19.2oz Can,92008 Ramsey Wine & Liquor,9/24/2026,1.00,1.00
Mike Ast,8585 White Claw Hard Seltzer Black Cherry 1/12/19.2 oz Can,White Claw,12/19.2oz Can,88005 Waldwick Wine/Spirits,9/24/2026,1.00,1.00
Pablo Lopez,8585 White Claw Hard Seltzer Black Cherry 1/12/19.2 oz Can,White Claw,12/19.2oz Can,27005 #1 Liqrs (P),9/24/2026,1.00,1.00
Shane Barreca,8631 White Claw Peach 1/12/19.2 oz Can,White Claw,12/19.2oz Can,92008 Ramsey Wine & Liquor,9/24/2026,1.00,1.00
Michael Harboy,8481 Mikes Harder Lemonade 1/12/23.5 oz Can,Mike's Harder,12/23.5oz Can,11014 Wayne Liquor Locker,9/24/2026,1.00,1.00
Jayson Romine,8623 White Claw Surge 8% Blood Orange 19.2 oz Can,White Claw,12/19.2oz Can,191408 Super Saver Liq,9/24/2026,1.00,1.00
Chris Payton,8585 White Claw Hard Seltzer Black Cherry 1/12/19.2 oz Can,White Claw,12/19.2oz Can,38001 JR Sports Bar & Liquors(Z),9/24/2026,1.00,1.00
Mike Ast,8624 White Claw Surge 8% Cranberry 19.2 oz Can,White Claw,12/19.2oz Can,12011 Bottle King (A) Wayne,9/24/2026,1.00,1.00
Mike Ast,8586 White Claw Hard Seltzer Ruby Grapefruit 1/12/19.2 oz Can,White Claw,12/19.2oz Can,12011 Bottle King (A) Wayne,9/24/2026,1.00,1.00
Jim Heaney,8585 White Claw Hard Seltzer Black Cherry 1/12/19.2 oz Can,White Claw,12/19.2oz Can,24012 Dante's Liquor & Wine,9/24/2026,1.00,1.00
Shane Barreca,8632 White Claw Surge Blueberry 1/12/19.2 oz Can,White Claw,12/19.2oz Can,92008 Ramsey Wine & Liquor,9/24/2026,1.00,1.00
Klejdi Lamo,8623 White Claw Surge 8% Blood Orange 19.2 oz Can,White Claw,12/19.2oz Can,190802 Sam's Liq Wine (P),9/24/2026,1.00,1.00
Anthony Palmisano,8585 White Claw Hard Seltzer Black Cherry 1/12/19.2 oz Can,White Claw,12/19.2oz Can,1015 Greenwood Lake Disc.(P),9/24/2026,1.00,1.00
Jim Heaney,8481 Mikes Harder Lemonade 1/12/23.5 oz Can,Mike's Harder,12/23.5oz Can,24005 Henry's Liquors,9/24/2026,1.00,1.00
Jayson Romine,8623 White Claw Surge 8% Blood Orange 19.2 oz Can,White Claw,12/19.2oz Can,230420 Spring Street Liquors,9/24/2026,1.00,1.00
Matt Powierski,8631 White Claw Peach 1/12/19.2 oz Can,White Claw,12/19.2oz Can,27031 Home Wine Liquor (Passaic),9/24/2026,1.00,1.00
Jayson Romine,8409 Mikes Harder Pink Lemonade 1/12/23.5 oz Can,Mike's Harder,12/23.5oz Can,230420 Spring Street Liquors,9/24/2026,1.00,1.00
Matt Powierski,8632 White Claw Surge Blueberry 1/12/19.2 oz Can,White Claw,12/19.2oz Can,27031 Home Wine Liquor (Passaic),9/24/2026,1.00,1.00
Klejdi Lamo,8592 White Claw Hard Seltzer Mango 1/12/19.2 oz Can,White Claw,12/19.2oz Can,190913 Main Street Liquor,9/24/2026,1.00,1.00
Mike Ast,8592 White Claw Hard Seltzer Mango 1/12/19.2 oz Can,White Claw,12/19.2oz Can,88005 Waldwick Wine/Spirits,9/24/2026,1.00,1.00
Matt Powierski,8631 White Claw Peach 1/12/19.2 oz Can,White Claw,12/19.2oz Can,37002 Garfield Bar & Liq (P),9/24/2026,1.00,1.00
Shane Barreca,8623 White Claw Surge 8% Blood Orange 19.2 oz Can,White Claw,12/19.2oz Can,73003 Bottle King (A) Hillsdale,9/24/2026,1.00,1.00
Shane Barreca,8481 Mikes Harder Lemonade 1/12/23.5 oz Can,Mike's Harder,12/23.5oz Can,92011 Bottle King (A) Ramsey,9/24/2026,1.00,1.00
Matt Powierski,8585 White Claw Hard Seltzer Black Cherry 1/12/19.2 oz Can,White Claw,12/19.2oz Can,31004 Metro Liquors (East Rutherford),9/24/2026,1.00,1.00
Klejdi Lamo,8592 White Claw Hard Seltzer Mango 1/12/19.2 oz Can,White Claw,12/19.2oz Can,191710 Shop Rite Wine & Spirits Stanhope,9/23/2026,1.00,1.00
Dave Ehlers,8631 White Claw Peach 1/12/19.2 oz Can,White Claw,12/19.2oz Can,56008 Bergenfield Liq & Fw,9/23/2026,1.00,1.00
Javier Melo,8537 Cayman Jacked Margarita 1/12/19.2 oz Can,Cayman Jack,1/12/19.2oz,27046 New Eagle Liquors,9/23/2026,1.00,1.00
Jayson Romine,8586 White Claw Hard Seltzer Ruby Grapefruit 1/12/19.2 oz Can,White Claw,12/19.2oz Can,230121 White Deer Inn,9/23/2026,1.00,1.00
Klejdi Lamo,8585 White Claw Hard Seltzer Black Cherry 1/12/19.2 oz Can,White Claw,12/19.2oz Can,190207 Liquor Outlet,9/23/2026,1.00,1.00
Dave Ehlers,8592 White Claw Hard Seltzer Mango 1/12/19.2 oz Can,White Claw,12/19.2oz Can,39012 Wine And Liq Depot(A),9/23/2026,1.00,1.00
Anthony Palmisano,8585 White Claw Hard Seltzer Black Cherry 1/12/19.2 oz Can,White Claw,12/19.2oz Can,1028 J & S Roadhouse,9/23/2026,1.00,1.00
Dave Ehlers,8623 White Claw Surge 8% Blood Orange 19.2 oz Can,White Claw,12/19.2oz Can,56008 Bergenfield Liq & Fw,9/23/2026,1.00,1.00
Mike Ast,8632 White Claw Surge Blueberry 1/12/19.2 oz Can,White Claw,12/19.2oz Can,95004 Franklin Lake Liq,9/23/2026,1.00,1.00
Shane Barreca,8623 White Claw Surge 8% Blood Orange 19.2 oz Can,White Claw,12/19.2oz Can,59004 Royal Wine & Spirits II,9/23/2026,1.00,1.00
Pablo Lopez,8585 White Claw Hard Seltzer Black Cherry 1/12/19.2 oz Can,White Claw,12/19.2oz Can,27021 Johnny's Liqs (P),9/23/2026,1.00,1.00
Dave Ehlers,8586 White Claw Hard Seltzer Ruby Grapefruit 1/12/19.2 oz Can,White Claw,12/19.2oz Can,56008 Bergenfield Liq & Fw,9/23/2026,1.00,1.00
Shane Barreca,8624 White Claw Surge 8% Cranberry 19.2 oz Can,White Claw,12/19.2oz Can,59003 Oradell Mini Mart(P),9/23/2026,1.00,1.00
Javier Melo,8538 Cayman Jacked Strawberry Margarita 1/12/19.2 oz Can,Cayman Jack,1/12/19.2oz,27046 New Eagle Liquors,9/23/2026,1.00,1.00
Matt Powierski,8586 White Claw Hard Seltzer Ruby Grapefruit 1/12/19.2 oz Can,White Claw,12/19.2oz Can,31033 Capri Deli&Liq (P),9/23/2026,1.00,1.00
Jim Heaney,8537 Cayman Jacked Margarita 1/12/19.2 oz Can,Cayman Jack,1/12/19.2oz,29013 Lyndhurst Liquors (P),9/23/2026,1.00,1.00
Jayson Romine,8481 Mikes Harder Lemonade 1/12/23.5 oz Can,Mike's Harder,12/23.5oz Can,231315 Woody's Liq Shop (A),9/23/2026,1.00,1.00
Dave Ehlers,8638 White Claw Surge Grape 1/12/19.2oz Can,White Claw,12/19.2oz Can,56008 Bergenfield Liq & Fw,9/23/2026,1.00,1.00
Klejdi Lamo,8409 Mikes Harder Pink Lemonade 1/12/23.5 oz Can,Mike's Harder,12/23.5oz Can,191518 3 IN 1 LIQUORS INC,9/23/2026,1.00,1.00
Chris Payton,8481 Mikes Harder Lemonade 1/12/23.5 oz Can,Mike's Harder,12/23.5oz Can,38008 Shop Rite Liq.(A)Lodi,9/23/2026,1.00,1.00
Klejdi Lamo,8638 White Claw Surge Grape 1/12/19.2oz Can,White Claw,12/19.2oz Can,191608 Shop-Rite(A) Netcong,9/23/2026,1.00,1.00
Jayson Romine,8592 White Claw Hard Seltzer Mango 1/12/19.2 oz Can,White Claw,12/19.2oz Can,231215 Mac & Lindy's W & S (A),9/23/2026,1.00,1.00
Klejdi Lamo,8623 White Claw Surge 8% Blood Orange 19.2 oz Can,White Claw,12/19.2oz Can,191608 Shop-Rite(A) Netcong,9/23/2026,1.00,1.00
Jim Heaney,8638 White Claw Surge Grape 1/12/19.2oz Can,White Claw,12/19.2oz Can,29013 Lyndhurst Liquors (P),9/23/2026,1.00,1.00
Jayson Romine,8592 White Claw Hard Seltzer Mango 1/12/19.2 oz Can,White Claw,12/19.2oz Can,231315 Woody's Liq Shop (A),9/23/2026,1.00,1.00
Jayson Romine,8585 White Claw Hard Seltzer Black Cherry 1/12/19.2 oz Can,White Claw,12/19.2oz Can,231215 Mac & Lindy's W & S (A),9/23/2026,1.00,1.00
Klejdi Lamo,8632 White Claw Surge Blueberry 1/12/19.2 oz Can,White Claw,12/19.2oz Can,190705 Rockaway W/L,9/23/2026,1.00,1.00
Klejdi Lamo,8458 Mikes Harder Black Cherry 1/12/23.5 oz Can,Mike's Harder,12/23.5oz Can,191518 3 IN 1 LIQUORS INC,9/23/2026,1.00,1.00
Dave Ehlers,8638 White Claw Surge Grape 1/12/19.2oz Can,White Claw,12/19.2oz Can,40001 Bottle & Cork,9/23/2026,1.00,1.00
Jayson Romine,8585 White Claw Hard Seltzer Black Cherry 1/12/19.2 oz Can,White Claw,12/19.2oz Can,231315 Woody's Liq Shop (A),9/23/2026,1.00,1.00
Pablo Lopez,8592 White Claw Hard Seltzer Mango 1/12/19.2 oz Can,White Claw,12/19.2oz Can,27021 Johnny's Liqs (P),9/23/2026,1.00,1.00
Dave Ehlers,8481 Mikes Harder Lemonade 1/12/23.5 oz Can,Mike's Harder,12/23.5oz Can,39012 Wine And Liq Depot(A),9/23/2026,1.00,1.00
Klejdi Lamo,8624 White Claw Surge 8% Cranberry 19.2 oz Can,White Claw,12/19.2oz Can,190207 Liquor Outlet,9/23/2026,1.00,1.00
Jim Heaney,8538 Cayman Jacked Strawberry Margarita 1/12/19.2 oz Can,Cayman Jack,1/12/19.2oz,29013 Lyndhurst Liquors (P),9/23/2026,1.00,1.00
Jayson Romine,8466 Mikes Harder Mango 1/12/23.5 oz Can,Mike's Harder,12/23.5oz Can,231215 Mac & Lindy's W & S (A),9/23/2026,1.00,1.00
Dave Ehlers,8409 Mikes Harder Pink Lemonade 1/12/23.5 oz Can,Mike's Harder,12/23.5oz Can,57003 Joes Beer Wine & Spirits,9/23/2026,1.00,1.00
Dave Ehlers,8632 White Claw Surge Blueberry 1/12/19.2 oz Can,White Claw,12/19.2oz Can,40001 Bottle & Cork,9/23/2026,1.00,1.00
Jim Heaney,8585 White Claw Hard Seltzer Black Cherry 1/12/19.2 oz Can,White Claw,12/19.2oz Can,30006 Forest Dairy (A),9/23/2026,1.00,1.00
Matt Powierski,8586 White Claw Hard Seltzer Ruby Grapefruit 1/12/19.2 oz Can,White Claw,12/19.2oz Can,77007 Wine Land,9/23/2026,1.00,1.00
Dan Lagala,8585 White Claw Hard Seltzer Black Cherry 1/12/19.2 oz Can,White Claw,12/19.2oz Can,46013 Boulevard Food And Liquor,9/23/2026,1.00,1.00
Jayson Romine,8623 White Claw Surge 8% Blood Orange 19.2 oz Can,White Claw,12/19.2oz Can,231315 Woody's Liq Shop (A),9/23/2026,1.00,1.00
Matt Powierski,8631 White Claw Peach 1/12/19.2 oz Can,White Claw,12/19.2oz Can,77007 Wine Land,9/23/2026,1.00,1.00
Jayson Romine,8480 Mikes Harder Cranberry 1/12/23.5 oz Can,Mike's Harder,12/23.5oz Can,231215 Mac & Lindy's W & S (A),9/23/2026,1.00,1.00
Dave Ehlers,8458 Mikes Harder Black Cherry 1/12/23.5 oz Can,Mike's Harder,12/23.5oz Can,56008 Bergenfield Liq & Fw,9/23/2026,1.00,1.00
Mike Ast,8623 White Claw Surge 8% Blood Orange 19.2 oz Can,White Claw,12/19.2oz Can,95004 Franklin Lake Liq,9/23/2026,1.00,1.00
Dave Ehlers,8538 Cayman Jacked Strawberry Margarita 1/12/19.2 oz Can,Cayman Jack,1/12/19.2oz,40001 Bottle & Cork,9/23/2026,1.00,1.00
Klejdi Lamo,8592 White Claw Hard Seltzer Mango 1/12/19.2 oz Can,White Claw,12/19.2oz Can,190207 Liquor Outlet,9/23/2026,1.00,1.00
Phil Ernst,8586 White Claw Hard Seltzer Ruby Grapefruit 1/12/19.2 oz Can,White Claw,12/19.2oz Can,50002 Lushka Liquors,9/23/2026,1.00,1.00
Klejdi Lamo,8592 White Claw Hard Seltzer Mango 1/12/19.2 oz Can,White Claw,12/19.2oz Can,191608 Shop-Rite(A) Netcong,9/23/2026,1.00,1.00
Jim Heaney,8592 White Claw Hard Seltzer Mango 1/12/19.2 oz Can,White Claw,12/19.2oz Can,24017 Rainbow Liquor (P),9/23/2026,1.00,1.00
Derrick Laws,8624 White Claw Surge 8% Cranberry 19.2 oz Can,White Claw,12/19.2oz Can,13001 Shop Rite Liq (A)Littlefl,9/23/2026,1.00,1.00
Jayson Romine,8458 Mikes Harder Black Cherry 1/12/23.5 oz Can,Mike's Harder,12/23.5oz Can,231215 Mac & Lindy's W & S (A),9/23/2026,1.00,1.00
Klejdi Lamo,8585 White Claw Hard Seltzer Black Cherry 1/12/19.2 oz Can,White Claw,12/19.2oz Can,191608 Shop-Rite(A) Netcong,9/23/2026,1.00,1.00
Jayson Romine,8632 White Claw Surge Blueberry 1/12/19.2 oz Can,White Claw,12/19.2oz Can,231215 Mac & Lindy's W & S (A),9/23/2026,1.00,1.00
Jim Heaney,8586 White Claw Hard Seltzer Ruby Grapefruit 1/12/19.2 oz Can,White Claw,12/19.2oz Can,30006 Forest Dairy (A),9/23/2026,1.00,1.00
Dave Ehlers,8409 Mikes Harder Pink Lemonade 1/12/23.5 oz Can,Mike's Harder,12/23.5oz Can,56008 Bergenfield Liq & Fw,9/23/2026,1.00,1.00
Mike Ast,8586 White Claw Hard Seltzer Ruby Grapefruit 1/12/19.2 oz Can,White Claw,12/19.2oz Can,95004 Franklin Lake Liq,9/23/2026,1.00,1.00
Derrick Laws,8623 White Claw Surge 8% Blood Orange 19.2 oz Can,White Claw,12/19.2oz Can,13001 Shop Rite Liq (A)Littlefl,9/23/2026,1.00,1.00
Javier Melo,8537 Cayman Jacked Margarita 1/12/19.2 oz Can,Cayman Jack,1/12/19.2oz,21054 C & S Lucky Liquors (P),9/23/2026,1.00,1.00
Jim Heaney,8537 Cayman Jacked Margarita 1/12/19.2 oz Can,Cayman Jack,1/12/19.2oz,24017 Rainbow Liquor (P),9/23/2026,1.00,1.00
Klejdi Lamo,8631 White Claw Peach 1/12/19.2 oz Can,White Claw,12/19.2oz Can,190304 Shoppers Disc Liquor,9/23/2026,1.00,1.00
Klejdi Lamo,8585 White Claw Hard Seltzer Black Cherry 1/12/19.2 oz Can,White Claw,12/19.2oz Can,191606 Quick Check Liquor (A),9/23/2026,1.00,1.00
Jim Heaney,8624 White Claw Surge 8% Cranberry 19.2 oz Can,White Claw,12/19.2oz Can,30006 Forest Dairy (A),9/23/2026,1.00,1.00
Jayson Romine,8623 White Claw Surge 8% Blood Orange 19.2 oz Can,White Claw,12/19.2oz Can,230911 The Right Bottle,9/23/2026,1.00,1.00
Shane Barreca,8585 White Claw Hard Seltzer Black Cherry 1/12/19.2 oz Can,White Claw,12/19.2oz Can,59003 Oradell Mini Mart(P),9/23/2026,1.00,1.00
Klejdi Lamo,8623 White Claw Surge 8% Blood Orange 19.2 oz Can,White Claw,12/19.2oz Can,191710 Shop Rite Wine & Spirits Stanhope,9/23/2026,1.00,1.00
Jayson Romine,8409 Mikes Harder Pink Lemonade 1/12/23.5 oz Can,Mike's Harder,12/23.5oz Can,231315 Woody's Liq Shop (A),9/23/2026,1.00,1.00
Klejdi Lamo,8481 Mikes Harder Lemonade 1/12/23.5 oz Can,Mike's Harder,12/23.5oz Can,191518 3 IN 1 LIQUORS INC,9/23/2026,1.00,1.00
Klejdi Lamo,8458 Mikes Harder Black Cherry 1/12/23.5 oz Can,Mike's Harder,12/23.5oz Can,191710 Shop Rite Wine & Spirits Stanhope,9/23/2026,1.00,1.00
Dave Ehlers,8537 Cayman Jacked Margarita 1/12/19.2 oz Can,Cayman Jack,1/12/19.2oz,40001 Bottle & Cork,9/23/2026,1.00,1.00
Derrick Laws,8585 White Claw Hard Seltzer Black Cherry 1/12/19.2 oz Can,White Claw,12/19.2oz Can,13001 Shop Rite Liq (A)Littlefl,9/23/2026,1.00,1.00
Klejdi Lamo,8638 White Claw Surge Grape 1/12/19.2oz Can,White Claw,12/19.2oz Can,191606 Quick Check Liquor (A),9/23/2026,1.00,1.00
Dave Ehlers,8480 Mikes Harder Cranberry 1/12/23.5 oz Can,Mike's Harder,12/23.5oz Can,39012 Wine And Liq Depot(A),9/23/2026,1.00,1.00
Dave Ehlers,8481 Mikes Harder Lemonade 1/12/23.5 oz Can,Mike's Harder,12/23.5oz Can,57003 Joes Beer Wine & Spirits,9/23/2026,1.00,1.00
Jayson Romine,8585 White Claw Hard Seltzer Black Cherry 1/12/19.2 oz Can,White Claw,12/19.2oz Can,230911 The Right Bottle,9/23/2026,1.00,1.00
Jayson Romine,8585 White Claw Hard Seltzer Black Cherry 1/12/19.2 oz Can,White Claw,12/19.2oz Can,230121 White Deer Inn,9/23/2026,1.00,1.00
Jim Heaney,8538 Cayman Jacked Strawberry Margarita 1/12/19.2 oz Can,Cayman Jack,1/12/19.2oz,24017 Rainbow Liquor (P),9/23/2026,1.00,1.00
Shane Barreca,8585 White Claw Hard Seltzer Black Cherry 1/12/19.2 oz Can,White Claw,12/19.2oz Can,59004 Royal Wine & Spirits II,9/23/2026,1.00,1.00
Matt Powierski,8585 White Claw Hard Seltzer Black Cherry 1/12/19.2 oz Can,White Claw,12/19.2oz Can,31033 Capri Deli&Liq (P),9/23/2026,1.00,1.00
Phil Ernst,8631 White Claw Peach 1/12/19.2 oz Can,White Claw,12/19.2oz Can,50002 Lushka Liquors,9/23/2026,1.00,1.00
Jayson Romine,8586 White Claw Hard Seltzer Ruby Grapefruit 1/12/19.2 oz Can,White Claw,12/19.2oz Can,230911 The Right Bottle,9/23/2026,1.00,1.00
Jayson Romine,8460 Mikes Harder Strawberry Pineapple 1/12/23.5 oz Can,Mike's Harder,12/23.5oz Can,231215 Mac & Lindy's W & S (A),9/23/2026,1.00,1.00
Dave Ehlers,8409 Mikes Harder Pink Lemonade 1/12/23.5 oz Can,Mike's Harder,12/23.5oz Can,40001 Bottle & Cork,9/23/2026,1.00,1.00
Phil Ernst,8585 White Claw Hard Seltzer Black Cherry 1/12/19.2 oz Can,White Claw,12/19.2oz Can,50002 Lushka Liquors,9/23/2026,1.00,1.00
Klejdi Lamo,8592 White Claw Hard Seltzer Mango 1/12/19.2 oz Can,White Claw,12/19.2oz Can,191606 Quick Check Liquor (A),9/23/2026,1.00,1.00
Klejdi Lamo,8480 Mikes Harder Cranberry 1/12/23.5 oz Can,Mike's Harder,12/23.5oz Can,191710 Shop Rite Wine & Spirits Stanhope,9/23/2026,1.00,1.00
Derrick Laws,8631 White Claw Peach 1/12/19.2 oz Can,White Claw,12/19.2oz Can,13001 Shop Rite Liq (A)Littlefl,9/23/2026,1.00,1.00
Javier Melo,8538 Cayman Jacked Strawberry Margarita 1/12/19.2 oz Can,Cayman Jack,1/12/19.2oz,21054 C & S Lucky Liquors (P),9/23/2026,1.00,1.00
Klejdi Lamo,8586 White Claw Hard Seltzer Ruby Grapefruit 1/12/19.2 oz Can,White Claw,12/19.2oz Can,190207 Liquor Outlet,9/23/2026,1.00,1.00
Klejdi Lamo,8460 Mikes Harder Strawberry Pineapple 1/12/23.5 oz Can,Mike's Harder,12/23.5oz Can,191518 3 IN 1 LIQUORS INC,9/23/2026,1.00,1.00
Dave Ehlers,8623 White Claw Surge 8% Blood Orange 19.2 oz Can,White Claw,12/19.2oz Can,40001 Bottle & Cork,9/23/2026,1.00,1.00
Dave Ehlers,8624 White Claw Surge 8% Cranberry 19.2 oz Can,White Claw,12/19.2oz Can,40001 Bottle & Cork,9/23/2026,1.00,1.00
Klejdi Lamo,8623 White Claw Surge 8% Blood Orange 19.2 oz Can,White Claw,12/19.2oz Can,190304 Shoppers Disc Liquor,9/23/2026,1.00,1.00
Pablo Lopez,8481 Mikes Harder Lemonade 1/12/23.5 oz Can,Mike's Harder,12/23.5oz Can,27021 Johnny's Liqs (P),9/23/2026,1.00,1.00
Chris Payton,8538 Cayman Jacked Strawberry Margarita 1/12/19.2 oz Can,Cayman Jack,1/12/19.2oz,25045 Clifton Disc Liq (A),9/22/2026,1.00,1.00
Phil Ernst,8585 White Claw Hard Seltzer Black Cherry 1/12/19.2 oz Can,White Claw,12/19.2oz Can,76006 Wine Country Of Saddle Brook (A),9/22/2026,1.00,1.00
Dave Ehlers,8481 Mikes Harder Lemonade 1/12/23.5 oz Can,Mike's Harder,12/23.5oz Can,57001 Barrel & Brew Bar & Liq,9/22/2026,1.00,1.00
Jayson Romine,8466 Mikes Harder Mango 1/12/23.5 oz Can,Mike's Harder,12/23.5oz Can,191302 Liquor Factory I Landing,9/22/2026,1.00,1.00
Matt Powierski,8592 White Claw Hard Seltzer Mango 1/12/19.2 oz Can,White Claw,12/19.2oz Can,32014 Wine Liquor Shop,9/22/2026,1.00,1.00
Jim Heaney,8592 White Claw Hard Seltzer Mango 1/12/19.2 oz Can,White Claw,12/19.2oz Can,13017 On The Rocks,9/22/2026,1.00,1.00
Jayson Romine,8458 Mikes Harder Black Cherry 1/12/23.5 oz Can,Mike's Harder,12/23.5oz Can,230431 Seplow's Liquors,9/22/2026,1.00,1.00
Chris Payton,8585 White Claw Hard Seltzer Black Cherry 1/12/19.2 oz Can,White Claw,12/19.2oz Can,38021 Buy Rite Of Main St Lodi,9/22/2026,1.00,1.00
Anthony Palmisano,8624 White Claw Surge 8% Cranberry 19.2 oz Can,White Claw,12/19.2oz Can,1031 Highland Wine&Liquor Inc,9/22/2026,1.00,1.00
Matt Powierski,8592 White Claw Hard Seltzer Mango 1/12/19.2 oz Can,White Claw,12/19.2oz Can,32016 Cobblestone Hill Deli,9/22/2026,1.00,1.00
Dan Lagala,8624 White Claw Surge 8% Cranberry 19.2 oz Can,White Claw,12/19.2oz Can,49055 Edgewater Liquor (A),9/22/2026,1.00,1.00
Michael Harboy,8638 White Claw Surge Grape 1/12/19.2oz Can,White Claw,12/19.2oz Can,11005 Wolfson Market,9/22/2026,1.00,1.00
Matt Powierski,8585 White Claw Hard Seltzer Black Cherry 1/12/19.2 oz Can,White Claw,12/19.2oz Can,32016 Cobblestone Hill Deli,9/22/2026,1.00,1.00
Michael Harboy,8585 White Claw Hard Seltzer Black Cherry 1/12/19.2 oz Can,White Claw,12/19.2oz Can,11005 Wolfson Market,9/22/2026,1.00,1.00
Matt Powierski,8592 White Claw Hard Seltzer Mango 1/12/19.2 oz Can,White Claw,12/19.2oz Can,33002 Moonachie Liquors,9/22/2026,1.00,1.00
Dave Ehlers,8585 White Claw Hard Seltzer Black Cherry 1/12/19.2 oz Can,White Claw,12/19.2oz Can,40010 Hackensack Liquors,9/22/2026,1.00,1.00
Matt Powierski,8592 White Claw Hard Seltzer Mango 1/12/19.2 oz Can,White Claw,12/19.2oz Can,77022 All Star Wine & Liquor,9/22/2026,1.00,1.00
Dave Ehlers,8585 White Claw Hard Seltzer Black Cherry 1/12/19.2 oz Can,White Claw,12/19.2oz Can,41012 Deli Mart (A),9/22/2026,1.00,1.00
Klejdi Lamo,8585 White Claw Hard Seltzer Black Cherry 1/12/19.2 oz Can,White Claw,12/19.2oz Can,190804 Midtown Liq,9/22/2026,1.00,1.00
Jayson Romine,8481 Mikes Harder Lemonade 1/12/23.5 oz Can,Mike's Harder,12/23.5oz Can,230920 Hamburg Liquor,9/22/2026,1.00,1.00
Jim Heaney,8592 White Claw Hard Seltzer Mango 1/12/19.2 oz Can,White Claw,12/19.2oz Can,24009 Quik Stop Conv(Z),9/22/2026,1.00,1.00
Jayson Romine,8480 Mikes Harder Cranberry 1/12/23.5 oz Can,Mike's Harder,12/23.5oz Can,230431 Seplow's Liquors,9/22/2026,1.00,1.00
Chris Payton,8624 White Claw Surge 8% Cranberry 19.2 oz Can,White Claw,12/19.2oz Can,38021 Buy Rite Of Main St Lodi,9/22/2026,1.00,1.00
Shane Barreca,8586 White Claw Hard Seltzer Ruby Grapefruit 1/12/19.2 oz Can,White Claw,12/19.2oz Can,70001 Montvale Wine/Liq & Beer,9/22/2026,1.00,1.00
Dan Lagala,8638 White Claw Surge Grape 1/12/19.2oz Can,White Claw,12/19.2oz Can,49055 Edgewater Liquor (A),9/22/2026,1.00,1.00
Jim Heaney,8592 White Claw Hard Seltzer Mango 1/12/19.2 oz Can,White Claw,12/19.2oz Can,25032 Liquor Mart 46,9/22/2026,1.00,1.00
Shane Barreca,8585 White Claw Hard Seltzer Black Cherry 1/12/19.2 oz Can,White Claw,12/19.2oz Can,67005 Shoprite Liq (A)Northvle,9/22/2026,1.00,1.00
Dan Lagala,8624 White Claw Surge 8% Cranberry 19.2 oz Can,White Claw,12/19.2oz Can,43013 Buy Rite Of Fairview,9/22/2026,1.00,1.00
Dave Ehlers,8638 White Claw Surge Grape 1/12/19.2oz Can,White Claw,12/19.2oz Can,41012 Deli Mart (A),9/22/2026,1.00,1.00
Mike Ast,8466 Mikes Harder Mango 1/12/23.5 oz Can,Mike's Harder,12/23.5oz Can,17010 Frank's Fine Wine & Foods,9/22/2026,1.00,1.00
Chris Payton,8592 White Claw Hard Seltzer Mango 1/12/19.2 oz Can,White Claw,12/19.2oz Can,80025 Paramus Food Center,9/22/2026,1.00,1.00
Dave Ehlers,8586 White Claw Hard Seltzer Ruby Grapefruit 1/12/19.2 oz Can,White Claw,12/19.2oz Can,41012 Deli Mart (A),9/22/2026,1.00,1.00
Phil Ernst,8624 White Claw Surge 8% Cranberry 19.2 oz Can,White Claw,12/19.2oz Can,25010 Stew Leonard's Wines & Spirits of Clifton,9/22/2026,1.00,1.00
Jayson Romine,8586 White Claw Hard Seltzer Ruby Grapefruit 1/12/19.2 oz Can,White Claw,12/19.2oz Can,"230440 Brix - Wine, Spirits, Beer (Fredon)",9/22/2026,1.00,1.00
Dan Lagala,8632 White Claw Surge Blueberry 1/12/19.2 oz Can,White Claw,12/19.2oz Can,49055 Edgewater Liquor (A),9/22/2026,1.00,1.00
Michael Harboy,8586 White Claw Hard Seltzer Ruby Grapefruit 1/12/19.2 oz Can,White Claw,12/19.2oz Can,12005 Shay's Liquors,9/22/2026,1.00,1.00
Shane Barreca,8592 White Claw Hard Seltzer Mango 1/12/19.2 oz Can,White Claw,12/19.2oz Can,70001 Montvale Wine/Liq & Beer,9/22/2026,1.00,1.00
Matt Powierski,8586 White Claw Hard Seltzer Ruby Grapefruit 1/12/19.2 oz Can,White Claw,12/19.2oz Can,77022 All Star Wine & Liquor,9/22/2026,1.00,1.00
Phil Ernst,8624 White Claw Surge 8% Cranberry 19.2 oz Can,White Claw,12/19.2oz Can,29004 Shop-Rite Liq Lyndhurst,9/22/2026,1.00,1.00
Shane Barreca,8631 White Claw Peach 1/12/19.2 oz Can,White Claw,12/19.2oz Can,74005 Winemart Discount,9/22/2026,1.00,1.00
Shane Barreca,8585 White Claw Hard Seltzer Black Cherry 1/12/19.2 oz Can,White Claw,12/19.2oz Can,73008 Shop Rite Liq (A)Hillsdal,9/22/2026,1.00,1.00
Anthony Palmisano,8632 White Claw Surge Blueberry 1/12/19.2 oz Can,White Claw,12/19.2oz Can,1031 Highland Wine&Liquor Inc,9/22/2026,1.00,1.00
Mike Ast,8585 White Claw Hard Seltzer Black Cherry 1/12/19.2 oz Can,White Claw,12/19.2oz Can,93006 Mahwah Wine & Liquor (A),9/22/2026,1.00,1.00
Anthony Palmisano,8592 White Claw Hard Seltzer Mango 1/12/19.2 oz Can,White Claw,12/19.2oz Can,5006 Roserne Pkg Store South,9/22/2026,1.00,1.00
Shane Barreca,8592 White Claw Hard Seltzer Mango 1/12/19.2 oz Can,White Claw,12/19.2oz Can,74005 Winemart Discount,9/22/2026,1.00,1.00
Anthony Palmisano,8458 Mikes Harder Black Cherry 1/12/23.5 oz Can,Mike's Harder,12/23.5oz Can,8007 Krauszer's Liquor Wine and Spirits,9/22/2026,1.00,1.00
Jayson Romine,8585 White Claw Hard Seltzer Black Cherry 1/12/19.2 oz Can,White Claw,12/19.2oz Can,231203 The George Inn,9/22/2026,1.00,1.00
Klejdi Lamo,8538 Cayman Jacked Strawberry Margarita 1/12/19.2 oz Can,Cayman Jack,1/12/19.2oz,191713 Stanhope Liquors,9/22/2026,1.00,1.00
Anthony Palmisano,8623 White Claw Surge 8% Blood Orange 19.2 oz Can,White Claw,12/19.2oz Can,5006 Roserne Pkg Store South,9/22/2026,1.00,1.00
Matt Powierski,8585 White Claw Hard Seltzer Black Cherry 1/12/19.2 oz Can,White Claw,12/19.2oz Can,33002 Moonachie Liquors,9/22/2026,1.00,1.00
Mike Ast,8480 Mikes Harder Cranberry 1/12/23.5 oz Can,Mike's Harder,12/23.5oz Can,17010 Frank's Fine Wine & Foods,9/22/2026,1.00,1.00
Dan Lagala,8592 White Claw Hard Seltzer Mango 1/12/19.2 oz Can,White Claw,12/19.2oz Can,49055 Edgewater Liquor (A),9/22/2026,1.00,1.00
Anthony Palmisano,8623 White Claw Surge 8% Blood Orange 19.2 oz Can,White Claw,12/19.2oz Can,5001 River Place Food Store,9/22/2026,1.00,1.00
Chris Payton,8592 White Claw Hard Seltzer Mango 1/12/19.2 oz Can,White Claw,12/19.2oz Can,35002 Woodridge Wines & Liq(A),9/22/2026,1.00,1.00
Matt Powierski,8623 White Claw Surge 8% Blood Orange 19.2 oz Can,White Claw,12/19.2oz Can,32016 Cobblestone Hill Deli,9/22/2026,1.00,1.00
Phil Ernst,8631 White Claw Peach 1/12/19.2 oz Can,White Claw,12/19.2oz Can,76006 Wine Country Of Saddle Brook (A),9/22/2026,1.00,1.00
Shane Barreca,8585 White Claw Hard Seltzer Black Cherry 1/12/19.2 oz Can,White Claw,12/19.2oz Can,75002 Shop Rite Liq (A)Emerson,9/22/2026,1.00,1.00
Dave Ehlers,8585 White Claw Hard Seltzer Black Cherry 1/12/19.2 oz Can,White Claw,12/19.2oz Can,57001 Barrel & Brew Bar & Liq,9/22/2026,1.00,1.00
Chris Payton,8632 White Claw Surge Blueberry 1/12/19.2 oz Can,White Claw,12/19.2oz Can,38021 Buy Rite Of Main St Lodi,9/22/2026,1.00,1.00
Matt Powierski,8624 White Claw Surge 8% Cranberry 19.2 oz Can,White Claw,12/19.2oz Can,32016 Cobblestone Hill Deli,9/22/2026,1.00,1.00
Shane Barreca,8623 White Claw Surge 8% Blood Orange 19.2 oz Can,White Claw,12/19.2oz Can,67005 Shoprite Liq (A)Northvle,9/22/2026,1.00,1.00
Dan Lagala,8631 White Claw Peach 1/12/19.2 oz Can,White Claw,12/19.2oz Can,49055 Edgewater Liquor (A),9/22/2026,1.00,1.00
Anthony Palmisano,8585 White Claw Hard Seltzer Black Cherry 1/12/19.2 oz Can,White Claw,12/19.2oz Can,1031 Highland Wine&Liquor Inc,9/22/2026,1.00,1.00
Jayson Romine,8481 Mikes Harder Lemonade 1/12/23.5 oz Can,Mike's Harder,12/23.5oz Can,230431 Seplow's Liquors,9/22/2026,1.00,1.00
Klejdi Lamo,8458 Mikes Harder Black Cherry 1/12/23.5 oz Can,Mike's Harder,12/23.5oz Can,191210 Milton Inn,9/22/2026,1.00,1.00
Jayson Romine,8585 White Claw Hard Seltzer Black Cherry 1/12/19.2 oz Can,White Claw,12/19.2oz Can,230920 Hamburg Liquor,9/22/2026,1.00,1.00
Shane Barreca,8624 White Claw Surge 8% Cranberry 19.2 oz Can,White Claw,12/19.2oz Can,67005 Shoprite Liq (A)Northvle,9/22/2026,1.00,1.00
Klejdi Lamo,8585 White Claw Hard Seltzer Black Cherry 1/12/19.2 oz Can,White Claw,12/19.2oz Can,191210 Milton Inn,9/22/2026,1.00,1.00
Jayson Romine,8585 White Claw Hard Seltzer Black Cherry 1/12/19.2 oz Can,White Claw,12/19.2oz Can,"230440 Brix - Wine, Spirits, Beer (Fredon)",9/22/2026,1.00,1.00
Jayson Romine,8480 Mikes Harder Cranberry 1/12/23.5 oz Can,Mike's Harder,12/23.5oz Can,230427 ShopRite Wine & Spirits of Newton#830,9/22/2026,1.00,1.00
Anthony Palmisano,8466 Mikes Harder Mango 1/12/23.5 oz Can,Mike's Harder,12/23.5oz Can,8007 Krauszer's Liquor Wine and Spirits,9/22/2026,1.00,1.00
Klejdi Lamo,8458 Mikes Harder Black Cherry 1/12/23.5 oz Can,Mike's Harder,12/23.5oz Can,191713 Stanhope Liquors,9/22/2026,1.00,1.00
Phil Ernst,8623 White Claw Surge 8% Blood Orange 19.2 oz Can,White Claw,12/19.2oz Can,40019 Budy's Wine & Liq (A),9/22/2026,1.00,1.00
Shane Barreca,8631 White Claw Peach 1/12/19.2 oz Can,White Claw,12/19.2oz Can,67005 Shoprite Liq (A)Northvle,9/22/2026,1.00,1.00
Anthony Palmisano,8585 White Claw Hard Seltzer Black Cherry 1/12/19.2 oz Can,White Claw,12/19.2oz Can,5001 River Place Food Store,9/22/2026,1.00,1.00
Michael Harboy,8458 Mikes Harder Black Cherry 1/12/23.5 oz Can,Mike's Harder,12/23.5oz Can,11005 Wolfson Market,9/22/2026,1.00,1.00
Anthony Palmisano,8623 White Claw Surge 8% Blood Orange 19.2 oz Can,White Claw,12/19.2oz Can,1031 Highland Wine&Liquor Inc,9/22/2026,1.00,1.00
Jayson Romine,8481 Mikes Harder Lemonade 1/12/23.5 oz Can,Mike's Harder,12/23.5oz Can,191302 Liquor Factory I Landing,9/22/2026,1.00,1.00
Klejdi Lamo,8481 Mikes Harder Lemonade 1/12/23.5 oz Can,Mike's Harder,12/23.5oz Can,191210 Milton Inn,9/22/2026,1.00,1.00
Dave Ehlers,8631 White Claw Peach 1/12/19.2 oz Can,White Claw,12/19.2oz Can,57001 Barrel & Brew Bar & Liq,9/22/2026,1.00,1.00
Matt Powierski,8632 White Claw Surge Blueberry 1/12/19.2 oz Can,White Claw,12/19.2oz Can,32016 Cobblestone Hill Deli,9/22/2026,1.00,1.00
Anthony Palmisano,8409 Mikes Harder Pink Lemonade 1/12/23.5 oz Can,Mike's Harder,12/23.5oz Can,8007 Krauszer's Liquor Wine and Spirits,9/22/2026,1.00,1.00
Matt Powierski,8638 White Claw Surge Grape 1/12/19.2oz Can,White Claw,12/19.2oz Can,32016 Cobblestone Hill Deli,9/22/2026,1.00,1.00
Dave Ehlers,8586 White Claw Hard Seltzer Ruby Grapefruit 1/12/19.2 oz Can,White Claw,12/19.2oz Can,57001 Barrel & Brew Bar & Liq,9/22/2026,1.00,1.00
Shane Barreca,8592 White Claw Hard Seltzer Mango 1/12/19.2 oz Can,White Claw,12/19.2oz Can,67005 Shoprite Liq (A)Northvle,9/22/2026,1.00,1.00
Klejdi Lamo,8592 White Claw Hard Seltzer Mango 1/12/19.2 oz Can,White Claw,12/19.2oz Can,190302 Basket Of Cheer Ii (Lake Hiawatha),9/22/2026,1.00,1.00
Phil Ernst,8585 White Claw Hard Seltzer Black Cherry 1/12/19.2 oz Can,White Claw,12/19.2oz Can,43001 City Supermarket,9/22/2026,1.00,1.00
Dave Ehlers,8409 Mikes Harder Pink Lemonade 1/12/23.5 oz Can,Mike's Harder,12/23.5oz Can,40010 Hackensack Liquors,9/22/2026,1.00,1.00
Mike Ast,8592 White Claw Hard Seltzer Mango 1/12/19.2 oz Can,White Claw,12/19.2oz Can,19027 Goffle Road Wine and More,9/22/2026,1.00,1.00
Phil Ernst,8586 White Claw Hard Seltzer Ruby Grapefruit 1/12/19.2 oz Can,White Claw,12/19.2oz Can,29004 Shop-Rite Liq Lyndhurst,9/22/2026,1.00,1.00
Javier Melo,8538 Cayman Jacked Strawberry Margarita 1/12/19.2 oz Can,Cayman Jack,1/12/19.2oz,27034 Liquor Stop (Passaic),9/22/2026,1.00,1.00
Shane Barreca,8592 White Claw Hard Seltzer Mango 1/12/19.2 oz Can,White Claw,12/19.2oz Can,86003 Township Liq (P),9/22/2026,1.00,1.00
Phil Ernst,8631 White Claw Peach 1/12/19.2 oz Can,White Claw,12/19.2oz Can,29004 Shop-Rite Liq Lyndhurst,9/22/2026,1.00,1.00
Jayson Romine,8480 Mikes Harder Cranberry 1/12/23.5 oz Can,Mike's Harder,12/23.5oz Can,191302 Liquor Factory I Landing,9/22/2026,1.00,1.00
Matt Powierski,8466 Mikes Harder Mango 1/12/23.5 oz Can,Mike's Harder,12/23.5oz Can,36006 Wallington Liquor and Wine,9/22/2026,1.00,1.00
Shane Barreca,8632 White Claw Surge Blueberry 1/12/19.2 oz Can,White Claw,12/19.2oz Can,67005 Shoprite Liq (A)Northvle,9/22/2026,1.00,1.00
Dave Ehlers,8592 White Claw Hard Seltzer Mango 1/12/19.2 oz Can,White Claw,12/19.2oz Can,57001 Barrel & Brew Bar & Liq,9/22/2026,1.00,1.00
Shane Barreca,8632 White Claw Surge Blueberry 1/12/19.2 oz Can,White Claw,12/19.2oz Can,74005 Winemart Discount,9/22/2026,1.00,1.00
Shane Barreca,8481 Mikes Harder Lemonade 1/12/23.5 oz Can,Mike's Harder,12/23.5oz Can,67005 Shoprite Liq (A)Northvle,9/22/2026,1.00,1.00
Shane Barreca,8460 Mikes Harder Strawberry Pineapple 1/12/23.5 oz Can,Mike's Harder,12/23.5oz Can,67005 Shoprite Liq (A)Northvle,9/22/2026,1.00,1.00
Dave Ehlers,8624 White Claw Surge 8% Cranberry 19.2 oz Can,White Claw,12/19.2oz Can,57001 Barrel & Brew Bar & Liq,9/22/2026,1.00,1.00
Brian Sengebush,8585 White Claw Hard Seltzer Black Cherry 1/12/19.2 oz Can,White Claw,12/19.2oz Can,191003 Chabons Ii Liq/Bar (A),9/22/2026,1.00,1.00
Klejdi Lamo,8409 Mikes Harder Pink Lemonade 1/12/23.5 oz Can,Mike's Harder,12/23.5oz Can,191210 Milton Inn,9/22/2026,1.00,1.00
Chris Payton,8592 White Claw Hard Seltzer Mango 1/12/19.2 oz Can,White Claw,12/19.2oz Can,38021 Buy Rite Of Main St Lodi,9/22/2026,1.00,1.00
Phil Ernst,8592 White Claw Hard Seltzer Mango 1/12/19.2 oz Can,White Claw,12/19.2oz Can,25010 Stew Leonard's Wines & Spirits of Clifton,9/22/2026,1.00,1.00
Shane Barreca,8586 White Claw Hard Seltzer Ruby Grapefruit 1/12/19.2 oz Can,White Claw,12/19.2oz Can,73008 Shop Rite Liq (A)Hillsdal,9/22/2026,1.00,1.00
Klejdi Lamo,8624 White Claw Surge 8% Cranberry 19.2 oz Can,White Claw,12/19.2oz Can,191210 Milton Inn,9/22/2026,1.00,1.00
Dave Ehlers,8481 Mikes Harder Lemonade 1/12/23.5 oz Can,Mike's Harder,12/23.5oz Can,40010 Hackensack Liquors,9/22/2026,1.00,1.00
Anthony Palmisano,8585 White Claw Hard Seltzer Black Cherry 1/12/19.2 oz Can,White Claw,12/19.2oz Can,8007 Krauszer's Liquor Wine and Spirits,9/22/2026,1.00,1.00
Mike Ast,8585 White Claw Hard Seltzer Black Cherry 1/12/19.2 oz Can,White Claw,12/19.2oz Can,93003 Mahwah Liqrs (P),9/22/2026,1.00,1.00
Dan Lagala,8623 White Claw Surge 8% Blood Orange 19.2 oz Can,White Claw,12/19.2oz Can,43013 Buy Rite Of Fairview,9/22/2026,1.00,1.00
Klejdi Lamo,8623 White Claw Surge 8% Blood Orange 19.2 oz Can,White Claw,12/19.2oz Can,191210 Milton Inn,9/22/2026,1.00,1.00
Shane Barreca,8586 White Claw Hard Seltzer Ruby Grapefruit 1/12/19.2 oz Can,White Claw,12/19.2oz Can,74005 Winemart Discount,9/22/2026,1.00,1.00
Javier Melo,8585 White Claw Hard Seltzer Black Cherry 1/12/19.2 oz Can,White Claw,12/19.2oz Can,27008 Bermuda Liquors (P),9/22/2026,1.00,1.00
Dan Lagala,8585 White Claw Hard Seltzer Black Cherry 1/12/19.2 oz Can,White Claw,12/19.2oz Can,43013 Buy Rite Of Fairview,9/22/2026,1.00,1.00
Klejdi Lamo,8638 White Claw Surge Grape 1/12/19.2oz Can,White Claw,12/19.2oz Can,190302 Basket Of Cheer Ii (Lake Hiawatha),9/22/2026,1.00,1.00
Shane Barreca,8586 White Claw Hard Seltzer Ruby Grapefruit 1/12/19.2 oz Can,White Claw,12/19.2oz Can,67005 Shoprite Liq (A)Northvle,9/22/2026,1.00,1.00
Shane Barreca,8585 White Claw Hard Seltzer Black Cherry 1/12/19.2 oz Can,White Claw,12/19.2oz Can,74005 Winemart Discount,9/22/2026,1.00,1.00
Jim Heaney,8585 White Claw Hard Seltzer Black Cherry 1/12/19.2 oz Can,White Claw,12/19.2oz Can,24020 US#1 Wine & Liquor,9/22/2026,1.00,1.00
Shane Barreca,8638 White Claw Surge Grape 1/12/19.2oz Can,White Claw,12/19.2oz Can,75002 Shop Rite Liq (A)Emerson,9/22/2026,1.00,1.00
Klejdi Lamo,8466 Mikes Harder Mango 1/12/23.5 oz Can,Mike's Harder,12/23.5oz Can,191210 Milton Inn,9/22/2026,1.00,1.00
Anthony Palmisano,8586 White Claw Hard Seltzer Ruby Grapefruit 1/12/19.2 oz Can,White Claw,12/19.2oz Can,1031 Highland Wine&Liquor Inc,9/22/2026,1.00,1.00
Matt Powierski,8585 White Claw Hard Seltzer Black Cherry 1/12/19.2 oz Can,White Claw,12/19.2oz Can,32014 Wine Liquor Shop,9/22/2026,1.00,1.00
Anthony Palmisano,8460 Mikes Harder Strawberry Pineapple 1/12/23.5 oz Can,Mike's Harder,12/23.5oz Can,8007 Krauszer's Liquor Wine and Spirits,9/22/2026,1.00,1.00
Shane Barreca,8638 White Claw Surge Grape 1/12/19.2oz Can,White Claw,12/19.2oz Can,67005 Shoprite Liq (A)Northvle,9/22/2026,1.00,1.00
Mike Ast,8592 White Claw Hard Seltzer Mango 1/12/19.2 oz Can,White Claw,12/19.2oz Can,93003 Mahwah Liqrs (P),9/22/2026,1.00,1.00
Javier Melo,8592 White Claw Hard Seltzer Mango 1/12/19.2 oz Can,White Claw,12/19.2oz Can,27008 Bermuda Liquors (P),9/22/2026,1.00,1.00
Phil Ernst,8592 White Claw Hard Seltzer Mango 1/12/19.2 oz Can,White Claw,12/19.2oz Can,29004 Shop-Rite Liq Lyndhurst,9/22/2026,1.00,1.00
Chris Payton,8481 Mikes Harder Lemonade 1/12/23.5 oz Can,Mike's Harder,12/23.5oz Can,25045 Clifton Disc Liq (A),9/22/2026,1.00,1.00
Brian Sengebush,8585 White Claw Hard Seltzer Black Cherry 1/12/19.2 oz Can,White Claw,12/19.2oz Can,231717 Culver Liquor and Bar,9/22/2026,1.00,1.00
Jim Heaney,8638 White Claw Surge Grape 1/12/19.2oz Can,White Claw,12/19.2oz Can,13017 On The Rocks,9/22/2026,1.00,1.00
Jayson Romine,8586 White Claw Hard Seltzer Ruby Grapefruit 1/12/19.2 oz Can,White Claw,12/19.2oz Can,231203 The George Inn,9/22/2026,1.00,1.00
Anthony Palmisano,8481 Mikes Harder Lemonade 1/12/23.5 oz Can,Mike's Harder,12/23.5oz Can,8007 Krauszer's Liquor Wine and Spirits,9/22/2026,1.00,1.00
Michael Harboy,8592 White Claw Hard Seltzer Mango 1/12/19.2 oz Can,White Claw,12/19.2oz Can,11005 Wolfson Market,9/22/2026,1.00,1.00
Shane Barreca,8585 White Claw Hard Seltzer Black Cherry 1/12/19.2 oz Can,White Claw,12/19.2oz Can,86003 Township Liq (P),9/22/2026,1.00,1.00
Dave Ehlers,8623 White Claw Surge 8% Blood Orange 19.2 oz Can,White Claw,12/19.2oz Can,40010 Hackensack Liquors,9/22/2026,1.00,1.00
Anthony Palmisano,8586 White Claw Hard Seltzer Ruby Grapefruit 1/12/19.2 oz Can,White Claw,12/19.2oz Can,8007 Krauszer's Liquor Wine and Spirits,9/22/2026,1.00,1.00
Matt Powierski,8586 White Claw Hard Seltzer Ruby Grapefruit 1/12/19.2 oz Can,White Claw,12/19.2oz Can,33002 Moonachie Liquors,9/22/2026,1.00,1.00
Michael Harboy,8623 White Claw Surge 8% Blood Orange 19.2 oz Can,White Claw,12/19.2oz Can,11005 Wolfson Market,9/22/2026,1.00,1.00
Chris Payton,8585 White Claw Hard Seltzer Black Cherry 1/12/19.2 oz Can,White Claw,12/19.2oz Can,35002 Woodridge Wines & Liq(A),9/22/2026,1.00,1.00
Dave Ehlers,8631 White Claw Peach 1/12/19.2 oz Can,White Claw,12/19.2oz Can,40010 Hackensack Liquors,9/22/2026,1.00,1.00
Shane Barreca,8623 White Claw Surge 8% Blood Orange 19.2 oz Can,White Claw,12/19.2oz Can,74005 Winemart Discount,9/22/2026,1.00,1.00
Shane Barreca,8623 White Claw Surge 8% Blood Orange 19.2 oz Can,White Claw,12/19.2oz Can,73008 Shop Rite Liq (A)Hillsdal,9/22/2026,1.00,1.00
Phil Ernst,8623 White Claw Surge 8% Blood Orange 19.2 oz Can,White Claw,12/19.2oz Can,29004 Shop-Rite Liq Lyndhurst,9/22/2026,1.00,1.00
Michael Harboy,8481 Mikes Harder Lemonade 1/12/23.5 oz Can,Mike's Harder,12/23.5oz Can,11005 Wolfson Market,9/22/2026,1.00,1.00
Anthony Palmisano,8480 Mikes Harder Cranberry 1/12/23.5 oz Can,Mike's Harder,12/23.5oz Can,8007 Krauszer's Liquor Wine and Spirits,9/22/2026,1.00,1.00
Dave Ehlers,8409 Mikes Harder Pink Lemonade 1/12/23.5 oz Can,Mike's Harder,12/23.5oz Can,58002 River Edge Wine & Liquor,9/22/2026,1.00,1.00
Jayson Romine,8585 White Claw Hard Seltzer Black Cherry 1/12/19.2 oz Can,White Claw,12/19.2oz Can,408 Fredon Liquor (Fredon Deli),9/21/2026,1.00,1.00
Derrick Laws,8537 Cayman Jacked Margarita 1/12/19.2 oz Can,Cayman Jack,1/12/19.2oz,20080 Raphael & Angel Liq (A),9/21/2026,1.00,1.00
Mike Ast,8585 White Claw Hard Seltzer Black Cherry 1/12/19.2 oz Can,White Claw,12/19.2oz Can,96002 Wine & Spirit World(W),9/21/2026,1.00,1.00
Mike Ast,8592 White Claw Hard Seltzer Mango 1/12/19.2 oz Can,White Claw,12/19.2oz Can,96002 Wine & Spirit World(W),9/21/2026,1.00,1.00
Javier Melo,8632 White Claw Surge Blueberry 1/12/19.2 oz Can,White Claw,12/19.2oz Can,27046 New Eagle Liquors,9/21/2026,1.00,1.00
Jayson Romine,8623 White Claw Surge 8% Blood Orange 19.2 oz Can,White Claw,12/19.2oz Can,230441 Wine Country Newton,9/21/2026,1.00,1.00
Matt Powierski,8632 White Claw Surge Blueberry 1/12/19.2 oz Can,White Claw,12/19.2oz Can,77009 M & M Wine & Spirits,9/21/2026,1.00,1.00
Shane Barreca,8632 White Claw Surge Blueberry 1/12/19.2 oz Can,White Claw,12/19.2oz Can,67004 Beverage Barn (A),9/21/2026,1.00,1.00
Anthony Palmisano,8592 White Claw Hard Seltzer Mango 1/12/19.2 oz Can,White Claw,12/19.2oz Can,8009 Appio's Liquors,9/21/2026,1.00,1.00
Javier Melo,8592 White Claw Hard Seltzer Mango 1/12/19.2 oz Can,White Claw,12/19.2oz Can,25047 Parker Liquors (Z),9/21/2026,1.00,1.00
Chris Payton,8481 Mikes Harder Lemonade 1/12/23.5 oz Can,Mike's Harder,12/23.5oz Can,38016 Lodi Liquor Store(P),9/21/2026,1.00,1.00
Anthony Palmisano,8632 White Claw Surge Blueberry 1/12/19.2 oz Can,White Claw,12/19.2oz Can,8009 Appio's Liquors,9/21/2026,1.00,1.00
Klejdi Lamo,8632 White Claw Surge Blueberry 1/12/19.2 oz Can,White Claw,12/19.2oz Can,190917 Shop Rite Liq (A)Wharton,9/21/2026,1.00,1.00
Dan Lagala,8592 White Claw Hard Seltzer Mango 1/12/19.2 oz Can,White Claw,12/19.2oz Can,49045 Liquor World,9/21/2026,1.00,1.00
Dan Lagala,8631 White Claw Peach 1/12/19.2 oz Can,White Claw,12/19.2oz Can,49019 Bp Gas Station,9/21/2026,1.00,1.00
Jayson Romine,8585 White Claw Hard Seltzer Black Cherry 1/12/19.2 oz Can,White Claw,12/19.2oz Can,230314 Liquor Factory V Andover,9/21/2026,1.00,1.00
Chris Payton,8586 White Claw Hard Seltzer Ruby Grapefruit 1/12/19.2 oz Can,White Claw,12/19.2oz Can,50007 Welsh Farms,9/21/2026,1.00,1.00
Jayson Romine,8585 White Claw Hard Seltzer Black Cherry 1/12/19.2 oz Can,White Claw,12/19.2oz Can,191526 Liquor Factory IV Hopatcong,9/21/2026,1.00,1.00
Jim Heaney,8624 White Claw Surge 8% Cranberry 19.2 oz Can,White Claw,12/19.2oz Can,25008 Clifton Commons S & W,9/21/2026,1.00,1.00
Jayson Romine,8623 White Claw Surge 8% Blood Orange 19.2 oz Can,White Claw,12/19.2oz Can,230314 Liquor Factory V Andover,9/21/2026,1.00,1.00
Jayson Romine,8585 White Claw Hard Seltzer Black Cherry 1/12/19.2 oz Can,White Claw,12/19.2oz Can,230441 Wine Country Newton,9/21/2026,1.00,1.00
Chris Payton,8592 White Claw Hard Seltzer Mango 1/12/19.2 oz Can,White Claw,12/19.2oz Can,38007 Garden Liquors (P),9/21/2026,1.00,1.00
Dave Ehlers,8631 White Claw Peach 1/12/19.2 oz Can,White Claw,12/19.2oz Can,51012 Teaneck Liquors,9/21/2026,1.00,1.00
Chris Payton,8585 White Claw Hard Seltzer Black Cherry 1/12/19.2 oz Can,White Claw,12/19.2oz Can,50007 Welsh Farms,9/21/2026,1.00,1.00
Derrick Laws,8631 White Claw Peach 1/12/19.2 oz Can,White Claw,12/19.2oz Can,15037 Liquor Gallery (Paterson),9/21/2026,1.00,1.00
Derrick Laws,8624 White Claw Surge 8% Cranberry 19.2 oz Can,White Claw,12/19.2oz Can,13001 Shop Rite Liq (A)Littlefl,9/21/2026,1.00,1.00
Jayson Romine,8623 White Claw Surge 8% Blood Orange 19.2 oz Can,White Claw,12/19.2oz Can,191702 Liquor Factory VI Byram,9/21/2026,1.00,1.00
Jayson Romine,8586 White Claw Hard Seltzer Ruby Grapefruit 1/12/19.2 oz Can,White Claw,12/19.2oz Can,408 Fredon Liquor (Fredon Deli),9/21/2026,1.00,1.00
Jayson Romine,8585 White Claw Hard Seltzer Black Cherry 1/12/19.2 oz Can,White Claw,12/19.2oz Can,231308 Wantage Plaza Liq Outlet,9/21/2026,1.00,1.00
Javier Melo,8537 Cayman Jacked Margarita 1/12/19.2 oz Can,Cayman Jack,1/12/19.2oz,25012 Bottle Liquor (P),9/21/2026,1.00,1.00
Jayson Romine,8592 White Claw Hard Seltzer Mango 1/12/19.2 oz Can,White Claw,12/19.2oz Can,230314 Liquor Factory V Andover,9/21/2026,1.00,1.00
Derrick Laws,8538 Cayman Jacked Strawberry Margarita 1/12/19.2 oz Can,Cayman Jack,1/12/19.2oz,20080 Raphael & Angel Liq (A),9/21/2026,1.00,1.00
Dave Ehlers,8623 White Claw Surge 8% Blood Orange 19.2 oz Can,White Claw,12/19.2oz Can,51012 Teaneck Liquors,9/21/2026,1.00,1.00
Chris Payton,8585 White Claw Hard Seltzer Black Cherry 1/12/19.2 oz Can,White Claw,12/19.2oz Can,76010 Usa Wine Traders Club (Saddle Brook),9/21/2026,1.00,1.00
Dave Ehlers,8585 White Claw Hard Seltzer Black Cherry 1/12/19.2 oz Can,White Claw,12/19.2oz Can,51012 Teaneck Liquors,9/21/2026,1.00,1.00
Jayson Romine,8624 White Claw Surge 8% Cranberry 19.2 oz Can,White Claw,12/19.2oz Can,230441 Wine Country Newton,9/21/2026,1.00,1.00
Dave Ehlers,8586 White Claw Hard Seltzer Ruby Grapefruit 1/12/19.2 oz Can,White Claw,12/19.2oz Can,52015 Shop Rite Liq (A)Englewd,9/21/2026,1.00,1.00
Anthony Palmisano,8586 White Claw Hard Seltzer Ruby Grapefruit 1/12/19.2 oz Can,White Claw,12/19.2oz Can,8005 Empire Wine & Liquor,9/21/2026,1.00,1.00
Javier Melo,8538 Cayman Jacked Strawberry Margarita 1/12/19.2 oz Can,Cayman Jack,1/12/19.2oz,25012 Bottle Liquor (P),9/21/2026,1.00,1.00
Shane Barreca,8592 White Claw Hard Seltzer Mango 1/12/19.2 oz Can,White Claw,12/19.2oz Can,92011 Bottle King (A) Ramsey,9/21/2026,1.00,1.00
Javier Melo,8624 White Claw Surge 8% Cranberry 19.2 oz Can,White Claw,12/19.2oz Can,15031 Pete's Family Liqs,9/21/2026,1.00,1.00
Jayson Romine,8632 White Claw Surge Blueberry 1/12/19.2 oz Can,White Claw,12/19.2oz Can,230314 Liquor Factory V Andover,9/21/2026,1.00,1.00
Phil Ernst,8631 White Claw Peach 1/12/19.2 oz Can,White Claw,12/19.2oz Can,39001 Home Wines & Liq 75 (A) (South Hackensack),9/21/2026,1.00,1.00
Chris Payton,8409 Mikes Harder Pink Lemonade 1/12/23.5 oz Can,Mike's Harder,12/23.5oz Can,38016 Lodi Liquor Store(P),9/21/2026,1.00,1.00
Shane Barreca,8585 White Claw Hard Seltzer Black Cherry 1/12/19.2 oz Can,White Claw,12/19.2oz Can,92011 Bottle King (A) Ramsey,9/21/2026,1.00,1.00
Chris Payton,8586 White Claw Hard Seltzer Ruby Grapefruit 1/12/19.2 oz Can,White Claw,12/19.2oz Can,76010 Usa Wine Traders Club (Saddle Brook),9/21/2026,1.00,1.00
Phil Ernst,8481 Mikes Harder Lemonade 1/12/23.5 oz Can,Mike's Harder,12/23.5oz Can,81014 Shop Rite Liq(A) Fair Lwn,9/21/2026,1.00,1.00
Jayson Romine,8458 Mikes Harder Black Cherry 1/12/23.5 oz Can,Mike's Harder,12/23.5oz Can,191526 Liquor Factory IV Hopatcong,9/21/2026,1.00,1.00
Anthony Palmisano,8585 White Claw Hard Seltzer Black Cherry 1/12/19.2 oz Can,White Claw,12/19.2oz Can,8005 Empire Wine & Liquor,9/21/2026,1.00,1.00
Anthony Palmisano,8585 White Claw Hard Seltzer Black Cherry 1/12/19.2 oz Can,White Claw,12/19.2oz Can,8009 Appio's Liquors,9/21/2026,1.00,1.00
Klejdi Lamo,8624 White Claw Surge 8% Cranberry 19.2 oz Can,White Claw,12/19.2oz Can,190917 Shop Rite Liq (A)Wharton,9/21/2026,1.00,1.00
Jayson Romine,8632 White Claw Surge Blueberry 1/12/19.2 oz Can,White Claw,12/19.2oz Can,230114 Liquor Factory III Sparta,9/21/2026,1.00,1.00
Jayson Romine,8585 White Claw Hard Seltzer Black Cherry 1/12/19.2 oz Can,White Claw,12/19.2oz Can,230114 Liquor Factory III Sparta,9/21/2026,1.00,1.00
Jim Heaney,8624 White Claw Surge 8% Cranberry 19.2 oz Can,White Claw,12/19.2oz Can,25042 Town Liquors,9/21/2026,1.00,1.00
Matt Powierski,8480 Mikes Harder Cranberry 1/12/23.5 oz Can,Mike's Harder,12/23.5oz Can,31004 Metro Liquors (East Rutherford),9/21/2026,1.00,1.00
Phil Ernst,8623 White Claw Surge 8% Blood Orange 19.2 oz Can,White Claw,12/19.2oz Can,81014 Shop Rite Liq(A) Fair Lwn,9/21/2026,1.00,1.00
Matt Powierski,8586 White Claw Hard Seltzer Ruby Grapefruit 1/12/19.2 oz Can,White Claw,12/19.2oz Can,77009 M & M Wine & Spirits,9/21/2026,1.00,1.00
Jayson Romine,8624 White Claw Surge 8% Cranberry 19.2 oz Can,White Claw,12/19.2oz Can,230114 Liquor Factory III Sparta,9/21/2026,1.00,1.00
Jayson Romine,8592 White Claw Hard Seltzer Mango 1/12/19.2 oz Can,White Claw,12/19.2oz Can,231308 Wantage Plaza Liq Outlet,9/21/2026,1.00,1.00
Jayson Romine,8624 White Claw Surge 8% Cranberry 19.2 oz Can,White Claw,12/19.2oz Can,191702 Liquor Factory VI Byram,9/21/2026,1.00,1.00
Derrick Laws,8631 White Claw Peach 1/12/19.2 oz Can,White Claw,12/19.2oz Can,13001 Shop Rite Liq (A)Littlefl,9/21/2026,1.00,1.00
Chris Payton,8631 White Claw Peach 1/12/19.2 oz Can,White Claw,12/19.2oz Can,76010 Usa Wine Traders Club (Saddle Brook),9/21/2026,1.00,1.00
Jim Heaney,8638 White Claw Surge Grape 1/12/19.2oz Can,White Claw,12/19.2oz Can,25008 Clifton Commons S & W,9/21/2026,1.00,1.00
Mike Ast,8481 Mikes Harder Lemonade 1/12/23.5 oz Can,Mike's Harder,12/23.5oz Can,93009 Scherer & Company,9/21/2026,1.00,1.00
Klejdi Lamo,8623 White Claw Surge 8% Blood Orange 19.2 oz Can,White Claw,12/19.2oz Can,190917 Shop Rite Liq (A)Wharton,9/21/2026,1.00,1.00
Jayson Romine,8586 White Claw Hard Seltzer Ruby Grapefruit 1/12/19.2 oz Can,White Claw,12/19.2oz Can,230114 Liquor Factory III Sparta,9/21/2026,1.00,1.00
Jim Heaney,8585 White Claw Hard Seltzer Black Cherry 1/12/19.2 oz Can,White Claw,12/19.2oz Can,25042 Town Liquors,9/21/2026,1.00,1.00
Shane Barreca,8586 White Claw Hard Seltzer Ruby Grapefruit 1/12/19.2 oz Can,White Claw,12/19.2oz Can,67004 Beverage Barn (A),9/21/2026,1.00,1.00
Dave Ehlers,8592 White Claw Hard Seltzer Mango 1/12/19.2 oz Can,White Claw,12/19.2oz Can,56007 Portland Wine & Liquor,9/21/2026,1.00,1.00
Mike Ast,8624 White Claw Surge 8% Cranberry 19.2 oz Can,White Claw,12/19.2oz Can,96002 Wine & Spirit World(W),9/21/2026,1.00,1.00
Javier Melo,8638 White Claw Surge Grape 1/12/19.2oz Can,White Claw,12/19.2oz Can,25012 Bottle Liquor (P),9/21/2026,1.00,1.00
Dave Ehlers,8592 White Claw Hard Seltzer Mango 1/12/19.2 oz Can,White Claw,12/19.2oz Can,52015 Shop Rite Liq (A)Englewd,9/21/2026,1.00,1.00
Klejdi Lamo,8481 Mikes Harder Lemonade 1/12/23.5 oz Can,Mike's Harder,12/23.5oz Can,190917 Shop Rite Liq (A)Wharton,9/21/2026,1.00,1.00
Shane Barreca,8592 White Claw Hard Seltzer Mango 1/12/19.2 oz Can,White Claw,12/19.2oz Can,92008 Ramsey Wine & Liquor,9/21/2026,1.00,1.00
Dan Lagala,8586 White Claw Hard Seltzer Ruby Grapefruit 1/12/19.2 oz Can,White Claw,12/19.2oz Can,49045 Liquor World,9/21/2026,1.00,1.00
Dan Lagala,8592 White Claw Hard Seltzer Mango 1/12/19.2 oz Can,White Claw,12/19.2oz Can,49019 Bp Gas Station,9/21/2026,1.00,1.00
Javier Melo,8624 White Claw Surge 8% Cranberry 19.2 oz Can,White Claw,12/19.2oz Can,25012 Bottle Liquor (P),9/21/2026,1.00,1.00
Matt Powierski,8458 Mikes Harder Black Cherry 1/12/23.5 oz Can,Mike's Harder,12/23.5oz Can,31004 Metro Liquors (East Rutherford),9/21/2026,1.00,1.00
Phil Ernst,8592 White Claw Hard Seltzer Mango 1/12/19.2 oz Can,White Claw,12/19.2oz Can,39001 Home Wines & Liq 75 (A) (South Hackensack),9/21/2026,1.00,1.00
Jim Heaney,8586 White Claw Hard Seltzer Ruby Grapefruit 1/12/19.2 oz Can,White Claw,12/19.2oz Can,25008 Clifton Commons S & W,9/21/2026,1.00,1.00
Jayson Romine,8466 Mikes Harder Mango 1/12/23.5 oz Can,Mike's Harder,12/23.5oz Can,191526 Liquor Factory IV Hopatcong,9/21/2026,1.00,1.00
Jayson Romine,8638 White Claw Surge Grape 1/12/19.2oz Can,White Claw,12/19.2oz Can,231308 Wantage Plaza Liq Outlet,9/21/2026,1.00,1.00
Jayson Romine,8586 White Claw Hard Seltzer Ruby Grapefruit 1/12/19.2 oz Can,White Claw,12/19.2oz Can,230441 Wine Country Newton,9/21/2026,1.00,1.00
Shane Barreca,8585 White Claw Hard Seltzer Black Cherry 1/12/19.2 oz Can,White Claw,12/19.2oz Can,92008 Ramsey Wine & Liquor,9/21/2026,1.00,1.00
Shane Barreca,8632 White Claw Surge Blueberry 1/12/19.2 oz Can,White Claw,12/19.2oz Can,92008 Ramsey Wine & Liquor,9/21/2026,1.00,1.00
Jayson Romine,8480 Mikes Harder Cranberry 1/12/23.5 oz Can,Mike's Harder,12/23.5oz Can,191526 Liquor Factory IV Hopatcong,9/21/2026,1.00,1.00
Anthony Palmisano,8586 White Claw Hard Seltzer Ruby Grapefruit 1/12/19.2 oz Can,White Claw,12/19.2oz Can,8009 Appio's Liquors,9/21/2026,1.00,1.00
Javier Melo,8585 White Claw Hard Seltzer Black Cherry 1/12/19.2 oz Can,White Claw,12/19.2oz Can,25012 Bottle Liquor (P),9/21/2026,1.00,1.00
Jayson Romine,8592 White Claw Hard Seltzer Mango 1/12/19.2 oz Can,White Claw,12/19.2oz Can,230114 Liquor Factory III Sparta,9/21/2026,1.00,1.00
Jayson Romine,8624 White Claw Surge 8% Cranberry 19.2 oz Can,White Claw,12/19.2oz Can,230314 Liquor Factory V Andover,9/21/2026,1.00,1.00
Derrick Laws,8585 White Claw Hard Seltzer Black Cherry 1/12/19.2 oz Can,White Claw,12/19.2oz Can,15037 Liquor Gallery (Paterson),9/21/2026,1.00,1.00
Javier Melo,8585 White Claw Hard Seltzer Black Cherry 1/12/19.2 oz Can,White Claw,12/19.2oz Can,25047 Parker Liquors (Z),9/21/2026,1.00,1.00
Dan Lagala,8585 White Claw Hard Seltzer Black Cherry 1/12/19.2 oz Can,White Claw,12/19.2oz Can,49045 Liquor World,9/21/2026,1.00,1.00
Jayson Romine,8585 White Claw Hard Seltzer Black Cherry 1/12/19.2 oz Can,White Claw,12/19.2oz Can,191702 Liquor Factory VI Byram,9/21/2026,1.00,1.00
Jayson Romine,8592 White Claw Hard Seltzer Mango 1/12/19.2 oz Can,White Claw,12/19.2oz Can,191526 Liquor Factory IV Hopatcong,9/21/2026,1.00,1.00
Klejdi Lamo,8480 Mikes Harder Cranberry 1/12/23.5 oz Can,Mike's Harder,12/23.5oz Can,190917 Shop Rite Liq (A)Wharton,9/21/2026,1.00,1.00
Jayson Romine,8481 Mikes Harder Lemonade 1/12/23.5 oz Can,Mike's Harder,12/23.5oz Can,191526 Liquor Factory IV Hopatcong,9/21/2026,1.00,1.00
Jayson Romine,8623 White Claw Surge 8% Blood Orange 19.2 oz Can,White Claw,12/19.2oz Can,191526 Liquor Factory IV Hopatcong,9/21/2026,1.00,1.00
Mike Ast,8632 White Claw Surge Blueberry 1/12/19.2 oz Can,White Claw,12/19.2oz Can,96002 Wine & Spirit World(W),9/21/2026,1.00,1.00
Mike Ast,8586 White Claw Hard Seltzer Ruby Grapefruit 1/12/19.2 oz Can,White Claw,12/19.2oz Can,96002 Wine & Spirit World(W),9/21/2026,1.00,1.00
Matt Powierski,8624 White Claw Surge 8% Cranberry 19.2 oz Can,White Claw,12/19.2oz Can,42012 Vinny's Disc Liq (P),9/18/2026,1.00,1.00
Matt Powierski,8632 White Claw Surge Blueberry 1/12/19.2 oz Can,White Claw,12/19.2oz Can,32017 Wine Grand (Carlstadt),9/18/2026,1.00,1.00
Phil Ernst,8458 Mikes Harder Black Cherry 1/12/23.5 oz Can,Mike's Harder,12/23.5oz Can,80005 Shop Rite Liq (Paramus),9/18/2026,1.00,1.00
Dave Ehlers,8458 Mikes Harder Black Cherry 1/12/23.5 oz Can,Mike's Harder,12/23.5oz Can,40004 Simple Simon's (Z),9/18/2026,1.00,1.00
Matt Powierski,8624 White Claw Surge 8% Cranberry 19.2 oz Can,White Claw,12/19.2oz Can,31008 Metro Wine And Liq(A),9/18/2026,1.00,1.00
Phil Ernst,8586 White Claw Hard Seltzer Ruby Grapefruit 1/12/19.2 oz Can,White Claw,12/19.2oz Can,89007 Acme Markets (Allendale),9/18/2026,1.00,1.00
Jim Heaney,8458 Mikes Harder Black Cherry 1/12/23.5 oz Can,Mike's Harder,12/23.5oz Can,24001 Richfield Liquors,9/18/2026,1.00,1.00
Mike Ast,8466 Mikes Harder Mango 1/12/23.5 oz Can,Mike's Harder,12/23.5oz Can,84004 Quick Stop Liquor & Wine,9/18/2026,1.00,1.00
Derrick Laws,8586 White Claw Hard Seltzer Ruby Grapefruit 1/12/19.2 oz Can,White Claw,12/19.2oz Can,23004 Shop Rite Wines/Spirits,9/18/2026,1.00,1.00
Matt Powierski,8586 White Claw Hard Seltzer Ruby Grapefruit 1/12/19.2 oz Can,White Claw,12/19.2oz Can,32017 Wine Grand (Carlstadt),9/18/2026,1.00,1.00
Phil Ernst,8458 Mikes Harder Black Cherry 1/12/23.5 oz Can,Mike's Harder,12/23.5oz Can,83001 Food Universe Marketplace,9/18/2026,1.00,1.00
Shane Barreca,8585 White Claw Hard Seltzer Black Cherry 1/12/19.2 oz Can,White Claw,12/19.2oz Can,75004 Cork & Keg (A),9/18/2026,1.00,1.00
Shane Barreca,8586 White Claw Hard Seltzer Ruby Grapefruit 1/12/19.2 oz Can,White Claw,12/19.2oz Can,75004 Cork & Keg (A),9/18/2026,1.00,1.00
Matt Powierski,8638 White Claw Surge Grape 1/12/19.2oz Can,White Claw,12/19.2oz Can,32017 Wine Grand (Carlstadt),9/18/2026,1.00,1.00
Matt Powierski,8537 Cayman Jacked Margarita 1/12/19.2 oz Can,Cayman Jack,1/12/19.2oz,32017 Wine Grand (Carlstadt),9/18/2026,1.00,1.00
Phil Ernst,8481 Mikes Harder Lemonade 1/12/23.5 oz Can,Mike's Harder,12/23.5oz Can,83001 Food Universe Marketplace,9/18/2026,1.00,1.00
Jim Heaney,8585 White Claw Hard Seltzer Black Cherry 1/12/19.2 oz Can,White Claw,12/19.2oz Can,24001 Richfield Liquors,9/18/2026,1.00,1.00
Dave Ehlers,8481 Mikes Harder Lemonade 1/12/23.5 oz Can,Mike's Harder,12/23.5oz Can,14007 Total Wine & More (Totowa),9/18/2026,1.00,1.00
Pablo Lopez,8538 Cayman Jacked Strawberry Margarita 1/12/19.2 oz Can,Cayman Jack,1/12/19.2oz,20029 Star Liquor Store,9/18/2026,1.00,1.00
Matt Powierski,8586 White Claw Hard Seltzer Ruby Grapefruit 1/12/19.2 oz Can,White Claw,12/19.2oz Can,31008 Metro Wine And Liq(A),9/18/2026,1.00,1.00
Matt Powierski,8480 Mikes Harder Cranberry 1/12/23.5 oz Can,Mike's Harder,12/23.5oz Can,32017 Wine Grand (Carlstadt),9/18/2026,1.00,1.00
Anthony Palmisano,8592 White Claw Hard Seltzer Mango 1/12/19.2 oz Can,White Claw,12/19.2oz Can,8008 Shoppers Disc(A)Pompton,9/18/2026,1.00,1.00
Chris Payton,8631 White Claw Peach 1/12/19.2 oz Can,White Claw,12/19.2oz Can,81011 Radburn Liquors (A,9/18/2026,1.00,1.00
Matt Powierski,8458 Mikes Harder Black Cherry 1/12/23.5 oz Can,Mike's Harder,12/23.5oz Can,31008 Metro Wine And Liq(A),9/18/2026,1.00,1.00
Matt Powierski,8466 Mikes Harder Mango 1/12/23.5 oz Can,Mike's Harder,12/23.5oz Can,32017 Wine Grand (Carlstadt),9/18/2026,1.00,1.00
Dave Ehlers,8631 White Claw Peach 1/12/19.2 oz Can,White Claw,12/19.2oz Can,41012 Deli Mart (A),9/18/2026,1.00,1.00
Matt Powierski,8631 White Claw Peach 1/12/19.2 oz Can,White Claw,12/19.2oz Can,32017 Wine Grand (Carlstadt),9/18/2026,1.00,1.00
Anthony Palmisano,8623 White Claw Surge 8% Blood Orange 19.2 oz Can,White Claw,12/19.2oz Can,8007 Krauszer's Liquor Wine and Spirits,9/18/2026,1.00,1.00
Chris Payton,8592 White Claw Hard Seltzer Mango 1/12/19.2 oz Can,White Claw,12/19.2oz Can,46033 Discount Lqr(A) Outlet,9/18/2026,1.00,1.00
Matt Powierski,8623 White Claw Surge 8% Blood Orange 19.2 oz Can,White Claw,12/19.2oz Can,32017 Wine Grand (Carlstadt),9/18/2026,1.00,1.00
Jim Heaney,8592 White Claw Hard Seltzer Mango 1/12/19.2 oz Can,White Claw,12/19.2oz Can,24005 Henry's Liquors,9/18/2026,1.00,1.00
Jim Heaney,8480 Mikes Harder Cranberry 1/12/23.5 oz Can,Mike's Harder,12/23.5oz Can,24001 Richfield Liquors,9/18/2026,1.00,1.00
Phil Ernst,8585 White Claw Hard Seltzer Black Cherry 1/12/19.2 oz Can,White Claw,12/19.2oz Can,80005 Shop Rite Liq (Paramus),9/18/2026,1.00,1.00
Mike Ast,8632 White Claw Surge Blueberry 1/12/19.2 oz Can,White Claw,12/19.2oz Can,81006 Fair Lawn Wine & Spirits,9/18/2026,1.00,1.00
Klejdi Lamo,8585 White Claw Hard Seltzer Black Cherry 1/12/19.2 oz Can,White Claw,12/19.2oz Can,190603 Denville W & L,9/18/2026,1.00,1.00
Chris Payton,8592 White Claw Hard Seltzer Mango 1/12/19.2 oz Can,White Claw,12/19.2oz Can,34001 Meadowland Wine & Liquor,9/18/2026,1.00,1.00
Dave Ehlers,8460 Mikes Harder Strawberry Pineapple 1/12/23.5 oz Can,Mike's Harder,12/23.5oz Can,40004 Simple Simon's (Z),9/18/2026,1.00,1.00
Dave Ehlers,8480 Mikes Harder Cranberry 1/12/23.5 oz Can,Mike's Harder,12/23.5oz Can,40004 Simple Simon's (Z),9/18/2026,1.00,1.00
Anthony Palmisano,8586 White Claw Hard Seltzer Ruby Grapefruit 1/12/19.2 oz Can,White Claw,12/19.2oz Can,8007 Krauszer's Liquor Wine and Spirits,9/18/2026,1.00,1.00
Chris Payton,8585 White Claw Hard Seltzer Black Cherry 1/12/19.2 oz Can,White Claw,12/19.2oz Can,46033 Discount Lqr(A) Outlet,9/18/2026,1.00,1.00
Klejdi Lamo,8592 White Claw Hard Seltzer Mango 1/12/19.2 oz Can,White Claw,12/19.2oz Can,191511 Nova Liquors,9/18/2026,1.00,1.00
Jim Heaney,8592 White Claw Hard Seltzer Mango 1/12/19.2 oz Can,White Claw,12/19.2oz Can,29009 Quick Buy,9/18/2026,1.00,1.00
Anthony Palmisano,8585 White Claw Hard Seltzer Black Cherry 1/12/19.2 oz Can,White Claw,12/19.2oz Can,8008 Shoppers Disc(A)Pompton,9/18/2026,1.00,1.00
Mike Ast,8592 White Claw Hard Seltzer Mango 1/12/19.2 oz Can,White Claw,12/19.2oz Can,81006 Fair Lawn Wine & Spirits,9/18/2026,1.00,1.00
Dave Ehlers,8585 White Claw Hard Seltzer Black Cherry 1/12/19.2 oz Can,White Claw,12/19.2oz Can,14007 Total Wine & More (Totowa),9/18/2026,1.00,1.00
Pablo Lopez,8592 White Claw Hard Seltzer Mango 1/12/19.2 oz Can,White Claw,12/19.2oz Can,21024 Altiero Liquors,9/18/2026,1.00,1.00
Chris Payton,8586 White Claw Hard Seltzer Ruby Grapefruit 1/12/19.2 oz Can,White Claw,12/19.2oz Can,81011 Radburn Liquors (A,9/18/2026,1.00,1.00
Shane Barreca,8592 White Claw Hard Seltzer Mango 1/12/19.2 oz Can,White Claw,12/19.2oz Can,75004 Cork & Keg (A),9/18/2026,1.00,1.00
Mike Ast,8623 White Claw Surge 8% Blood Orange 19.2 oz Can,White Claw,12/19.2oz Can,11003 Lincoln Park Fine Wines & Spirits,9/18/2026,1.00,1.00
Derrick Laws,8624 White Claw Surge 8% Cranberry 19.2 oz Can,White Claw,12/19.2oz Can,20080 Raphael & Angel Liq (A),9/18/2026,1.00,1.00
Chris Payton,8586 White Claw Hard Seltzer Ruby Grapefruit 1/12/19.2 oz Can,White Claw,12/19.2oz Can,34001 Meadowland Wine & Liquor,9/18/2026,1.00,1.00
Matt Powierski,8481 Mikes Harder Lemonade 1/12/23.5 oz Can,Mike's Harder,12/23.5oz Can,32017 Wine Grand (Carlstadt),9/18/2026,1.00,1.00
Matt Powierski,8592 White Claw Hard Seltzer Mango 1/12/19.2 oz Can,White Claw,12/19.2oz Can,32017 Wine Grand (Carlstadt),9/18/2026,1.00,1.00
Matt Powierski,8458 Mikes Harder Black Cherry 1/12/23.5 oz Can,Mike's Harder,12/23.5oz Can,32017 Wine Grand (Carlstadt),9/18/2026,1.00,1.00
Phil Ernst,8458 Mikes Harder Black Cherry 1/12/23.5 oz Can,Mike's Harder,12/23.5oz Can,85002 Acme Markets (Midland Park),9/18/2026,1.00,1.00
Jim Heaney,8585 White Claw Hard Seltzer Black Cherry 1/12/19.2 oz Can,White Claw,12/19.2oz Can,24005 Henry's Liquors,9/18/2026,1.00,1.00
Derrick Laws,8638 White Claw Surge Grape 1/12/19.2oz Can,White Claw,12/19.2oz Can,20080 Raphael & Angel Liq (A),9/18/2026,1.00,1.00
Jim Heaney,8623 White Claw Surge 8% Blood Orange 19.2 oz Can,White Claw,12/19.2oz Can,29009 Quick Buy,9/18/2026,1.00,1.00
Jayson Romine,8585 White Claw Hard Seltzer Black Cherry 1/12/19.2 oz Can,White Claw,12/19.2oz Can,230902 Buy Rite Liquors Franklin,9/18/2026,1.00,1.00
Jim Heaney,8585 White Claw Hard Seltzer Black Cherry 1/12/19.2 oz Can,White Claw,12/19.2oz Can,29009 Quick Buy,9/18/2026,1.00,1.00
Chris Payton,8538 Cayman Jacked Strawberry Margarita 1/12/19.2 oz Can,Cayman Jack,1/12/19.2oz,38040 Buy Rite Discount Liquor,9/18/2026,1.00,1.00
Klejdi Lamo,8592 White Claw Hard Seltzer Mango 1/12/19.2 oz Can,White Claw,12/19.2oz Can,190917 Shop Rite Liq (A)Wharton,9/18/2026,1.00,1.00
Jim Heaney,8538 Cayman Jacked Strawberry Margarita 1/12/19.2 oz Can,Cayman Jack,1/12/19.2oz,25042 Town Liquors,9/18/2026,1.00,1.00
Dave Ehlers,8586 White Claw Hard Seltzer Ruby Grapefruit 1/12/19.2 oz Can,White Claw,12/19.2oz Can,40004 Simple Simon's (Z),9/18/2026,1.00,1.00
Phil Ernst,8592 White Claw Hard Seltzer Mango 1/12/19.2 oz Can,White Claw,12/19.2oz Can,80005 Shop Rite Liq (Paramus),9/18/2026,1.00,1.00
Dave Ehlers,8409 Mikes Harder Pink Lemonade 1/12/23.5 oz Can,Mike's Harder,12/23.5oz Can,40004 Simple Simon's (Z),9/18/2026,1.00,1.00
Mike Ast,8632 White Claw Surge Blueberry 1/12/19.2 oz Can,White Claw,12/19.2oz Can,19008 Hawthorne Liq (A),9/18/2026,1.00,1.00
Matt Powierski,8585 White Claw Hard Seltzer Black Cherry 1/12/19.2 oz Can,White Claw,12/19.2oz Can,32017 Wine Grand (Carlstadt),9/18/2026,1.00,1.00
Pablo Lopez,8585 White Claw Hard Seltzer Black Cherry 1/12/19.2 oz Can,White Claw,12/19.2oz Can,21024 Altiero Liquors,9/18/2026,1.00,1.00
Jim Heaney,8537 Cayman Jacked Margarita 1/12/19.2 oz Can,Cayman Jack,1/12/19.2oz,25042 Town Liquors,9/18/2026,1.00,1.00
Matt Powierski,8480 Mikes Harder Cranberry 1/12/23.5 oz Can,Mike's Harder,12/23.5oz Can,31008 Metro Wine And Liq(A),9/18/2026,1.00,1.00
Klejdi Lamo,8585 White Claw Hard Seltzer Black Cherry 1/12/19.2 oz Can,White Claw,12/19.2oz Can,190101 Montville Wine & Spirits,9/18/2026,1.00,1.00
Phil Ernst,8466 Mikes Harder Mango 1/12/23.5 oz Can,Mike's Harder,12/23.5oz Can,83001 Food Universe Marketplace,9/18/2026,1.00,1.00
Matt Powierski,8538 Cayman Jacked Strawberry Margarita 1/12/19.2 oz Can,Cayman Jack,1/12/19.2oz,32017 Wine Grand (Carlstadt),9/18/2026,1.00,1.00
Mike Ast,8623 White Claw Surge 8% Blood Orange 19.2 oz Can,White Claw,12/19.2oz Can,94008 Oakland Wine (A),9/18/2026,1.00,1.00
Klejdi Lamo,8632 White Claw Surge Blueberry 1/12/19.2 oz Can,White Claw,12/19.2oz Can,190101 Montville Wine & Spirits,9/18/2026,1.00,1.00
Phil Ernst,8481 Mikes Harder Lemonade 1/12/23.5 oz Can,Mike's Harder,12/23.5oz Can,49039 Acme Markets (Fort Lee),9/18/2026,1.00,1.00
Pablo Lopez,8631 White Claw Peach 1/12/19.2 oz Can,White Claw,12/19.2oz Can,21024 Altiero Liquors,9/18/2026,1.00,1.00
Chris Payton,8623 White Claw Surge 8% Blood Orange 19.2 oz Can,White Claw,12/19.2oz Can,81011 Radburn Liquors (A,9/18/2026,1.00,1.00
Matt Powierski,8460 Mikes Harder Strawberry Pineapple 1/12/23.5 oz Can,Mike's Harder,12/23.5oz Can,32017 Wine Grand (Carlstadt),9/18/2026,1.00,1.00
Pablo Lopez,8638 White Claw Surge Grape 1/12/19.2oz Can,White Claw,12/19.2oz Can,15016 Gene's Liquor,9/18/2026,1.00,1.00
Jim Heaney,8586 White Claw Hard Seltzer Ruby Grapefruit 1/12/19.2 oz Can,White Claw,12/19.2oz Can,29009 Quick Buy,9/18/2026,1.00,1.00
Chris Payton,8632 White Claw Surge Blueberry 1/12/19.2 oz Can,White Claw,12/19.2oz Can,34001 Meadowland Wine & Liquor,9/18/2026,1.00,1.00
Chris Payton,8585 White Claw Hard Seltzer Black Cherry 1/12/19.2 oz Can,White Claw,12/19.2oz Can,34001 Meadowland Wine & Liquor,9/18/2026,1.00,1.00
Phil Ernst,8481 Mikes Harder Lemonade 1/12/23.5 oz Can,Mike's Harder,12/23.5oz Can,80005 Shop Rite Liq (Paramus),9/18/2026,1.00,1.00
Mike Ast,8632 White Claw Surge Blueberry 1/12/19.2 oz Can,White Claw,12/19.2oz Can,94008 Oakland Wine (A),9/18/2026,1.00,1.00
Derrick Laws,8585 White Claw Hard Seltzer Black Cherry 1/12/19.2 oz Can,White Claw,12/19.2oz Can,17002 Hillcrest Liqrs (A),9/18/2026,1.00,1.00
Mike Ast,8623 White Claw Surge 8% Blood Orange 19.2 oz Can,White Claw,12/19.2oz Can,81006 Fair Lawn Wine & Spirits,9/18/2026,1.00,1.00
Chris Payton,8481 Mikes Harder Lemonade 1/12/23.5 oz Can,Mike's Harder,12/23.5oz Can,38017 Quick Stop Food & Liq,9/18/2026,1.00,1.00
Dave Ehlers,8585 White Claw Hard Seltzer Black Cherry 1/12/19.2 oz Can,White Claw,12/19.2oz Can,41012 Deli Mart (A),9/18/2026,1.00,1.00
Anthony Palmisano,8624 White Claw Surge 8% Cranberry 19.2 oz Can,White Claw,12/19.2oz Can,8007 Krauszer's Liquor Wine and Spirits,9/18/2026,1.00,1.00
Dave Ehlers,8466 Mikes Harder Mango 1/12/23.5 oz Can,Mike's Harder,12/23.5oz Can,40004 Simple Simon's (Z),9/18/2026,1.00,1.00
Derrick Laws,8631 White Claw Peach 1/12/19.2 oz Can,White Claw,12/19.2oz Can,20080 Raphael & Angel Liq (A),9/18/2026,1.00,1.00
Jim Heaney,8585 White Claw Hard Seltzer Black Cherry 1/12/19.2 oz Can,White Claw,12/19.2oz Can,27016 Marina's Wine & Spirits,9/18/2026,1.00,1.00
Dave Ehlers,8409 Mikes Harder Pink Lemonade 1/12/23.5 oz Can,Mike's Harder,12/23.5oz Can,14007 Total Wine & More (Totowa),9/18/2026,1.00,1.00
Matt Powierski,8623 White Claw Surge 8% Blood Orange 19.2 oz Can,White Claw,12/19.2oz Can,31008 Metro Wine And Liq(A),9/18/2026,1.00,1.00
Klejdi Lamo,8586 White Claw Hard Seltzer Ruby Grapefruit 1/12/19.2 oz Can,White Claw,12/19.2oz Can,190917 Shop Rite Liq (A)Wharton,9/18/2026,1.00,1.00
Jim Heaney,8592 White Claw Hard Seltzer Mango 1/12/19.2 oz Can,White Claw,12/19.2oz Can,27016 Marina's Wine & Spirits,9/18/2026,1.00,1.00
Matt Powierski,8409 Mikes Harder Pink Lemonade 1/12/23.5 oz Can,Mike's Harder,12/23.5oz Can,32017 Wine Grand (Carlstadt),9/18/2026,1.00,1.00
Dave Ehlers,8632 White Claw Surge Blueberry 1/12/19.2 oz Can,White Claw,12/19.2oz Can,56013 Time Lounge And Liq (A),9/18/2026,1.00,1.00
Mike Ast,8481 Mikes Harder Lemonade 1/12/23.5 oz Can,Mike's Harder,12/23.5oz Can,84004 Quick Stop Liquor & Wine,9/18/2026,1.00,1.00
Matt Powierski,8624 White Claw Surge 8% Cranberry 19.2 oz Can,White Claw,12/19.2oz Can,32017 Wine Grand (Carlstadt),9/18/2026,1.00,1.00
Mike Ast,8585 White Claw Hard Seltzer Black Cherry 1/12/19.2 oz Can,White Claw,12/19.2oz Can,11003 Lincoln Park Fine Wines & Spirits,9/18/2026,1.00,1.00
Klejdi Lamo,8592 White Claw Hard Seltzer Mango 1/12/19.2 oz Can,White Claw,12/19.2oz Can,190101 Montville Wine & Spirits,9/18/2026,1.00,1.00
Mike Ast,8631 White Claw Peach 1/12/19.2 oz Can,White Claw,12/19.2oz Can,11003 Lincoln Park Fine Wines & Spirits,9/18/2026,1.00,1.00
Matt Powierski,8585 White Claw Hard Seltzer Black Cherry 1/12/19.2 oz Can,White Claw,12/19.2oz Can,42010 Little Ferry Wines/Liquor,9/18/2026,1.00,1.00
Mike Ast,8585 White Claw Hard Seltzer Black Cherry 1/12/19.2 oz Can,White Claw,12/19.2oz Can,81006 Fair Lawn Wine & Spirits,9/18/2026,1.00,1.00
Chris Payton,8481 Mikes Harder Lemonade 1/12/23.5 oz Can,Mike's Harder,12/23.5oz Can,38040 Buy Rite Discount Liquor,9/18/2026,1.00,1.00
Klejdi Lamo,8623 White Claw Surge 8% Blood Orange 19.2 oz Can,White Claw,12/19.2oz Can,190216 House of Wine & Liquor - Boonton,9/17/2026,1.00,1.00
Dave Ehlers,8586 White Claw Hard Seltzer Ruby Grapefruit 1/12/19.2 oz Can,White Claw,12/19.2oz Can,41005 George's Liq,9/17/2026,1.00,1.00
Jayson Romine,8409 Mikes Harder Pink Lemonade 1/12/23.5 oz Can,Mike's Harder,12/23.5oz Can,230420 Spring Street Liquors,9/17/2026,1.00,1.00
Javier Melo,8592 White Claw Hard Seltzer Mango 1/12/19.2 oz Can,White Claw,12/19.2oz Can,24003 Paulison Liquors (P),9/17/2026,1.00,1.00
Mike Ast,8586 White Claw Hard Seltzer Ruby Grapefruit 1/12/19.2 oz Can,White Claw,12/19.2oz Can,12011 Bottle King (A) Wayne,9/17/2026,1.00,1.00
Anthony Palmisano,8586 White Claw Hard Seltzer Ruby Grapefruit 1/12/19.2 oz Can,White Claw,12/19.2oz Can,1031 Highland Wine&Liquor Inc,9/17/2026,1.00,1.00
Chris Payton,8480 Mikes Harder Cranberry 1/12/23.5 oz Can,Mike's Harder,12/23.5oz Can,47009 Iga Supermarkets (A),9/17/2026,1.00,1.00
Anthony Palmisano,8586 White Claw Hard Seltzer Ruby Grapefruit 1/12/19.2 oz Can,White Claw,12/19.2oz Can,1012 Uncorked Wines & Spirits (West Milford),9/17/2026,1.00,1.00
Chris Payton,8585 White Claw Hard Seltzer Black Cherry 1/12/19.2 oz Can,White Claw,12/19.2oz Can,79005 Maywood Wine&Liq (A),9/17/2026,1.00,1.00
Derrick Laws,8460 Mikes Harder Strawberry Pineapple 1/12/23.5 oz Can,Mike's Harder,12/23.5oz Can,21050 Quis Queya Liquor(P),9/17/2026,1.00,1.00
Phil Ernst,8592 White Claw Hard Seltzer Mango 1/12/19.2 oz Can,White Claw,12/19.2oz Can,80026 Stew Leonard's(A) Paramus Wine,9/17/2026,1.00,1.00
Mike Ast,8480 Mikes Harder Cranberry 1/12/23.5 oz Can,Mike's Harder,12/23.5oz Can,12011 Bottle King (A) Wayne,9/17/2026,1.00,1.00
Anthony Palmisano,8481 Mikes Harder Lemonade 1/12/23.5 oz Can,Mike's Harder,12/23.5oz Can,1015 Greenwood Lake Disc.(P),9/17/2026,1.00,1.00
Pablo Lopez,8458 Mikes Harder Black Cherry 1/12/23.5 oz Can,Mike's Harder,12/23.5oz Can,26014 Regalado Liq,9/17/2026,1.00,1.00
Derrick Laws,8460 Mikes Harder Strawberry Pineapple 1/12/23.5 oz Can,Mike's Harder,12/23.5oz Can,17002 Hillcrest Liqrs (A),9/17/2026,1.00,1.00
Mike Ast,8585 White Claw Hard Seltzer Black Cherry 1/12/19.2 oz Can,White Claw,12/19.2oz Can,88005 Waldwick Wine/Spirits,9/17/2026,1.00,1.00
Shane Barreca,8466 Mikes Harder Mango 1/12/23.5 oz Can,Mike's Harder,12/23.5oz Can,92008 Ramsey Wine & Liquor,9/17/2026,1.00,1.00
Phil Ernst,8585 White Claw Hard Seltzer Black Cherry 1/12/19.2 oz Can,White Claw,12/19.2oz Can,76021 Saddle Brook Liquor & Bar,9/17/2026,1.00,1.00
Mike Ast,8409 Mikes Harder Pink Lemonade 1/12/23.5 oz Can,Mike's Harder,12/23.5oz Can,12011 Bottle King (A) Wayne,9/17/2026,1.00,1.00
Shane Barreca,8623 White Claw Surge 8% Blood Orange 19.2 oz Can,White Claw,12/19.2oz Can,73003 Bottle King (A) Hillsdale,9/17/2026,1.00,1.00
Chris Payton,8586 White Claw Hard Seltzer Ruby Grapefruit 1/12/19.2 oz Can,White Claw,12/19.2oz Can,38017 Quick Stop Food & Liq,9/17/2026,1.00,1.00
Nick Melissari,8623 White Claw Surge 8% Blood Orange 19.2 oz Can,White Claw,12/19.2oz Can,31046 H Mart Inc (Space A101-A),9/17/2026,1.00,1.00
Anthony Palmisano,8585 White Claw Hard Seltzer Black Cherry 1/12/19.2 oz Can,White Claw,12/19.2oz Can,1012 Uncorked Wines & Spirits (West Milford),9/17/2026,1.00,1.00
Jayson Romine,8481 Mikes Harder Lemonade 1/12/23.5 oz Can,Mike's Harder,12/23.5oz Can,230420 Spring Street Liquors,9/17/2026,1.00,1.00
Jayson Romine,8409 Mikes Harder Pink Lemonade 1/12/23.5 oz Can,Mike's Harder,12/23.5oz Can,230427 ShopRite Wine & Spirits of Newton#830,9/17/2026,1.00,1.00
Chris Payton,8586 White Claw Hard Seltzer Ruby Grapefruit 1/12/19.2 oz Can,White Claw,12/19.2oz Can,79005 Maywood Wine&Liq (A),9/17/2026,1.00,1.00
Phil Ernst,8481 Mikes Harder Lemonade 1/12/23.5 oz Can,Mike's Harder,12/23.5oz Can,76021 Saddle Brook Liquor & Bar,9/17/2026,1.00,1.00
Jayson Romine,8585 White Claw Hard Seltzer Black Cherry 1/12/19.2 oz Can,White Claw,12/19.2oz Can,230427 ShopRite Wine & Spirits of Newton#830,9/17/2026,1.00,1.00
Mike Ast,8460 Mikes Harder Strawberry Pineapple 1/12/23.5 oz Can,Mike's Harder,12/23.5oz Can,12011 Bottle King (A) Wayne,9/17/2026,1.00,1.00
Phil Ernst,8585 White Claw Hard Seltzer Black Cherry 1/12/19.2 oz Can,White Claw,12/19.2oz Can,80026 Stew Leonard's(A) Paramus Wine,9/17/2026,1.00,1.00
Chris Payton,8458 Mikes Harder Black Cherry 1/12/23.5 oz Can,Mike's Harder,12/23.5oz Can,47009 Iga Supermarkets (A),9/17/2026,1.00,1.00
Matt Powierski,8585 White Claw Hard Seltzer Black Cherry 1/12/19.2 oz Can,White Claw,12/19.2oz Can,27031 Home Wine Liquor (Passaic),9/17/2026,1.00,1.00
Jim Heaney,8586 White Claw Hard Seltzer Ruby Grapefruit 1/12/19.2 oz Can,White Claw,12/19.2oz Can,30004 West End Wine & Liq,9/17/2026,1.00,1.00
Mike Ast,8481 Mikes Harder Lemonade 1/12/23.5 oz Can,Mike's Harder,12/23.5oz Can,12011 Bottle King (A) Wayne,9/17/2026,1.00,1.00
Mike Ast,8638 White Claw Surge Grape 1/12/19.2oz Can,White Claw,12/19.2oz Can,88005 Waldwick Wine/Spirits,9/17/2026,1.00,1.00
Mike Ast,8585 White Claw Hard Seltzer Black Cherry 1/12/19.2 oz Can,White Claw,12/19.2oz Can,89005 Allendale Wine Shoppe,9/17/2026,1.00,1.00
Chris Payton,8481 Mikes Harder Lemonade 1/12/23.5 oz Can,Mike's Harder,12/23.5oz Can,80025 Paramus Food Center,9/17/2026,1.00,1.00
Jayson Romine,8623 White Claw Surge 8% Blood Orange 19.2 oz Can,White Claw,12/19.2oz Can,191408 Super Saver Liq,9/17/2026,1.00,1.00
Klejdi Lamo,8631 White Claw Peach 1/12/19.2 oz Can,White Claw,12/19.2oz Can,190216 House of Wine & Liquor - Boonton,9/17/2026,1.00,1.00
Phil Ernst,8537 Cayman Jacked Margarita 1/12/19.2 oz Can,Cayman Jack,1/12/19.2oz,20106 Super Wine Warehse(P)Pate,9/17/2026,1.00,1.00
Anthony Palmisano,8585 White Claw Hard Seltzer Black Cherry 1/12/19.2 oz Can,White Claw,12/19.2oz Can,2003 Ringwood W&L,9/17/2026,1.00,1.00
Pablo Lopez,8585 White Claw Hard Seltzer Black Cherry 1/12/19.2 oz Can,White Claw,12/19.2oz Can,27072 Passaic Discount Liquors,9/17/2026,1.00,1.00
Matt Powierski,8585 White Claw Hard Seltzer Black Cherry 1/12/19.2 oz Can,White Claw,12/19.2oz Can,77002 Birchwood Liq & Deli (Z),9/17/2026,1.00,1.00
Chris Payton,8632 White Claw Surge Blueberry 1/12/19.2 oz Can,White Claw,12/19.2oz Can,38001 JR Sports Bar & Liquors(Z),9/17/2026,1.00,1.00
Jayson Romine,8458 Mikes Harder Black Cherry 1/12/23.5 oz Can,Mike's Harder,12/23.5oz Can,230427 ShopRite Wine & Spirits of Newton#830,9/17/2026,1.00,1.00
Jim Heaney,8624 White Claw Surge 8% Cranberry 19.2 oz Can,White Claw,12/19.2oz Can,30004 West End Wine & Liq,9/17/2026,1.00,1.00
Chris Payton,8592 White Claw Hard Seltzer Mango 1/12/19.2 oz Can,White Claw,12/19.2oz Can,50020 Wineland,9/17/2026,1.00,1.00
Jayson Romine,8585 White Claw Hard Seltzer Black Cherry 1/12/19.2 oz Can,White Claw,12/19.2oz Can,231707 Kent's Liquors,9/17/2026,1.00,1.00
Jayson Romine,8466 Mikes Harder Mango 1/12/23.5 oz Can,Mike's Harder,12/23.5oz Can,230427 ShopRite Wine & Spirits of Newton#830,9/17/2026,1.00,1.00
Klejdi Lamo,8409 Mikes Harder Pink Lemonade 1/12/23.5 oz Can,Mike's Harder,12/23.5oz Can,190907 Wharton Liquor Store,9/17/2026,1.00,1.00
Chris Payton,8481 Mikes Harder Lemonade 1/12/23.5 oz Can,Mike's Harder,12/23.5oz Can,38007 Garden Liquors (P),9/17/2026,1.00,1.00
Jim Heaney,8624 White Claw Surge 8% Cranberry 19.2 oz Can,White Claw,12/19.2oz Can,30010 Krauser Food & Liq(A),9/17/2026,1.00,1.00
Chris Payton,8585 White Claw Hard Seltzer Black Cherry 1/12/19.2 oz Can,White Claw,12/19.2oz Can,50020 Wineland,9/17/2026,1.00,1.00
Brian Sengebush,8585 White Claw Hard Seltzer Black Cherry 1/12/19.2 oz Can,White Claw,12/19.2oz Can,231710 Lakeside Pub (P),9/17/2026,1.00,1.00
Shane Barreca,8481 Mikes Harder Lemonade 1/12/23.5 oz Can,Mike's Harder,12/23.5oz Can,92008 Ramsey Wine & Liquor,9/17/2026,1.00,1.00
Chris Payton,8592 White Claw Hard Seltzer Mango 1/12/19.2 oz Can,White Claw,12/19.2oz Can,80025 Paramus Food Center,9/17/2026,1.00,1.00
Matt Powierski,8623 White Claw Surge 8% Blood Orange 19.2 oz Can,White Claw,12/19.2oz Can,77002 Birchwood Liq & Deli (Z),9/17/2026,1.00,1.00
Shane Barreca,8631 White Claw Peach 1/12/19.2 oz Can,White Claw,12/19.2oz Can,92008 Ramsey Wine & Liquor,9/17/2026,1.00,1.00
Shane Barreca,8632 White Claw Surge Blueberry 1/12/19.2 oz Can,White Claw,12/19.2oz Can,92008 Ramsey Wine & Liquor,9/17/2026,1.00,1.00
Phil Ernst,8586 White Claw Hard Seltzer Ruby Grapefruit 1/12/19.2 oz Can,White Claw,12/19.2oz Can,20106 Super Wine Warehse(P)Pate,9/17/2026,1.00,1.00
Phil Ernst,8585 White Claw Hard Seltzer Black Cherry 1/12/19.2 oz Can,White Claw,12/19.2oz Can,20106 Super Wine Warehse(P)Pate,9/17/2026,1.00,1.00
Klejdi Lamo,8624 White Claw Surge 8% Cranberry 19.2 oz Can,White Claw,12/19.2oz Can,190216 House of Wine & Liquor - Boonton,9/17/2026,1.00,1.00
Anthony Palmisano,8409 Mikes Harder Pink Lemonade 1/12/23.5 oz Can,Mike's Harder,12/23.5oz Can,1015 Greenwood Lake Disc.(P),9/17/2026,1.00,1.00
Mike Ast,8585 White Claw Hard Seltzer Black Cherry 1/12/19.2 oz Can,White Claw,12/19.2oz Can,12011 Bottle King (A) Wayne,9/17/2026,1.00,1.00
Dave Ehlers,8585 White Claw Hard Seltzer Black Cherry 1/12/19.2 oz Can,White Claw,12/19.2oz Can,57003 Joes Beer Wine & Spirits,9/17/2026,1.00,1.00
Anthony Palmisano,8586 White Claw Hard Seltzer Ruby Grapefruit 1/12/19.2 oz Can,White Claw,12/19.2oz Can,1023 The New Jessies Kettle(P),9/17/2026,1.00,1.00
Mike Ast,8624 White Claw Surge 8% Cranberry 19.2 oz Can,White Claw,12/19.2oz Can,88005 Waldwick Wine/Spirits,9/17/2026,1.00,1.00
Anthony Palmisano,8585 White Claw Hard Seltzer Black Cherry 1/12/19.2 oz Can,White Claw,12/19.2oz Can,1031 Highland Wine&Liquor Inc,9/17/2026,1.00,1.00
Jayson Romine,8586 White Claw Hard Seltzer Ruby Grapefruit 1/12/19.2 oz Can,White Claw,12/19.2oz Can,230412 USA Wine Traders Club Of Newton (A),9/17/2026,1.00,1.00
Chris Payton,8586 White Claw Hard Seltzer Ruby Grapefruit 1/12/19.2 oz Can,White Claw,12/19.2oz Can,50020 Wineland,9/17/2026,1.00,1.00
Chris Payton,8592 White Claw Hard Seltzer Mango 1/12/19.2 oz Can,White Claw,12/19.2oz Can,47009 Iga Supermarkets (A),9/17/2026,1.00,1.00
Chris Payton,8592 White Claw Hard Seltzer Mango 1/12/19.2 oz Can,White Claw,12/19.2oz Can,38007 Garden Liquors (P),9/17/2026,1.00,1.00
Dave Ehlers,8585 White Claw Hard Seltzer Black Cherry 1/12/19.2 oz Can,White Claw,12/19.2oz Can,41005 George's Liq,9/17/2026,1.00,1.00
Chris Payton,8585 White Claw Hard Seltzer Black Cherry 1/12/19.2 oz Can,White Claw,12/19.2oz Can,38007 Garden Liquors (P),9/17/2026,1.00,1.00
Phil Ernst,8409 Mikes Harder Pink Lemonade 1/12/23.5 oz Can,Mike's Harder,12/23.5oz Can,76021 Saddle Brook Liquor & Bar,9/17/2026,1.00,1.00
Chris Payton,8586 White Claw Hard Seltzer Ruby Grapefruit 1/12/19.2 oz Can,White Claw,12/19.2oz Can,76018 Krauszer Liquor,9/17/2026,1.00,1.00
Chris Payton,8466 Mikes Harder Mango 1/12/23.5 oz Can,Mike's Harder,12/23.5oz Can,38007 Garden Liquors (P),9/17/2026,1.00,1.00
Mike Ast,8632 White Claw Surge Blueberry 1/12/19.2 oz Can,White Claw,12/19.2oz Can,88005 Waldwick Wine/Spirits,9/17/2026,1.00,1.00
Jayson Romine,8585 White Claw Hard Seltzer Black Cherry 1/12/19.2 oz Can,White Claw,12/19.2oz Can,230412 USA Wine Traders Club Of Newton (A),9/17/2026,1.00,1.00
Anthony Palmisano,8480 Mikes Harder Cranberry 1/12/23.5 oz Can,Mike's Harder,12/23.5oz Can,1015 Greenwood Lake Disc.(P),9/17/2026,1.00,1.00
Chris Payton,8586 White Claw Hard Seltzer Ruby Grapefruit 1/12/19.2 oz Can,White Claw,12/19.2oz Can,76015 Discount Liq & Bar,9/17/2026,1.00,1.00
Dave Ehlers,8632 White Claw Surge Blueberry 1/12/19.2 oz Can,White Claw,12/19.2oz Can,41005 George's Liq,9/17/2026,1.00,1.00
Chris Payton,8585 White Claw Hard Seltzer Black Cherry 1/12/19.2 oz Can,White Claw,12/19.2oz Can,47009 Iga Supermarkets (A),9/17/2026,1.00,1.00
Klejdi Lamo,8623 White Claw Surge 8% Blood Orange 19.2 oz Can,White Claw,12/19.2oz Can,190913 Main Street Liquor,9/17/2026,1.00,1.00
Derrick Laws,8481 Mikes Harder Lemonade 1/12/23.5 oz Can,Mike's Harder,12/23.5oz Can,17002 Hillcrest Liqrs (A),9/17/2026,1.00,1.00
Klejdi Lamo,8624 White Claw Surge 8% Cranberry 19.2 oz Can,White Claw,12/19.2oz Can,190913 Main Street Liquor,9/17/2026,1.00,1.00
Matt Powierski,8458 Mikes Harder Black Cherry 1/12/23.5 oz Can,Mike's Harder,12/23.5oz Can,31004 Metro Liquors (East Rutherford),9/17/2026,1.00,1.00
Phil Ernst,8592 White Claw Hard Seltzer Mango 1/12/19.2 oz Can,White Claw,12/19.2oz Can,25010 Stew Leonard's Wines & Spirits of Clifton,9/17/2026,1.00,1.00
Jim Heaney,8585 White Claw Hard Seltzer Black Cherry 1/12/19.2 oz Can,White Claw,12/19.2oz Can,30004 West End Wine & Liq,9/17/2026,1.00,1.00
Pablo Lopez,8592 White Claw Hard Seltzer Mango 1/12/19.2 oz Can,White Claw,12/19.2oz Can,26014 Regalado Liq,9/17/2026,1.00,1.00
Javier Melo,8585 White Claw Hard Seltzer Black Cherry 1/12/19.2 oz Can,White Claw,12/19.2oz Can,27071 Mariana's Liquors,9/17/2026,1.00,1.00
Jim Heaney,8585 White Claw Hard Seltzer Black Cherry 1/12/19.2 oz Can,White Claw,12/19.2oz Can,28007 Metro Liquors (North Arlington),9/17/2026,1.00,1.00
Javier Melo,8585 White Claw Hard Seltzer Black Cherry 1/12/19.2 oz Can,White Claw,12/19.2oz Can,24003 Paulison Liquors (P),9/17/2026,1.00,1.00
Mike Ast,8592 White Claw Hard Seltzer Mango 1/12/19.2 oz Can,White Claw,12/19.2oz Can,89005 Allendale Wine Shoppe,9/17/2026,1.00,1.00
Shane Barreca,8585 White Claw Hard Seltzer Black Cherry 1/12/19.2 oz Can,White Claw,12/19.2oz Can,92008 Ramsey Wine & Liquor,9/17/2026,1.00,1.00
Mike Ast,8592 White Claw Hard Seltzer Mango 1/12/19.2 oz Can,White Claw,12/19.2oz Can,88005 Waldwick Wine/Spirits,9/17/2026,1.00,1.00
Jayson Romine,8623 White Claw Surge 8% Blood Orange 19.2 oz Can,White Claw,12/19.2oz Can,230427 ShopRite Wine & Spirits of Newton#830,9/17/2026,1.00,1.00
Chris Payton,8585 White Claw Hard Seltzer Black Cherry 1/12/19.2 oz Can,White Claw,12/19.2oz Can,80025 Paramus Food Center,9/17/2026,1.00,1.00
Klejdi Lamo,8458 Mikes Harder Black Cherry 1/12/23.5 oz Can,Mike's Harder,12/23.5oz Can,190907 Wharton Liquor Store,9/17/2026,1.00,1.00
Chris Payton,8481 Mikes Harder Lemonade 1/12/23.5 oz Can,Mike's Harder,12/23.5oz Can,47009 Iga Supermarkets (A),9/17/2026,1.00,1.00
Jayson Romine,8458 Mikes Harder Black Cherry 1/12/23.5 oz Can,Mike's Harder,12/23.5oz Can,230420 Spring Street Liquors,9/17/2026,1.00,1.00
Phil Ernst,8624 White Claw Surge 8% Cranberry 19.2 oz Can,White Claw,12/19.2oz Can,25010 Stew Leonard's Wines & Spirits of Clifton,9/17/2026,1.00,1.00
Chris Payton,8585 White Claw Hard Seltzer Black Cherry 1/12/19.2 oz Can,White Claw,12/19.2oz Can,38017 Quick Stop Food & Liq,9/17/2026,1.00,1.00
Shane Barreca,8585 White Claw Hard Seltzer Black Cherry 1/12/19.2 oz Can,White Claw,12/19.2oz Can,73003 Bottle King (A) Hillsdale,9/17/2026,1.00,1.00
Matt Powierski,8586 White Claw Hard Seltzer Ruby Grapefruit 1/12/19.2 oz Can,White Claw,12/19.2oz Can,31004 Metro Liquors (East Rutherford),9/17/2026,1.00,1.00
Mike Ast,8458 Mikes Harder Black Cherry 1/12/23.5 oz Can,Mike's Harder,12/23.5oz Can,12011 Bottle King (A) Wayne,9/17/2026,1.00,1.00
Jayson Romine,8585 White Claw Hard Seltzer Black Cherry 1/12/19.2 oz Can,White Claw,12/19.2oz Can,191408 Super Saver Liq,9/17/2026,1.00,1.00
Chris Payton,8458 Mikes Harder Black Cherry 1/12/23.5 oz Can,Mike's Harder,12/23.5oz Can,38007 Garden Liquors (P),9/17/2026,1.00,1.00
Matt Powierski,8632 White Claw Surge Blueberry 1/12/19.2 oz Can,White Claw,12/19.2oz Can,27031 Home Wine Liquor (Passaic),9/17/2026,1.00,1.00
Matt Powierski,8480 Mikes Harder Cranberry 1/12/23.5 oz Can,Mike's Harder,12/23.5oz Can,31004 Metro Liquors (East Rutherford),9/17/2026,1.00,1.00
Klejdi Lamo,8638 White Claw Surge Grape 1/12/19.2oz Can,White Claw,12/19.2oz Can,190913 Main Street Liquor,9/17/2026,1.00,1.00
Phil Ernst,8538 Cayman Jacked Strawberry Margarita 1/12/19.2 oz Can,Cayman Jack,1/12/19.2oz,20106 Super Wine Warehse(P)Pate,9/17/2026,1.00,1.00
Jayson Romine,8480 Mikes Harder Cranberry 1/12/23.5 oz Can,Mike's Harder,12/23.5oz Can,230427 ShopRite Wine & Spirits of Newton#830,9/17/2026,1.00,1.00
Jayson Romine,8592 White Claw Hard Seltzer Mango 1/12/19.2 oz Can,White Claw,12/19.2oz Can,230427 ShopRite Wine & Spirits of Newton#830,9/17/2026,1.00,1.00
Phil Ernst,8592 White Claw Hard Seltzer Mango 1/12/19.2 oz Can,White Claw,12/19.2oz Can,20106 Super Wine Warehse(P)Pate,9/17/2026,1.00,1.00
Shane Barreca,8458 Mikes Harder Black Cherry 1/12/23.5 oz Can,Mike's Harder,12/23.5oz Can,92008 Ramsey Wine & Liquor,9/17/2026,1.00,1.00
Chris Payton,8623 White Claw Surge 8% Blood Orange 19.2 oz Can,White Claw,12/19.2oz Can,80025 Paramus Food Center,9/17/2026,1.00,1.00
Derrick Laws,8585 White Claw Hard Seltzer Black Cherry 1/12/19.2 oz Can,White Claw,12/19.2oz Can,21050 Quis Queya Liquor(P),9/17/2026,1.00,1.00
Pablo Lopez,8592 White Claw Hard Seltzer Mango 1/12/19.2 oz Can,White Claw,12/19.2oz Can,27072 Passaic Discount Liquors,9/17/2026,1.00,1.00
Pablo Lopez,8585 White Claw Hard Seltzer Black Cherry 1/12/19.2 oz Can,White Claw,12/19.2oz Can,26014 Regalado Liq,9/17/2026,1.00,1.00
Klejdi Lamo,8623 White Claw Surge 8% Blood Orange 19.2 oz Can,White Claw,12/19.2oz Can,191606 Quick Check Liquor (A),9/16/2026,1.00,1.00
Anthony Palmisano,8458 Mikes Harder Black Cherry 1/12/23.5 oz Can,Mike's Harder,12/23.5oz Can,231805 Meloi Liquors,9/16/2026,1.00,1.00
Dan Lagala,8592 White Claw Hard Seltzer Mango 1/12/19.2 oz Can,White Claw,12/19.2oz Can,44014 Campbell's Wines & Liquor,9/16/2026,1.00,1.00
Klejdi Lamo,8592 White Claw Hard Seltzer Mango 1/12/19.2 oz Can,White Claw,12/19.2oz Can,191814 Sandy's Wine & Spirit (P) (Budd Lake),9/16/2026,1.00,1.00
Klejdi Lamo,8538 Cayman Jacked Strawberry Margarita 1/12/19.2 oz Can,Cayman Jack,1/12/19.2oz,191814 Sandy's Wine & Spirit (P) (Budd Lake),9/16/2026,1.00,1.00
Michael Harboy,8623 White Claw Surge 8% Blood Orange 19.2 oz Can,White Claw,12/19.2oz Can,11014 Wayne Liquor Locker,9/16/2026,1.00,1.00
Jayson Romine,8481 Mikes Harder Lemonade 1/12/23.5 oz Can,Mike's Harder,12/23.5oz Can,231316 Patricks Wine Barn,9/16/2026,1.00,1.00
Anthony Palmisano,8480 Mikes Harder Cranberry 1/12/23.5 oz Can,Mike's Harder,12/23.5oz Can,231805 Meloi Liquors,9/16/2026,1.00,1.00
Jim Heaney,8585 White Claw Hard Seltzer Black Cherry 1/12/19.2 oz Can,White Claw,12/19.2oz Can,29011 World of Wine & Liquor,9/16/2026,1.00,1.00
Jayson Romine,8585 White Claw Hard Seltzer Black Cherry 1/12/19.2 oz Can,White Claw,12/19.2oz Can,230121 White Deer Inn,9/16/2026,1.00,1.00
Derrick Laws,8409 Mikes Harder Pink Lemonade 1/12/23.5 oz Can,Mike's Harder,12/23.5oz Can,13001 Shop Rite Liq (A)Littlefl,9/16/2026,1.00,1.00
Anthony Palmisano,8592 White Claw Hard Seltzer Mango 1/12/19.2 oz Can,White Claw,12/19.2oz Can,231805 Meloi Liquors,9/16/2026,1.00,1.00
Anthony Palmisano,8592 White Claw Hard Seltzer Mango 1/12/19.2 oz Can,White Claw,12/19.2oz Can,4009 Usa Wine Traders Club (Bloomingdale),9/16/2026,1.00,1.00
Shane Barreca,8638 White Claw Surge Grape 1/12/19.2oz Can,White Claw,12/19.2oz Can,74009 Westwood Wine and Liquors,9/16/2026,1.00,1.00
Anthony Palmisano,8632 White Claw Surge Blueberry 1/12/19.2 oz Can,White Claw,12/19.2oz Can,231805 Meloi Liquors,9/16/2026,1.00,1.00
Klejdi Lamo,8585 White Claw Hard Seltzer Black Cherry 1/12/19.2 oz Can,White Claw,12/19.2oz Can,191608 Shop-Rite(A) Netcong,9/16/2026,1.00,1.00
Dan Lagala,8624 White Claw Surge 8% Cranberry 19.2 oz Can,White Claw,12/19.2oz Can,44009 Metro Liquor (Cliffside Park),9/16/2026,1.00,1.00
Matt Powierski,8631 White Claw Peach 1/12/19.2 oz Can,White Claw,12/19.2oz Can,37068 Whoopee Liq (A),9/16/2026,1.00,1.00
Klejdi Lamo,8537 Cayman Jacked Margarita 1/12/19.2 oz Can,Cayman Jack,1/12/19.2oz,191814 Sandy's Wine & Spirit (P) (Budd Lake),9/16/2026,1.00,1.00
Klejdi Lamo,8638 White Claw Surge Grape 1/12/19.2oz Can,White Claw,12/19.2oz Can,190705 Rockaway W/L,9/16/2026,1.00,1.00
Shane Barreca,8586 White Claw Hard Seltzer Ruby Grapefruit 1/12/19.2 oz Can,White Claw,12/19.2oz Can,59003 Oradell Mini Mart(P),9/16/2026,1.00,1.00
Anthony Palmisano,8586 White Claw Hard Seltzer Ruby Grapefruit 1/12/19.2 oz Can,White Claw,12/19.2oz Can,4009 Usa Wine Traders Club (Bloomingdale),9/16/2026,1.00,1.00
Klejdi Lamo,8585 White Claw Hard Seltzer Black Cherry 1/12/19.2 oz Can,White Claw,12/19.2oz Can,191606 Quick Check Liquor (A),9/16/2026,1.00,1.00
Anthony Palmisano,8481 Mikes Harder Lemonade 1/12/23.5 oz Can,Mike's Harder,12/23.5oz Can,4009 Usa Wine Traders Club (Bloomingdale),9/16/2026,1.00,1.00
Klejdi Lamo,8458 Mikes Harder Black Cherry 1/12/23.5 oz Can,Mike's Harder,12/23.5oz Can,191814 Sandy's Wine & Spirit (P) (Budd Lake),9/16/2026,1.00,1.00
Jayson Romine,8480 Mikes Harder Cranberry 1/12/23.5 oz Can,Mike's Harder,12/23.5oz Can,231316 Patricks Wine Barn,9/16/2026,1.00,1.00
Matt Powierski,8586 White Claw Hard Seltzer Ruby Grapefruit 1/12/19.2 oz Can,White Claw,12/19.2oz Can,37068 Whoopee Liq (A),9/16/2026,1.00,1.00
Chris Payton,8409 Mikes Harder Pink Lemonade 1/12/23.5 oz Can,Mike's Harder,12/23.5oz Can,38016 Lodi Liquor Store(P),9/16/2026,1.00,1.00
Klejdi Lamo,8624 White Claw Surge 8% Cranberry 19.2 oz Can,White Claw,12/19.2oz Can,191606 Quick Check Liquor (A),9/16/2026,1.00,1.00
Phil Ernst,8624 White Claw Surge 8% Cranberry 19.2 oz Can,White Claw,12/19.2oz Can,80041 PRIME WINE CELLAR Liquor & Beer,9/16/2026,1.00,1.00
Mike Ast,8466 Mikes Harder Mango 1/12/23.5 oz Can,Mike's Harder,12/23.5oz Can,84002 GREEN WAY MARKETS,9/16/2026,1.00,1.00
Dave Ehlers,8631 White Claw Peach 1/12/19.2 oz Can,White Claw,12/19.2oz Can,56008 Bergenfield Liq & Fw,9/16/2026,1.00,1.00
Klejdi Lamo,8631 White Claw Peach 1/12/19.2 oz Can,White Claw,12/19.2oz Can,191606 Quick Check Liquor (A),9/16/2026,1.00,1.00
Anthony Palmisano,8623 White Claw Surge 8% Blood Orange 19.2 oz Can,White Claw,12/19.2oz Can,8002 Country Convenience Store,9/16/2026,1.00,1.00
Shane Barreca,8632 White Claw Surge Blueberry 1/12/19.2 oz Can,White Claw,12/19.2oz Can,74009 Westwood Wine and Liquors,9/16/2026,1.00,1.00
Shane Barreca,8585 White Claw Hard Seltzer Black Cherry 1/12/19.2 oz Can,White Claw,12/19.2oz Can,74009 Westwood Wine and Liquors,9/16/2026,1.00,1.00
Mike Ast,8481 Mikes Harder Lemonade 1/12/23.5 oz Can,Mike's Harder,12/23.5oz Can,84002 GREEN WAY MARKETS,9/16/2026,1.00,1.00
Matt Powierski,8631 White Claw Peach 1/12/19.2 oz Can,White Claw,12/19.2oz Can,27063 Archies (P),9/16/2026,1.00,1.00
Matt Powierski,8538 Cayman Jacked Strawberry Margarita 1/12/19.2 oz Can,Cayman Jack,1/12/19.2oz,33002 Moonachie Liquors,9/16/2026,1.00,1.00
Anthony Palmisano,8458 Mikes Harder Black Cherry 1/12/23.5 oz Can,Mike's Harder,12/23.5oz Can,4009 Usa Wine Traders Club (Bloomingdale),9/16/2026,1.00,1.00
Phil Ernst,8592 White Claw Hard Seltzer Mango 1/12/19.2 oz Can,White Claw,12/19.2oz Can,80041 PRIME WINE CELLAR Liquor & Beer,9/16/2026,1.00,1.00
Jim Heaney,8585 White Claw Hard Seltzer Black Cherry 1/12/19.2 oz Can,White Claw,12/19.2oz Can,29003 Liquor Shed,9/16/2026,1.00,1.00
Jim Heaney,8585 White Claw Hard Seltzer Black Cherry 1/12/19.2 oz Can,White Claw,12/19.2oz Can,30005 Rutherford Wine (A),9/16/2026,1.00,1.00
Klejdi Lamo,8585 White Claw Hard Seltzer Black Cherry 1/12/19.2 oz Can,White Claw,12/19.2oz Can,190705 Rockaway W/L,9/16/2026,1.00,1.00
Jayson Romine,8586 White Claw Hard Seltzer Ruby Grapefruit 1/12/19.2 oz Can,White Claw,12/19.2oz Can,231316 Patricks Wine Barn,9/16/2026,1.00,1.00
Jayson Romine,8592 White Claw Hard Seltzer Mango 1/12/19.2 oz Can,White Claw,12/19.2oz Can,231315 Woody's Liq Shop (A),9/16/2026,1.00,1.00
Klejdi Lamo,8638 White Claw Surge Grape 1/12/19.2oz Can,White Claw,12/19.2oz Can,191608 Shop-Rite(A) Netcong,9/16/2026,1.00,1.00
Shane Barreca,8632 White Claw Surge Blueberry 1/12/19.2 oz Can,White Claw,12/19.2oz Can,70003 Montvale Wines & Spirits,9/16/2026,1.00,1.00
Klejdi Lamo,8592 White Claw Hard Seltzer Mango 1/12/19.2 oz Can,White Claw,12/19.2oz Can,191518 3 IN 1 LIQUORS INC,9/16/2026,1.00,1.00
Pablo Lopez,8592 White Claw Hard Seltzer Mango 1/12/19.2 oz Can,White Claw,12/19.2oz Can,27043 Monroe Wine & Liq(P),9/16/2026,1.00,1.00
Dan Lagala,8592 White Claw Hard Seltzer Mango 1/12/19.2 oz Can,White Claw,12/19.2oz Can,43005 Rome Liquors (Fairview),9/16/2026,1.00,1.00
Derrick Laws,8481 Mikes Harder Lemonade 1/12/23.5 oz Can,Mike's Harder,12/23.5oz Can,13001 Shop Rite Liq (A)Littlefl,9/16/2026,1.00,1.00
Dan Lagala,8592 White Claw Hard Seltzer Mango 1/12/19.2 oz Can,White Claw,12/19.2oz Can,44009 Metro Liquor (Cliffside Park),9/16/2026,1.00,1.00
Derrick Laws,8623 White Claw Surge 8% Blood Orange 19.2 oz Can,White Claw,12/19.2oz Can,13001 Shop Rite Liq (A)Littlefl,9/16/2026,1.00,1.00
Matt Powierski,8585 White Claw Hard Seltzer Black Cherry 1/12/19.2 oz Can,White Claw,12/19.2oz Can,37068 Whoopee Liq (A),9/16/2026,1.00,1.00
Klejdi Lamo,8586 White Claw Hard Seltzer Ruby Grapefruit 1/12/19.2 oz Can,White Claw,12/19.2oz Can,191606 Quick Check Liquor (A),9/16/2026,1.00,1.00
Anthony Palmisano,8631 White Claw Peach 1/12/19.2 oz Can,White Claw,12/19.2oz Can,231805 Meloi Liquors,9/16/2026,1.00,1.00
Klejdi Lamo,8632 White Claw Surge Blueberry 1/12/19.2 oz Can,White Claw,12/19.2oz Can,191710 Shop Rite Wine & Spirits Stanhope,9/16/2026,1.00,1.00
Klejdi Lamo,8585 White Claw Hard Seltzer Black Cherry 1/12/19.2 oz Can,White Claw,12/19.2oz Can,191518 3 IN 1 LIQUORS INC,9/16/2026,1.00,1.00
Klejdi Lamo,8409 Mikes Harder Pink Lemonade 1/12/23.5 oz Can,Mike's Harder,12/23.5oz Can,191606 Quick Check Liquor (A),9/16/2026,1.00,1.00
Dan Lagala,8585 White Claw Hard Seltzer Black Cherry 1/12/19.2 oz Can,White Claw,12/19.2oz Can,44009 Metro Liquor (Cliffside Park),9/16/2026,1.00,1.00
Klejdi Lamo,8586 White Claw Hard Seltzer Ruby Grapefruit 1/12/19.2 oz Can,White Claw,12/19.2oz Can,191814 Sandy's Wine & Spirit (P) (Budd Lake),9/16/2026,1.00,1.00
Shane Barreca,8623 White Claw Surge 8% Blood Orange 19.2 oz Can,White Claw,12/19.2oz Can,59003 Oradell Mini Mart(P),9/16/2026,1.00,1.00
Klejdi Lamo,8623 White Claw Surge 8% Blood Orange 19.2 oz Can,White Claw,12/19.2oz Can,191710 Shop Rite Wine & Spirits Stanhope,9/16/2026,1.00,1.00
Chris Payton,8481 Mikes Harder Lemonade 1/12/23.5 oz Can,Mike's Harder,12/23.5oz Can,38016 Lodi Liquor Store(P),9/16/2026,1.00,1.00
Shane Barreca,8592 White Claw Hard Seltzer Mango 1/12/19.2 oz Can,White Claw,12/19.2oz Can,70003 Montvale Wines & Spirits,9/16/2026,1.00,1.00
Jim Heaney,8638 White Claw Surge Grape 1/12/19.2oz Can,White Claw,12/19.2oz Can,29003 Liquor Shed,9/16/2026,1.00,1.00
Dave Ehlers,8632 White Claw Surge Blueberry 1/12/19.2 oz Can,White Claw,12/19.2oz Can,39012 Wine And Liq Depot(A),9/16/2026,1.00,1.00
Dave Ehlers,8538 Cayman Jacked Strawberry Margarita 1/12/19.2 oz Can,Cayman Jack,1/12/19.2oz,39012 Wine And Liq Depot(A),9/16/2026,1.00,1.00
Derrick Laws,8631 White Claw Peach 1/12/19.2 oz Can,White Claw,12/19.2oz Can,13001 Shop Rite Liq (A)Littlefl,9/16/2026,1.00,1.00
Dan Lagala,8631 White Claw Peach 1/12/19.2 oz Can,White Claw,12/19.2oz Can,44009 Metro Liquor (Cliffside Park),9/16/2026,1.00,1.00
Dave Ehlers,8632 White Claw Surge Blueberry 1/12/19.2 oz Can,White Claw,12/19.2oz Can,56008 Bergenfield Liq & Fw,9/16/2026,1.00,1.00
Klejdi Lamo,8480 Mikes Harder Cranberry 1/12/23.5 oz Can,Mike's Harder,12/23.5oz Can,191213 Island Of Spirits (P),9/16/2026,1.00,1.00
Dan Lagala,8585 White Claw Hard Seltzer Black Cherry 1/12/19.2 oz Can,White Claw,12/19.2oz Can,44014 Campbell's Wines & Liquor,9/16/2026,1.00,1.00
Derrick Laws,8538 Cayman Jacked Strawberry Margarita 1/12/19.2 oz Can,Cayman Jack,1/12/19.2oz,15012 Pal's Liquor,9/16/2026,1.00,1.00
Anthony Palmisano,8481 Mikes Harder Lemonade 1/12/23.5 oz Can,Mike's Harder,12/23.5oz Can,231805 Meloi Liquors,9/16/2026,1.00,1.00
Klejdi Lamo,8585 White Claw Hard Seltzer Black Cherry 1/12/19.2 oz Can,White Claw,12/19.2oz Can,191710 Shop Rite Wine & Spirits Stanhope,9/16/2026,1.00,1.00
Mike Ast,8592 White Claw Hard Seltzer Mango 1/12/19.2 oz Can,White Claw,12/19.2oz Can,84002 GREEN WAY MARKETS,9/16/2026,1.00,1.00
Matt Powierski,8537 Cayman Jacked Margarita 1/12/19.2 oz Can,Cayman Jack,1/12/19.2oz,33002 Moonachie Liquors,9/16/2026,1.00,1.00
Klejdi Lamo,8638 White Claw Surge Grape 1/12/19.2oz Can,White Claw,12/19.2oz Can,191606 Quick Check Liquor (A),9/16/2026,1.00,1.00
Klejdi Lamo,8592 White Claw Hard Seltzer Mango 1/12/19.2 oz Can,White Claw,12/19.2oz Can,191606 Quick Check Liquor (A),9/16/2026,1.00,1.00
Mike Ast,8585 White Claw Hard Seltzer Black Cherry 1/12/19.2 oz Can,White Claw,12/19.2oz Can,84002 GREEN WAY MARKETS,9/16/2026,1.00,1.00
Jayson Romine,8585 White Claw Hard Seltzer Black Cherry 1/12/19.2 oz Can,White Claw,12/19.2oz Can,231215 Mac & Lindy's W & S (A),9/16/2026,1.00,1.00
Mike Ast,8458 Mikes Harder Black Cherry 1/12/23.5 oz Can,Mike's Harder,12/23.5oz Can,84002 GREEN WAY MARKETS,9/16/2026,1.00,1.00
Jayson Romine,8585 White Claw Hard Seltzer Black Cherry 1/12/19.2 oz Can,White Claw,12/19.2oz Can,231315 Woody's Liq Shop (A),9/16/2026,1.00,1.00
Klejdi Lamo,8592 White Claw Hard Seltzer Mango 1/12/19.2 oz Can,White Claw,12/19.2oz Can,191608 Shop-Rite(A) Netcong,9/16/2026,1.00,1.00
Matt Powierski,8592 White Claw Hard Seltzer Mango 1/12/19.2 oz Can,White Claw,12/19.2oz Can,37068 Whoopee Liq (A),9/16/2026,1.00,1.00
Anthony Palmisano,8632 White Claw Surge Blueberry 1/12/19.2 oz Can,White Claw,12/19.2oz Can,8002 Country Convenience Store,9/16/2026,1.00,1.00
Jim Heaney,8585 White Claw Hard Seltzer Black Cherry 1/12/19.2 oz Can,White Claw,12/19.2oz Can,13017 On The Rocks,9/16/2026,1.00,1.00
Klejdi Lamo,8592 White Claw Hard Seltzer Mango 1/12/19.2 oz Can,White Claw,12/19.2oz Can,190207 Liquor Outlet,9/16/2026,1.00,1.00
Jim Heaney,8592 White Claw Hard Seltzer Mango 1/12/19.2 oz Can,White Claw,12/19.2oz Can,30005 Rutherford Wine (A),9/16/2026,1.00,1.00
Klejdi Lamo,8586 White Claw Hard Seltzer Ruby Grapefruit 1/12/19.2 oz Can,White Claw,12/19.2oz Can,190207 Liquor Outlet,9/16/2026,1.00,1.00
Matt Powierski,8538 Cayman Jacked Strawberry Margarita 1/12/19.2 oz Can,Cayman Jack,1/12/19.2oz,31033 Capri Deli&Liq (P),9/16/2026,1.00,1.00
Klejdi Lamo,8585 White Claw Hard Seltzer Black Cherry 1/12/19.2 oz Can,White Claw,12/19.2oz Can,191814 Sandy's Wine & Spirit (P) (Budd Lake),9/16/2026,1.00,1.00
Matt Powierski,8537 Cayman Jacked Margarita 1/12/19.2 oz Can,Cayman Jack,1/12/19.2oz,31033 Capri Deli&Liq (P),9/16/2026,1.00,1.00
Anthony Palmisano,8585 White Claw Hard Seltzer Black Cherry 1/12/19.2 oz Can,White Claw,12/19.2oz Can,4009 Usa Wine Traders Club (Bloomingdale),9/16/2026,1.00,1.00
Jayson Romine,8592 White Claw Hard Seltzer Mango 1/12/19.2 oz Can,White Claw,12/19.2oz Can,231316 Patricks Wine Barn,9/16/2026,1.00,1.00
Derrick Laws,8624 White Claw Surge 8% Cranberry 19.2 oz Can,White Claw,12/19.2oz Can,13001 Shop Rite Liq (A)Littlefl,9/16/2026,1.00,1.00
Shane Barreca,8585 White Claw Hard Seltzer Black Cherry 1/12/19.2 oz Can,White Claw,12/19.2oz Can,59003 Oradell Mini Mart(P),9/16/2026,1.00,1.00
Klejdi Lamo,8585 White Claw Hard Seltzer Black Cherry 1/12/19.2 oz Can,White Claw,12/19.2oz Can,190207 Liquor Outlet,9/16/2026,1.00,1.00
Anthony Palmisano,8585 White Claw Hard Seltzer Black Cherry 1/12/19.2 oz Can,White Claw,12/19.2oz Can,231805 Meloi Liquors,9/16/2026,1.00,1.00
Jayson Romine,8585 White Claw Hard Seltzer Black Cherry 1/12/19.2 oz Can,White Claw,12/19.2oz Can,231316 Patricks Wine Barn,9/16/2026,1.00,1.00
Klejdi Lamo,8624 White Claw Surge 8% Cranberry 19.2 oz Can,White Claw,12/19.2oz Can,191814 Sandy's Wine & Spirit (P) (Budd Lake),9/16/2026,1.00,1.00
Matt Powierski,8592 White Claw Hard Seltzer Mango 1/12/19.2 oz Can,White Claw,12/19.2oz Can,27063 Archies (P),9/16/2026,1.00,1.00
Shane Barreca,8624 White Claw Surge 8% Cranberry 19.2 oz Can,White Claw,12/19.2oz Can,70003 Montvale Wines & Spirits,9/16/2026,1.00,1.00
Klejdi Lamo,8624 White Claw Surge 8% Cranberry 19.2 oz Can,White Claw,12/19.2oz Can,190207 Liquor Outlet,9/16/2026,1.00,1.00
Jim Heaney,8623 White Claw Surge 8% Blood Orange 19.2 oz Can,White Claw,12/19.2oz Can,29003 Liquor Shed,9/16/2026,1.00,1.00
Klejdi Lamo,8638 White Claw Surge Grape 1/12/19.2oz Can,White Claw,12/19.2oz Can,191814 Sandy's Wine & Spirit (P) (Budd Lake),9/16/2026,1.00,1.00
Chris Payton,8624 White Claw Surge 8% Cranberry 19.2 oz Can,White Claw,12/19.2oz Can,38016 Lodi Liquor Store(P),9/16/2026,1.00,1.00
Jayson Romine,8623 White Claw Surge 8% Blood Orange 19.2 oz Can,White Claw,12/19.2oz Can,230121 White Deer Inn,9/16/2026,1.00,1.00
Mike Ast,8632 White Claw Surge Blueberry 1/12/19.2 oz Can,White Claw,12/19.2oz Can,17010 Frank's Fine Wine & Foods,9/15/2026,1.00,1.00
Mike Ast,8592 White Claw Hard Seltzer Mango 1/12/19.2 oz Can,White Claw,12/19.2oz Can,83003 Beekman's Wines and Liquors,9/15/2026,1.00,1.00
Matt Powierski,8631 White Claw Peach 1/12/19.2 oz Can,White Claw,12/19.2oz Can,31060 Bottle Republic (Rutherford),9/15/2026,1.00,1.00
Klejdi Lamo,8466 Mikes Harder Mango 1/12/23.5 oz Can,Mike's Harder,12/23.5oz Can,1003 23 liquor & Tobacco,9/15/2026,1.00,1.00
Dan Lagala,8586 White Claw Hard Seltzer Ruby Grapefruit 1/12/19.2 oz Can,White Claw,12/19.2oz Can,49033 Banner Liquor Iii,9/15/2026,1.00,1.00
Matt Powierski,8592 White Claw Hard Seltzer Mango 1/12/19.2 oz Can,White Claw,12/19.2oz Can,36016 King Liquors,9/15/2026,1.00,1.00
Dave Ehlers,8585 White Claw Hard Seltzer Black Cherry 1/12/19.2 oz Can,White Claw,12/19.2oz Can,57001 Barrel & Brew Bar & Liq,9/15/2026,1.00,1.00
Dave Ehlers,8481 Mikes Harder Lemonade 1/12/23.5 oz Can,Mike's Harder,12/23.5oz Can,40010 Hackensack Liquors,9/15/2026,1.00,1.00
Dan Lagala,8632 White Claw Surge Blueberry 1/12/19.2 oz Can,White Claw,12/19.2oz Can,49033 Banner Liquor Iii,9/15/2026,1.00,1.00
Phil Ernst,8592 White Claw Hard Seltzer Mango 1/12/19.2 oz Can,White Claw,12/19.2oz Can,40019 Budy's Wine & Liq (A),9/15/2026,1.00,1.00
Matt Powierski,8592 White Claw Hard Seltzer Mango 1/12/19.2 oz Can,White Claw,12/19.2oz Can,32016 Cobblestone Hill Deli,9/15/2026,1.00,1.00
Klejdi Lamo,8466 Mikes Harder Mango 1/12/23.5 oz Can,Mike's Harder,12/23.5oz Can,191210 Milton Inn,9/15/2026,1.00,1.00
Dave Ehlers,8632 White Claw Surge Blueberry 1/12/19.2 oz Can,White Claw,12/19.2oz Can,40010 Hackensack Liquors,9/15/2026,1.00,1.00
Michael Harboy,8623 White Claw Surge 8% Blood Orange 19.2 oz Can,White Claw,12/19.2oz Can,12017 Shays Liquors,9/15/2026,1.00,1.00
Michael Harboy,8592 White Claw Hard Seltzer Mango 1/12/19.2 oz Can,White Claw,12/19.2oz Can,12005 Shay's Liquors,9/15/2026,1.00,1.00
Javier Melo,8585 White Claw Hard Seltzer Black Cherry 1/12/19.2 oz Can,White Claw,12/19.2oz Can,27008 Bermuda Liquors (P),9/15/2026,1.00,1.00
Dan Lagala,8592 White Claw Hard Seltzer Mango 1/12/19.2 oz Can,White Claw,12/19.2oz Can,48002 Manor Wine & Liquor,9/15/2026,1.00,1.00
Matt Powierski,8592 White Claw Hard Seltzer Mango 1/12/19.2 oz Can,White Claw,12/19.2oz Can,77022 All Star Wine & Liquor,9/15/2026,1.00,1.00
Jayson Romine,8585 White Claw Hard Seltzer Black Cherry 1/12/19.2 oz Can,White Claw,12/19.2oz Can,230920 Hamburg Liquor,9/15/2026,1.00,1.00
Derrick Laws,8585 White Claw Hard Seltzer Black Cherry 1/12/19.2 oz Can,White Claw,12/19.2oz Can,21048 Ferraro's Liquor,9/15/2026,1.00,1.00
Dan Lagala,8624 White Claw Surge 8% Cranberry 19.2 oz Can,White Claw,12/19.2oz Can,49033 Banner Liquor Iii,9/15/2026,1.00,1.00
Matt Powierski,8638 White Claw Surge Grape 1/12/19.2oz Can,White Claw,12/19.2oz Can,36007 Shop Rite Of Wallington,9/15/2026,1.00,1.00
Anthony Palmisano,8586 White Claw Hard Seltzer Ruby Grapefruit 1/12/19.2 oz Can,White Claw,12/19.2oz Can,6002 Roserne Liquors North,9/15/2026,1.00,1.00
Phil Ernst,8585 White Claw Hard Seltzer Black Cherry 1/12/19.2 oz Can,White Claw,12/19.2oz Can,40019 Budy's Wine & Liq (A),9/15/2026,1.00,1.00
Dan Lagala,8631 White Claw Peach 1/12/19.2 oz Can,White Claw,12/19.2oz Can,49055 Edgewater Liquor (A),9/15/2026,1.00,1.00
Dave Ehlers,8409 Mikes Harder Pink Lemonade 1/12/23.5 oz Can,Mike's Harder,12/23.5oz Can,57001 Barrel & Brew Bar & Liq,9/15/2026,1.00,1.00
Matt Powierski,8409 Mikes Harder Pink Lemonade 1/12/23.5 oz Can,Mike's Harder,12/23.5oz Can,36006 Wallington Liquor and Wine,9/15/2026,1.00,1.00
Dave Ehlers,8586 White Claw Hard Seltzer Ruby Grapefruit 1/12/19.2 oz Can,White Claw,12/19.2oz Can,40010 Hackensack Liquors,9/15/2026,1.00,1.00
Anthony Palmisano,8585 White Claw Hard Seltzer Black Cherry 1/12/19.2 oz Can,White Claw,12/19.2oz Can,6002 Roserne Liquors North,9/15/2026,1.00,1.00
Dan Lagala,8623 White Claw Surge 8% Blood Orange 19.2 oz Can,White Claw,12/19.2oz Can,49033 Banner Liquor Iii,9/15/2026,1.00,1.00
Chris Payton,8592 White Claw Hard Seltzer Mango 1/12/19.2 oz Can,White Claw,12/19.2oz Can,50007 Welsh Farms,9/15/2026,1.00,1.00
Pablo Lopez,8592 White Claw Hard Seltzer Mango 1/12/19.2 oz Can,White Claw,12/19.2oz Can,27021 Johnny's Liqs (P),9/15/2026,1.00,1.00
Matt Powierski,8592 White Claw Hard Seltzer Mango 1/12/19.2 oz Can,White Claw,12/19.2oz Can,77007 Wine Land,9/15/2026,1.00,1.00
Chris Payton,8592 White Claw Hard Seltzer Mango 1/12/19.2 oz Can,White Claw,12/19.2oz Can,38019 Circle Liquors,9/15/2026,1.00,1.00
Anthony Palmisano,8592 White Claw Hard Seltzer Mango 1/12/19.2 oz Can,White Claw,12/19.2oz Can,8009 Appio's Liquors,9/15/2026,1.00,1.00
Dave Ehlers,8537 Cayman Jacked Margarita 1/12/19.2 oz Can,Cayman Jack,1/12/19.2oz,40010 Hackensack Liquors,9/15/2026,1.00,1.00
Matt Powierski,8585 White Claw Hard Seltzer Black Cherry 1/12/19.2 oz Can,White Claw,12/19.2oz Can,77007 Wine Land,9/15/2026,1.00,1.00
Jim Heaney,8585 White Claw Hard Seltzer Black Cherry 1/12/19.2 oz Can,White Claw,12/19.2oz Can,24017 Rainbow Liquor (P),9/15/2026,1.00,1.00
Dave Ehlers,8632 White Claw Surge Blueberry 1/12/19.2 oz Can,White Claw,12/19.2oz Can,57001 Barrel & Brew Bar & Liq,9/15/2026,1.00,1.00
Jim Heaney,8592 White Claw Hard Seltzer Mango 1/12/19.2 oz Can,White Claw,12/19.2oz Can,24017 Rainbow Liquor (P),9/15/2026,1.00,1.00
Jayson Romine,8586 White Claw Hard Seltzer Ruby Grapefruit 1/12/19.2 oz Can,White Claw,12/19.2oz Can,231203 The George Inn,9/15/2026,1.00,1.00
Dan Lagala,8638 White Claw Surge Grape 1/12/19.2oz Can,White Claw,12/19.2oz Can,49055 Edgewater Liquor (A),9/15/2026,1.00,1.00
Chris Payton,8458 Mikes Harder Black Cherry 1/12/23.5 oz Can,Mike's Harder,12/23.5oz Can,79004 Coronet Variety,9/15/2026,1.00,1.00
Michael Harboy,8585 White Claw Hard Seltzer Black Cherry 1/12/19.2 oz Can,White Claw,12/19.2oz Can,12005 Shay's Liquors,9/15/2026,1.00,1.00
Dave Ehlers,8466 Mikes Harder Mango 1/12/23.5 oz Can,Mike's Harder,12/23.5oz Can,57001 Barrel & Brew Bar & Liq,9/15/2026,1.00,1.00
Jayson Romine,8586 White Claw Hard Seltzer Ruby Grapefruit 1/12/19.2 oz Can,White Claw,12/19.2oz Can,230920 Hamburg Liquor,9/15/2026,1.00,1.00
Jayson Romine,8585 White Claw Hard Seltzer Black Cherry 1/12/19.2 oz Can,White Claw,12/19.2oz Can,231203 The George Inn,9/15/2026,1.00,1.00
Pablo Lopez,8585 White Claw Hard Seltzer Black Cherry 1/12/19.2 oz Can,White Claw,12/19.2oz Can,27069 Broadway W&L,9/15/2026,1.00,1.00
Michael Harboy,8585 White Claw Hard Seltzer Black Cherry 1/12/19.2 oz Can,White Claw,12/19.2oz Can,12017 Shays Liquors,9/15/2026,1.00,1.00
Anthony Palmisano,8592 White Claw Hard Seltzer Mango 1/12/19.2 oz Can,White Claw,12/19.2oz Can,10003 Buy Rite W &L Pompton(P),9/15/2026,1.00,1.00
Klejdi Lamo,8623 White Claw Surge 8% Blood Orange 19.2 oz Can,White Claw,12/19.2oz Can,191210 Milton Inn,9/15/2026,1.00,1.00
Dan Lagala,8638 White Claw Surge Grape 1/12/19.2oz Can,White Claw,12/19.2oz Can,49033 Banner Liquor Iii,9/15/2026,1.00,1.00
Pablo Lopez,8592 White Claw Hard Seltzer Mango 1/12/19.2 oz Can,White Claw,12/19.2oz Can,27069 Broadway W&L,9/15/2026,1.00,1.00
Anthony Palmisano,8585 White Claw Hard Seltzer Black Cherry 1/12/19.2 oz Can,White Claw,12/19.2oz Can,8009 Appio's Liquors,9/15/2026,1.00,1.00
Jim Heaney,8592 White Claw Hard Seltzer Mango 1/12/19.2 oz Can,White Claw,12/19.2oz Can,24020 US#1 Wine & Liquor,9/15/2026,1.00,1.00
Chris Payton,8585 White Claw Hard Seltzer Black Cherry 1/12/19.2 oz Can,White Claw,12/19.2oz Can,25045 Clifton Disc Liq (A),9/15/2026,1.00,1.00
Anthony Palmisano,8586 White Claw Hard Seltzer Ruby Grapefruit 1/12/19.2 oz Can,White Claw,12/19.2oz Can,8009 Appio's Liquors,9/15/2026,1.00,1.00
Anthony Palmisano,8586 White Claw Hard Seltzer Ruby Grapefruit 1/12/19.2 oz Can,White Claw,12/19.2oz Can,10003 Buy Rite W &L Pompton(P),9/15/2026,1.00,1.00
Dan Lagala,8585 White Claw Hard Seltzer Black Cherry 1/12/19.2 oz Can,White Claw,12/19.2oz Can,49033 Banner Liquor Iii,9/15/2026,1.00,1.00
Mike Ast,8585 White Claw Hard Seltzer Black Cherry 1/12/19.2 oz Can,White Claw,12/19.2oz Can,83003 Beekman's Wines and Liquors,9/15/2026,1.00,1.00
Dave Ehlers,8624 White Claw Surge 8% Cranberry 19.2 oz Can,White Claw,12/19.2oz Can,40010 Hackensack Liquors,9/15/2026,1.00,1.00
Dan Lagala,8631 White Claw Peach 1/12/19.2 oz Can,White Claw,12/19.2oz Can,49033 Banner Liquor Iii,9/15/2026,1.00,1.00
Michael Harboy,8638 White Claw Surge Grape 1/12/19.2oz Can,White Claw,12/19.2oz Can,12005 Shay's Liquors,9/15/2026,1.00,1.00
Matt Powierski,8624 White Claw Surge 8% Cranberry 19.2 oz Can,White Claw,12/19.2oz Can,36007 Shop Rite Of Wallington,9/15/2026,1.00,1.00
Chris Payton,8481 Mikes Harder Lemonade 1/12/23.5 oz Can,Mike's Harder,12/23.5oz Can,25045 Clifton Disc Liq (A),9/15/2026,1.00,1.00
Shane Barreca,8592 White Claw Hard Seltzer Mango 1/12/19.2 oz Can,White Claw,12/19.2oz Can,70001 Montvale Wine/Liq & Beer,9/15/2026,1.00,1.00
Matt Powierski,8585 White Claw Hard Seltzer Black Cherry 1/12/19.2 oz Can,White Claw,12/19.2oz Can,37029 River Drive Bar (P),9/15/2026,1.00,1.00
Anthony Palmisano,8592 White Claw Hard Seltzer Mango 1/12/19.2 oz Can,White Claw,12/19.2oz Can,6002 Roserne Liquors North,9/15/2026,1.00,1.00
Klejdi Lamo,8624 White Claw Surge 8% Cranberry 19.2 oz Can,White Claw,12/19.2oz Can,191210 Milton Inn,9/15/2026,1.00,1.00
Dave Ehlers,8409 Mikes Harder Pink Lemonade 1/12/23.5 oz Can,Mike's Harder,12/23.5oz Can,40010 Hackensack Liquors,9/15/2026,1.00,1.00
Matt Powierski,8592 White Claw Hard Seltzer Mango 1/12/19.2 oz Can,White Claw,12/19.2oz Can,37029 River Drive Bar (P),9/15/2026,1.00,1.00
Matt Powierski,8466 Mikes Harder Mango 1/12/23.5 oz Can,Mike's Harder,12/23.5oz Can,36006 Wallington Liquor and Wine,9/15/2026,1.00,1.00
Dan Lagala,8592 White Claw Hard Seltzer Mango 1/12/19.2 oz Can,White Claw,12/19.2oz Can,49035 Gulf Express Fort Lee,9/15/2026,1.00,1.00
Shane Barreca,8592 White Claw Hard Seltzer Mango 1/12/19.2 oz Can,White Claw,12/19.2oz Can,75002 Shop Rite Liq (A)Emerson,9/15/2026,1.00,1.00
Matt Powierski,8623 White Claw Surge 8% Blood Orange 19.2 oz Can,White Claw,12/19.2oz Can,32016 Cobblestone Hill Deli,9/15/2026,1.00,1.00
Anthony Palmisano,8631 White Claw Peach 1/12/19.2 oz Can,White Claw,12/19.2oz Can,10003 Buy Rite W &L Pompton(P),9/15/2026,1.00,1.00
Dan Lagala,8585 White Claw Hard Seltzer Black Cherry 1/12/19.2 oz Can,White Claw,12/19.2oz Can,49035 Gulf Express Fort Lee,9/15/2026,1.00,1.00
Chris Payton,8585 White Claw Hard Seltzer Black Cherry 1/12/19.2 oz Can,White Claw,12/19.2oz Can,50007 Welsh Farms,9/15/2026,1.00,1.00
Brian Sengebush,8592 White Claw Hard Seltzer Mango 1/12/19.2 oz Can,White Claw,12/19.2oz Can,191003 Chabons Ii Liq/Bar (A),9/15/2026,1.00,1.00
Jayson Romine,8481 Mikes Harder Lemonade 1/12/23.5 oz Can,Mike's Harder,12/23.5oz Can,230924 Sussex Co.Discount Liq(P),9/15/2026,1.00,1.00
Brian Sengebush,8586 White Claw Hard Seltzer Ruby Grapefruit 1/12/19.2 oz Can,White Claw,12/19.2oz Can,191003 Chabons Ii Liq/Bar (A),9/15/2026,1.00,1.00
Michael Harboy,8586 White Claw Hard Seltzer Ruby Grapefruit 1/12/19.2 oz Can,White Claw,12/19.2oz Can,12005 Shay's Liquors,9/15/2026,1.00,1.00
Anthony Palmisano,8632 White Claw Surge Blueberry 1/12/19.2 oz Can,White Claw,12/19.2oz Can,6002 Roserne Liquors North,9/15/2026,1.00,1.00
Anthony Palmisano,8592 White Claw Hard Seltzer Mango 1/12/19.2 oz Can,White Claw,12/19.2oz Can,8010 George's Market (A),9/15/2026,1.00,1.00
Jim Heaney,8592 White Claw Hard Seltzer Mango 1/12/19.2 oz Can,White Claw,12/19.2oz Can,29017 Meadow Fine Liquors,9/15/2026,1.00,1.00
Anthony Palmisano,8585 White Claw Hard Seltzer Black Cherry 1/12/19.2 oz Can,White Claw,12/19.2oz Can,10003 Buy Rite W &L Pompton(P),9/15/2026,1.00,1.00
Shane Barreca,8585 White Claw Hard Seltzer Black Cherry 1/12/19.2 oz Can,White Claw,12/19.2oz Can,70001 Montvale Wine/Liq & Beer,9/15/2026,1.00,1.00
Matt Powierski,8624 White Claw Surge 8% Cranberry 19.2 oz Can,White Claw,12/19.2oz Can,31060 Bottle Republic (Rutherford),9/15/2026,1.00,1.00
Klejdi Lamo,8623 White Claw Surge 8% Blood Orange 19.2 oz Can,White Claw,12/19.2oz Can,190304 Shoppers Disc Liquor,9/15/2026,1.00,1.00
Dave Ehlers,8624 White Claw Surge 8% Cranberry 19.2 oz Can,White Claw,12/19.2oz Can,57001 Barrel & Brew Bar & Liq,9/15/2026,1.00,1.00
Mike Ast,8585 White Claw Hard Seltzer Black Cherry 1/12/19.2 oz Can,White Claw,12/19.2oz Can,17010 Frank's Fine Wine & Foods,9/15/2026,1.00,1.00
Dan Lagala,8592 White Claw Hard Seltzer Mango 1/12/19.2 oz Can,White Claw,12/19.2oz Can,49033 Banner Liquor Iii,9/15/2026,1.00,1.00
Klejdi Lamo,8592 White Claw Hard Seltzer Mango 1/12/19.2 oz Can,White Claw,12/19.2oz Can,190304 Shoppers Disc Liquor,9/15/2026,1.00,1.00
Matt Powierski,8585 White Claw Hard Seltzer Black Cherry 1/12/19.2 oz Can,White Claw,12/19.2oz Can,36016 King Liquors,9/15/2026,1.00,1.00
Dave Ehlers,8623 White Claw Surge 8% Blood Orange 19.2 oz Can,White Claw,12/19.2oz Can,40010 Hackensack Liquors,9/15/2026,1.00,1.00
Anthony Palmisano,8586 White Claw Hard Seltzer Ruby Grapefruit 1/12/19.2 oz Can,White Claw,12/19.2oz Can,8010 George's Market (A),9/15/2026,1.00,1.00
Jim Heaney,8585 White Claw Hard Seltzer Black Cherry 1/12/19.2 oz Can,White Claw,12/19.2oz Can,24020 US#1 Wine & Liquor,9/15/2026,1.00,1.00
Derrick Laws,8631 White Claw Peach 1/12/19.2 oz Can,White Claw,12/19.2oz Can,21048 Ferraro's Liquor,9/15/2026,1.00,1.00
Chris Payton,8623 White Claw Surge 8% Blood Orange 19.2 oz Can,White Claw,12/19.2oz Can,50007 Welsh Farms,9/15/2026,1.00,1.00
Anthony Palmisano,8585 White Claw Hard Seltzer Black Cherry 1/12/19.2 oz Can,White Claw,12/19.2oz Can,8010 George's Market (A),9/15/2026,1.00,1.00
Chris Payton,8592 White Claw Hard Seltzer Mango 1/12/19.2 oz Can,White Claw,12/19.2oz Can,25045 Clifton Disc Liq (A),9/15/2026,1.00,1.00
Dan Lagala,8624 White Claw Surge 8% Cranberry 19.2 oz Can,White Claw,12/19.2oz Can,49055 Edgewater Liquor (A),9/15/2026,1.00,1.00
Matt Powierski,8592 White Claw Hard Seltzer Mango 1/12/19.2 oz Can,White Claw,12/19.2oz Can,36007 Shop Rite Of Wallington,9/15/2026,1.00,1.00
Matt Powierski,8585 White Claw Hard Seltzer Black Cherry 1/12/19.2 oz Can,White Claw,12/19.2oz Can,32016 Cobblestone Hill Deli,9/15/2026,1.00,1.00
Mike Ast,8592 White Claw Hard Seltzer Mango 1/12/19.2 oz Can,White Claw,12/19.2oz Can,17011 Nico's Wine & Spirits,9/15/2026,1.00,1.00
Matt Powierski,8623 White Claw Surge 8% Blood Orange 19.2 oz Can,White Claw,12/19.2oz Can,36007 Shop Rite Of Wallington,9/15/2026,1.00,1.00
Jayson Romine,8466 Mikes Harder Mango 1/12/23.5 oz Can,Mike's Harder,12/23.5oz Can,230924 Sussex Co.Discount Liq(P),9/15/2026,1.00,1.00
Klejdi Lamo,8585 White Claw Hard Seltzer Black Cherry 1/12/19.2 oz Can,White Claw,12/19.2oz Can,191210 Milton Inn,9/15/2026,1.00,1.00
Dave Ehlers,8638 White Claw Surge Grape 1/12/19.2oz Can,White Claw,12/19.2oz Can,40010 Hackensack Liquors,9/15/2026,1.00,1.00
Derrick Laws,8481 Mikes Harder Lemonade 1/12/23.5 oz Can,Mike's Harder,12/23.5oz Can,20005 La Sorpresa Liq (P),9/15/2026,1.00,1.00
Mike Ast,8624 White Claw Surge 8% Cranberry 19.2 oz Can,White Claw,12/19.2oz Can,17010 Frank's Fine Wine & Foods,9/15/2026,1.00,1.00
Jayson Romine,8624 White Claw Surge 8% Cranberry 19.2 oz Can,White Claw,12/19.2oz Can,191702 Liquor Factory VI Byram,9/14/2026,1.00,1.00
Jayson Romine,8623 White Claw Surge 8% Blood Orange 19.2 oz Can,White Claw,12/19.2oz Can,191702 Liquor Factory VI Byram,9/14/2026,1.00,1.00
Shane Barreca,8481 Mikes Harder Lemonade 1/12/23.5 oz Can,Mike's Harder,12/23.5oz Can,67004 Beverage Barn (A),9/14/2026,1.00,1.00
Shane Barreca,8585 White Claw Hard Seltzer Black Cherry 1/12/19.2 oz Can,White Claw,12/19.2oz Can,92011 Bottle King (A) Ramsey,9/14/2026,1.00,1.00
Shane Barreca,8592 White Claw Hard Seltzer Mango 1/12/19.2 oz Can,White Claw,12/19.2oz Can,67004 Beverage Barn (A),9/14/2026,1.00,1.00
Jayson Romine,8585 White Claw Hard Seltzer Black Cherry 1/12/19.2 oz Can,White Claw,12/19.2oz Can,230114 Liquor Factory III Sparta,9/14/2026,1.00,1.00
Pablo Lopez,8585 White Claw Hard Seltzer Black Cherry 1/12/19.2 oz Can,White Claw,12/19.2oz Can,15047 Freddie's Corner,9/14/2026,1.00,1.00
Shane Barreca,8586 White Claw Hard Seltzer Ruby Grapefruit 1/12/19.2 oz Can,White Claw,12/19.2oz Can,67004 Beverage Barn (A),9/14/2026,1.00,1.00
Jayson Romine,8623 White Claw Surge 8% Blood Orange 19.2 oz Can,White Claw,12/19.2oz Can,231308 Wantage Plaza Liq Outlet,9/14/2026,1.00,1.00
Jayson Romine,8481 Mikes Harder Lemonade 1/12/23.5 oz Can,Mike's Harder,12/23.5oz Can,231308 Wantage Plaza Liq Outlet,9/14/2026,1.00,1.00
Derrick Laws,8631 White Claw Peach 1/12/19.2 oz Can,White Claw,12/19.2oz Can,13001 Shop Rite Liq (A)Littlefl,9/14/2026,1.00,1.00
Dave Ehlers,8586 White Claw Hard Seltzer Ruby Grapefruit 1/12/19.2 oz Can,White Claw,12/19.2oz Can,52015 Shop Rite Liq (A)Englewd,9/14/2026,1.00,1.00
Shane Barreca,8592 White Claw Hard Seltzer Mango 1/12/19.2 oz Can,White Claw,12/19.2oz Can,92008 Ramsey Wine & Liquor,9/14/2026,1.00,1.00
Klejdi Lamo,8632 White Claw Surge Blueberry 1/12/19.2 oz Can,White Claw,12/19.2oz Can,190804 Midtown Liq,9/14/2026,1.00,1.00
Jayson Romine,8623 White Claw Surge 8% Blood Orange 19.2 oz Can,White Claw,12/19.2oz Can,230314 Liquor Factory V Andover,9/14/2026,1.00,1.00
Anthony Palmisano,8586 White Claw Hard Seltzer Ruby Grapefruit 1/12/19.2 oz Can,White Claw,12/19.2oz Can,8002 Country Convenience Store,9/14/2026,1.00,1.00
Javier Melo,8458 Mikes Harder Black Cherry 1/12/23.5 oz Can,Mike's Harder,12/23.5oz Can,25012 Bottle Liquor (P),9/14/2026,1.00,1.00
Jayson Romine,8585 White Claw Hard Seltzer Black Cherry 1/12/19.2 oz Can,White Claw,12/19.2oz Can,191702 Liquor Factory VI Byram,9/14/2026,1.00,1.00
Shane Barreca,8585 White Claw Hard Seltzer Black Cherry 1/12/19.2 oz Can,White Claw,12/19.2oz Can,67004 Beverage Barn (A),9/14/2026,1.00,1.00
Dave Ehlers,8624 White Claw Surge 8% Cranberry 19.2 oz Can,White Claw,12/19.2oz Can,58002 River Edge Wine & Liquor,9/14/2026,1.00,1.00
Derrick Laws,8585 White Claw Hard Seltzer Black Cherry 1/12/19.2 oz Can,White Claw,12/19.2oz Can,13001 Shop Rite Liq (A)Littlefl,9/14/2026,1.00,1.00
Klejdi Lamo,8623 White Claw Surge 8% Blood Orange 19.2 oz Can,White Claw,12/19.2oz Can,190917 Shop Rite Liq (A)Wharton,9/14/2026,1.00,1.00
Mike Ast,8585 White Claw Hard Seltzer Black Cherry 1/12/19.2 oz Can,White Claw,12/19.2oz Can,96002 Wine & Spirit World(W),9/14/2026,1.00,1.00
Shane Barreca,8481 Mikes Harder Lemonade 1/12/23.5 oz Can,Mike's Harder,12/23.5oz Can,73008 Shop Rite Liq (A)Hillsdal,9/14/2026,1.00,1.00
Shane Barreca,8624 White Claw Surge 8% Cranberry 19.2 oz Can,White Claw,12/19.2oz Can,67004 Beverage Barn (A),9/14/2026,1.00,1.00
Jayson Romine,8458 Mikes Harder Black Cherry 1/12/23.5 oz Can,Mike's Harder,12/23.5oz Can,230114 Liquor Factory III Sparta,9/14/2026,1.00,1.00
Derrick Laws,8586 White Claw Hard Seltzer Ruby Grapefruit 1/12/19.2 oz Can,White Claw,12/19.2oz Can,13001 Shop Rite Liq (A)Littlefl,9/14/2026,1.00,1.00
Chris Payton,8624 White Claw Surge 8% Cranberry 19.2 oz Can,White Claw,12/19.2oz Can,25034 Figlar's (P),9/14/2026,1.00,1.00
Shane Barreca,8632 White Claw Surge Blueberry 1/12/19.2 oz Can,White Claw,12/19.2oz Can,67004 Beverage Barn (A),9/14/2026,1.00,1.00
Jayson Romine,8585 White Claw Hard Seltzer Black Cherry 1/12/19.2 oz Can,White Claw,12/19.2oz Can,231308 Wantage Plaza Liq Outlet,9/14/2026,1.00,1.00
Javier Melo,8585 White Claw Hard Seltzer Black Cherry 1/12/19.2 oz Can,White Claw,12/19.2oz Can,27046 New Eagle Liquors,9/14/2026,1.00,1.00
Shane Barreca,8480 Mikes Harder Cranberry 1/12/23.5 oz Can,Mike's Harder,12/23.5oz Can,73008 Shop Rite Liq (A)Hillsdal,9/14/2026,1.00,1.00
Dave Ehlers,8592 White Claw Hard Seltzer Mango 1/12/19.2 oz Can,White Claw,12/19.2oz Can,52015 Shop Rite Liq (A)Englewd,9/14/2026,1.00,1.00
Shane Barreca,8458 Mikes Harder Black Cherry 1/12/23.5 oz Can,Mike's Harder,12/23.5oz Can,92011 Bottle King (A) Ramsey,9/14/2026,1.00,1.00
Jim Heaney,8585 White Claw Hard Seltzer Black Cherry 1/12/19.2 oz Can,White Claw,12/19.2oz Can,25031 Lexington Liquors (Z),9/14/2026,1.00,1.00
Derrick Laws,8631 White Claw Peach 1/12/19.2 oz Can,White Claw,12/19.2oz Can,15037 Liquor Gallery (Paterson),9/14/2026,1.00,1.00
Jayson Romine,8586 White Claw Hard Seltzer Ruby Grapefruit 1/12/19.2 oz Can,White Claw,12/19.2oz Can,230114 Liquor Factory III Sparta,9/14/2026,1.00,1.00
Jayson Romine,8632 White Claw Surge Blueberry 1/12/19.2 oz Can,White Claw,12/19.2oz Can,230114 Liquor Factory III Sparta,9/14/2026,1.00,1.00
Shane Barreca,8623 White Claw Surge 8% Blood Orange 19.2 oz Can,White Claw,12/19.2oz Can,67004 Beverage Barn (A),9/14/2026,1.00,1.00
Jayson Romine,8592 White Claw Hard Seltzer Mango 1/12/19.2 oz Can,White Claw,12/19.2oz Can,191702 Liquor Factory VI Byram,9/14/2026,1.00,1.00
Derrick Laws,8623 White Claw Surge 8% Blood Orange 19.2 oz Can,White Claw,12/19.2oz Can,15037 Liquor Gallery (Paterson),9/14/2026,1.00,1.00
Anthony Palmisano,8592 White Claw Hard Seltzer Mango 1/12/19.2 oz Can,White Claw,12/19.2oz Can,8002 Country Convenience Store,9/14/2026,1.00,1.00
Dave Ehlers,8538 Cayman Jacked Strawberry Margarita 1/12/19.2 oz Can,Cayman Jack,1/12/19.2oz,56007 Portland Wine & Liquor,9/14/2026,1.00,1.00
Dave Ehlers,8585 White Claw Hard Seltzer Black Cherry 1/12/19.2 oz Can,White Claw,12/19.2oz Can,58002 River Edge Wine & Liquor,9/14/2026,1.00,1.00
Shane Barreca,8585 White Claw Hard Seltzer Black Cherry 1/12/19.2 oz Can,White Claw,12/19.2oz Can,92008 Ramsey Wine & Liquor,9/14/2026,1.00,1.00
Shane Barreca,8480 Mikes Harder Cranberry 1/12/23.5 oz Can,Mike's Harder,12/23.5oz Can,92011 Bottle King (A) Ramsey,9/14/2026,1.00,1.00
Jayson Romine,8624 White Claw Surge 8% Cranberry 19.2 oz Can,White Claw,12/19.2oz Can,230114 Liquor Factory III Sparta,9/14/2026,1.00,1.00
Jayson Romine,8466 Mikes Harder Mango 1/12/23.5 oz Can,Mike's Harder,12/23.5oz Can,191526 Liquor Factory IV Hopatcong,9/14/2026,1.00,1.00
Klejdi Lamo,8624 White Claw Surge 8% Cranberry 19.2 oz Can,White Claw,12/19.2oz Can,190917 Shop Rite Liq (A)Wharton,9/14/2026,1.00,1.00
Dave Ehlers,8623 White Claw Surge 8% Blood Orange 19.2 oz Can,White Claw,12/19.2oz Can,58002 River Edge Wine & Liquor,9/14/2026,1.00,1.00
Mike Ast,8586 White Claw Hard Seltzer Ruby Grapefruit 1/12/19.2 oz Can,White Claw,12/19.2oz Can,96002 Wine & Spirit World(W),9/14/2026,1.00,1.00
Jayson Romine,8458 Mikes Harder Black Cherry 1/12/23.5 oz Can,Mike's Harder,12/23.5oz Can,231308 Wantage Plaza Liq Outlet,9/14/2026,1.00,1.00
Chris Payton,8481 Mikes Harder Lemonade 1/12/23.5 oz Can,Mike's Harder,12/23.5oz Can,38008 Shop Rite Liq.(A)Lodi,9/14/2026,1.00,1.00
Klejdi Lamo,8460 Mikes Harder Strawberry Pineapple 1/12/23.5 oz Can,Mike's Harder,12/23.5oz Can,190917 Shop Rite Liq (A)Wharton,9/14/2026,1.00,1.00
Mike Ast,8632 White Claw Surge Blueberry 1/12/19.2 oz Can,White Claw,12/19.2oz Can,96002 Wine & Spirit World(W),9/14/2026,1.00,1.00
Jayson Romine,8586 White Claw Hard Seltzer Ruby Grapefruit 1/12/19.2 oz Can,White Claw,12/19.2oz Can,191702 Liquor Factory VI Byram,9/14/2026,1.00,1.00
Shane Barreca,8624 White Claw Surge 8% Cranberry 19.2 oz Can,White Claw,12/19.2oz Can,92008 Ramsey Wine & Liquor,9/14/2026,1.00,1.00
Jayson Romine,8623 White Claw Surge 8% Blood Orange 19.2 oz Can,White Claw,12/19.2oz Can,230114 Liquor Factory III Sparta,9/14/2026,1.00,1.00
Shane Barreca,8585 White Claw Hard Seltzer Black Cherry 1/12/19.2 oz Can,White Claw,12/19.2oz Can,60001 Bottle King (A) Dumont,9/14/2026,1.00,1.00
Jayson Romine,8592 White Claw Hard Seltzer Mango 1/12/19.2 oz Can,White Claw,12/19.2oz Can,231308 Wantage Plaza Liq Outlet,9/14/2026,1.00,1.00
Javier Melo,8585 White Claw Hard Seltzer Black Cherry 1/12/19.2 oz Can,White Claw,12/19.2oz Can,25012 Bottle Liquor (P),9/14/2026,1.00,1.00
Shane Barreca,8585 White Claw Hard Seltzer Black Cherry 1/12/19.2 oz Can,White Claw,12/19.2oz Can,75004 Cork & Keg (A),9/14/2026,1.00,1.00
Matt Powierski,8585 White Claw Hard Seltzer Black Cherry 1/12/19.2 oz Can,White Claw,12/19.2oz Can,77009 M & M Wine & Spirits,9/14/2026,1.00,1.00
Javier Melo,8586 White Claw Hard Seltzer Ruby Grapefruit 1/12/19.2 oz Can,White Claw,12/19.2oz Can,25012 Bottle Liquor (P),9/14/2026,1.00,1.00
Javier Melo,8624 White Claw Surge 8% Cranberry 19.2 oz Can,White Claw,12/19.2oz Can,25012 Bottle Liquor (P),9/14/2026,1.00,1.00
Chris Payton,8592 White Claw Hard Seltzer Mango 1/12/19.2 oz Can,White Claw,12/19.2oz Can,25034 Figlar's (P),9/14/2026,1.00,1.00
Jim Heaney,8592 White Claw Hard Seltzer Mango 1/12/19.2 oz Can,White Claw,12/19.2oz Can,25031 Lexington Liquors (Z),9/14/2026,1.00,1.00
Jayson Romine,8460 Mikes Harder Strawberry Pineapple 1/12/23.5 oz Can,Mike's Harder,12/23.5oz Can,191526 Liquor Factory IV Hopatcong,9/14/2026,1.00,1.00
Jim Heaney,8631 White Claw Peach 1/12/19.2 oz Can,White Claw,12/19.2oz Can,25031 Lexington Liquors (Z),9/14/2026,1.00,1.00
Matt Powierski,8592 White Claw Hard Seltzer Mango 1/12/19.2 oz Can,White Claw,12/19.2oz Can,42011 Buzzzrite Liquors,9/14/2026,1.00,1.00
Jayson Romine,8585 White Claw Hard Seltzer Black Cherry 1/12/19.2 oz Can,White Claw,12/19.2oz Can,230314 Liquor Factory V Andover,9/14/2026,1.00,1.00
Matt Powierski,8592 White Claw Hard Seltzer Mango 1/12/19.2 oz Can,White Claw,12/19.2oz Can,77009 M & M Wine & Spirits,9/14/2026,1.00,1.00
Jayson Romine,8585 White Claw Hard Seltzer Black Cherry 1/12/19.2 oz Can,White Claw,12/19.2oz Can,191302 Liquor Factory I Landing,9/14/2026,1.00,1.00
Shane Barreca,8632 White Claw Surge Blueberry 1/12/19.2 oz Can,White Claw,12/19.2oz Can,92008 Ramsey Wine & Liquor,9/14/2026,1.00,1.00
Dan Lagala,8585 White Claw Hard Seltzer Black Cherry 1/12/19.2 oz Can,White Claw,12/19.2oz Can,54007 Wine Ventures,9/14/2026,1.00,1.00
Klejdi Lamo,8638 White Claw Surge Grape 1/12/19.2oz Can,White Claw,12/19.2oz Can,190917 Shop Rite Liq (A)Wharton,9/14/2026,1.00,1.00
Jayson Romine,8466 Mikes Harder Mango 1/12/23.5 oz Can,Mike's Harder,12/23.5oz Can,231308 Wantage Plaza Liq Outlet,9/14/2026,1.00,1.00
Javier Melo,8481 Mikes Harder Lemonade 1/12/23.5 oz Can,Mike's Harder,12/23.5oz Can,25012 Bottle Liquor (P),9/14/2026,1.00,1.00
Javier Melo,8632 White Claw Surge Blueberry 1/12/19.2 oz Can,White Claw,12/19.2oz Can,27046 New Eagle Liquors,9/14/2026,1.00,1.00
Dave Ehlers,8585 White Claw Hard Seltzer Black Cherry 1/12/19.2 oz Can,White Claw,12/19.2oz Can,52015 Shop Rite Liq (A)Englewd,9/14/2026,1.00,1.00
Anthony Palmisano,8585 White Claw Hard Seltzer Black Cherry 1/12/19.2 oz Can,White Claw,12/19.2oz Can,8002 Country Convenience Store,9/14/2026,1.00,1.00
Klejdi Lamo,8632 White Claw Surge Blueberry 1/12/19.2 oz Can,White Claw,12/19.2oz Can,190917 Shop Rite Liq (A)Wharton,9/14/2026,1.00,1.00
Klejdi Lamo,8585 White Claw Hard Seltzer Black Cherry 1/12/19.2 oz Can,White Claw,12/19.2oz Can,190917 Shop Rite Liq (A)Wharton,9/14/2026,1.00,1.00
Jayson Romine,8623 White Claw Surge 8% Blood Orange 19.2 oz Can,White Claw,12/19.2oz Can,191302 Liquor Factory I Landing,9/14/2026,1.00,1.00
Pablo Lopez,8631 White Claw Peach 1/12/19.2 oz Can,White Claw,12/19.2oz Can,15047 Freddie's Corner,9/14/2026,1.00,1.00
Jayson Romine,8624 White Claw Surge 8% Cranberry 19.2 oz Can,White Claw,12/19.2oz Can,230314 Liquor Factory V Andover,9/14/2026,1.00,1.00
Shane Barreca,8631 White Claw Peach 1/12/19.2 oz Can,White Claw,12/19.2oz Can,67004 Beverage Barn (A),9/14/2026,1.00,1.00
Jayson Romine,8480 Mikes Harder Cranberry 1/12/23.5 oz Can,Mike's Harder,12/23.5oz Can,230314 Liquor Factory V Andover,9/14/2026,1.00,1.00
Anthony Palmisano,8631 White Claw Peach 1/12/19.2 oz Can,White Claw,12/19.2oz Can,8002 Country Convenience Store,9/14/2026,1.00,1.00
Shane Barreca,8481 Mikes Harder Lemonade 1/12/23.5 oz Can,Mike's Harder,12/23.5oz Can,92011 Bottle King (A) Ramsey,9/14/2026,1.00,1.00
Jayson Romine,8409 Mikes Harder Pink Lemonade 1/12/23.5 oz Can,Mike's Harder,12/23.5oz Can,231308 Wantage Plaza Liq Outlet,9/14/2026,1.00,1.00
Matt Powierski,8585 White Claw Hard Seltzer Black Cherry 1/12/19.2 oz Can,White Claw,12/19.2oz Can,42011 Buzzzrite Liquors,9/14/2026,1.00,1.00
Mike Ast,8592 White Claw Hard Seltzer Mango 1/12/19.2 oz Can,White Claw,12/19.2oz Can,96002 Wine & Spirit World(W),9/14/2026,1.00,1.00
Klejdi Lamo,8537 Cayman Jacked Margarita 1/12/19.2 oz Can,Cayman Jack,1/12/19.2oz,190917 Shop Rite Liq (A)Wharton,9/14/2026,1.00,1.00
Chris Payton,8585 White Claw Hard Seltzer Black Cherry 1/12/19.2 oz Can,White Claw,12/19.2oz Can,25034 Figlar's (P),9/14/2026,1.00,1.00
Jayson Romine,8409 Mikes Harder Pink Lemonade 1/12/23.5 oz Can,Mike's Harder,12/23.5oz Can,230114 Liquor Factory III Sparta,9/14/2026,1.00,1.00
Klejdi Lamo,8623 White Claw Surge 8% Blood Orange 19.2 oz Can,White Claw,12/19.2oz Can,190917 Shop Rite Liq (A)Wharton,9/11/2026,1.00,1.00
Anthony Palmisano,8592 White Claw Hard Seltzer Mango 1/12/19.2 oz Can,White Claw,12/19.2oz Can,3006 Wine 2 Spirits (P),9/11/2026,1.00,1.00
Dave Ehlers,8638 White Claw Surge Grape 1/12/19.2oz Can,White Claw,12/19.2oz Can,40004 Simple Simon's (Z),9/11/2026,1.00,1.00
Dave Ehlers,8624 White Claw Surge 8% Cranberry 19.2 oz Can,White Claw,12/19.2oz Can,40004 Simple Simon's (Z),9/11/2026,1.00,1.00
Matt Powierski,8623 White Claw Surge 8% Blood Orange 19.2 oz Can,White Claw,12/19.2oz Can,77002 Birchwood Liq & Deli (Z),9/11/2026,1.00,1.00
Dave Ehlers,8585 White Claw Hard Seltzer Black Cherry 1/12/19.2 oz Can,White Claw,12/19.2oz Can,40004 Simple Simon's (Z),9/11/2026,1.00,1.00
Matt Powierski,8585 White Claw Hard Seltzer Black Cherry 1/12/19.2 oz Can,White Claw,12/19.2oz Can,31033 Capri Deli&Liq (P),9/11/2026,1.00,1.00
Chris Payton,8592 White Claw Hard Seltzer Mango 1/12/19.2 oz Can,White Claw,12/19.2oz Can,50020 Wineland,9/11/2026,1.00,1.00
Chris Payton,8624 White Claw Surge 8% Cranberry 19.2 oz Can,White Claw,12/19.2oz Can,34007 Liquor Masters (P),9/11/2026,1.00,1.00
Chris Payton,8585 White Claw Hard Seltzer Black Cherry 1/12/19.2 oz Can,White Claw,12/19.2oz Can,25034 Figlar's (P),9/11/2026,1.00,1.00
Klejdi Lamo,8631 White Claw Peach 1/12/19.2 oz Can,White Claw,12/19.2oz Can,190216 House of Wine & Liquor - Boonton,9/11/2026,1.00,1.00
Klejdi Lamo,8458 Mikes Harder Black Cherry 1/12/23.5 oz Can,Mike's Harder,12/23.5oz Can,190302 Basket Of Cheer Ii (Lake Hiawatha),9/11/2026,1.00,1.00
Dave Ehlers,8623 White Claw Surge 8% Blood Orange 19.2 oz Can,White Claw,12/19.2oz Can,40004 Simple Simon's (Z),9/11/2026,1.00,1.00
Mike Ast,8585 White Claw Hard Seltzer Black Cherry 1/12/19.2 oz Can,White Claw,12/19.2oz Can,19008 Hawthorne Liq (A),9/11/2026,1.00,1.00
Shane Barreca,8481 Mikes Harder Lemonade 1/12/23.5 oz Can,Mike's Harder,12/23.5oz Can,62001 Garden State Deli (A),9/11/2026,1.00,1.00
Dave Ehlers,8585 White Claw Hard Seltzer Black Cherry 1/12/19.2 oz Can,White Claw,12/19.2oz Can,41012 Deli Mart (A),9/11/2026,1.00,1.00
Klejdi Lamo,8537 Cayman Jacked Margarita 1/12/19.2 oz Can,Cayman Jack,1/12/19.2oz,190917 Shop Rite Liq (A)Wharton,9/11/2026,1.00,1.00
Matt Powierski,8623 White Claw Surge 8% Blood Orange 19.2 oz Can,White Claw,12/19.2oz Can,36007 Shop Rite Of Wallington,9/11/2026,1.00,1.00
Jim Heaney,8592 White Claw Hard Seltzer Mango 1/12/19.2 oz Can,White Claw,12/19.2oz Can,24012 Dante's Liquor & Wine,9/11/2026,1.00,1.00
Chris Payton,8585 White Claw Hard Seltzer Black Cherry 1/12/19.2 oz Can,White Claw,12/19.2oz Can,81011 Radburn Liquors (A,9/11/2026,1.00,1.00
Jim Heaney,8586 White Claw Hard Seltzer Ruby Grapefruit 1/12/19.2 oz Can,White Claw,12/19.2oz Can,24001 Richfield Liquors,9/11/2026,1.00,1.00
Dave Ehlers,8592 White Claw Hard Seltzer Mango 1/12/19.2 oz Can,White Claw,12/19.2oz Can,40004 Simple Simon's (Z),9/11/2026,1.00,1.00
Jim Heaney,8585 White Claw Hard Seltzer Black Cherry 1/12/19.2 oz Can,White Claw,12/19.2oz Can,24005 Henry's Liquors,9/11/2026,1.00,1.00
Chris Payton,8624 White Claw Surge 8% Cranberry 19.2 oz Can,White Claw,12/19.2oz Can,38007 Garden Liquors (P),9/11/2026,1.00,1.00
Matt Powierski,8592 White Claw Hard Seltzer Mango 1/12/19.2 oz Can,White Claw,12/19.2oz Can,31033 Capri Deli&Liq (P),9/11/2026,1.00,1.00
Phil Ernst,8585 White Claw Hard Seltzer Black Cherry 1/12/19.2 oz Can,White Claw,12/19.2oz Can,83001 Food Universe Marketplace,9/11/2026,1.00,1.00
Klejdi Lamo,8466 Mikes Harder Mango 1/12/23.5 oz Can,Mike's Harder,12/23.5oz Can,190302 Basket Of Cheer Ii (Lake Hiawatha),9/11/2026,1.00,1.00
Mike Ast,8586 White Claw Hard Seltzer Ruby Grapefruit 1/12/19.2 oz Can,White Claw,12/19.2oz Can,19008 Hawthorne Liq (A),9/11/2026,1.00,1.00
Jim Heaney,8481 Mikes Harder Lemonade 1/12/23.5 oz Can,Mike's Harder,12/23.5oz Can,24005 Henry's Liquors,9/11/2026,1.00,1.00
Matt Powierski,8586 White Claw Hard Seltzer Ruby Grapefruit 1/12/19.2 oz Can,White Claw,12/19.2oz Can,31033 Capri Deli&Liq (P),9/11/2026,1.00,1.00
Matt Powierski,8586 White Claw Hard Seltzer Ruby Grapefruit 1/12/19.2 oz Can,White Claw,12/19.2oz Can,77016 Metro Liquor (Elmwood Park),9/11/2026,1.00,1.00
Matt Powierski,8537 Cayman Jacked Margarita 1/12/19.2 oz Can,Cayman Jack,1/12/19.2oz,77002 Birchwood Liq & Deli (Z),9/11/2026,1.00,1.00
Anthony Palmisano,8623 White Claw Surge 8% Blood Orange 19.2 oz Can,White Claw,12/19.2oz Can,9003 B & B Wine&Liq,9/11/2026,1.00,1.00
Matt Powierski,8585 White Claw Hard Seltzer Black Cherry 1/12/19.2 oz Can,White Claw,12/19.2oz Can,77016 Metro Liquor (Elmwood Park),9/11/2026,1.00,1.00
Klejdi Lamo,8631 White Claw Peach 1/12/19.2 oz Can,White Claw,12/19.2oz Can,190208 Boonton Liquor Locker,9/11/2026,1.00,1.00
Chris Payton,8624 White Claw Surge 8% Cranberry 19.2 oz Can,White Claw,12/19.2oz Can,38021 Buy Rite Of Main St Lodi,9/11/2026,1.00,1.00
Jayson Romine,8585 White Claw Hard Seltzer Black Cherry 1/12/19.2 oz Can,White Claw,12/19.2oz Can,230441 Wine Country Newton,9/11/2026,1.00,1.00
Chris Payton,8585 White Claw Hard Seltzer Black Cherry 1/12/19.2 oz Can,White Claw,12/19.2oz Can,38007 Garden Liquors (P),9/11/2026,1.00,1.00
Chris Payton,8481 Mikes Harder Lemonade 1/12/23.5 oz Can,Mike's Harder,12/23.5oz Can,50020 Wineland,9/11/2026,1.00,1.00
Klejdi Lamo,8623 White Claw Surge 8% Blood Orange 19.2 oz Can,White Claw,12/19.2oz Can,190216 House of Wine & Liquor - Boonton,9/11/2026,1.00,1.00
Chris Payton,8586 White Claw Hard Seltzer Ruby Grapefruit 1/12/19.2 oz Can,White Claw,12/19.2oz Can,81011 Radburn Liquors (A,9/11/2026,1.00,1.00
Jim Heaney,8592 White Claw Hard Seltzer Mango 1/12/19.2 oz Can,White Claw,12/19.2oz Can,28011 Liquor Mart (North Arlington),9/11/2026,1.00,1.00
Matt Powierski,8592 White Claw Hard Seltzer Mango 1/12/19.2 oz Can,White Claw,12/19.2oz Can,77016 Metro Liquor (Elmwood Park),9/11/2026,1.00,1.00
Chris Payton,8592 White Claw Hard Seltzer Mango 1/12/19.2 oz Can,White Claw,12/19.2oz Can,81011 Radburn Liquors (A,9/11/2026,1.00,1.00
Klejdi Lamo,8638 White Claw Surge Grape 1/12/19.2oz Can,White Claw,12/19.2oz Can,190216 House of Wine & Liquor - Boonton,9/11/2026,1.00,1.00
Dave Ehlers,8632 White Claw Surge Blueberry 1/12/19.2 oz Can,White Claw,12/19.2oz Can,57003 Joes Beer Wine & Spirits,9/11/2026,1.00,1.00
Matt Powierski,8624 White Claw Surge 8% Cranberry 19.2 oz Can,White Claw,12/19.2oz Can,42012 Vinny's Disc Liq (P),9/11/2026,1.00,1.00
Dave Ehlers,8632 White Claw Surge Blueberry 1/12/19.2 oz Can,White Claw,12/19.2oz Can,40004 Simple Simon's (Z),9/11/2026,1.00,1.00
Matt Powierski,8638 White Claw Surge Grape 1/12/19.2oz Can,White Claw,12/19.2oz Can,36016 King Liquors,9/11/2026,1.00,1.00
Derrick Laws,8632 White Claw Surge Blueberry 1/12/19.2 oz Can,White Claw,12/19.2oz Can,23004 Shop Rite Wines/Spirits,9/11/2026,1.00,1.00
Klejdi Lamo,8481 Mikes Harder Lemonade 1/12/23.5 oz Can,Mike's Harder,12/23.5oz Can,190302 Basket Of Cheer Ii (Lake Hiawatha),9/11/2026,1.00,1.00
Chris Payton,8585 White Claw Hard Seltzer Black Cherry 1/12/19.2 oz Can,White Claw,12/19.2oz Can,50020 Wineland,9/11/2026,1.00,1.00
Klejdi Lamo,8592 White Claw Hard Seltzer Mango 1/12/19.2 oz Can,White Claw,12/19.2oz Can,190216 House of Wine & Liquor - Boonton,9/11/2026,1.00,1.00
Derrick Laws,8481 Mikes Harder Lemonade 1/12/23.5 oz Can,Mike's Harder,12/23.5oz Can,23004 Shop Rite Wines/Spirits,9/11/2026,1.00,1.00
Jayson Romine,8624 White Claw Surge 8% Cranberry 19.2 oz Can,White Claw,12/19.2oz Can,230441 Wine Country Newton,9/11/2026,1.00,1.00
Chris Payton,8631 White Claw Peach 1/12/19.2 oz Can,White Claw,12/19.2oz Can,38021 Buy Rite Of Main St Lodi,9/11/2026,1.00,1.00
Klejdi Lamo,8480 Mikes Harder Cranberry 1/12/23.5 oz Can,Mike's Harder,12/23.5oz Can,190302 Basket Of Cheer Ii (Lake Hiawatha),9/11/2026,1.00,1.00
Jim Heaney,8592 White Claw Hard Seltzer Mango 1/12/19.2 oz Can,White Claw,12/19.2oz Can,24005 Henry's Liquors,9/11/2026,1.00,1.00
Chris Payton,8466 Mikes Harder Mango 1/12/23.5 oz Can,Mike's Harder,12/23.5oz Can,76015 Discount Liq & Bar,9/11/2026,1.00,1.00
Chris Payton,8586 White Claw Hard Seltzer Ruby Grapefruit 1/12/19.2 oz Can,White Claw,12/19.2oz Can,25034 Figlar's (P),9/11/2026,1.00,1.00
Chris Payton,8585 White Claw Hard Seltzer Black Cherry 1/12/19.2 oz Can,White Claw,12/19.2oz Can,38021 Buy Rite Of Main St Lodi,9/11/2026,1.00,1.00
Jayson Romine,8585 White Claw Hard Seltzer Black Cherry 1/12/19.2 oz Can,White Claw,12/19.2oz Can,230902 Buy Rite Liquors Franklin,9/11/2026,1.00,1.00
Phil Ernst,8586 White Claw Hard Seltzer Ruby Grapefruit 1/12/19.2 oz Can,White Claw,12/19.2oz Can,38018 THE BOTTLE SHOP,9/11/2026,1.00,1.00
Anthony Palmisano,8632 White Claw Surge Blueberry 1/12/19.2 oz Can,White Claw,12/19.2oz Can,9003 B & B Wine&Liq,9/11/2026,1.00,1.00
Jim Heaney,8585 White Claw Hard Seltzer Black Cherry 1/12/19.2 oz Can,White Claw,12/19.2oz Can,24012 Dante's Liquor & Wine,9/11/2026,1.00,1.00
Matt Powierski,8592 White Claw Hard Seltzer Mango 1/12/19.2 oz Can,White Claw,12/19.2oz Can,36007 Shop Rite Of Wallington,9/11/2026,1.00,1.00
Phil Ernst,8592 White Claw Hard Seltzer Mango 1/12/19.2 oz Can,White Claw,12/19.2oz Can,83001 Food Universe Marketplace,9/11/2026,1.00,1.00
Matt Powierski,8638 White Claw Surge Grape 1/12/19.2oz Can,White Claw,12/19.2oz Can,36007 Shop Rite Of Wallington,9/11/2026,1.00,1.00
Chris Payton,8538 Cayman Jacked Strawberry Margarita 1/12/19.2 oz Can,Cayman Jack,1/12/19.2oz,25034 Figlar's (P),9/11/2026,1.00,1.00
Matt Powierski,8631 White Claw Peach 1/12/19.2 oz Can,White Claw,12/19.2oz Can,31033 Capri Deli&Liq (P),9/11/2026,1.00,1.00
Dan Lagala,8585 White Claw Hard Seltzer Black Cherry 1/12/19.2 oz Can,White Claw,12/19.2oz Can,44040 Stop N Go Conven. (P),9/11/2026,1.00,1.00
Chris Payton,8586 White Claw Hard Seltzer Ruby Grapefruit 1/12/19.2 oz Can,White Claw,12/19.2oz Can,38007 Garden Liquors (P),9/11/2026,1.00,1.00
Phil Ernst,8586 White Claw Hard Seltzer Ruby Grapefruit 1/12/19.2 oz Can,White Claw,12/19.2oz Can,83001 Food Universe Marketplace,9/11/2026,1.00,1.00
Dave Ehlers,8631 White Claw Peach 1/12/19.2 oz Can,White Claw,12/19.2oz Can,41012 Deli Mart (A),9/11/2026,1.00,1.00
Klejdi Lamo,8632 White Claw Surge Blueberry 1/12/19.2 oz Can,White Claw,12/19.2oz Can,190917 Shop Rite Liq (A)Wharton,9/11/2026,1.00,1.00
Jim Heaney,8592 White Claw Hard Seltzer Mango 1/12/19.2 oz Can,White Claw,12/19.2oz Can,24001 Richfield Liquors,9/11/2026,1.00,1.00
Jayson Romine,8586 White Claw Hard Seltzer Ruby Grapefruit 1/12/19.2 oz Can,White Claw,12/19.2oz Can,230441 Wine Country Newton,9/11/2026,1.00,1.00
Chris Payton,8632 White Claw Surge Blueberry 1/12/19.2 oz Can,White Claw,12/19.2oz Can,34007 Liquor Masters (P),9/11/2026,1.00,1.00
Matt Powierski,8623 White Claw Surge 8% Blood Orange 19.2 oz Can,White Claw,12/19.2oz Can,31033 Capri Deli&Liq (P),9/11/2026,1.00,1.00
Chris Payton,8537 Cayman Jacked Margarita 1/12/19.2 oz Can,Cayman Jack,1/12/19.2oz,50020 Wineland,9/11/2026,1.00,1.00
Chris Payton,8538 Cayman Jacked Strawberry Margarita 1/12/19.2 oz Can,Cayman Jack,1/12/19.2oz,50020 Wineland,9/11/2026,1.00,1.00
Anthony Palmisano,8623 White Claw Surge 8% Blood Orange 19.2 oz Can,White Claw,12/19.2oz Can,3006 Wine 2 Spirits (P),9/11/2026,1.00,1.00
Dave Ehlers,8631 White Claw Peach 1/12/19.2 oz Can,White Claw,12/19.2oz Can,40004 Simple Simon's (Z),9/11/2026,1.00,1.00
Phil Ernst,8592 White Claw Hard Seltzer Mango 1/12/19.2 oz Can,White Claw,12/19.2oz Can,38018 THE BOTTLE SHOP,9/11/2026,1.00,1.00
Dave Ehlers,8586 White Claw Hard Seltzer Ruby Grapefruit 1/12/19.2 oz Can,White Claw,12/19.2oz Can,40004 Simple Simon's (Z),9/11/2026,1.00,1.00
Mike Ast,8632 White Claw Surge Blueberry 1/12/19.2 oz Can,White Claw,12/19.2oz Can,19008 Hawthorne Liq (A),9/11/2026,1.00,1.00
Klejdi Lamo,8585 White Claw Hard Seltzer Black Cherry 1/12/19.2 oz Can,White Claw,12/19.2oz Can,190208 Boonton Liquor Locker,9/11/2026,1.00,1.00
Klejdi Lamo,8585 White Claw Hard Seltzer Black Cherry 1/12/19.2 oz Can,White Claw,12/19.2oz Can,191803 Kingston Liquors,9/11/2026,1.00,1.00
Matt Powierski,8538 Cayman Jacked Strawberry Margarita 1/12/19.2 oz Can,Cayman Jack,1/12/19.2oz,77002 Birchwood Liq & Deli (Z),9/11/2026,1.00,1.00
Derrick Laws,8623 White Claw Surge 8% Blood Orange 19.2 oz Can,White Claw,12/19.2oz Can,23004 Shop Rite Wines/Spirits,9/11/2026,1.00,1.00
Matt Powierski,8586 White Claw Hard Seltzer Ruby Grapefruit 1/12/19.2 oz Can,White Claw,12/19.2oz Can,77002 Birchwood Liq & Deli (Z),9/11/2026,1.00,1.00
Derrick Laws,8624 White Claw Surge 8% Cranberry 19.2 oz Can,White Claw,12/19.2oz Can,23004 Shop Rite Wines/Spirits,9/11/2026,1.00,1.00
Klejdi Lamo,8592 White Claw Hard Seltzer Mango 1/12/19.2 oz Can,White Claw,12/19.2oz Can,191803 Kingston Liquors,9/11/2026,1.00,1.00
Matt Powierski,8624 White Claw Surge 8% Cranberry 19.2 oz Can,White Claw,12/19.2oz Can,36007 Shop Rite Of Wallington,9/11/2026,1.00,1.00
Jim Heaney,8585 White Claw Hard Seltzer Black Cherry 1/12/19.2 oz Can,White Claw,12/19.2oz Can,24001 Richfield Liquors,9/11/2026,1.00,1.00
Chris Payton,8592 White Claw Hard Seltzer Mango 1/12/19.2 oz Can,White Claw,12/19.2oz Can,38040 Buy Rite Discount Liquor,9/11/2026,1.00,1.00
Jim Heaney,8586 White Claw Hard Seltzer Ruby Grapefruit 1/12/19.2 oz Can,White Claw,12/19.2oz Can,24005 Henry's Liquors,9/11/2026,1.00,1.00
Klejdi Lamo,8586 White Claw Hard Seltzer Ruby Grapefruit 1/12/19.2 oz Can,White Claw,12/19.2oz Can,190208 Boonton Liquor Locker,9/11/2026,1.00,1.00
Chris Payton,8592 White Claw Hard Seltzer Mango 1/12/19.2 oz Can,White Claw,12/19.2oz Can,38007 Garden Liquors (P),9/11/2026,1.00,1.00
Matt Powierski,8586 White Claw Hard Seltzer Ruby Grapefruit 1/12/19.2 oz Can,White Claw,12/19.2oz Can,36016 King Liquors,9/11/2026,1.00,1.00
Matt Powierski,8586 White Claw Hard Seltzer Ruby Grapefruit 1/12/19.2 oz Can,White Claw,12/19.2oz Can,36007 Shop Rite Of Wallington,9/11/2026,1.00,1.00
Chris Payton,8592 White Claw Hard Seltzer Mango 1/12/19.2 oz Can,White Claw,12/19.2oz Can,23006 46 Discount Liquor Store,9/10/2026,1.00,1.00
Anthony Palmisano,8481 Mikes Harder Lemonade 1/12/23.5 oz Can,Mike's Harder,12/23.5oz Can,2002 Ringwood Discount Liquors,9/10/2026,1.00,1.00
Jayson Romine,8586 White Claw Hard Seltzer Ruby Grapefruit 1/12/19.2 oz Can,White Claw,12/19.2oz Can,230420 Spring Street Liquors,9/10/2026,1.00,1.00
Matt Powierski,8586 White Claw Hard Seltzer Ruby Grapefruit 1/12/19.2 oz Can,White Claw,12/19.2oz Can,31004 Metro Liquors (East Rutherford),9/10/2026,1.00,1.00
Phil Ernst,8631 White Claw Peach 1/12/19.2 oz Can,White Claw,12/19.2oz Can,20106 Super Wine Warehse(P)Pate,9/10/2026,1.00,1.00
Jim Heaney,8624 White Claw Surge 8% Cranberry 19.2 oz Can,White Claw,12/19.2oz Can,25017 Savers Club Liquor Locker,9/10/2026,1.00,1.00
Jayson Romine,8624 White Claw Surge 8% Cranberry 19.2 oz Can,White Claw,12/19.2oz Can,230105 ShopRite Wines & Spirits of Sparta,9/10/2026,1.00,1.00
Dave Ehlers,8585 White Claw Hard Seltzer Black Cherry 1/12/19.2 oz Can,White Claw,12/19.2oz Can,51013 G & G Liquors & Bar,9/10/2026,1.00,1.00
Phil Ernst,8585 White Claw Hard Seltzer Black Cherry 1/12/19.2 oz Can,White Claw,12/19.2oz Can,80002 Whole Foods Market (Paramus),9/10/2026,1.00,1.00
Anthony Palmisano,8586 White Claw Hard Seltzer Ruby Grapefruit 1/12/19.2 oz Can,White Claw,12/19.2oz Can,2002 Ringwood Discount Liquors,9/10/2026,1.00,1.00
Anthony Palmisano,8586 White Claw Hard Seltzer Ruby Grapefruit 1/12/19.2 oz Can,White Claw,12/19.2oz Can,1023 The New Jessies Kettle(P),9/10/2026,1.00,1.00
Jim Heaney,8638 White Claw Surge Grape 1/12/19.2oz Can,White Claw,12/19.2oz Can,25008 Clifton Commons S & W,9/10/2026,1.00,1.00
Jayson Romine,8638 White Claw Surge Grape 1/12/19.2oz Can,White Claw,12/19.2oz Can,230420 Spring Street Liquors,9/10/2026,1.00,1.00
Anthony Palmisano,8592 White Claw Hard Seltzer Mango 1/12/19.2 oz Can,White Claw,12/19.2oz Can,1031 Highland Wine&Liquor Inc,9/10/2026,1.00,1.00
Matt Powierski,8480 Mikes Harder Cranberry 1/12/23.5 oz Can,Mike's Harder,12/23.5oz Can,31004 Metro Liquors (East Rutherford),9/10/2026,1.00,1.00
Dan Lagala,8585 White Claw Hard Seltzer Black Cherry 1/12/19.2 oz Can,White Claw,12/19.2oz Can,44049 Rome Liquor (Cliffside Park),9/10/2026,1.00,1.00
Jayson Romine,8409 Mikes Harder Pink Lemonade 1/12/23.5 oz Can,Mike's Harder,12/23.5oz Can,230420 Spring Street Liquors,9/10/2026,1.00,1.00
Klejdi Lamo,8466 Mikes Harder Mango 1/12/23.5 oz Can,Mike's Harder,12/23.5oz Can,190913 Main Street Liquor,9/10/2026,1.00,1.00
Shane Barreca,8632 White Claw Surge Blueberry 1/12/19.2 oz Can,White Claw,12/19.2oz Can,92008 Ramsey Wine & Liquor,9/10/2026,1.00,1.00
Chris Payton,8458 Mikes Harder Black Cherry 1/12/23.5 oz Can,Mike's Harder,12/23.5oz Can,38001 JR Sports Bar & Liquors(Z),9/10/2026,1.00,1.00
Jayson Romine,8585 White Claw Hard Seltzer Black Cherry 1/12/19.2 oz Can,White Claw,12/19.2oz Can,191408 Super Saver Liq,9/10/2026,1.00,1.00
Anthony Palmisano,8585 White Claw Hard Seltzer Black Cherry 1/12/19.2 oz Can,White Claw,12/19.2oz Can,1031 Highland Wine&Liquor Inc,9/10/2026,1.00,1.00
Jim Heaney,8585 White Claw Hard Seltzer Black Cherry 1/12/19.2 oz Can,White Claw,12/19.2oz Can,13017 On The Rocks,9/10/2026,1.00,1.00
Anthony Palmisano,8592 White Claw Hard Seltzer Mango 1/12/19.2 oz Can,White Claw,12/19.2oz Can,2002 Ringwood Discount Liquors,9/10/2026,1.00,1.00
Dave Ehlers,8624 White Claw Surge 8% Cranberry 19.2 oz Can,White Claw,12/19.2oz Can,51013 G & G Liquors & Bar,9/10/2026,1.00,1.00
Jim Heaney,8592 White Claw Hard Seltzer Mango 1/12/19.2 oz Can,White Claw,12/19.2oz Can,24002 Swizzle Stick Liq (A),9/10/2026,1.00,1.00
Anthony Palmisano,8538 Cayman Jacked Strawberry Margarita 1/12/19.2 oz Can,Cayman Jack,1/12/19.2oz,1031 Highland Wine&Liquor Inc,9/10/2026,1.00,1.00
Jayson Romine,8481 Mikes Harder Lemonade 1/12/23.5 oz Can,Mike's Harder,12/23.5oz Can,231707 Kent's Liquors,9/10/2026,1.00,1.00
Jim Heaney,8585 White Claw Hard Seltzer Black Cherry 1/12/19.2 oz Can,White Claw,12/19.2oz Can,24014 Bottleneck Liquors,9/10/2026,1.00,1.00
Jayson Romine,8623 White Claw Surge 8% Blood Orange 19.2 oz Can,White Claw,12/19.2oz Can,230420 Spring Street Liquors,9/10/2026,1.00,1.00
Brian Sengebush,8585 White Claw Hard Seltzer Black Cherry 1/12/19.2 oz Can,White Claw,12/19.2oz Can,231710 Lakeside Pub (P),9/10/2026,1.00,1.00
Anthony Palmisano,8585 White Claw Hard Seltzer Black Cherry 1/12/19.2 oz Can,White Claw,12/19.2oz Can,4005 Turnpike Discount Liquors,9/10/2026,1.00,1.00
Chris Payton,8623 White Claw Surge 8% Blood Orange 19.2 oz Can,White Claw,12/19.2oz Can,81001 B & B Liquors (Fair Lawn),9/10/2026,1.00,1.00
Dan Lagala,8631 White Claw Peach 1/12/19.2 oz Can,White Claw,12/19.2oz Can,49055 Edgewater Liquor (A),9/10/2026,1.00,1.00
Dan Lagala,8638 White Claw Surge Grape 1/12/19.2oz Can,White Claw,12/19.2oz Can,49055 Edgewater Liquor (A),9/10/2026,1.00,1.00
Shane Barreca,8585 White Claw Hard Seltzer Black Cherry 1/12/19.2 oz Can,White Claw,12/19.2oz Can,65001 Wine & Whiskey (A),9/10/2026,1.00,1.00
Shane Barreca,8624 White Claw Surge 8% Cranberry 19.2 oz Can,White Claw,12/19.2oz Can,73003 Bottle King (A) Hillsdale,9/10/2026,1.00,1.00
Chris Payton,8481 Mikes Harder Lemonade 1/12/23.5 oz Can,Mike's Harder,12/23.5oz Can,38001 JR Sports Bar & Liquors(Z),9/10/2026,1.00,1.00
Jim Heaney,8592 White Claw Hard Seltzer Mango 1/12/19.2 oz Can,White Claw,12/19.2oz Can,25042 Town Liquors,9/10/2026,1.00,1.00
Jim Heaney,8481 Mikes Harder Lemonade 1/12/23.5 oz Can,Mike's Harder,12/23.5oz Can,24017 Rainbow Liquor (P),9/10/2026,1.00,1.00
Jayson Romine,8466 Mikes Harder Mango 1/12/23.5 oz Can,Mike's Harder,12/23.5oz Can,230420 Spring Street Liquors,9/10/2026,1.00,1.00
Jim Heaney,8585 White Claw Hard Seltzer Black Cherry 1/12/19.2 oz Can,White Claw,12/19.2oz Can,23007 Field Liquors (A),9/10/2026,1.00,1.00
Matt Powierski,8631 White Claw Peach 1/12/19.2 oz Can,White Claw,12/19.2oz Can,37006 Garfield Discount Liquors,9/10/2026,1.00,1.00
Jim Heaney,8586 White Claw Hard Seltzer Ruby Grapefruit 1/12/19.2 oz Can,White Claw,12/19.2oz Can,25008 Clifton Commons S & W,9/10/2026,1.00,1.00
Shane Barreca,8631 White Claw Peach 1/12/19.2 oz Can,White Claw,12/19.2oz Can,92008 Ramsey Wine & Liquor,9/10/2026,1.00,1.00
Dan Lagala,8585 White Claw Hard Seltzer Black Cherry 1/12/19.2 oz Can,White Claw,12/19.2oz Can,44010 Garden State Food&Liq (P),9/10/2026,1.00,1.00
Pablo Lopez,8592 White Claw Hard Seltzer Mango 1/12/19.2 oz Can,White Claw,12/19.2oz Can,27005 #1 Liqrs (P),9/10/2026,1.00,1.00
Jayson Romine,8623 White Claw Surge 8% Blood Orange 19.2 oz Can,White Claw,12/19.2oz Can,191408 Super Saver Liq,9/10/2026,1.00,1.00
Dave Ehlers,8586 White Claw Hard Seltzer Ruby Grapefruit 1/12/19.2 oz Can,White Claw,12/19.2oz Can,57001 Barrel & Brew Bar & Liq,9/10/2026,1.00,1.00
Phil Ernst,8592 White Claw Hard Seltzer Mango 1/12/19.2 oz Can,White Claw,12/19.2oz Can,20106 Super Wine Warehse(P)Pate,9/10/2026,1.00,1.00
Klejdi Lamo,8585 White Claw Hard Seltzer Black Cherry 1/12/19.2 oz Can,White Claw,12/19.2oz Can,190802 Sam's Liq Wine (P),9/10/2026,1.00,1.00
Phil Ernst,8586 White Claw Hard Seltzer Ruby Grapefruit 1/12/19.2 oz Can,White Claw,12/19.2oz Can,50009 Riverview Liq (P),9/10/2026,1.00,1.00
Chris Payton,8585 White Claw Hard Seltzer Black Cherry 1/12/19.2 oz Can,White Claw,12/19.2oz Can,38017 Quick Stop Food & Liq,9/10/2026,1.00,1.00
Dan Lagala,8585 White Claw Hard Seltzer Black Cherry 1/12/19.2 oz Can,White Claw,12/19.2oz Can,43006 Fairview Liq & Groc.(A),9/10/2026,1.00,1.00
Phil Ernst,8481 Mikes Harder Lemonade 1/12/23.5 oz Can,Mike's Harder,12/23.5oz Can,83010 Bottle King (A) Glen Rock,9/10/2026,1.00,1.00
Jayson Romine,8585 White Claw Hard Seltzer Black Cherry 1/12/19.2 oz Can,White Claw,12/19.2oz Can,230427 ShopRite Wine & Spirits of Newton#830,9/10/2026,1.00,1.00
Jayson Romine,8481 Mikes Harder Lemonade 1/12/23.5 oz Can,Mike's Harder,12/23.5oz Can,230902 Buy Rite Liquors Franklin,9/10/2026,1.00,1.00
Dave Ehlers,8632 White Claw Surge Blueberry 1/12/19.2 oz Can,White Claw,12/19.2oz Can,51013 G & G Liquors & Bar,9/10/2026,1.00,1.00
Phil Ernst,8592 White Claw Hard Seltzer Mango 1/12/19.2 oz Can,White Claw,12/19.2oz Can,50009 Riverview Liq (P),9/10/2026,1.00,1.00
Mike Ast,8586 White Claw Hard Seltzer Ruby Grapefruit 1/12/19.2 oz Can,White Claw,12/19.2oz Can,12011 Bottle King (A) Wayne,9/10/2026,1.00,1.00
Dave Ehlers,8481 Mikes Harder Lemonade 1/12/23.5 oz Can,Mike's Harder,12/23.5oz Can,57001 Barrel & Brew Bar & Liq,9/10/2026,1.00,1.00
Jayson Romine,8586 White Claw Hard Seltzer Ruby Grapefruit 1/12/19.2 oz Can,White Claw,12/19.2oz Can,230427 ShopRite Wine & Spirits of Newton#830,9/10/2026,1.00,1.00
Jayson Romine,8458 Mikes Harder Black Cherry 1/12/23.5 oz Can,Mike's Harder,12/23.5oz Can,230420 Spring Street Liquors,9/10/2026,1.00,1.00
Jim Heaney,8585 White Claw Hard Seltzer Black Cherry 1/12/19.2 oz Can,White Claw,12/19.2oz Can,25017 Savers Club Liquor Locker,9/10/2026,1.00,1.00
Jayson Romine,8460 Mikes Harder Strawberry Pineapple 1/12/23.5 oz Can,Mike's Harder,12/23.5oz Can,230420 Spring Street Liquors,9/10/2026,1.00,1.00
Dan Lagala,8586 White Claw Hard Seltzer Ruby Grapefruit 1/12/19.2 oz Can,White Claw,12/19.2oz Can,44010 Garden State Food&Liq (P),9/10/2026,1.00,1.00
Klejdi Lamo,8592 White Claw Hard Seltzer Mango 1/12/19.2 oz Can,White Claw,12/19.2oz Can,190603 Denville W & L,9/10/2026,1.00,1.00
Shane Barreca,8458 Mikes Harder Black Cherry 1/12/23.5 oz Can,Mike's Harder,12/23.5oz Can,92008 Ramsey Wine & Liquor,9/10/2026,1.00,1.00
Anthony Palmisano,8460 Mikes Harder Strawberry Pineapple 1/12/23.5 oz Can,Mike's Harder,12/23.5oz Can,2002 Ringwood Discount Liquors,9/10/2026,1.00,1.00
Jayson Romine,8585 White Claw Hard Seltzer Black Cherry 1/12/19.2 oz Can,White Claw,12/19.2oz Can,230105 ShopRite Wines & Spirits of Sparta,9/10/2026,1.00,1.00
Phil Ernst,8585 White Claw Hard Seltzer Black Cherry 1/12/19.2 oz Can,White Claw,12/19.2oz Can,50009 Riverview Liq (P),9/10/2026,1.00,1.00
Dave Ehlers,8624 White Claw Surge 8% Cranberry 19.2 oz Can,White Claw,12/19.2oz Can,57001 Barrel & Brew Bar & Liq,9/10/2026,1.00,1.00
Jayson Romine,8592 White Claw Hard Seltzer Mango 1/12/19.2 oz Can,White Claw,12/19.2oz Can,230427 ShopRite Wine & Spirits of Newton#830,9/10/2026,1.00,1.00
Jim Heaney,8585 White Claw Hard Seltzer Black Cherry 1/12/19.2 oz Can,White Claw,12/19.2oz Can,25008 Clifton Commons S & W,9/10/2026,1.00,1.00
Jim Heaney,8458 Mikes Harder Black Cherry 1/12/23.5 oz Can,Mike's Harder,12/23.5oz Can,24017 Rainbow Liquor (P),9/10/2026,1.00,1.00
Phil Ernst,8585 White Claw Hard Seltzer Black Cherry 1/12/19.2 oz Can,White Claw,12/19.2oz Can,76006 Wine Country Of Saddle Brook (A),9/10/2026,1.00,1.00
Shane Barreca,8623 White Claw Surge 8% Blood Orange 19.2 oz Can,White Claw,12/19.2oz Can,73003 Bottle King (A) Hillsdale,9/10/2026,1.00,1.00
Klejdi Lamo,8481 Mikes Harder Lemonade 1/12/23.5 oz Can,Mike's Harder,12/23.5oz Can,190913 Main Street Liquor,9/10/2026,1.00,1.00
Chris Payton,8624 White Claw Surge 8% Cranberry 19.2 oz Can,White Claw,12/19.2oz Can,79004 Coronet Variety,9/10/2026,1.00,1.00
Jim Heaney,8592 White Claw Hard Seltzer Mango 1/12/19.2 oz Can,White Claw,12/19.2oz Can,25008 Clifton Commons S & W,9/10/2026,1.00,1.00
Phil Ernst,8592 White Claw Hard Seltzer Mango 1/12/19.2 oz Can,White Claw,12/19.2oz Can,80002 Whole Foods Market (Paramus),9/10/2026,1.00,1.00
Matt Powierski,8586 White Claw Hard Seltzer Ruby Grapefruit 1/12/19.2 oz Can,White Claw,12/19.2oz Can,37006 Garfield Discount Liquors,9/10/2026,1.00,1.00
Anthony Palmisano,8632 White Claw Surge Blueberry 1/12/19.2 oz Can,White Claw,12/19.2oz Can,2002 Ringwood Discount Liquors,9/10/2026,1.00,1.00
Shane Barreca,8585 White Claw Hard Seltzer Black Cherry 1/12/19.2 oz Can,White Claw,12/19.2oz Can,92011 Bottle King (A) Ramsey,9/10/2026,1.00,1.00
Jim Heaney,8623 White Claw Surge 8% Blood Orange 19.2 oz Can,White Claw,12/19.2oz Can,24002 Swizzle Stick Liq (A),9/10/2026,1.00,1.00
Shane Barreca,8586 White Claw Hard Seltzer Ruby Grapefruit 1/12/19.2 oz Can,White Claw,12/19.2oz Can,92011 Bottle King (A) Ramsey,9/10/2026,1.00,1.00
Jim Heaney,8585 White Claw Hard Seltzer Black Cherry 1/12/19.2 oz Can,White Claw,12/19.2oz Can,25042 Town Liquors,9/10/2026,1.00,1.00
Phil Ernst,8460 Mikes Harder Strawberry Pineapple 1/12/23.5 oz Can,Mike's Harder,12/23.5oz Can,20106 Super Wine Warehse(P)Pate,9/10/2026,1.00,1.00
Phil Ernst,8480 Mikes Harder Cranberry 1/12/23.5 oz Can,Mike's Harder,12/23.5oz Can,20106 Super Wine Warehse(P)Pate,9/10/2026,1.00,1.00
Matt Powierski,8585 White Claw Hard Seltzer Black Cherry 1/12/19.2 oz Can,White Claw,12/19.2oz Can,37006 Garfield Discount Liquors,9/10/2026,1.00,1.00
Jim Heaney,8624 White Claw Surge 8% Cranberry 19.2 oz Can,White Claw,12/19.2oz Can,25042 Town Liquors,9/10/2026,1.00,1.00
Jim Heaney,8592 White Claw Hard Seltzer Mango 1/12/19.2 oz Can,White Claw,12/19.2oz Can,23007 Field Liquors (A),9/10/2026,1.00,1.00
Jim Heaney,8592 White Claw Hard Seltzer Mango 1/12/19.2 oz Can,White Claw,12/19.2oz Can,25017 Savers Club Liquor Locker,9/10/2026,1.00,1.00
Jim Heaney,8631 White Claw Peach 1/12/19.2 oz Can,White Claw,12/19.2oz Can,13017 On The Rocks,9/10/2026,1.00,1.00
Dan Lagala,8632 White Claw Surge Blueberry 1/12/19.2 oz Can,White Claw,12/19.2oz Can,49055 Edgewater Liquor (A),9/10/2026,1.00,1.00
Jayson Romine,8623 White Claw Surge 8% Blood Orange 19.2 oz Can,White Claw,12/19.2oz Can,230427 ShopRite Wine & Spirits of Newton#830,9/10/2026,1.00,1.00
Jayson Romine,8458 Mikes Harder Black Cherry 1/12/23.5 oz Can,Mike's Harder,12/23.5oz Can,230902 Buy Rite Liquors Franklin,9/10/2026,1.00,1.00
Matt Powierski,8592 White Claw Hard Seltzer Mango 1/12/19.2 oz Can,White Claw,12/19.2oz Can,37006 Garfield Discount Liquors,9/10/2026,1.00,1.00
Chris Payton,8632 White Claw Surge Blueberry 1/12/19.2 oz Can,White Claw,12/19.2oz Can,38001 JR Sports Bar & Liquors(Z),9/10/2026,1.00,1.00
Jim Heaney,8480 Mikes Harder Cranberry 1/12/23.5 oz Can,Mike's Harder,12/23.5oz Can,24014 Bottleneck Liquors,9/10/2026,1.00,1.00
Chris Payton,8585 White Claw Hard Seltzer Black Cherry 1/12/19.2 oz Can,White Claw,12/19.2oz Can,81001 B & B Liquors (Fair Lawn),9/10/2026,1.00,1.00
Phil Ernst,8585 White Claw Hard Seltzer Black Cherry 1/12/19.2 oz Can,White Claw,12/19.2oz Can,25010 Stew Leonard's Wines & Spirits of Clifton,9/10/2026,1.00,1.00
Klejdi Lamo,8409 Mikes Harder Pink Lemonade 1/12/23.5 oz Can,Mike's Harder,12/23.5oz Can,190913 Main Street Liquor,9/10/2026,1.00,1.00
Anthony Palmisano,8631 White Claw Peach 1/12/19.2 oz Can,White Claw,12/19.2oz Can,2002 Ringwood Discount Liquors,9/10/2026,1.00,1.00
Derrick Laws,8592 White Claw Hard Seltzer Mango 1/12/19.2 oz Can,White Claw,12/19.2oz Can,21050 Quis Queya Liquor(P),9/10/2026,1.00,1.00
Shane Barreca,8592 White Claw Hard Seltzer Mango 1/12/19.2 oz Can,White Claw,12/19.2oz Can,92008 Ramsey Wine & Liquor,9/10/2026,1.00,1.00
Shane Barreca,8481 Mikes Harder Lemonade 1/12/23.5 oz Can,Mike's Harder,12/23.5oz Can,92008 Ramsey Wine & Liquor,9/10/2026,1.00,1.00
Chris Payton,8631 White Claw Peach 1/12/19.2 oz Can,White Claw,12/19.2oz Can,23006 46 Discount Liquor Store,9/10/2026,1.00,1.00
Jayson Romine,8585 White Claw Hard Seltzer Black Cherry 1/12/19.2 oz Can,White Claw,12/19.2oz Can,230420 Spring Street Liquors,9/10/2026,1.00,1.00
Matt Powierski,8638 White Claw Surge Grape 1/12/19.2oz Can,White Claw,12/19.2oz Can,37002 Garfield Bar & Liq (P),9/10/2026,1.00,1.00
Chris Payton,8586 White Claw Hard Seltzer Ruby Grapefruit 1/12/19.2 oz Can,White Claw,12/19.2oz Can,38017 Quick Stop Food & Liq,9/10/2026,1.00,1.00
Dan Lagala,8592 White Claw Hard Seltzer Mango 1/12/19.2 oz Can,White Claw,12/19.2oz Can,44010 Garden State Food&Liq (P),9/10/2026,1.00,1.00
Phil Ernst,8586 White Claw Hard Seltzer Ruby Grapefruit 1/12/19.2 oz Can,White Claw,12/19.2oz Can,76006 Wine Country Of Saddle Brook (A),9/10/2026,1.00,1.00
Phil Ernst,8585 White Claw Hard Seltzer Black Cherry 1/12/19.2 oz Can,White Claw,12/19.2oz Can,20106 Super Wine Warehse(P)Pate,9/10/2026,1.00,1.00
Anthony Palmisano,8586 White Claw Hard Seltzer Ruby Grapefruit 1/12/19.2 oz Can,White Claw,12/19.2oz Can,1031 Highland Wine&Liquor Inc,9/10/2026,1.00,1.00
Klejdi Lamo,8585 White Claw Hard Seltzer Black Cherry 1/12/19.2 oz Can,White Claw,12/19.2oz Can,190603 Denville W & L,9/10/2026,1.00,1.00
Phil Ernst,8460 Mikes Harder Strawberry Pineapple 1/12/23.5 oz Can,Mike's Harder,12/23.5oz Can,83010 Bottle King (A) Glen Rock,9/10/2026,1.00,1.00
Anthony Palmisano,8592 White Claw Hard Seltzer Mango 1/12/19.2 oz Can,White Claw,12/19.2oz Can,4005 Turnpike Discount Liquors,9/10/2026,1.00,1.00
Phil Ernst,8632 White Claw Surge Blueberry 1/12/19.2 oz Can,White Claw,12/19.2oz Can,39001 Home Wines & Liq 75 (A) (South Hackensack),9/9/2026,1.00,1.00
Jayson Romine,8624 White Claw Surge 8% Cranberry 19.2 oz Can,White Claw,12/19.2oz Can,230911 The Right Bottle,9/9/2026,1.00,1.00
Jayson Romine,8586 White Claw Hard Seltzer Ruby Grapefruit 1/12/19.2 oz Can,White Claw,12/19.2oz Can,230121 White Deer Inn,9/9/2026,1.00,1.00
Anthony Palmisano,8623 White Claw Surge 8% Blood Orange 19.2 oz Can,White Claw,12/19.2oz Can,231805 Meloi Liquors,9/9/2026,1.00,1.00
Mike Ast,8624 White Claw Surge 8% Cranberry 19.2 oz Can,White Claw,12/19.2oz Can,17010 Frank's Fine Wine & Foods,9/9/2026,1.00,1.00
Pablo Lopez,8586 White Claw Hard Seltzer Ruby Grapefruit 1/12/19.2 oz Can,White Claw,12/19.2oz Can,21032 Carisma Liq & Groc (P),9/9/2026,1.00,1.00
Klejdi Lamo,8458 Mikes Harder Black Cherry 1/12/23.5 oz Can,Mike's Harder,12/23.5oz Can,190207 Liquor Outlet,9/9/2026,1.00,1.00
Jim Heaney,8623 White Claw Surge 8% Blood Orange 19.2 oz Can,White Claw,12/19.2oz Can,29003 Liquor Shed,9/9/2026,1.00,1.00
Michael Harboy,8623 White Claw Surge 8% Blood Orange 19.2 oz Can,White Claw,12/19.2oz Can,11014 Wayne Liquor Locker,9/9/2026,1.00,1.00
Dan Lagala,8585 White Claw Hard Seltzer Black Cherry 1/12/19.2 oz Can,White Claw,12/19.2oz Can,44002 Wine And Food Mart (Z),9/9/2026,1.00,1.00
Dave Ehlers,8631 White Claw Peach 1/12/19.2 oz Can,White Claw,12/19.2oz Can,40001 Bottle & Cork,9/9/2026,1.00,1.00
Javier Melo,8466 Mikes Harder Mango 1/12/23.5 oz Can,Mike's Harder,12/23.5oz Can,15059 Belmont Liqrs (P),9/9/2026,1.00,1.00
Matt Powierski,8586 White Claw Hard Seltzer Ruby Grapefruit 1/12/19.2 oz Can,White Claw,12/19.2oz Can,32016 Cobblestone Hill Deli,9/9/2026,1.00,1.00
Derrick Laws,8592 White Claw Hard Seltzer Mango 1/12/19.2 oz Can,White Claw,12/19.2oz Can,13001 Shop Rite Liq (A)Littlefl,9/9/2026,1.00,1.00
Jayson Romine,8585 White Claw Hard Seltzer Black Cherry 1/12/19.2 oz Can,White Claw,12/19.2oz Can,231215 Mac & Lindy's W & S (A),9/9/2026,1.00,1.00
Dave Ehlers,8409 Mikes Harder Pink Lemonade 1/12/23.5 oz Can,Mike's Harder,12/23.5oz Can,39012 Wine And Liq Depot(A),9/9/2026,1.00,1.00
Phil Ernst,8586 White Claw Hard Seltzer Ruby Grapefruit 1/12/19.2 oz Can,White Claw,12/19.2oz Can,39001 Home Wines & Liq 75 (A) (South Hackensack),9/9/2026,1.00,1.00
Jayson Romine,8586 White Claw Hard Seltzer Ruby Grapefruit 1/12/19.2 oz Can,White Claw,12/19.2oz Can,231203 The George Inn,9/9/2026,1.00,1.00
Chris Payton,8585 White Claw Hard Seltzer Black Cherry 1/12/19.2 oz Can,White Claw,12/19.2oz Can,81010 Morlot W & L (A),9/9/2026,1.00,1.00
Jayson Romine,8592 White Claw Hard Seltzer Mango 1/12/19.2 oz Can,White Claw,12/19.2oz Can,231203 The George Inn,9/9/2026,1.00,1.00
Mike Ast,8638 White Claw Surge Grape 1/12/19.2oz Can,White Claw,12/19.2oz Can,84004 Quick Stop Liquor & Wine,9/9/2026,1.00,1.00
Dave Ehlers,8481 Mikes Harder Lemonade 1/12/23.5 oz Can,Mike's Harder,12/23.5oz Can,14007 Total Wine & More (Totowa),9/9/2026,1.00,1.00
Derrick Laws,8481 Mikes Harder Lemonade 1/12/23.5 oz Can,Mike's Harder,12/23.5oz Can,13001 Shop Rite Liq (A)Littlefl,9/9/2026,1.00,1.00
Klejdi Lamo,8624 White Claw Surge 8% Cranberry 19.2 oz Can,White Claw,12/19.2oz Can,191812 Patel Liqr & Gro(P),9/9/2026,1.00,1.00
Brian Sengebush,8586 White Claw Hard Seltzer Ruby Grapefruit 1/12/19.2 oz Can,White Claw,12/19.2oz Can,191003 Chabons Ii Liq/Bar (A),9/9/2026,1.00,1.00
Jayson Romine,8480 Mikes Harder Cranberry 1/12/23.5 oz Can,Mike's Harder,12/23.5oz Can,231203 The George Inn,9/9/2026,1.00,1.00
Klejdi Lamo,8623 White Claw Surge 8% Blood Orange 19.2 oz Can,White Claw,12/19.2oz Can,191213 Island Of Spirits (P),9/9/2026,1.00,1.00
Jayson Romine,8480 Mikes Harder Cranberry 1/12/23.5 oz Can,Mike's Harder,12/23.5oz Can,231316 Patricks Wine Barn,9/9/2026,1.00,1.00
Matt Powierski,8585 White Claw Hard Seltzer Black Cherry 1/12/19.2 oz Can,White Claw,12/19.2oz Can,32016 Cobblestone Hill Deli,9/9/2026,1.00,1.00
Dan Lagala,8592 White Claw Hard Seltzer Mango 1/12/19.2 oz Can,White Claw,12/19.2oz Can,45004 Ridgefield Liq (Z),9/9/2026,1.00,1.00
Phil Ernst,8592 White Claw Hard Seltzer Mango 1/12/19.2 oz Can,White Claw,12/19.2oz Can,39001 Home Wines & Liq 75 (A) (South Hackensack),9/9/2026,1.00,1.00
Jim Heaney,8585 White Claw Hard Seltzer Black Cherry 1/12/19.2 oz Can,White Claw,12/19.2oz Can,30006 Forest Dairy (A),9/9/2026,1.00,1.00
Dave Ehlers,8623 White Claw Surge 8% Blood Orange 19.2 oz Can,White Claw,12/19.2oz Can,40001 Bottle & Cork,9/9/2026,1.00,1.00
Chris Payton,8592 White Claw Hard Seltzer Mango 1/12/19.2 oz Can,White Claw,12/19.2oz Can,81010 Morlot W & L (A),9/9/2026,1.00,1.00
Chris Payton,8624 White Claw Surge 8% Cranberry 19.2 oz Can,White Claw,12/19.2oz Can,79002 Hollywd Liq&Deli (A),9/9/2026,1.00,1.00
Klejdi Lamo,8638 White Claw Surge Grape 1/12/19.2oz Can,White Claw,12/19.2oz Can,191608 Shop-Rite(A) Netcong,9/9/2026,1.00,1.00
Dave Ehlers,8409 Mikes Harder Pink Lemonade 1/12/23.5 oz Can,Mike's Harder,12/23.5oz Can,14007 Total Wine & More (Totowa),9/9/2026,1.00,1.00
Dan Lagala,8592 White Claw Hard Seltzer Mango 1/12/19.2 oz Can,White Claw,12/19.2oz Can,44002 Wine And Food Mart (Z),9/9/2026,1.00,1.00
Dave Ehlers,8632 White Claw Surge Blueberry 1/12/19.2 oz Can,White Claw,12/19.2oz Can,40001 Bottle & Cork,9/9/2026,1.00,1.00
Dan Lagala,8586 White Claw Hard Seltzer Ruby Grapefruit 1/12/19.2 oz Can,White Claw,12/19.2oz Can,46013 Boulevard Food And Liquor,9/9/2026,1.00,1.00
Klejdi Lamo,8585 White Claw Hard Seltzer Black Cherry 1/12/19.2 oz Can,White Claw,12/19.2oz Can,190705 Rockaway W/L,9/9/2026,1.00,1.00
Derrick Laws,8623 White Claw Surge 8% Blood Orange 19.2 oz Can,White Claw,12/19.2oz Can,13001 Shop Rite Liq (A)Littlefl,9/9/2026,1.00,1.00
Phil Ernst,8631 White Claw Peach 1/12/19.2 oz Can,White Claw,12/19.2oz Can,39001 Home Wines & Liq 75 (A) (South Hackensack),9/9/2026,1.00,1.00
Derrick Laws,8592 White Claw Hard Seltzer Mango 1/12/19.2 oz Can,White Claw,12/19.2oz Can,15012 Pal's Liquor,9/9/2026,1.00,1.00
Jayson Romine,8623 White Claw Surge 8% Blood Orange 19.2 oz Can,White Claw,12/19.2oz Can,230911 The Right Bottle,9/9/2026,1.00,1.00
Anthony Palmisano,8586 White Claw Hard Seltzer Ruby Grapefruit 1/12/19.2 oz Can,White Claw,12/19.2oz Can,231805 Meloi Liquors,9/9/2026,1.00,1.00
Klejdi Lamo,8585 White Claw Hard Seltzer Black Cherry 1/12/19.2 oz Can,White Claw,12/19.2oz Can,191213 Island Of Spirits (P),9/9/2026,1.00,1.00
Michael Harboy,8586 White Claw Hard Seltzer Ruby Grapefruit 1/12/19.2 oz Can,White Claw,12/19.2oz Can,11014 Wayne Liquor Locker,9/9/2026,1.00,1.00
Jayson Romine,8481 Mikes Harder Lemonade 1/12/23.5 oz Can,Mike's Harder,12/23.5oz Can,231215 Mac & Lindy's W & S (A),9/9/2026,1.00,1.00
Mike Ast,8585 White Claw Hard Seltzer Black Cherry 1/12/19.2 oz Can,White Claw,12/19.2oz Can,84004 Quick Stop Liquor & Wine,9/9/2026,1.00,1.00
Dave Ehlers,8623 White Claw Surge 8% Blood Orange 19.2 oz Can,White Claw,12/19.2oz Can,57003 Joes Beer Wine & Spirits,9/9/2026,1.00,1.00
Derrick Laws,8624 White Claw Surge 8% Cranberry 19.2 oz Can,White Claw,12/19.2oz Can,20025 Mercer Bar & Liquors,9/9/2026,1.00,1.00
Dave Ehlers,8585 White Claw Hard Seltzer Black Cherry 1/12/19.2 oz Can,White Claw,12/19.2oz Can,14007 Total Wine & More (Totowa),9/9/2026,1.00,1.00
Dan Lagala,8585 White Claw Hard Seltzer Black Cherry 1/12/19.2 oz Can,White Claw,12/19.2oz Can,45004 Ridgefield Liq (Z),9/9/2026,1.00,1.00
Klejdi Lamo,8592 White Claw Hard Seltzer Mango 1/12/19.2 oz Can,White Claw,12/19.2oz Can,190302 Basket Of Cheer Ii (Lake Hiawatha),9/9/2026,1.00,1.00
Matt Powierski,8592 White Claw Hard Seltzer Mango 1/12/19.2 oz Can,White Claw,12/19.2oz Can,32016 Cobblestone Hill Deli,9/9/2026,1.00,1.00
Dan Lagala,8586 White Claw Hard Seltzer Ruby Grapefruit 1/12/19.2 oz Can,White Claw,12/19.2oz Can,49019 Bp Gas Station,9/9/2026,1.00,1.00
Jim Heaney,8638 White Claw Surge Grape 1/12/19.2oz Can,White Claw,12/19.2oz Can,24009 Quik Stop Conv(Z),9/9/2026,1.00,1.00
Dave Ehlers,8632 White Claw Surge Blueberry 1/12/19.2 oz Can,White Claw,12/19.2oz Can,40022 Buy Rite Of Hackensack,9/9/2026,1.00,1.00
Chris Payton,8585 White Claw Hard Seltzer Black Cherry 1/12/19.2 oz Can,White Claw,12/19.2oz Can,47005 Exquisite W & L (A),9/9/2026,1.00,1.00
Mike Ast,8586 White Claw Hard Seltzer Ruby Grapefruit 1/12/19.2 oz Can,White Claw,12/19.2oz Can,17010 Frank's Fine Wine & Foods,9/9/2026,1.00,1.00
Derrick Laws,8631 White Claw Peach 1/12/19.2 oz Can,White Claw,12/19.2oz Can,13001 Shop Rite Liq (A)Littlefl,9/9/2026,1.00,1.00
Klejdi Lamo,8592 White Claw Hard Seltzer Mango 1/12/19.2 oz Can,White Claw,12/19.2oz Can,191608 Shop-Rite(A) Netcong,9/9/2026,1.00,1.00
Klejdi Lamo,8586 White Claw Hard Seltzer Ruby Grapefruit 1/12/19.2 oz Can,White Claw,12/19.2oz Can,191814 Sandy's Wine & Spirit (P) (Budd Lake),9/9/2026,1.00,1.00
Javier Melo,8481 Mikes Harder Lemonade 1/12/23.5 oz Can,Mike's Harder,12/23.5oz Can,15059 Belmont Liqrs (P),9/9/2026,1.00,1.00
Mike Ast,8592 White Claw Hard Seltzer Mango 1/12/19.2 oz Can,White Claw,12/19.2oz Can,19027 Goffle Road Wine and More,9/9/2026,1.00,1.00
Klejdi Lamo,8631 White Claw Peach 1/12/19.2 oz Can,White Claw,12/19.2oz Can,191812 Patel Liqr & Gro(P),9/9/2026,1.00,1.00
Chris Payton,8481 Mikes Harder Lemonade 1/12/23.5 oz Can,Mike's Harder,12/23.5oz Can,25045 Clifton Disc Liq (A),9/9/2026,1.00,1.00
Mike Ast,8585 White Claw Hard Seltzer Black Cherry 1/12/19.2 oz Can,White Claw,12/19.2oz Can,88005 Waldwick Wine/Spirits,9/9/2026,1.00,1.00
Jayson Romine,8458 Mikes Harder Black Cherry 1/12/23.5 oz Can,Mike's Harder,12/23.5oz Can,231203 The George Inn,9/9/2026,1.00,1.00
Derrick Laws,8585 White Claw Hard Seltzer Black Cherry 1/12/19.2 oz Can,White Claw,12/19.2oz Can,15012 Pal's Liquor,9/9/2026,1.00,1.00
Dave Ehlers,8586 White Claw Hard Seltzer Ruby Grapefruit 1/12/19.2 oz Can,White Claw,12/19.2oz Can,40022 Buy Rite Of Hackensack,9/9/2026,1.00,1.00
Klejdi Lamo,8480 Mikes Harder Cranberry 1/12/23.5 oz Can,Mike's Harder,12/23.5oz Can,190207 Liquor Outlet,9/9/2026,1.00,1.00
Klejdi Lamo,8592 White Claw Hard Seltzer Mango 1/12/19.2 oz Can,White Claw,12/19.2oz Can,191213 Island Of Spirits (P),9/9/2026,1.00,1.00
Klejdi Lamo,8481 Mikes Harder Lemonade 1/12/23.5 oz Can,Mike's Harder,12/23.5oz Can,190101 Montville Wine & Spirits,9/9/2026,1.00,1.00
Matt Powierski,8632 White Claw Surge Blueberry 1/12/19.2 oz Can,White Claw,12/19.2oz Can,31008 Metro Wine And Liq(A),9/9/2026,1.00,1.00
Derrick Laws,8586 White Claw Hard Seltzer Ruby Grapefruit 1/12/19.2 oz Can,White Claw,12/19.2oz Can,13001 Shop Rite Liq (A)Littlefl,9/9/2026,1.00,1.00
Dave Ehlers,8592 White Claw Hard Seltzer Mango 1/12/19.2 oz Can,White Claw,12/19.2oz Can,40001 Bottle & Cork,9/9/2026,1.00,1.00
Jayson Romine,8586 White Claw Hard Seltzer Ruby Grapefruit 1/12/19.2 oz Can,White Claw,12/19.2oz Can,231215 Mac & Lindy's W & S (A),9/9/2026,1.00,1.00
Brian Sengebush,8585 White Claw Hard Seltzer Black Cherry 1/12/19.2 oz Can,White Claw,12/19.2oz Can,191003 Chabons Ii Liq/Bar (A),9/9/2026,1.00,1.00
Jayson Romine,8585 White Claw Hard Seltzer Black Cherry 1/12/19.2 oz Can,White Claw,12/19.2oz Can,231203 The George Inn,9/9/2026,1.00,1.00
Mike Ast,8586 White Claw Hard Seltzer Ruby Grapefruit 1/12/19.2 oz Can,White Claw,12/19.2oz Can,19027 Goffle Road Wine and More,9/9/2026,1.00,1.00
Klejdi Lamo,8585 White Claw Hard Seltzer Black Cherry 1/12/19.2 oz Can,White Claw,12/19.2oz Can,191812 Patel Liqr & Gro(P),9/9/2026,1.00,1.00
Anthony Palmisano,8624 White Claw Surge 8% Cranberry 19.2 oz Can,White Claw,12/19.2oz Can,231805 Meloi Liquors,9/9/2026,1.00,1.00
Dave Ehlers,8638 White Claw Surge Grape 1/12/19.2oz Can,White Claw,12/19.2oz Can,39012 Wine And Liq Depot(A),9/9/2026,1.00,1.00
Klejdi Lamo,8623 White Claw Surge 8% Blood Orange 19.2 oz Can,White Claw,12/19.2oz Can,191608 Shop-Rite(A) Netcong,9/9/2026,1.00,1.00
Chris Payton,8585 White Claw Hard Seltzer Black Cherry 1/12/19.2 oz Can,White Claw,12/19.2oz Can,79002 Hollywd Liq&Deli (A),9/9/2026,1.00,1.00
Chris Payton,8586 White Claw Hard Seltzer Ruby Grapefruit 1/12/19.2 oz Can,White Claw,12/19.2oz Can,47005 Exquisite W & L (A),9/9/2026,1.00,1.00
Klejdi Lamo,8592 White Claw Hard Seltzer Mango 1/12/19.2 oz Can,White Claw,12/19.2oz Can,191812 Patel Liqr & Gro(P),9/9/2026,1.00,1.00
Dave Ehlers,8624 White Claw Surge 8% Cranberry 19.2 oz Can,White Claw,12/19.2oz Can,39012 Wine And Liq Depot(A),9/9/2026,1.00,1.00
Jim Heaney,8638 White Claw Surge Grape 1/12/19.2oz Can,White Claw,12/19.2oz Can,29013 Lyndhurst Liquors (P),9/9/2026,1.00,1.00
Klejdi Lamo,8481 Mikes Harder Lemonade 1/12/23.5 oz Can,Mike's Harder,12/23.5oz Can,191814 Sandy's Wine & Spirit (P) (Budd Lake),9/9/2026,1.00,1.00
Chris Payton,8623 White Claw Surge 8% Blood Orange 19.2 oz Can,White Claw,12/19.2oz Can,38016 Lodi Liquor Store(P),9/9/2026,1.00,1.00
Klejdi Lamo,8632 White Claw Surge Blueberry 1/12/19.2 oz Can,White Claw,12/19.2oz Can,191814 Sandy's Wine & Spirit (P) (Budd Lake),9/9/2026,1.00,1.00
Klejdi Lamo,8585 White Claw Hard Seltzer Black Cherry 1/12/19.2 oz Can,White Claw,12/19.2oz Can,191608 Shop-Rite(A) Netcong,9/9/2026,1.00,1.00
Anthony Palmisano,8585 White Claw Hard Seltzer Black Cherry 1/12/19.2 oz Can,White Claw,12/19.2oz Can,4009 Usa Wine Traders Club (Bloomingdale),9/9/2026,1.00,1.00
Derrick Laws,8624 White Claw Surge 8% Cranberry 19.2 oz Can,White Claw,12/19.2oz Can,13001 Shop Rite Liq (A)Littlefl,9/9/2026,1.00,1.00
Dave Ehlers,8623 White Claw Surge 8% Blood Orange 19.2 oz Can,White Claw,12/19.2oz Can,39012 Wine And Liq Depot(A),9/9/2026,1.00,1.00
Jayson Romine,8585 White Claw Hard Seltzer Black Cherry 1/12/19.2 oz Can,White Claw,12/19.2oz Can,230924 Sussex Co.Discount Liq(P),9/9/2026,1.00,1.00
Dave Ehlers,8409 Mikes Harder Pink Lemonade 1/12/23.5 oz Can,Mike's Harder,12/23.5oz Can,40001 Bottle & Cork,9/9/2026,1.00,1.00
Javier Melo,8538 Cayman Jacked Strawberry Margarita 1/12/19.2 oz Can,Cayman Jack,1/12/19.2oz,20021 Diamond Liquors (P),9/9/2026,1.00,1.00
Mike Ast,8624 White Claw Surge 8% Cranberry 19.2 oz Can,White Claw,12/19.2oz Can,88005 Waldwick Wine/Spirits,9/9/2026,1.00,1.00
Jayson Romine,8585 White Claw Hard Seltzer Black Cherry 1/12/19.2 oz Can,White Claw,12/19.2oz Can,230121 White Deer Inn,9/9/2026,1.00,1.00
Jim Heaney,8585 White Claw Hard Seltzer Black Cherry 1/12/19.2 oz Can,White Claw,12/19.2oz Can,29013 Lyndhurst Liquors (P),9/9/2026,1.00,1.00
Brian Sengebush,8592 White Claw Hard Seltzer Mango 1/12/19.2 oz Can,White Claw,12/19.2oz Can,191003 Chabons Ii Liq/Bar (A),9/9/2026,1.00,1.00
Anthony Palmisano,8631 White Claw Peach 1/12/19.2 oz Can,White Claw,12/19.2oz Can,4009 Usa Wine Traders Club (Bloomingdale),9/9/2026,1.00,1.00
Javier Melo,8460 Mikes Harder Strawberry Pineapple 1/12/23.5 oz Can,Mike's Harder,12/23.5oz Can,15059 Belmont Liqrs (P),9/9/2026,1.00,1.00
Klejdi Lamo,8624 White Claw Surge 8% Cranberry 19.2 oz Can,White Claw,12/19.2oz Can,191814 Sandy's Wine & Spirit (P) (Budd Lake),9/9/2026,1.00,1.00
Jayson Romine,8481 Mikes Harder Lemonade 1/12/23.5 oz Can,Mike's Harder,12/23.5oz Can,231203 The George Inn,9/9/2026,1.00,1.00
Klejdi Lamo,8631 White Claw Peach 1/12/19.2 oz Can,White Claw,12/19.2oz Can,191213 Island Of Spirits (P),9/9/2026,1.00,1.00
Dan Lagala,8585 White Claw Hard Seltzer Black Cherry 1/12/19.2 oz Can,White Claw,12/19.2oz Can,46013 Boulevard Food And Liquor,9/9/2026,1.00,1.00
Michael Harboy,8592 White Claw Hard Seltzer Mango 1/12/19.2 oz Can,White Claw,12/19.2oz Can,11014 Wayne Liquor Locker,9/9/2026,1.00,1.00
Chris Payton,8537 Cayman Jacked Margarita 1/12/19.2 oz Can,Cayman Jack,1/12/19.2oz,25045 Clifton Disc Liq (A),9/9/2026,1.00,1.00
Klejdi Lamo,8481 Mikes Harder Lemonade 1/12/23.5 oz Can,Mike's Harder,12/23.5oz Can,190207 Liquor Outlet,9/9/2026,1.00,1.00
Matt Powierski,8631 White Claw Peach 1/12/19.2 oz Can,White Claw,12/19.2oz Can,37044 Riverview Liquors & Bar,9/9/2026,1.00,1.00
Dan Lagala,8592 White Claw Hard Seltzer Mango 1/12/19.2 oz Can,White Claw,12/19.2oz Can,49019 Bp Gas Station,9/9/2026,1.00,1.00
Dave Ehlers,8458 Mikes Harder Black Cherry 1/12/23.5 oz Can,Mike's Harder,12/23.5oz Can,40001 Bottle & Cork,9/9/2026,1.00,1.00
Klejdi Lamo,8409 Mikes Harder Pink Lemonade 1/12/23.5 oz Can,Mike's Harder,12/23.5oz Can,190207 Liquor Outlet,9/9/2026,1.00,1.00
Matt Powierski,8585 White Claw Hard Seltzer Black Cherry 1/12/19.2 oz Can,White Claw,12/19.2oz Can,31008 Metro Wine And Liq(A),9/9/2026,1.00,1.00
Derrick Laws,8585 White Claw Hard Seltzer Black Cherry 1/12/19.2 oz Can,White Claw,12/19.2oz Can,20025 Mercer Bar & Liquors,9/9/2026,1.00,1.00
Jim Heaney,8585 White Claw Hard Seltzer Black Cherry 1/12/19.2 oz Can,White Claw,12/19.2oz Can,29003 Liquor Shed,9/9/2026,1.00,1.00
Matt Powierski,8585 White Claw Hard Seltzer Black Cherry 1/12/19.2 oz Can,White Claw,12/19.2oz Can,37044 Riverview Liquors & Bar,9/9/2026,1.00,1.00
Mike Ast,8592 White Claw Hard Seltzer Mango 1/12/19.2 oz Can,White Claw,12/19.2oz Can,88005 Waldwick Wine/Spirits,9/9/2026,1.00,1.00
Chris Payton,8592 White Claw Hard Seltzer Mango 1/12/19.2 oz Can,White Claw,12/19.2oz Can,79002 Hollywd Liq&Deli (A),9/9/2026,1.00,1.00
Chris Payton,8624 White Claw Surge 8% Cranberry 19.2 oz Can,White Claw,12/19.2oz Can,81010 Morlot W & L (A),9/9/2026,1.00,1.00
Jim Heaney,8638 White Claw Surge Grape 1/12/19.2oz Can,White Claw,12/19.2oz Can,29003 Liquor Shed,9/9/2026,1.00,1.00
Chris Payton,8592 White Claw Hard Seltzer Mango 1/12/19.2 oz Can,White Claw,12/19.2oz Can,47005 Exquisite W & L (A),9/9/2026,1.00,1.00
Mike Ast,8638 White Claw Surge Grape 1/12/19.2oz Can,White Claw,12/19.2oz Can,17010 Frank's Fine Wine & Foods,9/9/2026,1.00,1.00
Chris Payton,8624 White Claw Surge 8% Cranberry 19.2 oz Can,White Claw,12/19.2oz Can,38016 Lodi Liquor Store(P),9/9/2026,1.00,1.00
Jim Heaney,8592 White Claw Hard Seltzer Mango 1/12/19.2 oz Can,White Claw,12/19.2oz Can,29013 Lyndhurst Liquors (P),9/9/2026,1.00,1.00
Chris Payton,8592 White Claw Hard Seltzer Mango 1/12/19.2 oz Can,White Claw,12/19.2oz Can,34004 Princess Liquor's(P),9/9/2026,1.00,1.00
Jim Heaney,8623 White Claw Surge 8% Blood Orange 19.2 oz Can,White Claw,12/19.2oz Can,30006 Forest Dairy (A),9/9/2026,1.00,1.00
Jayson Romine,8592 White Claw Hard Seltzer Mango 1/12/19.2 oz Can,White Claw,12/19.2oz Can,231215 Mac & Lindy's W & S (A),9/9/2026,1.00,1.00
Mike Ast,8585 White Claw Hard Seltzer Black Cherry 1/12/19.2 oz Can,White Claw,12/19.2oz Can,17010 Frank's Fine Wine & Foods,9/9/2026,1.00,1.00
Anthony Palmisano,8585 White Claw Hard Seltzer Black Cherry 1/12/19.2 oz Can,White Claw,12/19.2oz Can,1028 J & S Roadhouse,9/9/2026,1.00,1.00
Dan Lagala,8586 White Claw Hard Seltzer Ruby Grapefruit 1/12/19.2 oz Can,White Claw,12/19.2oz Can,45004 Ridgefield Liq (Z),9/9/2026,1.00,1.00
Anthony Palmisano,8592 White Claw Hard Seltzer Mango 1/12/19.2 oz Can,White Claw,12/19.2oz Can,6002 Roserne Liquors North,9/9/2026,1.00,1.00
Anthony Palmisano,8592 White Claw Hard Seltzer Mango 1/12/19.2 oz Can,White Claw,12/19.2oz Can,231805 Meloi Liquors,9/9/2026,1.00,1.00
Anthony Palmisano,8458 Mikes Harder Black Cherry 1/12/23.5 oz Can,Mike's Harder,12/23.5oz Can,4009 Usa Wine Traders Club (Bloomingdale),9/9/2026,1.00,1.00
Jayson Romine,8632 White Claw Surge Blueberry 1/12/19.2 oz Can,White Claw,12/19.2oz Can,231215 Mac & Lindy's W & S (A),9/9/2026,1.00,1.00
Derrick Laws,8631 White Claw Peach 1/12/19.2 oz Can,White Claw,12/19.2oz Can,15012 Pal's Liquor,9/9/2026,1.00,1.00
Klejdi Lamo,8624 White Claw Surge 8% Cranberry 19.2 oz Can,White Claw,12/19.2oz Can,191210 Milton Inn,9/8/2026,1.00,1.00
Matt Powierski,8623 White Claw Surge 8% Blood Orange 19.2 oz Can,White Claw,12/19.2oz Can,77009 M & M Wine & Spirits,9/8/2026,1.00,1.00
Klejdi Lamo,8585 White Claw Hard Seltzer Black Cherry 1/12/19.2 oz Can,White Claw,12/19.2oz Can,190917 Shop Rite Liq (A)Wharton,9/8/2026,1.00,1.00
Dave Ehlers,8638 White Claw Surge Grape 1/12/19.2oz Can,White Claw,12/19.2oz Can,40010 Hackensack Liquors,9/8/2026,1.00,1.00
Jayson Romine,8623 White Claw Surge 8% Blood Orange 19.2 oz Can,White Claw,12/19.2oz Can,191702 Liquor Factory VI Byram,9/8/2026,1.00,1.00
Brian Sengebush,8592 White Claw Hard Seltzer Mango 1/12/19.2 oz Can,White Claw,12/19.2oz Can,231717 Culver Liquor and Bar,9/8/2026,1.00,1.00
Dave Ehlers,8481 Mikes Harder Lemonade 1/12/23.5 oz Can,Mike's Harder,12/23.5oz Can,40010 Hackensack Liquors,9/8/2026,1.00,1.00
Jayson Romine,8623 White Claw Surge 8% Blood Orange 19.2 oz Can,White Claw,12/19.2oz Can,230114 Liquor Factory III Sparta,9/8/2026,1.00,1.00
Anthony Palmisano,8586 White Claw Hard Seltzer Ruby Grapefruit 1/12/19.2 oz Can,White Claw,12/19.2oz Can,8009 Appio's Liquors,9/8/2026,1.00,1.00
Dave Ehlers,8585 White Claw Hard Seltzer Black Cherry 1/12/19.2 oz Can,White Claw,12/19.2oz Can,58001 Total Wine & More (River Edge),9/8/2026,1.00,1.00
Anthony Palmisano,8585 White Claw Hard Seltzer Black Cherry 1/12/19.2 oz Can,White Claw,12/19.2oz Can,3001 Best Cellars (Wanaque),9/8/2026,1.00,1.00
Anthony Palmisano,8638 White Claw Surge Grape 1/12/19.2oz Can,White Claw,12/19.2oz Can,8007 Krauszer's Liquor Wine and Spirits,9/8/2026,1.00,1.00
Michael Harboy,8638 White Claw Surge Grape 1/12/19.2oz Can,White Claw,12/19.2oz Can,11005 Wolfson Market,9/8/2026,1.00,1.00
Klejdi Lamo,8466 Mikes Harder Mango 1/12/23.5 oz Can,Mike's Harder,12/23.5oz Can,191210 Milton Inn,9/8/2026,1.00,1.00
Matt Powierski,8460 Mikes Harder Strawberry Pineapple 1/12/23.5 oz Can,Mike's Harder,12/23.5oz Can,77022 All Star Wine & Liquor,9/8/2026,1.00,1.00
Jayson Romine,8632 White Claw Surge Blueberry 1/12/19.2 oz Can,White Claw,12/19.2oz Can,191702 Liquor Factory VI Byram,9/8/2026,1.00,1.00
Klejdi Lamo,8481 Mikes Harder Lemonade 1/12/23.5 oz Can,Mike's Harder,12/23.5oz Can,191210 Milton Inn,9/8/2026,1.00,1.00
Javier Melo,8585 White Claw Hard Seltzer Black Cherry 1/12/19.2 oz Can,White Claw,12/19.2oz Can,27046 New Eagle Liquors,9/8/2026,1.00,1.00
Jayson Romine,8592 White Claw Hard Seltzer Mango 1/12/19.2 oz Can,White Claw,12/19.2oz Can,231308 Wantage Plaza Liq Outlet,9/8/2026,1.00,1.00
Shane Barreca,8585 White Claw Hard Seltzer Black Cherry 1/12/19.2 oz Can,White Claw,12/19.2oz Can,73008 Shop Rite Liq (A)Hillsdal,9/8/2026,1.00,1.00
Klejdi Lamo,8481 Mikes Harder Lemonade 1/12/23.5 oz Can,Mike's Harder,12/23.5oz Can,190304 Shoppers Disc Liquor,9/8/2026,1.00,1.00
Jayson Romine,8585 White Claw Hard Seltzer Black Cherry 1/12/19.2 oz Can,White Claw,12/19.2oz Can,408 Fredon Liquor (Fredon Deli),9/8/2026,1.00,1.00
Dave Ehlers,8537 Cayman Jacked Margarita 1/12/19.2 oz Can,Cayman Jack,1/12/19.2oz,40010 Hackensack Liquors,9/8/2026,1.00,1.00
Matt Powierski,8458 Mikes Harder Black Cherry 1/12/23.5 oz Can,Mike's Harder,12/23.5oz Can,77022 All Star Wine & Liquor,9/8/2026,1.00,1.00
Dave Ehlers,8624 White Claw Surge 8% Cranberry 19.2 oz Can,White Claw,12/19.2oz Can,40010 Hackensack Liquors,9/8/2026,1.00,1.00
Jim Heaney,8585 White Claw Hard Seltzer Black Cherry 1/12/19.2 oz Can,White Claw,12/19.2oz Can,24020 US#1 Wine & Liquor,9/8/2026,1.00,1.00
Derrick Laws,8631 White Claw Peach 1/12/19.2 oz Can,White Claw,12/19.2oz Can,15037 Liquor Gallery (Paterson),9/8/2026,1.00,1.00
Javier Melo,8585 White Claw Hard Seltzer Black Cherry 1/12/19.2 oz Can,White Claw,12/19.2oz Can,25047 Parker Liquors (Z),9/8/2026,1.00,1.00
Phil Ernst,8586 White Claw Hard Seltzer Ruby Grapefruit 1/12/19.2 oz Can,White Claw,12/19.2oz Can,40019 Budy's Wine & Liq (A),9/8/2026,1.00,1.00
Anthony Palmisano,8586 White Claw Hard Seltzer Ruby Grapefruit 1/12/19.2 oz Can,White Claw,12/19.2oz Can,3001 Best Cellars (Wanaque),9/8/2026,1.00,1.00
Anthony Palmisano,8623 White Claw Surge 8% Blood Orange 19.2 oz Can,White Claw,12/19.2oz Can,8007 Krauszer's Liquor Wine and Spirits,9/8/2026,1.00,1.00
Anthony Palmisano,8585 White Claw Hard Seltzer Black Cherry 1/12/19.2 oz Can,White Claw,12/19.2oz Can,8007 Krauszer's Liquor Wine and Spirits,9/8/2026,1.00,1.00
Phil Ernst,8623 White Claw Surge 8% Blood Orange 19.2 oz Can,White Claw,12/19.2oz Can,40019 Budy's Wine & Liq (A),9/8/2026,1.00,1.00
Jayson Romine,8585 White Claw Hard Seltzer Black Cherry 1/12/19.2 oz Can,White Claw,12/19.2oz Can,191302 Liquor Factory I Landing,9/8/2026,1.00,1.00
Klejdi Lamo,8409 Mikes Harder Pink Lemonade 1/12/23.5 oz Can,Mike's Harder,12/23.5oz Can,190304 Shoppers Disc Liquor,9/8/2026,1.00,1.00
Derrick Laws,8592 White Claw Hard Seltzer Mango 1/12/19.2 oz Can,White Claw,12/19.2oz Can,15037 Liquor Gallery (Paterson),9/8/2026,1.00,1.00
Michael Harboy,8623 White Claw Surge 8% Blood Orange 19.2 oz Can,White Claw,12/19.2oz Can,11005 Wolfson Market,9/8/2026,1.00,1.00
Jayson Romine,8466 Mikes Harder Mango 1/12/23.5 oz Can,Mike's Harder,12/23.5oz Can,191526 Liquor Factory IV Hopatcong,9/8/2026,1.00,1.00
Jayson Romine,8585 White Claw Hard Seltzer Black Cherry 1/12/19.2 oz Can,White Claw,12/19.2oz Can,191702 Liquor Factory VI Byram,9/8/2026,1.00,1.00
Dave Ehlers,8481 Mikes Harder Lemonade 1/12/23.5 oz Can,Mike's Harder,12/23.5oz Can,51008 H & R Disc. Liq (P),9/8/2026,1.00,1.00
Matt Powierski,8585 White Claw Hard Seltzer Black Cherry 1/12/19.2 oz Can,White Claw,12/19.2oz Can,77009 M & M Wine & Spirits,9/8/2026,1.00,1.00
Dave Ehlers,8631 White Claw Peach 1/12/19.2 oz Can,White Claw,12/19.2oz Can,40010 Hackensack Liquors,9/8/2026,1.00,1.00
Chris Payton,8586 White Claw Hard Seltzer Ruby Grapefruit 1/12/19.2 oz Can,White Claw,12/19.2oz Can,38008 Shop Rite Liq.(A)Lodi,9/8/2026,1.00,1.00
Anthony Palmisano,8586 White Claw Hard Seltzer Ruby Grapefruit 1/12/19.2 oz Can,White Claw,12/19.2oz Can,8007 Krauszer's Liquor Wine and Spirits,9/8/2026,1.00,1.00
Jim Heaney,8585 White Claw Hard Seltzer Black Cherry 1/12/19.2 oz Can,White Claw,12/19.2oz Can,13008 Little Falls Liq(P),9/8/2026,1.00,1.00
Dave Ehlers,8466 Mikes Harder Mango 1/12/23.5 oz Can,Mike's Harder,12/23.5oz Can,51008 H & R Disc. Liq (P),9/8/2026,1.00,1.00
Javier Melo,8592 White Claw Hard Seltzer Mango 1/12/19.2 oz Can,White Claw,12/19.2oz Can,27037 Shanik Liqs.(P),9/8/2026,1.00,1.00
Javier Melo,8624 White Claw Surge 8% Cranberry 19.2 oz Can,White Claw,12/19.2oz Can,25012 Bottle Liquor (P),9/8/2026,1.00,1.00
Mike Ast,8585 White Claw Hard Seltzer Black Cherry 1/12/19.2 oz Can,White Claw,12/19.2oz Can,12011 Bottle King (A) Wayne,9/8/2026,1.00,1.00
Michael Harboy,8586 White Claw Hard Seltzer Ruby Grapefruit 1/12/19.2 oz Can,White Claw,12/19.2oz Can,12017 Shays Liquors,9/8/2026,1.00,1.00
Jayson Romine,8480 Mikes Harder Cranberry 1/12/23.5 oz Can,Mike's Harder,12/23.5oz Can,191526 Liquor Factory IV Hopatcong,9/8/2026,1.00,1.00
Jayson Romine,8480 Mikes Harder Cranberry 1/12/23.5 oz Can,Mike's Harder,12/23.5oz Can,191302 Liquor Factory I Landing,9/8/2026,1.00,1.00
Javier Melo,8585 White Claw Hard Seltzer Black Cherry 1/12/19.2 oz Can,White Claw,12/19.2oz Can,27002 President Liqrs (A),9/8/2026,1.00,1.00
Shane Barreca,8586 White Claw Hard Seltzer Ruby Grapefruit 1/12/19.2 oz Can,White Claw,12/19.2oz Can,67004 Beverage Barn (A),9/8/2026,1.00,1.00
Jayson Romine,8585 White Claw Hard Seltzer Black Cherry 1/12/19.2 oz Can,White Claw,12/19.2oz Can,230114 Liquor Factory III Sparta,9/8/2026,1.00,1.00
Klejdi Lamo,8623 White Claw Surge 8% Blood Orange 19.2 oz Can,White Claw,12/19.2oz Can,191210 Milton Inn,9/8/2026,1.00,1.00
Dave Ehlers,8460 Mikes Harder Strawberry Pineapple 1/12/23.5 oz Can,Mike's Harder,12/23.5oz Can,51008 H & R Disc. Liq (P),9/8/2026,1.00,1.00
Matt Powierski,8624 White Claw Surge 8% Cranberry 19.2 oz Can,White Claw,12/19.2oz Can,77009 M & M Wine & Spirits,9/8/2026,1.00,1.00
Jim Heaney,8631 White Claw Peach 1/12/19.2 oz Can,White Claw,12/19.2oz Can,24020 US#1 Wine & Liquor,9/8/2026,1.00,1.00
Dave Ehlers,8585 White Claw Hard Seltzer Black Cherry 1/12/19.2 oz Can,White Claw,12/19.2oz Can,40010 Hackensack Liquors,9/8/2026,1.00,1.00
Dave Ehlers,8623 White Claw Surge 8% Blood Orange 19.2 oz Can,White Claw,12/19.2oz Can,40010 Hackensack Liquors,9/8/2026,1.00,1.00
Matt Powierski,8481 Mikes Harder Lemonade 1/12/23.5 oz Can,Mike's Harder,12/23.5oz Can,77022 All Star Wine & Liquor,9/8/2026,1.00,1.00
Chris Payton,8585 White Claw Hard Seltzer Black Cherry 1/12/19.2 oz Can,White Claw,12/19.2oz Can,38008 Shop Rite Liq.(A)Lodi,9/8/2026,1.00,1.00
Mike Ast,8623 White Claw Surge 8% Blood Orange 19.2 oz Can,White Claw,12/19.2oz Can,12011 Bottle King (A) Wayne,9/8/2026,1.00,1.00
Derrick Laws,8585 White Claw Hard Seltzer Black Cherry 1/12/19.2 oz Can,White Claw,12/19.2oz Can,15037 Liquor Gallery (Paterson),9/8/2026,1.00,1.00
Anthony Palmisano,8592 White Claw Hard Seltzer Mango 1/12/19.2 oz Can,White Claw,12/19.2oz Can,8009 Appio's Liquors,9/8/2026,1.00,1.00
Anthony Palmisano,8632 White Claw Surge Blueberry 1/12/19.2 oz Can,White Claw,12/19.2oz Can,3001 Best Cellars (Wanaque),9/8/2026,1.00,1.00
Dan Lagala,8586 White Claw Hard Seltzer Ruby Grapefruit 1/12/19.2 oz Can,White Claw,12/19.2oz Can,49031 Top Shelf Liquors,9/8/2026,1.00,1.00
Anthony Palmisano,8631 White Claw Peach 1/12/19.2 oz Can,White Claw,12/19.2oz Can,8009 Appio's Liquors,9/8/2026,1.00,1.00
Jayson Romine,8632 White Claw Surge Blueberry 1/12/19.2 oz Can,White Claw,12/19.2oz Can,191010 Liquor Factory II Jefferson,9/8/2026,1.00,1.00
Mike Ast,8585 White Claw Hard Seltzer Black Cherry 1/12/19.2 oz Can,White Claw,12/19.2oz Can,93006 Mahwah Wine & Liquor (A),9/8/2026,1.00,1.00
Dave Ehlers,8638 White Claw Surge Grape 1/12/19.2oz Can,White Claw,12/19.2oz Can,52015 Shop Rite Liq (A)Englewd,9/8/2026,1.00,1.00
Dave Ehlers,8458 Mikes Harder Black Cherry 1/12/23.5 oz Can,Mike's Harder,12/23.5oz Can,51008 H & R Disc. Liq (P),9/8/2026,1.00,1.00
Jim Heaney,8586 White Claw Hard Seltzer Ruby Grapefruit 1/12/19.2 oz Can,White Claw,12/19.2oz Can,25031 Lexington Liquors (Z),9/8/2026,1.00,1.00
Dave Ehlers,8592 White Claw Hard Seltzer Mango 1/12/19.2 oz Can,White Claw,12/19.2oz Can,40010 Hackensack Liquors,9/8/2026,1.00,1.00
Shane Barreca,8592 White Claw Hard Seltzer Mango 1/12/19.2 oz Can,White Claw,12/19.2oz Can,62001 Garden State Deli (A),9/8/2026,1.00,1.00
Anthony Palmisano,8624 White Claw Surge 8% Cranberry 19.2 oz Can,White Claw,12/19.2oz Can,8007 Krauszer's Liquor Wine and Spirits,9/8/2026,1.00,1.00
Klejdi Lamo,8585 White Claw Hard Seltzer Black Cherry 1/12/19.2 oz Can,White Claw,12/19.2oz Can,191210 Milton Inn,9/8/2026,1.00,1.00
Jayson Romine,8592 White Claw Hard Seltzer Mango 1/12/19.2 oz Can,White Claw,12/19.2oz Can,191302 Liquor Factory I Landing,9/8/2026,1.00,1.00
Jayson Romine,8586 White Claw Hard Seltzer Ruby Grapefruit 1/12/19.2 oz Can,White Claw,12/19.2oz Can,230114 Liquor Factory III Sparta,9/8/2026,1.00,1.00
Dave Ehlers,8623 White Claw Surge 8% Blood Orange 19.2 oz Can,White Claw,12/19.2oz Can,56007 Portland Wine & Liquor,9/8/2026,1.00,1.00
Michael Harboy,8638 White Claw Surge Grape 1/12/19.2oz Can,White Claw,12/19.2oz Can,12017 Shays Liquors,9/8/2026,1.00,1.00
Javier Melo,8586 White Claw Hard Seltzer Ruby Grapefruit 1/12/19.2 oz Can,White Claw,12/19.2oz Can,27037 Shanik Liqs.(P),9/8/2026,1.00,1.00
Javier Melo,8585 White Claw Hard Seltzer Black Cherry 1/12/19.2 oz Can,White Claw,12/19.2oz Can,27037 Shanik Liqs.(P),9/8/2026,1.00,1.00
Jayson Romine,8623 White Claw Surge 8% Blood Orange 19.2 oz Can,White Claw,12/19.2oz Can,191302 Liquor Factory I Landing,9/8/2026,1.00,1.00
Chris Payton,8592 White Claw Hard Seltzer Mango 1/12/19.2 oz Can,White Claw,12/19.2oz Can,38008 Shop Rite Liq.(A)Lodi,9/8/2026,1.00,1.00
Jayson Romine,8585 White Claw Hard Seltzer Black Cherry 1/12/19.2 oz Can,White Claw,12/19.2oz Can,231308 Wantage Plaza Liq Outlet,9/8/2026,1.00,1.00
Jayson Romine,8586 White Claw Hard Seltzer Ruby Grapefruit 1/12/19.2 oz Can,White Claw,12/19.2oz Can,408 Fredon Liquor (Fredon Deli),9/8/2026,1.00,1.00
Jayson Romine,8632 White Claw Surge Blueberry 1/12/19.2 oz Can,White Claw,12/19.2oz Can,230114 Liquor Factory III Sparta,9/8/2026,1.00,1.00
Jim Heaney,8631 White Claw Peach 1/12/19.2 oz Can,White Claw,12/19.2oz Can,25031 Lexington Liquors (Z),9/8/2026,1.00,1.00
Dave Ehlers,8585 White Claw Hard Seltzer Black Cherry 1/12/19.2 oz Can,White Claw,12/19.2oz Can,56007 Portland Wine & Liquor,9/8/2026,1.00,1.00
Michael Harboy,8624 White Claw Surge 8% Cranberry 19.2 oz Can,White Claw,12/19.2oz Can,12017 Shays Liquors,9/8/2026,1.00,1.00
Phil Ernst,8592 White Claw Hard Seltzer Mango 1/12/19.2 oz Can,White Claw,12/19.2oz Can,40019 Budy's Wine & Liq (A),9/8/2026,1.00,1.00
Anthony Palmisano,8586 White Claw Hard Seltzer Ruby Grapefruit 1/12/19.2 oz Can,White Claw,12/19.2oz Can,1015 Greenwood Lake Disc.(P),9/8/2026,1.00,1.00
Jayson Romine,8460 Mikes Harder Strawberry Pineapple 1/12/23.5 oz Can,Mike's Harder,12/23.5oz Can,191526 Liquor Factory IV Hopatcong,9/8/2026,1.00,1.00
Klejdi Lamo,8586 White Claw Hard Seltzer Ruby Grapefruit 1/12/19.2 oz Can,White Claw,12/19.2oz Can,190917 Shop Rite Liq (A)Wharton,9/8/2026,1.00,1.00
Mike Ast,8592 White Claw Hard Seltzer Mango 1/12/19.2 oz Can,White Claw,12/19.2oz Can,12011 Bottle King (A) Wayne,9/8/2026,1.00,1.00
Jim Heaney,8592 White Claw Hard Seltzer Mango 1/12/19.2 oz Can,White Claw,12/19.2oz Can,25031 Lexington Liquors (Z),9/8/2026,1.00,1.00
Dave Ehlers,8586 White Claw Hard Seltzer Ruby Grapefruit 1/12/19.2 oz Can,White Claw,12/19.2oz Can,40010 Hackensack Liquors,9/8/2026,1.00,1.00
Shane Barreca,8592 White Claw Hard Seltzer Mango 1/12/19.2 oz Can,White Claw,12/19.2oz Can,73008 Shop Rite Liq (A)Hillsdal,9/8/2026,1.00,1.00
Javier Melo,8538 Cayman Jacked Strawberry Margarita 1/12/19.2 oz Can,Cayman Jack,1/12/19.2oz,27002 President Liqrs (A),9/8/2026,1.00,1.00
Jayson Romine,8624 White Claw Surge 8% Cranberry 19.2 oz Can,White Claw,12/19.2oz Can,191526 Liquor Factory IV Hopatcong,9/8/2026,1.00,1.00
Jim Heaney,8538 Cayman Jacked Strawberry Margarita 1/12/19.2 oz Can,Cayman Jack,1/12/19.2oz,25031 Lexington Liquors (Z),9/8/2026,1.00,1.00
Jayson Romine,8592 White Claw Hard Seltzer Mango 1/12/19.2 oz Can,White Claw,12/19.2oz Can,230314 Liquor Factory V Andover,9/8/2026,1.00,1.00
Javier Melo,8537 Cayman Jacked Margarita 1/12/19.2 oz Can,Cayman Jack,1/12/19.2oz,27002 President Liqrs (A),9/8/2026,1.00,1.00
Javier Melo,8592 White Claw Hard Seltzer Mango 1/12/19.2 oz Can,White Claw,12/19.2oz Can,27002 President Liqrs (A),9/8/2026,1.00,1.00
Brian Sengebush,8585 White Claw Hard Seltzer Black Cherry 1/12/19.2 oz Can,White Claw,12/19.2oz Can,231717 Culver Liquor and Bar,9/8/2026,1.00,1.00
Mike Ast,8586 White Claw Hard Seltzer Ruby Grapefruit 1/12/19.2 oz Can,White Claw,12/19.2oz Can,12011 Bottle King (A) Wayne,9/8/2026,1.00,1.00
Anthony Palmisano,8638 White Claw Surge Grape 1/12/19.2oz Can,White Claw,12/19.2oz Can,1015 Greenwood Lake Disc.(P),9/8/2026,1.00,1.00
Jim Heaney,8537 Cayman Jacked Margarita 1/12/19.2 oz Can,Cayman Jack,1/12/19.2oz,25031 Lexington Liquors (Z),9/8/2026,1.00,1.00
Dave Ehlers,8586 White Claw Hard Seltzer Ruby Grapefruit 1/12/19.2 oz Can,White Claw,12/19.2oz Can,51008 H & R Disc. Liq (P),9/8/2026,1.00,1.00
Jayson Romine,8624 White Claw Surge 8% Cranberry 19.2 oz Can,White Claw,12/19.2oz Can,191702 Liquor Factory VI Byram,9/8/2026,1.00,1.00
Jim Heaney,8623 White Claw Surge 8% Blood Orange 19.2 oz Can,White Claw,12/19.2oz Can,25031 Lexington Liquors (Z),9/8/2026,1.00,1.00
Jayson Romine,8623 White Claw Surge 8% Blood Orange 19.2 oz Can,White Claw,12/19.2oz Can,191010 Liquor Factory II Jefferson,9/8/2026,1.00,1.00
Jayson Romine,8632 White Claw Surge Blueberry 1/12/19.2 oz Can,White Claw,12/19.2oz Can,230314 Liquor Factory V Andover,9/8/2026,1.00,1.00
Klejdi Lamo,8592 White Claw Hard Seltzer Mango 1/12/19.2 oz Can,White Claw,12/19.2oz Can,191210 Milton Inn,9/8/2026,1.00,1.00
Jayson Romine,8585 White Claw Hard Seltzer Black Cherry 1/12/19.2 oz Can,White Claw,12/19.2oz Can,230314 Liquor Factory V Andover,9/8/2026,1.00,1.00
Jim Heaney,8638 White Claw Surge Grape 1/12/19.2oz Can,White Claw,12/19.2oz Can,13008 Little Falls Liq(P),9/8/2026,1.00,1.00
Jayson Romine,8624 White Claw Surge 8% Cranberry 19.2 oz Can,White Claw,12/19.2oz Can,230114 Liquor Factory III Sparta,9/8/2026,1.00,1.00
Javier Melo,8592 White Claw Hard Seltzer Mango 1/12/19.2 oz Can,White Claw,12/19.2oz Can,25047 Parker Liquors (Z),9/8/2026,1.00,1.00
Klejdi Lamo,8623 White Claw Surge 8% Blood Orange 19.2 oz Can,White Claw,12/19.2oz Can,190917 Shop Rite Liq (A)Wharton,9/8/2026,1.00,1.00
Michael Harboy,8585 White Claw Hard Seltzer Black Cherry 1/12/19.2 oz Can,White Claw,12/19.2oz Can,12017 Shays Liquors,9/8/2026,1.00,1.00
Jayson Romine,8624 White Claw Surge 8% Cranberry 19.2 oz Can,White Claw,12/19.2oz Can,230314 Liquor Factory V Andover,9/8/2026,1.00,1.00
Jayson Romine,8480 Mikes Harder Cranberry 1/12/23.5 oz Can,Mike's Harder,12/23.5oz Can,230314 Liquor Factory V Andover,9/8/2026,1.00,1.00
Shane Barreca,8623 White Claw Surge 8% Blood Orange 19.2 oz Can,White Claw,12/19.2oz Can,62001 Garden State Deli (A),9/8/2026,1.00,1.00
Anthony Palmisano,8585 White Claw Hard Seltzer Black Cherry 1/12/19.2 oz Can,White Claw,12/19.2oz Can,5006 Roserne Pkg Store South,9/8/2026,1.00,1.00
Jayson Romine,8592 White Claw Hard Seltzer Mango 1/12/19.2 oz Can,White Claw,12/19.2oz Can,191702 Liquor Factory VI Byram,9/8/2026,1.00,1.00
Michael Harboy,8585 White Claw Hard Seltzer Black Cherry 1/12/19.2 oz Can,White Claw,12/19.2oz Can,11005 Wolfson Market,9/8/2026,1.00,1.00
Javier Melo,8638 White Claw Surge Grape 1/12/19.2oz Can,White Claw,12/19.2oz Can,25012 Bottle Liquor (P),9/8/2026,1.00,1.00
Matt Powierski,8592 White Claw Hard Seltzer Mango 1/12/19.2 oz Can,White Claw,12/19.2oz Can,77022 All Star Wine & Liquor,9/8/2026,1.00,1.00
Anthony Palmisano,8585 White Claw Hard Seltzer Black Cherry 1/12/19.2 oz Can,White Claw,12/19.2oz Can,1015 Greenwood Lake Disc.(P),9/8/2026,1.00,1.00
Jayson Romine,8632 White Claw Surge Blueberry 1/12/19.2 oz Can,White Claw,12/19.2oz Can,231308 Wantage Plaza Liq Outlet,9/8/2026,1.00,1.00
Jayson Romine,8624 White Claw Surge 8% Cranberry 19.2 oz Can,White Claw,12/19.2oz Can,191302 Liquor Factory I Landing,9/8/2026,1.00,1.00
Jayson Romine,8623 White Claw Surge 8% Blood Orange 19.2 oz Can,White Claw,12/19.2oz Can,191526 Liquor Factory IV Hopatcong,9/8/2026,1.00,1.00
Jayson Romine,8592 White Claw Hard Seltzer Mango 1/12/19.2 oz Can,White Claw,12/19.2oz Can,191010 Liquor Factory II Jefferson,9/8/2026,1.00,1.00
Jayson Romine,8481 Mikes Harder Lemonade 1/12/23.5 oz Can,Mike's Harder,12/23.5oz Can,191302 Liquor Factory I Landing,9/8/2026,1.00,1.00
Anthony Palmisano,8592 White Claw Hard Seltzer Mango 1/12/19.2 oz Can,White Claw,12/19.2oz Can,3001 Best Cellars (Wanaque),9/8/2026,1.00,1.00
Jim Heaney,8585 White Claw Hard Seltzer Black Cherry 1/12/19.2 oz Can,White Claw,12/19.2oz Can,25031 Lexington Liquors (Z),9/8/2026,1.00,1.00
Anthony Palmisano,8585 White Claw Hard Seltzer Black Cherry 1/12/19.2 oz Can,White Claw,12/19.2oz Can,8009 Appio's Liquors,9/8/2026,1.00,1.00
Phil Ernst,8592 White Claw Hard Seltzer Mango 1/12/19.2 oz Can,White Claw,12/19.2oz Can,76021 Saddle Brook Liquor & Bar,9/4/2026,1.00,1.00
Phil Ernst,8631 White Claw Peach 1/12/19.2 oz Can,White Claw,12/19.2oz Can,76021 Saddle Brook Liquor & Bar,9/4/2026,1.00,1.00
Jayson Romine,8585 White Claw Hard Seltzer Black Cherry 1/12/19.2 oz Can,White Claw,12/19.2oz Can,230913 Wine Grand (Franklin),9/4/2026,1.00,1.00
Dave Ehlers,8586 White Claw Hard Seltzer Ruby Grapefruit 1/12/19.2 oz Can,White Claw,12/19.2oz Can,41012 Deli Mart (A),9/4/2026,1.00,1.00
Mike Ast,8638 White Claw Surge Grape 1/12/19.2oz Can,White Claw,12/19.2oz Can,88005 Waldwick Wine/Spirits,9/4/2026,1.00,1.00
Dan Lagala,8631 White Claw Peach 1/12/19.2 oz Can,White Claw,12/19.2oz Can,44010 Garden State Food&Liq (P),9/4/2026,1.00,1.00
Dave Ehlers,8624 White Claw Surge 8% Cranberry 19.2 oz Can,White Claw,12/19.2oz Can,41012 Deli Mart (A),9/4/2026,1.00,1.00
Phil Ernst,8585 White Claw Hard Seltzer Black Cherry 1/12/19.2 oz Can,White Claw,12/19.2oz Can,50002 Lushka Liquors,9/4/2026,1.00,1.00
Jim Heaney,8592 White Claw Hard Seltzer Mango 1/12/19.2 oz Can,White Claw,12/19.2oz Can,24012 Dante's Liquor & Wine,9/4/2026,1.00,1.00
Michael Harboy,8460 Mikes Harder Strawberry Pineapple 1/12/23.5 oz Can,Mike's Harder,12/23.5oz Can,12005 Shay's Liquors,9/4/2026,1.00,1.00
Anthony Palmisano,8623 White Claw Surge 8% Blood Orange 19.2 oz Can,White Claw,12/19.2oz Can,8005 Empire Wine & Liquor,9/4/2026,1.00,1.00
Michael Harboy,8585 White Claw Hard Seltzer Black Cherry 1/12/19.2 oz Can,White Claw,12/19.2oz Can,11001 Lincoln Center Liq,9/4/2026,1.00,1.00
Dave Ehlers,8632 White Claw Surge Blueberry 1/12/19.2 oz Can,White Claw,12/19.2oz Can,41005 George's Liq,9/4/2026,1.00,1.00
Michael Harboy,8466 Mikes Harder Mango 1/12/23.5 oz Can,Mike's Harder,12/23.5oz Can,12005 Shay's Liquors,9/4/2026,1.00,1.00
Matt Powierski,8409 Mikes Harder Pink Lemonade 1/12/23.5 oz Can,Mike's Harder,12/23.5oz Can,36008 Vicki's Bar & Liquors,9/4/2026,1.00,1.00
Mike Ast,8632 White Claw Surge Blueberry 1/12/19.2 oz Can,White Claw,12/19.2oz Can,96002 Wine & Spirit World(W),9/4/2026,1.00,1.00
Mike Ast,8638 White Claw Surge Grape 1/12/19.2oz Can,White Claw,12/19.2oz Can,81006 Fair Lawn Wine & Spirits,9/4/2026,1.00,1.00
Dave Ehlers,8537 Cayman Jacked Margarita 1/12/19.2 oz Can,Cayman Jack,1/12/19.2oz,40004 Simple Simon's (Z),9/4/2026,1.00,1.00
Derrick Laws,8538 Cayman Jacked Strawberry Margarita 1/12/19.2 oz Can,Cayman Jack,1/12/19.2oz,15023 Santana's Sport(P)Bella,9/4/2026,1.00,1.00
Dave Ehlers,8481 Mikes Harder Lemonade 1/12/23.5 oz Can,Mike's Harder,12/23.5oz Can,57003 Joes Beer Wine & Spirits,9/4/2026,1.00,1.00
Dave Ehlers,8623 White Claw Surge 8% Blood Orange 19.2 oz Can,White Claw,12/19.2oz Can,41005 George's Liq,9/4/2026,1.00,1.00
Dave Ehlers,8638 White Claw Surge Grape 1/12/19.2oz Can,White Claw,12/19.2oz Can,41005 George's Liq,9/4/2026,1.00,1.00
Mike Ast,8624 White Claw Surge 8% Cranberry 19.2 oz Can,White Claw,12/19.2oz Can,88005 Waldwick Wine/Spirits,9/4/2026,1.00,1.00
Klejdi Lamo,8592 White Claw Hard Seltzer Mango 1/12/19.2 oz Can,White Claw,12/19.2oz Can,191606 Quick Check Liquor (A),9/4/2026,1.00,1.00
Anthony Palmisano,8624 White Claw Surge 8% Cranberry 19.2 oz Can,White Claw,12/19.2oz Can,9003 B & B Wine&Liq,9/4/2026,1.00,1.00
Mike Ast,8481 Mikes Harder Lemonade 1/12/23.5 oz Can,Mike's Harder,12/23.5oz Can,93009 Scherer & Company,9/4/2026,1.00,1.00
Klejdi Lamo,8585 White Claw Hard Seltzer Black Cherry 1/12/19.2 oz Can,White Claw,12/19.2oz Can,190917 Shop Rite Liq (A)Wharton,9/4/2026,1.00,1.00
Jayson Romine,8638 White Claw Surge Grape 1/12/19.2oz Can,White Claw,12/19.2oz Can,230913 Wine Grand (Franklin),9/4/2026,1.00,1.00
Anthony Palmisano,8623 White Claw Surge 8% Blood Orange 19.2 oz Can,White Claw,12/19.2oz Can,9003 B & B Wine&Liq,9/4/2026,1.00,1.00
Chris Payton,8481 Mikes Harder Lemonade 1/12/23.5 oz Can,Mike's Harder,12/23.5oz Can,38040 Buy Rite Discount Liquor,9/4/2026,1.00,1.00
Shane Barreca,8585 White Claw Hard Seltzer Black Cherry 1/12/19.2 oz Can,White Claw,12/19.2oz Can,68002 Wine And Beverage Spirits,9/4/2026,1.00,1.00
Matt Powierski,8631 White Claw Peach 1/12/19.2 oz Can,White Claw,12/19.2oz Can,77009 M & M Wine & Spirits,9/4/2026,1.00,1.00
Dave Ehlers,8631 White Claw Peach 1/12/19.2 oz Can,White Claw,12/19.2oz Can,41012 Deli Mart (A),9/4/2026,1.00,1.00
Anthony Palmisano,8586 White Claw Hard Seltzer Ruby Grapefruit 1/12/19.2 oz Can,White Claw,12/19.2oz Can,8005 Empire Wine & Liquor,9/4/2026,1.00,1.00
Jim Heaney,8585 White Claw Hard Seltzer Black Cherry 1/12/19.2 oz Can,White Claw,12/19.2oz Can,24012 Dante's Liquor & Wine,9/4/2026,1.00,1.00
Mike Ast,8592 White Claw Hard Seltzer Mango 1/12/19.2 oz Can,White Claw,12/19.2oz Can,19027 Goffle Road Wine and More,9/4/2026,1.00,1.00
Klejdi Lamo,8481 Mikes Harder Lemonade 1/12/23.5 oz Can,Mike's Harder,12/23.5oz Can,191606 Quick Check Liquor (A),9/4/2026,1.00,1.00
Phil Ernst,8586 White Claw Hard Seltzer Ruby Grapefruit 1/12/19.2 oz Can,White Claw,12/19.2oz Can,50002 Lushka Liquors,9/4/2026,1.00,1.00
Klejdi Lamo,8585 White Claw Hard Seltzer Black Cherry 1/12/19.2 oz Can,White Claw,12/19.2oz Can,191803 Kingston Liquors,9/4/2026,1.00,1.00
Jim Heaney,8585 White Claw Hard Seltzer Black Cherry 1/12/19.2 oz Can,White Claw,12/19.2oz Can,27016 Marina's Wine & Spirits,9/4/2026,1.00,1.00
Derrick Laws,8537 Cayman Jacked Margarita 1/12/19.2 oz Can,Cayman Jack,1/12/19.2oz,15023 Santana's Sport(P)Bella,9/4/2026,1.00,1.00
Mike Ast,8585 White Claw Hard Seltzer Black Cherry 1/12/19.2 oz Can,White Claw,12/19.2oz Can,81006 Fair Lawn Wine & Spirits,9/4/2026,1.00,1.00
Mike Ast,8592 White Claw Hard Seltzer Mango 1/12/19.2 oz Can,White Claw,12/19.2oz Can,11003 Lincoln Park Fine Wines & Spirits,9/4/2026,1.00,1.00
Chris Payton,8592 White Claw Hard Seltzer Mango 1/12/19.2 oz Can,White Claw,12/19.2oz Can,78003 Ani Service Station Inc,9/4/2026,1.00,1.00
Matt Powierski,8592 White Claw Hard Seltzer Mango 1/12/19.2 oz Can,White Claw,12/19.2oz Can,77009 M & M Wine & Spirits,9/4/2026,1.00,1.00
Klejdi Lamo,8624 White Claw Surge 8% Cranberry 19.2 oz Can,White Claw,12/19.2oz Can,191803 Kingston Liquors,9/4/2026,1.00,1.00
Klejdi Lamo,8638 White Claw Surge Grape 1/12/19.2oz Can,White Claw,12/19.2oz Can,191606 Quick Check Liquor (A),9/4/2026,1.00,1.00
Chris Payton,8585 White Claw Hard Seltzer Black Cherry 1/12/19.2 oz Can,White Claw,12/19.2oz Can,50020 Wineland,9/4/2026,1.00,1.00
Mike Ast,8585 White Claw Hard Seltzer Black Cherry 1/12/19.2 oz Can,White Claw,12/19.2oz Can,11003 Lincoln Park Fine Wines & Spirits,9/4/2026,1.00,1.00
Mike Ast,8624 White Claw Surge 8% Cranberry 19.2 oz Can,White Claw,12/19.2oz Can,96002 Wine & Spirit World(W),9/4/2026,1.00,1.00
Mike Ast,8585 White Claw Hard Seltzer Black Cherry 1/12/19.2 oz Can,White Claw,12/19.2oz Can,19027 Goffle Road Wine and More,9/4/2026,1.00,1.00
Dave Ehlers,8585 White Claw Hard Seltzer Black Cherry 1/12/19.2 oz Can,White Claw,12/19.2oz Can,41012 Deli Mart (A),9/4/2026,1.00,1.00
Mike Ast,8586 White Claw Hard Seltzer Ruby Grapefruit 1/12/19.2 oz Can,White Claw,12/19.2oz Can,96002 Wine & Spirit World(W),9/4/2026,1.00,1.00
Klejdi Lamo,8585 White Claw Hard Seltzer Black Cherry 1/12/19.2 oz Can,White Claw,12/19.2oz Can,190705 Rockaway W/L,9/4/2026,1.00,1.00
Klejdi Lamo,8585 White Claw Hard Seltzer Black Cherry 1/12/19.2 oz Can,White Claw,12/19.2oz Can,191606 Quick Check Liquor (A),9/4/2026,1.00,1.00
Dave Ehlers,8409 Mikes Harder Pink Lemonade 1/12/23.5 oz Can,Mike's Harder,12/23.5oz Can,57003 Joes Beer Wine & Spirits,9/4/2026,1.00,1.00
Klejdi Lamo,8623 White Claw Surge 8% Blood Orange 19.2 oz Can,White Claw,12/19.2oz Can,190208 Boonton Liquor Locker,9/4/2026,1.00,1.00
Chris Payton,8586 White Claw Hard Seltzer Ruby Grapefruit 1/12/19.2 oz Can,White Claw,12/19.2oz Can,50020 Wineland,9/4/2026,1.00,1.00
Phil Ernst,8585 White Claw Hard Seltzer Black Cherry 1/12/19.2 oz Can,White Claw,12/19.2oz Can,76021 Saddle Brook Liquor & Bar,9/4/2026,1.00,1.00
Derrick Laws,8538 Cayman Jacked Strawberry Margarita 1/12/19.2 oz Can,Cayman Jack,1/12/19.2oz,23004 Shop Rite Wines/Spirits,9/4/2026,1.00,1.00
Mike Ast,8592 White Claw Hard Seltzer Mango 1/12/19.2 oz Can,White Claw,12/19.2oz Can,96002 Wine & Spirit World(W),9/4/2026,1.00,1.00
Chris Payton,8409 Mikes Harder Pink Lemonade 1/12/23.5 oz Can,Mike's Harder,12/23.5oz Can,38040 Buy Rite Discount Liquor,9/4/2026,1.00,1.00
Shane Barreca,8624 White Claw Surge 8% Cranberry 19.2 oz Can,White Claw,12/19.2oz Can,75004 Cork & Keg (A),9/4/2026,1.00,1.00
Javier Melo,8585 White Claw Hard Seltzer Black Cherry 1/12/19.2 oz Can,White Claw,12/19.2oz Can,27071 Mariana's Liquors,9/4/2026,1.00,1.00
Mike Ast,8586 White Claw Hard Seltzer Ruby Grapefruit 1/12/19.2 oz Can,White Claw,12/19.2oz Can,88005 Waldwick Wine/Spirits,9/4/2026,1.00,1.00
Chris Payton,8623 White Claw Surge 8% Blood Orange 19.2 oz Can,White Claw,12/19.2oz Can,81011 Radburn Liquors (A,9/4/2026,1.00,1.00
Jayson Romine,8623 White Claw Surge 8% Blood Orange 19.2 oz Can,White Claw,12/19.2oz Can,230913 Wine Grand (Franklin),9/4/2026,1.00,1.00
Klejdi Lamo,8624 White Claw Surge 8% Cranberry 19.2 oz Can,White Claw,12/19.2oz Can,190917 Shop Rite Liq (A)Wharton,9/4/2026,1.00,1.00
Mike Ast,8632 White Claw Surge Blueberry 1/12/19.2 oz Can,White Claw,12/19.2oz Can,88005 Waldwick Wine/Spirits,9/4/2026,1.00,1.00
Dave Ehlers,8586 White Claw Hard Seltzer Ruby Grapefruit 1/12/19.2 oz Can,White Claw,12/19.2oz Can,57003 Joes Beer Wine & Spirits,9/4/2026,1.00,1.00
Chris Payton,8585 White Claw Hard Seltzer Black Cherry 1/12/19.2 oz Can,White Claw,12/19.2oz Can,78003 Ani Service Station Inc,9/4/2026,1.00,1.00
Mike Ast,8586 White Claw Hard Seltzer Ruby Grapefruit 1/12/19.2 oz Can,White Claw,12/19.2oz Can,19027 Goffle Road Wine and More,9/4/2026,1.00,1.00
Shane Barreca,8585 White Claw Hard Seltzer Black Cherry 1/12/19.2 oz Can,White Claw,12/19.2oz Can,75004 Cork & Keg (A),9/4/2026,1.00,1.00
Dan Lagala,8586 White Claw Hard Seltzer Ruby Grapefruit 1/12/19.2 oz Can,White Claw,12/19.2oz Can,44010 Garden State Food&Liq (P),9/4/2026,1.00,1.00
Dan Lagala,8592 White Claw Hard Seltzer Mango 1/12/19.2 oz Can,White Claw,12/19.2oz Can,44010 Garden State Food&Liq (P),9/4/2026,1.00,1.00
Mike Ast,8592 White Claw Hard Seltzer Mango 1/12/19.2 oz Can,White Claw,12/19.2oz Can,81006 Fair Lawn Wine & Spirits,9/4/2026,1.00,1.00
Shane Barreca,8624 White Claw Surge 8% Cranberry 19.2 oz Can,White Claw,12/19.2oz Can,67004 Beverage Barn (A),9/4/2026,1.00,1.00
Michael Harboy,8480 Mikes Harder Cranberry 1/12/23.5 oz Can,Mike's Harder,12/23.5oz Can,12005 Shay's Liquors,9/4/2026,1.00,1.00
Dan Lagala,8585 White Claw Hard Seltzer Black Cherry 1/12/19.2 oz Can,White Claw,12/19.2oz Can,46013 Boulevard Food And Liquor,9/4/2026,1.00,1.00
Klejdi Lamo,8585 White Claw Hard Seltzer Black Cherry 1/12/19.2 oz Can,White Claw,12/19.2oz Can,190208 Boonton Liquor Locker,9/4/2026,1.00,1.00
Dave Ehlers,8538 Cayman Jacked Strawberry Margarita 1/12/19.2 oz Can,Cayman Jack,1/12/19.2oz,40004 Simple Simon's (Z),9/4/2026,1.00,1.00
Jim Heaney,8585 White Claw Hard Seltzer Black Cherry 1/12/19.2 oz Can,White Claw,12/19.2oz Can,24005 Henry's Liquors,9/4/2026,1.00,1.00
Shane Barreca,8481 Mikes Harder Lemonade 1/12/23.5 oz Can,Mike's Harder,12/23.5oz Can,75004 Cork & Keg (A),9/4/2026,1.00,1.00
Dave Ehlers,8409 Mikes Harder Pink Lemonade 1/12/23.5 oz Can,Mike's Harder,12/23.5oz Can,58001 Total Wine & More (River Edge),9/4/2026,1.00,1.00
Mike Ast,8592 White Claw Hard Seltzer Mango 1/12/19.2 oz Can,White Claw,12/19.2oz Can,88005 Waldwick Wine/Spirits,9/4/2026,1.00,1.00
Jim Heaney,8624 White Claw Surge 8% Cranberry 19.2 oz Can,White Claw,12/19.2oz Can,24005 Henry's Liquors,9/4/2026,1.00,1.00
Klejdi Lamo,8592 White Claw Hard Seltzer Mango 1/12/19.2 oz Can,White Claw,12/19.2oz Can,191803 Kingston Liquors,9/4/2026,1.00,1.00
Mike Ast,8623 White Claw Surge 8% Blood Orange 19.2 oz Can,White Claw,12/19.2oz Can,81006 Fair Lawn Wine & Spirits,9/4/2026,1.00,1.00
Jayson Romine,8592 White Claw Hard Seltzer Mango 1/12/19.2 oz Can,White Claw,12/19.2oz Can,230913 Wine Grand (Franklin),9/4/2026,1.00,1.00
Klejdi Lamo,8631 White Claw Peach 1/12/19.2 oz Can,White Claw,12/19.2oz Can,191606 Quick Check Liquor (A),9/4/2026,1.00,1.00
Anthony Palmisano,8585 White Claw Hard Seltzer Black Cherry 1/12/19.2 oz Can,White Claw,12/19.2oz Can,8005 Empire Wine & Liquor,9/4/2026,1.00,1.00
Jayson Romine,8585 White Claw Hard Seltzer Black Cherry 1/12/19.2 oz Can,White Claw,12/19.2oz Can,231701 George's Wine & Spirits,9/4/2026,1.00,1.00
Dave Ehlers,8623 White Claw Surge 8% Blood Orange 19.2 oz Can,White Claw,12/19.2oz Can,41012 Deli Mart (A),9/4/2026,1.00,1.00
Shane Barreca,8466 Mikes Harder Mango 1/12/23.5 oz Can,Mike's Harder,12/23.5oz Can,75004 Cork & Keg (A),9/4/2026,1.00,1.00
Dan Lagala,8592 White Claw Hard Seltzer Mango 1/12/19.2 oz Can,White Claw,12/19.2oz Can,44016 Liquor City(A)Cliffside,9/4/2026,1.00,1.00
Dan Lagala,8586 White Claw Hard Seltzer Ruby Grapefruit 1/12/19.2 oz Can,White Claw,12/19.2oz Can,44016 Liquor City(A)Cliffside,9/4/2026,1.00,1.00
Jim Heaney,8631 White Claw Peach 1/12/19.2 oz Can,White Claw,12/19.2oz Can,27016 Marina's Wine & Spirits,9/4/2026,1.00,1.00
Mike Ast,8585 White Claw Hard Seltzer Black Cherry 1/12/19.2 oz Can,White Claw,12/19.2oz Can,88005 Waldwick Wine/Spirits,9/4/2026,1.00,1.00
Klejdi Lamo,8409 Mikes Harder Pink Lemonade 1/12/23.5 oz Can,Mike's Harder,12/23.5oz Can,191606 Quick Check Liquor (A),9/4/2026,1.00,1.00
Shane Barreca,8586 White Claw Hard Seltzer Ruby Grapefruit 1/12/19.2 oz Can,White Claw,12/19.2oz Can,75004 Cork & Keg (A),9/4/2026,1.00,1.00
Dave Ehlers,8623 White Claw Surge 8% Blood Orange 19.2 oz Can,White Claw,12/19.2oz Can,14007 Total Wine & More (Totowa),9/4/2026,1.00,1.00
Dan Lagala,8585 White Claw Hard Seltzer Black Cherry 1/12/19.2 oz Can,White Claw,12/19.2oz Can,44010 Garden State Food&Liq (P),9/4/2026,1.00,1.00
Shane Barreca,8481 Mikes Harder Lemonade 1/12/23.5 oz Can,Mike's Harder,12/23.5oz Can,67004 Beverage Barn (A),9/4/2026,1.00,1.00
Dave Ehlers,8481 Mikes Harder Lemonade 1/12/23.5 oz Can,Mike's Harder,12/23.5oz Can,41005 George's Liq,9/4/2026,1.00,1.00
Mike Ast,8585 White Claw Hard Seltzer Black Cherry 1/12/19.2 oz Can,White Claw,12/19.2oz Can,96002 Wine & Spirit World(W),9/4/2026,1.00,1.00
Jim Heaney,8592 White Claw Hard Seltzer Mango 1/12/19.2 oz Can,White Claw,12/19.2oz Can,24005 Henry's Liquors,9/4/2026,1.00,1.00
Klejdi Lamo,8586 White Claw Hard Seltzer Ruby Grapefruit 1/12/19.2 oz Can,White Claw,12/19.2oz Can,190208 Boonton Liquor Locker,9/4/2026,1.00,1.00
Chris Payton,8631 White Claw Peach 1/12/19.2 oz Can,White Claw,12/19.2oz Can,81011 Radburn Liquors (A,9/4/2026,1.00,1.00
Phil Ernst,8592 White Claw Hard Seltzer Mango 1/12/19.2 oz Can,White Claw,12/19.2oz Can,49039 Acme Markets (Fort Lee),9/4/2026,1.00,1.00
Phil Ernst,8585 White Claw Hard Seltzer Black Cherry 1/12/19.2 oz Can,White Claw,12/19.2oz Can,25010 Stew Leonard's Wines & Spirits of Clifton,9/3/2026,1.00,1.00
Jayson Romine,8586 White Claw Hard Seltzer Ruby Grapefruit 1/12/19.2 oz Can,White Claw,12/19.2oz Can,"230440 Brix - Wine, Spirits, Beer (Fredon)",9/3/2026,1.00,1.00
Matt Powierski,8460 Mikes Harder Strawberry Pineapple 1/12/23.5 oz Can,Mike's Harder,12/23.5oz Can,77016 Metro Liquor (Elmwood Park),9/3/2026,1.00,1.00
Klejdi Lamo,8638 White Claw Surge Grape 1/12/19.2oz Can,White Claw,12/19.2oz Can,190913 Main Street Liquor,9/3/2026,1.00,1.00
Pablo Lopez,8585 White Claw Hard Seltzer Black Cherry 1/12/19.2 oz Can,White Claw,12/19.2oz Can,21024 Altiero Liquors,9/3/2026,1.00,1.00
Shane Barreca,8586 White Claw Hard Seltzer Ruby Grapefruit 1/12/19.2 oz Can,White Claw,12/19.2oz Can,92011 Bottle King (A) Ramsey,9/3/2026,1.00,1.00
Phil Ernst,8481 Mikes Harder Lemonade 1/12/23.5 oz Can,Mike's Harder,12/23.5oz Can,80005 Shop Rite Liq (Paramus),9/3/2026,1.00,1.00
Jim Heaney,8638 White Claw Surge Grape 1/12/19.2oz Can,White Claw,12/19.2oz Can,25008 Clifton Commons S & W,9/3/2026,1.00,1.00
Pablo Lopez,8631 White Claw Peach 1/12/19.2 oz Can,White Claw,12/19.2oz Can,21024 Altiero Liquors,9/3/2026,1.00,1.00
Phil Ernst,8592 White Claw Hard Seltzer Mango 1/12/19.2 oz Can,White Claw,12/19.2oz Can,25010 Stew Leonard's Wines & Spirits of Clifton,9/3/2026,1.00,1.00
Pablo Lopez,8460 Mikes Harder Strawberry Pineapple 1/12/23.5 oz Can,Mike's Harder,12/23.5oz Can,20070 Joe's Liquor (A),9/3/2026,1.00,1.00
Dave Ehlers,8632 White Claw Surge Blueberry 1/12/19.2 oz Can,White Claw,12/19.2oz Can,40017 Essex St Liquor and Wine,9/3/2026,1.00,1.00
Chris Payton,8592 White Claw Hard Seltzer Mango 1/12/19.2 oz Can,White Claw,12/19.2oz Can,23006 46 Discount Liquor Store,9/3/2026,1.00,1.00
Jayson Romine,8585 White Claw Hard Seltzer Black Cherry 1/12/19.2 oz Can,White Claw,12/19.2oz Can,231316 Patricks Wine Barn,9/3/2026,1.00,1.00
Shane Barreca,8632 White Claw Surge Blueberry 1/12/19.2 oz Can,White Claw,12/19.2oz Can,74005 Winemart Discount,9/3/2026,1.00,1.00
Jim Heaney,8592 White Claw Hard Seltzer Mango 1/12/19.2 oz Can,White Claw,12/19.2oz Can,24002 Swizzle Stick Liq (A),9/3/2026,1.00,1.00
Matt Powierski,8538 Cayman Jacked Strawberry Margarita 1/12/19.2 oz Can,Cayman Jack,1/12/19.2oz,27031 Home Wine Liquor (Passaic),9/3/2026,1.00,1.00
Klejdi Lamo,8624 White Claw Surge 8% Cranberry 19.2 oz Can,White Claw,12/19.2oz Can,190216 House of Wine & Liquor - Boonton,9/3/2026,1.00,1.00
Shane Barreca,8585 White Claw Hard Seltzer Black Cherry 1/12/19.2 oz Can,White Claw,12/19.2oz Can,92008 Ramsey Wine & Liquor,9/3/2026,1.00,1.00
Shane Barreca,8481 Mikes Harder Lemonade 1/12/23.5 oz Can,Mike's Harder,12/23.5oz Can,74005 Winemart Discount,9/3/2026,1.00,1.00
Shane Barreca,8592 White Claw Hard Seltzer Mango 1/12/19.2 oz Can,White Claw,12/19.2oz Can,92008 Ramsey Wine & Liquor,9/3/2026,1.00,1.00
Jim Heaney,8592 White Claw Hard Seltzer Mango 1/12/19.2 oz Can,White Claw,12/19.2oz Can,24014 Bottleneck Liquors,9/3/2026,1.00,1.00
Shane Barreca,8458 Mikes Harder Black Cherry 1/12/23.5 oz Can,Mike's Harder,12/23.5oz Can,92008 Ramsey Wine & Liquor,9/3/2026,1.00,1.00
Matt Powierski,8586 White Claw Hard Seltzer Ruby Grapefruit 1/12/19.2 oz Can,White Claw,12/19.2oz Can,77016 Metro Liquor (Elmwood Park),9/3/2026,1.00,1.00
Anthony Palmisano,8585 White Claw Hard Seltzer Black Cherry 1/12/19.2 oz Can,White Claw,12/19.2oz Can,1031 Highland Wine&Liquor Inc,9/3/2026,1.00,1.00
Jim Heaney,8538 Cayman Jacked Strawberry Margarita 1/12/19.2 oz Can,Cayman Jack,1/12/19.2oz,24017 Rainbow Liquor (P),9/3/2026,1.00,1.00
Phil Ernst,8458 Mikes Harder Black Cherry 1/12/23.5 oz Can,Mike's Harder,12/23.5oz Can,20106 Super Wine Warehse(P)Pate,9/3/2026,1.00,1.00
Jim Heaney,8624 White Claw Surge 8% Cranberry 19.2 oz Can,White Claw,12/19.2oz Can,25008 Clifton Commons S & W,9/3/2026,1.00,1.00
Phil Ernst,8631 White Claw Peach 1/12/19.2 oz Can,White Claw,12/19.2oz Can,83010 Bottle King (A) Glen Rock,9/3/2026,1.00,1.00
Shane Barreca,8585 White Claw Hard Seltzer Black Cherry 1/12/19.2 oz Can,White Claw,12/19.2oz Can,65001 Wine & Whiskey (A),9/3/2026,1.00,1.00
Phil Ernst,8632 White Claw Surge Blueberry 1/12/19.2 oz Can,White Claw,12/19.2oz Can,20106 Super Wine Warehse(P)Pate,9/3/2026,1.00,1.00
Anthony Palmisano,8585 White Claw Hard Seltzer Black Cherry 1/12/19.2 oz Can,White Claw,12/19.2oz Can,2002 Ringwood Discount Liquors,9/3/2026,1.00,1.00
Jim Heaney,8586 White Claw Hard Seltzer Ruby Grapefruit 1/12/19.2 oz Can,White Claw,12/19.2oz Can,24014 Bottleneck Liquors,9/3/2026,1.00,1.00
Phil Ernst,8623 White Claw Surge 8% Blood Orange 19.2 oz Can,White Claw,12/19.2oz Can,83010 Bottle King (A) Glen Rock,9/3/2026,1.00,1.00
Dave Ehlers,8623 White Claw Surge 8% Blood Orange 19.2 oz Can,White Claw,12/19.2oz Can,51008 H & R Disc. Liq (P),9/3/2026,1.00,1.00
Phil Ernst,8409 Mikes Harder Pink Lemonade 1/12/23.5 oz Can,Mike's Harder,12/23.5oz Can,80005 Shop Rite Liq (Paramus),9/3/2026,1.00,1.00
Shane Barreca,8585 White Claw Hard Seltzer Black Cherry 1/12/19.2 oz Can,White Claw,12/19.2oz Can,92011 Bottle King (A) Ramsey,9/3/2026,1.00,1.00
Jayson Romine,8585 White Claw Hard Seltzer Black Cherry 1/12/19.2 oz Can,White Claw,12/19.2oz Can,"230440 Brix - Wine, Spirits, Beer (Fredon)",9/3/2026,1.00,1.00
Matt Powierski,8481 Mikes Harder Lemonade 1/12/23.5 oz Can,Mike's Harder,12/23.5oz Can,77016 Metro Liquor (Elmwood Park),9/3/2026,1.00,1.00
Phil Ernst,8586 White Claw Hard Seltzer Ruby Grapefruit 1/12/19.2 oz Can,White Claw,12/19.2oz Can,20106 Super Wine Warehse(P)Pate,9/3/2026,1.00,1.00
Jayson Romine,8592 White Claw Hard Seltzer Mango 1/12/19.2 oz Can,White Claw,12/19.2oz Can,231316 Patricks Wine Barn,9/3/2026,1.00,1.00
Klejdi Lamo,8585 White Claw Hard Seltzer Black Cherry 1/12/19.2 oz Can,White Claw,12/19.2oz Can,190802 Sam's Liq Wine (P),9/3/2026,1.00,1.00
Anthony Palmisano,8585 White Claw Hard Seltzer Black Cherry 1/12/19.2 oz Can,White Claw,12/19.2oz Can,1021 M & M Discount Liq,9/3/2026,1.00,1.00
Shane Barreca,8631 White Claw Peach 1/12/19.2 oz Can,White Claw,12/19.2oz Can,92008 Ramsey Wine & Liquor,9/3/2026,1.00,1.00
Matt Powierski,8585 White Claw Hard Seltzer Black Cherry 1/12/19.2 oz Can,White Claw,12/19.2oz Can,77016 Metro Liquor (Elmwood Park),9/3/2026,1.00,1.00
Matt Powierski,8631 White Claw Peach 1/12/19.2 oz Can,White Claw,12/19.2oz Can,77016 Metro Liquor (Elmwood Park),9/3/2026,1.00,1.00
Phil Ernst,8592 White Claw Hard Seltzer Mango 1/12/19.2 oz Can,White Claw,12/19.2oz Can,80002 Whole Foods Market (Paramus),9/3/2026,1.00,1.00
Phil Ernst,8481 Mikes Harder Lemonade 1/12/23.5 oz Can,Mike's Harder,12/23.5oz Can,20106 Super Wine Warehse(P)Pate,9/3/2026,1.00,1.00
Jim Heaney,8592 White Claw Hard Seltzer Mango 1/12/19.2 oz Can,White Claw,12/19.2oz Can,25008 Clifton Commons S & W,9/3/2026,1.00,1.00
Jayson Romine,8480 Mikes Harder Cranberry 1/12/23.5 oz Can,Mike's Harder,12/23.5oz Can,230427 ShopRite Wine & Spirits of Newton#830,9/3/2026,1.00,1.00
Phil Ernst,8585 White Claw Hard Seltzer Black Cherry 1/12/19.2 oz Can,White Claw,12/19.2oz Can,80005 Shop Rite Liq (Paramus),9/3/2026,1.00,1.00
Dave Ehlers,8458 Mikes Harder Black Cherry 1/12/23.5 oz Can,Mike's Harder,12/23.5oz Can,51018 Teaneck Discount Liquor,9/3/2026,1.00,1.00
Jim Heaney,8592 White Claw Hard Seltzer Mango 1/12/19.2 oz Can,White Claw,12/19.2oz Can,30004 West End Wine & Liq,9/3/2026,1.00,1.00
Dave Ehlers,8466 Mikes Harder Mango 1/12/23.5 oz Can,Mike's Harder,12/23.5oz Can,51018 Teaneck Discount Liquor,9/3/2026,1.00,1.00
Shane Barreca,8481 Mikes Harder Lemonade 1/12/23.5 oz Can,Mike's Harder,12/23.5oz Can,60001 Bottle King (A) Dumont,9/3/2026,1.00,1.00
Anthony Palmisano,8632 White Claw Surge Blueberry 1/12/19.2 oz Can,White Claw,12/19.2oz Can,1031 Highland Wine&Liquor Inc,9/3/2026,1.00,1.00
Phil Ernst,8638 White Claw Surge Grape 1/12/19.2oz Can,White Claw,12/19.2oz Can,80041 PRIME WINE CELLAR Liquor & Beer,9/3/2026,1.00,1.00
Jayson Romine,8481 Mikes Harder Lemonade 1/12/23.5 oz Can,Mike's Harder,12/23.5oz Can,230420 Spring Street Liquors,9/3/2026,1.00,1.00
Jayson Romine,8585 White Claw Hard Seltzer Black Cherry 1/12/19.2 oz Can,White Claw,12/19.2oz Can,191408 Super Saver Liq,9/3/2026,1.00,1.00
Matt Powierski,8638 White Claw Surge Grape 1/12/19.2oz Can,White Claw,12/19.2oz Can,37002 Garfield Bar & Liq (P),9/3/2026,1.00,1.00
Klejdi Lamo,8585 White Claw Hard Seltzer Black Cherry 1/12/19.2 oz Can,White Claw,12/19.2oz Can,190913 Main Street Liquor,9/3/2026,1.00,1.00
Jayson Romine,8586 White Claw Hard Seltzer Ruby Grapefruit 1/12/19.2 oz Can,White Claw,12/19.2oz Can,231316 Patricks Wine Barn,9/3/2026,1.00,1.00
Matt Powierski,8592 White Claw Hard Seltzer Mango 1/12/19.2 oz Can,White Claw,12/19.2oz Can,77016 Metro Liquor (Elmwood Park),9/3/2026,1.00,1.00
Matt Powierski,8466 Mikes Harder Mango 1/12/23.5 oz Can,Mike's Harder,12/23.5oz Can,77016 Metro Liquor (Elmwood Park),9/3/2026,1.00,1.00
Phil Ernst,8466 Mikes Harder Mango 1/12/23.5 oz Can,Mike's Harder,12/23.5oz Can,20106 Super Wine Warehse(P)Pate,9/3/2026,1.00,1.00
Matt Powierski,8631 White Claw Peach 1/12/19.2 oz Can,White Claw,12/19.2oz Can,31004 Metro Liquors (East Rutherford),9/3/2026,1.00,1.00
Jayson Romine,8623 White Claw Surge 8% Blood Orange 19.2 oz Can,White Claw,12/19.2oz Can,191408 Super Saver Liq,9/3/2026,1.00,1.00
Matt Powierski,8480 Mikes Harder Cranberry 1/12/23.5 oz Can,Mike's Harder,12/23.5oz Can,77016 Metro Liquor (Elmwood Park),9/3/2026,1.00,1.00
Pablo Lopez,8592 White Claw Hard Seltzer Mango 1/12/19.2 oz Can,White Claw,12/19.2oz Can,27066 Sunny's Liqs.(P),9/3/2026,1.00,1.00
Phil Ernst,8585 White Claw Hard Seltzer Black Cherry 1/12/19.2 oz Can,White Claw,12/19.2oz Can,80002 Whole Foods Market (Paramus),9/3/2026,1.00,1.00
Jayson Romine,8409 Mikes Harder Pink Lemonade 1/12/23.5 oz Can,Mike's Harder,12/23.5oz Can,191408 Super Saver Liq,9/3/2026,1.00,1.00
Matt Powierski,8592 White Claw Hard Seltzer Mango 1/12/19.2 oz Can,White Claw,12/19.2oz Can,27031 Home Wine Liquor (Passaic),9/3/2026,1.00,1.00
Chris Payton,8466 Mikes Harder Mango 1/12/23.5 oz Can,Mike's Harder,12/23.5oz Can,47009 Iga Supermarkets (A),9/3/2026,1.00,1.00
Jayson Romine,8409 Mikes Harder Pink Lemonade 1/12/23.5 oz Can,Mike's Harder,12/23.5oz Can,230105 ShopRite Wines & Spirits of Sparta,9/3/2026,1.00,1.00
Anthony Palmisano,8638 White Claw Surge Grape 1/12/19.2oz Can,White Claw,12/19.2oz Can,1031 Highland Wine&Liquor Inc,9/3/2026,1.00,1.00
Pablo Lopez,8585 White Claw Hard Seltzer Black Cherry 1/12/19.2 oz Can,White Claw,12/19.2oz Can,27005 #1 Liqrs (P),9/3/2026,1.00,1.00
Shane Barreca,8481 Mikes Harder Lemonade 1/12/23.5 oz Can,Mike's Harder,12/23.5oz Can,92008 Ramsey Wine & Liquor,9/3/2026,1.00,1.00
Pablo Lopez,8592 White Claw Hard Seltzer Mango 1/12/19.2 oz Can,White Claw,12/19.2oz Can,21024 Altiero Liquors,9/3/2026,1.00,1.00
Shane Barreca,8480 Mikes Harder Cranberry 1/12/23.5 oz Can,Mike's Harder,12/23.5oz Can,74005 Winemart Discount,9/3/2026,1.00,1.00
Dave Ehlers,8585 White Claw Hard Seltzer Black Cherry 1/12/19.2 oz Can,White Claw,12/19.2oz Can,51008 H & R Disc. Liq (P),9/3/2026,1.00,1.00
Anthony Palmisano,8586 White Claw Hard Seltzer Ruby Grapefruit 1/12/19.2 oz Can,White Claw,12/19.2oz Can,2002 Ringwood Discount Liquors,9/3/2026,1.00,1.00
Jim Heaney,8624 White Claw Surge 8% Cranberry 19.2 oz Can,White Claw,12/19.2oz Can,24014 Bottleneck Liquors,9/3/2026,1.00,1.00
Chris Payton,8585 White Claw Hard Seltzer Black Cherry 1/12/19.2 oz Can,White Claw,12/19.2oz Can,23006 46 Discount Liquor Store,9/3/2026,1.00,1.00
Shane Barreca,8585 White Claw Hard Seltzer Black Cherry 1/12/19.2 oz Can,White Claw,12/19.2oz Can,60001 Bottle King (A) Dumont,9/3/2026,1.00,1.00
Jim Heaney,8585 White Claw Hard Seltzer Black Cherry 1/12/19.2 oz Can,White Claw,12/19.2oz Can,25008 Clifton Commons S & W,9/3/2026,1.00,1.00
Anthony Palmisano,8592 White Claw Hard Seltzer Mango 1/12/19.2 oz Can,White Claw,12/19.2oz Can,2002 Ringwood Discount Liquors,9/3/2026,1.00,1.00
Jayson Romine,8623 White Claw Surge 8% Blood Orange 19.2 oz Can,White Claw,12/19.2oz Can,231315 Woody's Liq Shop (A),9/3/2026,1.00,1.00
Klejdi Lamo,8592 White Claw Hard Seltzer Mango 1/12/19.2 oz Can,White Claw,12/19.2oz Can,190603 Denville W & L,9/3/2026,1.00,1.00
Klejdi Lamo,8623 White Claw Surge 8% Blood Orange 19.2 oz Can,White Claw,12/19.2oz Can,190216 House of Wine & Liquor - Boonton,9/3/2026,1.00,1.00
Matt Powierski,8585 White Claw Hard Seltzer Black Cherry 1/12/19.2 oz Can,White Claw,12/19.2oz Can,37002 Garfield Bar & Liq (P),9/3/2026,1.00,1.00
Phil Ernst,8592 White Claw Hard Seltzer Mango 1/12/19.2 oz Can,White Claw,12/19.2oz Can,80026 Stew Leonard's(A) Paramus Wine,9/3/2026,1.00,1.00
Pablo Lopez,8585 White Claw Hard Seltzer Black Cherry 1/12/19.2 oz Can,White Claw,12/19.2oz Can,27066 Sunny's Liqs.(P),9/3/2026,1.00,1.00
Matt Powierski,8586 White Claw Hard Seltzer Ruby Grapefruit 1/12/19.2 oz Can,White Claw,12/19.2oz Can,37002 Garfield Bar & Liq (P),9/3/2026,1.00,1.00
Klejdi Lamo,8631 White Claw Peach 1/12/19.2 oz Can,White Claw,12/19.2oz Can,190216 House of Wine & Liquor - Boonton,9/3/2026,1.00,1.00
Klejdi Lamo,8409 Mikes Harder Pink Lemonade 1/12/23.5 oz Can,Mike's Harder,12/23.5oz Can,190216 House of Wine & Liquor - Boonton,9/3/2026,1.00,1.00
Matt Powierski,8586 White Claw Hard Seltzer Ruby Grapefruit 1/12/19.2 oz Can,White Claw,12/19.2oz Can,31004 Metro Liquors (East Rutherford),9/3/2026,1.00,1.00
Jayson Romine,8481 Mikes Harder Lemonade 1/12/23.5 oz Can,Mike's Harder,12/23.5oz Can,230105 ShopRite Wines & Spirits of Sparta,9/3/2026,1.00,1.00
Phil Ernst,8585 White Claw Hard Seltzer Black Cherry 1/12/19.2 oz Can,White Claw,12/19.2oz Can,20106 Super Wine Warehse(P)Pate,9/3/2026,1.00,1.00
Jim Heaney,8537 Cayman Jacked Margarita 1/12/19.2 oz Can,Cayman Jack,1/12/19.2oz,13008 Little Falls Liq(P),9/3/2026,1.00,1.00
Chris Payton,8592 White Claw Hard Seltzer Mango 1/12/19.2 oz Can,White Claw,12/19.2oz Can,47009 Iga Supermarkets (A),9/3/2026,1.00,1.00
Chris Payton,8585 White Claw Hard Seltzer Black Cherry 1/12/19.2 oz Can,White Claw,12/19.2oz Can,34009 The Wine Rack Hasbrouck Hts,9/3/2026,1.00,1.00
Matt Powierski,8458 Mikes Harder Black Cherry 1/12/23.5 oz Can,Mike's Harder,12/23.5oz Can,77016 Metro Liquor (Elmwood Park),9/3/2026,1.00,1.00
Shane Barreca,8624 White Claw Surge 8% Cranberry 19.2 oz Can,White Claw,12/19.2oz Can,92008 Ramsey Wine & Liquor,9/3/2026,1.00,1.00
Anthony Palmisano,8623 White Claw Surge 8% Blood Orange 19.2 oz Can,White Claw,12/19.2oz Can,1031 Highland Wine&Liquor Inc,9/3/2026,1.00,1.00
Dave Ehlers,8466 Mikes Harder Mango 1/12/23.5 oz Can,Mike's Harder,12/23.5oz Can,52019 W E Beverage (A),9/3/2026,1.00,1.00
Phil Ernst,8538 Cayman Jacked Strawberry Margarita 1/12/19.2 oz Can,Cayman Jack,1/12/19.2oz,20106 Super Wine Warehse(P)Pate,9/3/2026,1.00,1.00
Jim Heaney,8638 White Claw Surge Grape 1/12/19.2oz Can,White Claw,12/19.2oz Can,13008 Little Falls Liq(P),9/3/2026,1.00,1.00
Jim Heaney,8537 Cayman Jacked Margarita 1/12/19.2 oz Can,Cayman Jack,1/12/19.2oz,24017 Rainbow Liquor (P),9/3/2026,1.00,1.00
Phil Ernst,8460 Mikes Harder Strawberry Pineapple 1/12/23.5 oz Can,Mike's Harder,12/23.5oz Can,20106 Super Wine Warehse(P)Pate,9/3/2026,1.00,1.00
Anthony Palmisano,8586 White Claw Hard Seltzer Ruby Grapefruit 1/12/19.2 oz Can,White Claw,12/19.2oz Can,1031 Highland Wine&Liquor Inc,9/3/2026,1.00,1.00
Jim Heaney,8585 White Claw Hard Seltzer Black Cherry 1/12/19.2 oz Can,White Claw,12/19.2oz Can,24014 Bottleneck Liquors,9/3/2026,1.00,1.00
Chris Payton,8585 White Claw Hard Seltzer Black Cherry 1/12/19.2 oz Can,White Claw,12/19.2oz Can,47009 Iga Supermarkets (A),9/3/2026,1.00,1.00
Mike Ast,8586 White Claw Hard Seltzer Ruby Grapefruit 1/12/19.2 oz Can,White Claw,12/19.2oz Can,12011 Bottle King (A) Wayne,9/3/2026,1.00,1.00
Jayson Romine,8458 Mikes Harder Black Cherry 1/12/23.5 oz Can,Mike's Harder,12/23.5oz Can,230427 ShopRite Wine & Spirits of Newton#830,9/3/2026,1.00,1.00
Phil Ernst,8592 White Claw Hard Seltzer Mango 1/12/19.2 oz Can,White Claw,12/19.2oz Can,80005 Shop Rite Liq (Paramus),9/3/2026,1.00,1.00
Jayson Romine,8481 Mikes Harder Lemonade 1/12/23.5 oz Can,Mike's Harder,12/23.5oz Can,191408 Super Saver Liq,9/3/2026,1.00,1.00
Klejdi Lamo,8481 Mikes Harder Lemonade 1/12/23.5 oz Can,Mike's Harder,12/23.5oz Can,190216 House of Wine & Liquor - Boonton,9/3/2026,1.00,1.00
Pablo Lopez,8592 White Claw Hard Seltzer Mango 1/12/19.2 oz Can,White Claw,12/19.2oz Can,27005 #1 Liqrs (P),9/3/2026,1.00,1.00
Klejdi Lamo,8585 White Claw Hard Seltzer Black Cherry 1/12/19.2 oz Can,White Claw,12/19.2oz Can,190603 Denville W & L,9/3/2026,1.00,1.00
Dave Ehlers,8623 White Claw Surge 8% Blood Orange 19.2 oz Can,White Claw,12/19.2oz Can,40017 Essex St Liquor and Wine,9/3/2026,1.00,1.00
Chris Payton,8592 White Claw Hard Seltzer Mango 1/12/19.2 oz Can,White Claw,12/19.2oz Can,38001 JR Sports Bar & Liquors(Z),9/3/2026,1.00,1.00
Jim Heaney,8623 White Claw Surge 8% Blood Orange 19.2 oz Can,White Claw,12/19.2oz Can,25008 Clifton Commons S & W,9/3/2026,1.00,1.00
Klejdi Lamo,8592 White Claw Hard Seltzer Mango 1/12/19.2 oz Can,White Claw,12/19.2oz Can,190216 House of Wine & Liquor - Boonton,9/3/2026,1.00,1.00
Jayson Romine,8458 Mikes Harder Black Cherry 1/12/23.5 oz Can,Mike's Harder,12/23.5oz Can,230420 Spring Street Liquors,9/3/2026,1.00,1.00
Phil Ernst,8585 White Claw Hard Seltzer Black Cherry 1/12/19.2 oz Can,White Claw,12/19.2oz Can,80026 Stew Leonard's(A) Paramus Wine,9/3/2026,1.00,1.00
Dave Ehlers,8586 White Claw Hard Seltzer Ruby Grapefruit 1/12/19.2 oz Can,White Claw,12/19.2oz Can,51008 H & R Disc. Liq (P),9/3/2026,1.00,1.00
Jayson Romine,8458 Mikes Harder Black Cherry 1/12/23.5 oz Can,Mike's Harder,12/23.5oz Can,191408 Super Saver Liq,9/3/2026,1.00,1.00
Dan Lagala,8592 White Claw Hard Seltzer Mango 1/12/19.2 oz Can,White Claw,12/19.2oz Can,48002 Manor Wine & Liquor,9/2/2026,1.00,1.00
Klejdi Lamo,8409 Mikes Harder Pink Lemonade 1/12/23.5 oz Can,Mike's Harder,12/23.5oz Can,191518 3 IN 1 LIQUORS INC,9/2/2026,1.00,1.00
Dave Ehlers,8409 Mikes Harder Pink Lemonade 1/12/23.5 oz Can,Mike's Harder,12/23.5oz Can,39012 Wine And Liq Depot(A),9/2/2026,1.00,1.00
Jim Heaney,8585 White Claw Hard Seltzer Black Cherry 1/12/19.2 oz Can,White Claw,12/19.2oz Can,30006 Forest Dairy (A),9/2/2026,1.00,1.00
Jayson Romine,8638 White Claw Surge Grape 1/12/19.2oz Can,White Claw,12/19.2oz Can,230412 USA Wine Traders Club Of Newton (A),9/2/2026,1.00,1.00
Jayson Romine,8623 White Claw Surge 8% Blood Orange 19.2 oz Can,White Claw,12/19.2oz Can,231315 Woody's Liq Shop (A),9/2/2026,1.00,1.00
Jim Heaney,8624 White Claw Surge 8% Cranberry 19.2 oz Can,White Claw,12/19.2oz Can,29017 Meadow Fine Liquors,9/2/2026,1.00,1.00
Javier Melo,8586 White Claw Hard Seltzer Ruby Grapefruit 1/12/19.2 oz Can,White Claw,12/19.2oz Can,21026 C Town Supermarket(P),9/2/2026,1.00,1.00
Pablo Lopez,8586 White Claw Hard Seltzer Ruby Grapefruit 1/12/19.2 oz Can,White Claw,12/19.2oz Can,15016 Gene's Liquor,9/2/2026,1.00,1.00
Dave Ehlers,8624 White Claw Surge 8% Cranberry 19.2 oz Can,White Claw,12/19.2oz Can,57001 Barrel & Brew Bar & Liq,9/2/2026,1.00,1.00
Dave Ehlers,8631 White Claw Peach 1/12/19.2 oz Can,White Claw,12/19.2oz Can,57001 Barrel & Brew Bar & Liq,9/2/2026,1.00,1.00
Dave Ehlers,8592 White Claw Hard Seltzer Mango 1/12/19.2 oz Can,White Claw,12/19.2oz Can,51013 G & G Liquors & Bar,9/2/2026,1.00,1.00
Dave Ehlers,8537 Cayman Jacked Margarita 1/12/19.2 oz Can,Cayman Jack,1/12/19.2oz,40017 Essex St Liquor and Wine,9/2/2026,1.00,1.00
Jim Heaney,8623 White Claw Surge 8% Blood Orange 19.2 oz Can,White Claw,12/19.2oz Can,29011 World of Wine & Liquor,9/2/2026,1.00,1.00
Klejdi Lamo,8623 White Claw Surge 8% Blood Orange 19.2 oz Can,White Claw,12/19.2oz Can,190705 Rockaway W/L,9/2/2026,1.00,1.00
Jayson Romine,8586 White Claw Hard Seltzer Ruby Grapefruit 1/12/19.2 oz Can,White Claw,12/19.2oz Can,230412 USA Wine Traders Club Of Newton (A),9/2/2026,1.00,1.00
Dave Ehlers,8537 Cayman Jacked Margarita 1/12/19.2 oz Can,Cayman Jack,1/12/19.2oz,39012 Wine And Liq Depot(A),9/2/2026,1.00,1.00
Derrick Laws,8631 White Claw Peach 1/12/19.2 oz Can,White Claw,12/19.2oz Can,13001 Shop Rite Liq (A)Littlefl,9/2/2026,1.00,1.00
Pablo Lopez,8638 White Claw Surge Grape 1/12/19.2oz Can,White Claw,12/19.2oz Can,15016 Gene's Liquor,9/2/2026,1.00,1.00
Michael Harboy,8624 White Claw Surge 8% Cranberry 19.2 oz Can,White Claw,12/19.2oz Can,11014 Wayne Liquor Locker,9/2/2026,1.00,1.00
Dan Lagala,8586 White Claw Hard Seltzer Ruby Grapefruit 1/12/19.2 oz Can,White Claw,12/19.2oz Can,44009 Metro Liquor (Cliffside Park),9/2/2026,1.00,1.00
Jim Heaney,8592 White Claw Hard Seltzer Mango 1/12/19.2 oz Can,White Claw,12/19.2oz Can,30006 Forest Dairy (A),9/2/2026,1.00,1.00
Matt Powierski,8460 Mikes Harder Strawberry Pineapple 1/12/23.5 oz Can,Mike's Harder,12/23.5oz Can,37068 Whoopee Liq (A),9/2/2026,1.00,1.00
Derrick Laws,8623 White Claw Surge 8% Blood Orange 19.2 oz Can,White Claw,12/19.2oz Can,21045 Dorta Liquor (A),9/2/2026,1.00,1.00
Dave Ehlers,8585 White Claw Hard Seltzer Black Cherry 1/12/19.2 oz Can,White Claw,12/19.2oz Can,40001 Bottle & Cork,9/2/2026,1.00,1.00
Javier Melo,8538 Cayman Jacked Strawberry Margarita 1/12/19.2 oz Can,Cayman Jack,1/12/19.2oz,20021 Diamond Liquors (P),9/2/2026,1.00,1.00
Jayson Romine,8585 White Claw Hard Seltzer Black Cherry 1/12/19.2 oz Can,White Claw,12/19.2oz Can,230412 USA Wine Traders Club Of Newton (A),9/2/2026,1.00,1.00
Dave Ehlers,8585 White Claw Hard Seltzer Black Cherry 1/12/19.2 oz Can,White Claw,12/19.2oz Can,14007 Total Wine & More (Totowa),9/2/2026,1.00,1.00
Javier Melo,8592 White Claw Hard Seltzer Mango 1/12/19.2 oz Can,White Claw,12/19.2oz Can,21026 C Town Supermarket(P),9/2/2026,1.00,1.00
Jayson Romine,8481 Mikes Harder Lemonade 1/12/23.5 oz Can,Mike's Harder,12/23.5oz Can,230911 The Right Bottle,9/2/2026,1.00,1.00
Chris Payton,8592 White Claw Hard Seltzer Mango 1/12/19.2 oz Can,White Claw,12/19.2oz Can,47011 Ridgefield Deli & Liq,9/2/2026,1.00,1.00
Dave Ehlers,8592 White Claw Hard Seltzer Mango 1/12/19.2 oz Can,White Claw,12/19.2oz Can,40001 Bottle & Cork,9/2/2026,1.00,1.00
Dave Ehlers,8466 Mikes Harder Mango 1/12/23.5 oz Can,Mike's Harder,12/23.5oz Can,56008 Bergenfield Liq & Fw,9/2/2026,1.00,1.00
Shane Barreca,8585 White Claw Hard Seltzer Black Cherry 1/12/19.2 oz Can,White Claw,12/19.2oz Can,59004 Royal Wine & Spirits II,9/2/2026,1.00,1.00
Klejdi Lamo,8592 White Claw Hard Seltzer Mango 1/12/19.2 oz Can,White Claw,12/19.2oz Can,190207 Liquor Outlet,9/2/2026,1.00,1.00
Dave Ehlers,8409 Mikes Harder Pink Lemonade 1/12/23.5 oz Can,Mike's Harder,12/23.5oz Can,56008 Bergenfield Liq & Fw,9/2/2026,1.00,1.00
Jayson Romine,8481 Mikes Harder Lemonade 1/12/23.5 oz Can,Mike's Harder,12/23.5oz Can,231215 Mac & Lindy's W & S (A),9/2/2026,1.00,1.00
Matt Powierski,8623 White Claw Surge 8% Blood Orange 19.2 oz Can,White Claw,12/19.2oz Can,27063 Archies (P),9/2/2026,1.00,1.00
Michael Harboy,8623 White Claw Surge 8% Blood Orange 19.2 oz Can,White Claw,12/19.2oz Can,11014 Wayne Liquor Locker,9/2/2026,1.00,1.00
Jim Heaney,8623 White Claw Surge 8% Blood Orange 19.2 oz Can,White Claw,12/19.2oz Can,29012 Riverside Liquors,9/2/2026,1.00,1.00
Derrick Laws,8638 White Claw Surge Grape 1/12/19.2oz Can,White Claw,12/19.2oz Can,21045 Dorta Liquor (A),9/2/2026,1.00,1.00
Dave Ehlers,8538 Cayman Jacked Strawberry Margarita 1/12/19.2 oz Can,Cayman Jack,1/12/19.2oz,40017 Essex St Liquor and Wine,9/2/2026,1.00,1.00
Pablo Lopez,8585 White Claw Hard Seltzer Black Cherry 1/12/19.2 oz Can,White Claw,12/19.2oz Can,27072 Passaic Discount Liquors,9/2/2026,1.00,1.00
Jim Heaney,8460 Mikes Harder Strawberry Pineapple 1/12/23.5 oz Can,Mike's Harder,12/23.5oz Can,24012 Dante's Liquor & Wine,9/2/2026,1.00,1.00
Dave Ehlers,8624 White Claw Surge 8% Cranberry 19.2 oz Can,White Claw,12/19.2oz Can,40001 Bottle & Cork,9/2/2026,1.00,1.00
Dave Ehlers,8632 White Claw Surge Blueberry 1/12/19.2 oz Can,White Claw,12/19.2oz Can,51013 G & G Liquors & Bar,9/2/2026,1.00,1.00
Derrick Laws,8624 White Claw Surge 8% Cranberry 19.2 oz Can,White Claw,12/19.2oz Can,13001 Shop Rite Liq (A)Littlefl,9/2/2026,1.00,1.00
Jayson Romine,8458 Mikes Harder Black Cherry 1/12/23.5 oz Can,Mike's Harder,12/23.5oz Can,230911 The Right Bottle,9/2/2026,1.00,1.00
Klejdi Lamo,8480 Mikes Harder Cranberry 1/12/23.5 oz Can,Mike's Harder,12/23.5oz Can,190207 Liquor Outlet,9/2/2026,1.00,1.00
Jim Heaney,8638 White Claw Surge Grape 1/12/19.2oz Can,White Claw,12/19.2oz Can,29013 Lyndhurst Liquors (P),9/2/2026,1.00,1.00
Dave Ehlers,8624 White Claw Surge 8% Cranberry 19.2 oz Can,White Claw,12/19.2oz Can,56008 Bergenfield Liq & Fw,9/2/2026,1.00,1.00
Matt Powierski,8585 White Claw Hard Seltzer Black Cherry 1/12/19.2 oz Can,White Claw,12/19.2oz Can,33002 Moonachie Liquors,9/2/2026,1.00,1.00
Jim Heaney,8586 White Claw Hard Seltzer Ruby Grapefruit 1/12/19.2 oz Can,White Claw,12/19.2oz Can,29017 Meadow Fine Liquors,9/2/2026,1.00,1.00
Klejdi Lamo,8592 White Claw Hard Seltzer Mango 1/12/19.2 oz Can,White Claw,12/19.2oz Can,191814 Sandy's Wine & Spirit (P) (Budd Lake),9/2/2026,1.00,1.00
Dave Ehlers,8592 White Claw Hard Seltzer Mango 1/12/19.2 oz Can,White Claw,12/19.2oz Can,57001 Barrel & Brew Bar & Liq,9/2/2026,1.00,1.00
Dan Lagala,8585 White Claw Hard Seltzer Black Cherry 1/12/19.2 oz Can,White Claw,12/19.2oz Can,48002 Manor Wine & Liquor,9/2/2026,1.00,1.00
Dave Ehlers,8586 White Claw Hard Seltzer Ruby Grapefruit 1/12/19.2 oz Can,White Claw,12/19.2oz Can,57001 Barrel & Brew Bar & Liq,9/2/2026,1.00,1.00
Dave Ehlers,8586 White Claw Hard Seltzer Ruby Grapefruit 1/12/19.2 oz Can,White Claw,12/19.2oz Can,40001 Bottle & Cork,9/2/2026,1.00,1.00
Dave Ehlers,8481 Mikes Harder Lemonade 1/12/23.5 oz Can,Mike's Harder,12/23.5oz Can,39012 Wine And Liq Depot(A),9/2/2026,1.00,1.00
Jim Heaney,8537 Cayman Jacked Margarita 1/12/19.2 oz Can,Cayman Jack,1/12/19.2oz,23002 Valley Liquors (A),9/2/2026,1.00,1.00
Mike Ast,8632 White Claw Surge Blueberry 1/12/19.2 oz Can,White Claw,12/19.2oz Can,96002 Wine & Spirit World(W),9/2/2026,1.00,1.00
Michael Harboy,8592 White Claw Hard Seltzer Mango 1/12/19.2 oz Can,White Claw,12/19.2oz Can,11014 Wayne Liquor Locker,9/2/2026,1.00,1.00
Klejdi Lamo,8409 Mikes Harder Pink Lemonade 1/12/23.5 oz Can,Mike's Harder,12/23.5oz Can,190207 Liquor Outlet,9/2/2026,1.00,1.00
Chris Payton,8585 White Claw Hard Seltzer Black Cherry 1/12/19.2 oz Can,White Claw,12/19.2oz Can,47011 Ridgefield Deli & Liq,9/2/2026,1.00,1.00
Pablo Lopez,8592 White Claw Hard Seltzer Mango 1/12/19.2 oz Can,White Claw,12/19.2oz Can,27043 Monroe Wine & Liq(P),9/2/2026,1.00,1.00
Phil Ernst,8624 White Claw Surge 8% Cranberry 19.2 oz Can,White Claw,12/19.2oz Can,76006 Wine Country Of Saddle Brook (A),9/2/2026,1.00,1.00
Klejdi Lamo,8460 Mikes Harder Strawberry Pineapple 1/12/23.5 oz Can,Mike's Harder,12/23.5oz Can,191518 3 IN 1 LIQUORS INC,9/2/2026,1.00,1.00
Dave Ehlers,8585 White Claw Hard Seltzer Black Cherry 1/12/19.2 oz Can,White Claw,12/19.2oz Can,51013 G & G Liquors & Bar,9/2/2026,1.00,1.00
Klejdi Lamo,8409 Mikes Harder Pink Lemonade 1/12/23.5 oz Can,Mike's Harder,12/23.5oz Can,191213 Island Of Spirits (P),9/2/2026,1.00,1.00
Dave Ehlers,8538 Cayman Jacked Strawberry Margarita 1/12/19.2 oz Can,Cayman Jack,1/12/19.2oz,39012 Wine And Liq Depot(A),9/2/2026,1.00,1.00
Dave Ehlers,8585 White Claw Hard Seltzer Black Cherry 1/12/19.2 oz Can,White Claw,12/19.2oz Can,57001 Barrel & Brew Bar & Liq,9/2/2026,1.00,1.00
Anthony Palmisano,8585 White Claw Hard Seltzer Black Cherry 1/12/19.2 oz Can,White Claw,12/19.2oz Can,1028 J & S Roadhouse,9/2/2026,1.00,1.00
Klejdi Lamo,8458 Mikes Harder Black Cherry 1/12/23.5 oz Can,Mike's Harder,12/23.5oz Can,190207 Liquor Outlet,9/2/2026,1.00,1.00
Klejdi Lamo,8480 Mikes Harder Cranberry 1/12/23.5 oz Can,Mike's Harder,12/23.5oz Can,191213 Island Of Spirits (P),9/2/2026,1.00,1.00
Klejdi Lamo,8592 White Claw Hard Seltzer Mango 1/12/19.2 oz Can,White Claw,12/19.2oz Can,190705 Rockaway W/L,9/2/2026,1.00,1.00
Dave Ehlers,8585 White Claw Hard Seltzer Black Cherry 1/12/19.2 oz Can,White Claw,12/19.2oz Can,57003 Joes Beer Wine & Spirits,9/2/2026,1.00,1.00
Klejdi Lamo,8592 White Claw Hard Seltzer Mango 1/12/19.2 oz Can,White Claw,12/19.2oz Can,191518 3 IN 1 LIQUORS INC,9/2/2026,1.00,1.00
Pablo Lopez,8537 Cayman Jacked Margarita 1/12/19.2 oz Can,Cayman Jack,1/12/19.2oz,27072 Passaic Discount Liquors,9/2/2026,1.00,1.00
Jayson Romine,8585 White Claw Hard Seltzer Black Cherry 1/12/19.2 oz Can,White Claw,12/19.2oz Can,231315 Woody's Liq Shop (A),9/2/2026,1.00,1.00
Jim Heaney,8481 Mikes Harder Lemonade 1/12/23.5 oz Can,Mike's Harder,12/23.5oz Can,24012 Dante's Liquor & Wine,9/2/2026,1.00,1.00
Jim Heaney,8632 White Claw Surge Blueberry 1/12/19.2 oz Can,White Claw,12/19.2oz Can,30006 Forest Dairy (A),9/2/2026,1.00,1.00
Dave Ehlers,8624 White Claw Surge 8% Cranberry 19.2 oz Can,White Claw,12/19.2oz Can,51013 G & G Liquors & Bar,9/2/2026,1.00,1.00
Jim Heaney,8585 White Claw Hard Seltzer Black Cherry 1/12/19.2 oz Can,White Claw,12/19.2oz Can,29012 Riverside Liquors,9/2/2026,1.00,1.00
Klejdi Lamo,8481 Mikes Harder Lemonade 1/12/23.5 oz Can,Mike's Harder,12/23.5oz Can,190207 Liquor Outlet,9/2/2026,1.00,1.00
Matt Powierski,8638 White Claw Surge Grape 1/12/19.2oz Can,White Claw,12/19.2oz Can,27063 Archies (P),9/2/2026,1.00,1.00
Klejdi Lamo,8592 White Claw Hard Seltzer Mango 1/12/19.2 oz Can,White Claw,12/19.2oz Can,191608 Shop-Rite(A) Netcong,9/2/2026,1.00,1.00
Shane Barreca,8585 White Claw Hard Seltzer Black Cherry 1/12/19.2 oz Can,White Claw,12/19.2oz Can,59003 Oradell Mini Mart(P),9/2/2026,1.00,1.00
Jim Heaney,8585 White Claw Hard Seltzer Black Cherry 1/12/19.2 oz Can,White Claw,12/19.2oz Can,29013 Lyndhurst Liquors (P),9/2/2026,1.00,1.00
Jim Heaney,8538 Cayman Jacked Strawberry Margarita 1/12/19.2 oz Can,Cayman Jack,1/12/19.2oz,23002 Valley Liquors (A),9/2/2026,1.00,1.00
Dave Ehlers,8638 White Claw Surge Grape 1/12/19.2oz Can,White Claw,12/19.2oz Can,40001 Bottle & Cork,9/2/2026,1.00,1.00
Klejdi Lamo,8585 White Claw Hard Seltzer Black Cherry 1/12/19.2 oz Can,White Claw,12/19.2oz Can,191608 Shop-Rite(A) Netcong,9/2/2026,1.00,1.00
Jim Heaney,8624 White Claw Surge 8% Cranberry 19.2 oz Can,White Claw,12/19.2oz Can,29013 Lyndhurst Liquors (P),9/2/2026,1.00,1.00
Jim Heaney,8624 White Claw Surge 8% Cranberry 19.2 oz Can,White Claw,12/19.2oz Can,28012 Lucky 7 (A),9/2/2026,1.00,1.00
Jim Heaney,8466 Mikes Harder Mango 1/12/23.5 oz Can,Mike's Harder,12/23.5oz Can,24012 Dante's Liquor & Wine,9/2/2026,1.00,1.00
Javier Melo,8585 White Claw Hard Seltzer Black Cherry 1/12/19.2 oz Can,White Claw,12/19.2oz Can,21026 C Town Supermarket(P),9/2/2026,1.00,1.00
Derrick Laws,8585 White Claw Hard Seltzer Black Cherry 1/12/19.2 oz Can,White Claw,12/19.2oz Can,13001 Shop Rite Liq (A)Littlefl,9/2/2026,1.00,1.00
Mike Ast,8623 White Claw Surge 8% Blood Orange 19.2 oz Can,White Claw,12/19.2oz Can,96002 Wine & Spirit World(W),9/2/2026,1.00,1.00
Dave Ehlers,8624 White Claw Surge 8% Cranberry 19.2 oz Can,White Claw,12/19.2oz Can,57003 Joes Beer Wine & Spirits,9/2/2026,1.00,1.00
Klejdi Lamo,8585 White Claw Hard Seltzer Black Cherry 1/12/19.2 oz Can,White Claw,12/19.2oz Can,191814 Sandy's Wine & Spirit (P) (Budd Lake),9/2/2026,1.00,1.00
Mike Ast,8624 White Claw Surge 8% Cranberry 19.2 oz Can,White Claw,12/19.2oz Can,96002 Wine & Spirit World(W),9/2/2026,1.00,1.00
Dave Ehlers,8458 Mikes Harder Black Cherry 1/12/23.5 oz Can,Mike's Harder,12/23.5oz Can,39012 Wine And Liq Depot(A),9/2/2026,1.00,1.00
Derrick Laws,8624 White Claw Surge 8% Cranberry 19.2 oz Can,White Claw,12/19.2oz Can,20027 230 Liq & Groc.(A),9/2/2026,1.00,1.00
Dave Ehlers,8623 White Claw Surge 8% Blood Orange 19.2 oz Can,White Claw,12/19.2oz Can,14007 Total Wine & More (Totowa),9/2/2026,1.00,1.00
Klejdi Lamo,8624 White Claw Surge 8% Cranberry 19.2 oz Can,White Claw,12/19.2oz Can,191608 Shop-Rite(A) Netcong,9/2/2026,1.00,1.00
Jim Heaney,8585 White Claw Hard Seltzer Black Cherry 1/12/19.2 oz Can,White Claw,12/19.2oz Can,24012 Dante's Liquor & Wine,9/2/2026,1.00,1.00
Klejdi Lamo,8586 White Claw Hard Seltzer Ruby Grapefruit 1/12/19.2 oz Can,White Claw,12/19.2oz Can,190207 Liquor Outlet,9/2/2026,1.00,1.00
Klejdi Lamo,8632 White Claw Surge Blueberry 1/12/19.2 oz Can,White Claw,12/19.2oz Can,191814 Sandy's Wine & Spirit (P) (Budd Lake),9/2/2026,1.00,1.00
Dan Lagala,8585 White Claw Hard Seltzer Black Cherry 1/12/19.2 oz Can,White Claw,12/19.2oz Can,44009 Metro Liquor (Cliffside Park),9/2/2026,1.00,1.00
Klejdi Lamo,8623 White Claw Surge 8% Blood Orange 19.2 oz Can,White Claw,12/19.2oz Can,191814 Sandy's Wine & Spirit (P) (Budd Lake),9/2/2026,1.00,1.00
Klejdi Lamo,8592 White Claw Hard Seltzer Mango 1/12/19.2 oz Can,White Claw,12/19.2oz Can,190101 Montville Wine & Spirits,9/2/2026,1.00,1.00
Javier Melo,8631 White Claw Peach 1/12/19.2 oz Can,White Claw,12/19.2oz Can,21026 C Town Supermarket(P),9/2/2026,1.00,1.00
Matt Powierski,8481 Mikes Harder Lemonade 1/12/23.5 oz Can,Mike's Harder,12/23.5oz Can,37068 Whoopee Liq (A),9/2/2026,1.00,1.00
Jim Heaney,8623 White Claw Surge 8% Blood Orange 19.2 oz Can,White Claw,12/19.2oz Can,24012 Dante's Liquor & Wine,9/2/2026,1.00,1.00
Anthony Palmisano,8638 White Claw Surge Grape 1/12/19.2oz Can,White Claw,12/19.2oz Can,4002 Bloomingdale Discount Liq,9/1/2026,1.00,1.00
Mike Ast,8466 Mikes Harder Mango 1/12/23.5 oz Can,Mike's Harder,12/23.5oz Can,12011 Bottle King (A) Wayne,9/1/2026,1.00,1.00
Dave Ehlers,8537 Cayman Jacked Margarita 1/12/19.2 oz Can,Cayman Jack,1/12/19.2oz,40010 Hackensack Liquors,9/1/2026,1.00,1.00
Mike Ast,8409 Mikes Harder Pink Lemonade 1/12/23.5 oz Can,Mike's Harder,12/23.5oz Can,12011 Bottle King (A) Wayne,9/1/2026,1.00,1.00
Shane Barreca,8585 White Claw Hard Seltzer Black Cherry 1/12/19.2 oz Can,White Claw,12/19.2oz Can,86003 Township Liq (P),9/1/2026,1.00,1.00
Anthony Palmisano,8481 Mikes Harder Lemonade 1/12/23.5 oz Can,Mike's Harder,12/23.5oz Can,8007 Krauszer's Liquor Wine and Spirits,9/1/2026,1.00,1.00
Klejdi Lamo,8592 White Claw Hard Seltzer Mango 1/12/19.2 oz Can,White Claw,12/19.2oz Can,190302 Basket Of Cheer Ii (Lake Hiawatha),9/1/2026,1.00,1.00
Javier Melo,8585 White Claw Hard Seltzer Black Cherry 1/12/19.2 oz Can,White Claw,12/19.2oz Can,27034 Liquor Stop (Passaic),9/1/2026,1.00,1.00
Anthony Palmisano,8632 White Claw Surge Blueberry 1/12/19.2 oz Can,White Claw,12/19.2oz Can,4002 Bloomingdale Discount Liq,9/1/2026,1.00,1.00
Klejdi Lamo,8466 Mikes Harder Mango 1/12/23.5 oz Can,Mike's Harder,12/23.5oz Can,190901 Berkshire(P) Bot. Shop,9/1/2026,1.00,1.00
Anthony Palmisano,8481 Mikes Harder Lemonade 1/12/23.5 oz Can,Mike's Harder,12/23.5oz Can,4005 Turnpike Discount Liquors,9/1/2026,1.00,1.00
Chris Payton,8631 White Claw Peach 1/12/19.2 oz Can,White Claw,12/19.2oz Can,38021 Buy Rite Of Main St Lodi,9/1/2026,1.00,1.00
Anthony Palmisano,8592 White Claw Hard Seltzer Mango 1/12/19.2 oz Can,White Claw,12/19.2oz Can,8007 Krauszer's Liquor Wine and Spirits,9/1/2026,1.00,1.00
Jayson Romine,8585 White Claw Hard Seltzer Black Cherry 1/12/19.2 oz Can,White Claw,12/19.2oz Can,231203 The George Inn,9/1/2026,1.00,1.00
Jayson Romine,8586 White Claw Hard Seltzer Ruby Grapefruit 1/12/19.2 oz Can,White Claw,12/19.2oz Can,230431 Seplow's Liquors,9/1/2026,1.00,1.00
Klejdi Lamo,8585 White Claw Hard Seltzer Black Cherry 1/12/19.2 oz Can,White Claw,12/19.2oz Can,191812 Patel Liqr & Gro(P),9/1/2026,1.00,1.00
Matt Powierski,8592 White Claw Hard Seltzer Mango 1/12/19.2 oz Can,White Claw,12/19.2oz Can,77001 Food Mart Liquor,9/1/2026,1.00,1.00
Michael Harboy,8638 White Claw Surge Grape 1/12/19.2oz Can,White Claw,12/19.2oz Can,12005 Shay's Liquors,9/1/2026,1.00,1.00
Matt Powierski,8592 White Claw Hard Seltzer Mango 1/12/19.2 oz Can,White Claw,12/19.2oz Can,37013 Joe's Liquors,9/1/2026,1.00,1.00
Jayson Romine,8585 White Claw Hard Seltzer Black Cherry 1/12/19.2 oz Can,White Claw,12/19.2oz Can,230441 Wine Country Newton,9/1/2026,1.00,1.00
Klejdi Lamo,8585 White Claw Hard Seltzer Black Cherry 1/12/19.2 oz Can,White Claw,12/19.2oz Can,191210 Milton Inn,9/1/2026,1.00,1.00
Dave Ehlers,8631 White Claw Peach 1/12/19.2 oz Can,White Claw,12/19.2oz Can,40010 Hackensack Liquors,9/1/2026,1.00,1.00
Matt Powierski,8585 White Claw Hard Seltzer Black Cherry 1/12/19.2 oz Can,White Claw,12/19.2oz Can,32016 Cobblestone Hill Deli,9/1/2026,1.00,1.00
Dave Ehlers,8623 White Claw Surge 8% Blood Orange 19.2 oz Can,White Claw,12/19.2oz Can,58001 Total Wine & More (River Edge),9/1/2026,1.00,1.00
Jayson Romine,8623 White Claw Surge 8% Blood Orange 19.2 oz Can,White Claw,12/19.2oz Can,191302 Liquor Factory I Landing,9/1/2026,1.00,1.00
Jayson Romine,8480 Mikes Harder Cranberry 1/12/23.5 oz Can,Mike's Harder,12/23.5oz Can,230920 Hamburg Liquor,9/1/2026,1.00,1.00
Derrick Laws,8409 Mikes Harder Pink Lemonade 1/12/23.5 oz Can,Mike's Harder,12/23.5oz Can,20005 La Sorpresa Liq (P),9/1/2026,1.00,1.00
Pablo Lopez,8592 White Claw Hard Seltzer Mango 1/12/19.2 oz Can,White Claw,12/19.2oz Can,15040 Legacy Bar & Liquor,9/1/2026,1.00,1.00
Klejdi Lamo,8466 Mikes Harder Mango 1/12/23.5 oz Can,Mike's Harder,12/23.5oz Can,191210 Milton Inn,9/1/2026,1.00,1.00
Dave Ehlers,8481 Mikes Harder Lemonade 1/12/23.5 oz Can,Mike's Harder,12/23.5oz Can,41012 Deli Mart (A),9/1/2026,1.00,1.00
Matt Powierski,8592 White Claw Hard Seltzer Mango 1/12/19.2 oz Can,White Claw,12/19.2oz Can,36016 King Liquors,9/1/2026,1.00,1.00
Anthony Palmisano,8638 White Claw Surge Grape 1/12/19.2oz Can,White Claw,12/19.2oz Can,8007 Krauszer's Liquor Wine and Spirits,9/1/2026,1.00,1.00
Brian Sengebush,8585 White Claw Hard Seltzer Black Cherry 1/12/19.2 oz Can,White Claw,12/19.2oz Can,191003 Chabons Ii Liq/Bar (A),9/1/2026,1.00,1.00
Dave Ehlers,8623 White Claw Surge 8% Blood Orange 19.2 oz Can,White Claw,12/19.2oz Can,40010 Hackensack Liquors,9/1/2026,1.00,1.00
Anthony Palmisano,8585 White Claw Hard Seltzer Black Cherry 1/12/19.2 oz Can,White Claw,12/19.2oz Can,8007 Krauszer's Liquor Wine and Spirits,9/1/2026,1.00,1.00
Chris Payton,8632 White Claw Surge Blueberry 1/12/19.2 oz Can,White Claw,12/19.2oz Can,34007 Liquor Masters (P),9/1/2026,1.00,1.00
Matt Powierski,8585 White Claw Hard Seltzer Black Cherry 1/12/19.2 oz Can,White Claw,12/19.2oz Can,77001 Food Mart Liquor,9/1/2026,1.00,1.00
Anthony Palmisano,8585 White Claw Hard Seltzer Black Cherry 1/12/19.2 oz Can,White Claw,12/19.2oz Can,4002 Bloomingdale Discount Liq,9/1/2026,1.00,1.00
Jayson Romine,8481 Mikes Harder Lemonade 1/12/23.5 oz Can,Mike's Harder,12/23.5oz Can,230431 Seplow's Liquors,9/1/2026,1.00,1.00
Brian Sengebush,8592 White Claw Hard Seltzer Mango 1/12/19.2 oz Can,White Claw,12/19.2oz Can,191003 Chabons Ii Liq/Bar (A),9/1/2026,1.00,1.00
Jayson Romine,8586 White Claw Hard Seltzer Ruby Grapefruit 1/12/19.2 oz Can,White Claw,12/19.2oz Can,230441 Wine Country Newton,9/1/2026,1.00,1.00
Phil Ernst,8585 White Claw Hard Seltzer Black Cherry 1/12/19.2 oz Can,White Claw,12/19.2oz Can,85002 Acme Markets (Midland Park),9/1/2026,1.00,1.00
Pablo Lopez,8592 White Claw Hard Seltzer Mango 1/12/19.2 oz Can,White Claw,12/19.2oz Can,27069 Broadway W&L,9/1/2026,1.00,1.00
Mike Ast,8458 Mikes Harder Black Cherry 1/12/23.5 oz Can,Mike's Harder,12/23.5oz Can,12011 Bottle King (A) Wayne,9/1/2026,1.00,1.00
Matt Powierski,8466 Mikes Harder Mango 1/12/23.5 oz Can,Mike's Harder,12/23.5oz Can,36006 Wallington Liquor and Wine,9/1/2026,1.00,1.00
Matt Powierski,8586 White Claw Hard Seltzer Ruby Grapefruit 1/12/19.2 oz Can,White Claw,12/19.2oz Can,36006 Wallington Liquor and Wine,9/1/2026,1.00,1.00
Matt Powierski,8592 White Claw Hard Seltzer Mango 1/12/19.2 oz Can,White Claw,12/19.2oz Can,32016 Cobblestone Hill Deli,9/1/2026,1.00,1.00
Jayson Romine,8585 White Claw Hard Seltzer Black Cherry 1/12/19.2 oz Can,White Claw,12/19.2oz Can,230920 Hamburg Liquor,9/1/2026,1.00,1.00
Jayson Romine,8480 Mikes Harder Cranberry 1/12/23.5 oz Can,Mike's Harder,12/23.5oz Can,230431 Seplow's Liquors,9/1/2026,1.00,1.00
Dave Ehlers,8409 Mikes Harder Pink Lemonade 1/12/23.5 oz Can,Mike's Harder,12/23.5oz Can,41012 Deli Mart (A),9/1/2026,1.00,1.00
Anthony Palmisano,8458 Mikes Harder Black Cherry 1/12/23.5 oz Can,Mike's Harder,12/23.5oz Can,4009 Usa Wine Traders Club (Bloomingdale),9/1/2026,1.00,1.00
Anthony Palmisano,8466 Mikes Harder Mango 1/12/23.5 oz Can,Mike's Harder,12/23.5oz Can,4005 Turnpike Discount Liquors,9/1/2026,1.00,1.00
Anthony Palmisano,8623 White Claw Surge 8% Blood Orange 19.2 oz Can,White Claw,12/19.2oz Can,3006 Wine 2 Spirits (P),9/1/2026,1.00,1.00
Anthony Palmisano,8586 White Claw Hard Seltzer Ruby Grapefruit 1/12/19.2 oz Can,White Claw,12/19.2oz Can,8007 Krauszer's Liquor Wine and Spirits,9/1/2026,1.00,1.00
Jayson Romine,8624 White Claw Surge 8% Cranberry 19.2 oz Can,White Claw,12/19.2oz Can,230431 Seplow's Liquors,9/1/2026,1.00,1.00
Mike Ast,8481 Mikes Harder Lemonade 1/12/23.5 oz Can,Mike's Harder,12/23.5oz Can,12011 Bottle King (A) Wayne,9/1/2026,1.00,1.00
Anthony Palmisano,8586 White Claw Hard Seltzer Ruby Grapefruit 1/12/19.2 oz Can,White Claw,12/19.2oz Can,8008 Shoppers Disc(A)Pompton,9/1/2026,1.00,1.00
Anthony Palmisano,8592 White Claw Hard Seltzer Mango 1/12/19.2 oz Can,White Claw,12/19.2oz Can,4002 Bloomingdale Discount Liq,9/1/2026,1.00,1.00
Jayson Romine,8480 Mikes Harder Cranberry 1/12/23.5 oz Can,Mike's Harder,12/23.5oz Can,191302 Liquor Factory I Landing,9/1/2026,1.00,1.00
Anthony Palmisano,8586 White Claw Hard Seltzer Ruby Grapefruit 1/12/19.2 oz Can,White Claw,12/19.2oz Can,6002 Roserne Liquors North,9/1/2026,1.00,1.00
Jayson Romine,8592 White Claw Hard Seltzer Mango 1/12/19.2 oz Can,White Claw,12/19.2oz Can,191302 Liquor Factory I Landing,9/1/2026,1.00,1.00
Mike Ast,8480 Mikes Harder Cranberry 1/12/23.5 oz Can,Mike's Harder,12/23.5oz Can,12011 Bottle King (A) Wayne,9/1/2026,1.00,1.00
Matt Powierski,8592 White Claw Hard Seltzer Mango 1/12/19.2 oz Can,White Claw,12/19.2oz Can,36006 Wallington Liquor and Wine,9/1/2026,1.00,1.00
Brian Sengebush,8585 White Claw Hard Seltzer Black Cherry 1/12/19.2 oz Can,White Claw,12/19.2oz Can,231717 Culver Liquor and Bar,9/1/2026,1.00,1.00
Javier Melo,8592 White Claw Hard Seltzer Mango 1/12/19.2 oz Can,White Claw,12/19.2oz Can,27034 Liquor Stop (Passaic),9/1/2026,1.00,1.00
Klejdi Lamo,8623 White Claw Surge 8% Blood Orange 19.2 oz Can,White Claw,12/19.2oz Can,191210 Milton Inn,9/1/2026,1.00,1.00
Michael Harboy,8586 White Claw Hard Seltzer Ruby Grapefruit 1/12/19.2 oz Can,White Claw,12/19.2oz Can,12005 Shay's Liquors,9/1/2026,1.00,1.00
Anthony Palmisano,8624 White Claw Surge 8% Cranberry 19.2 oz Can,White Claw,12/19.2oz Can,8007 Krauszer's Liquor Wine and Spirits,9/1/2026,1.00,1.00
Dave Ehlers,8481 Mikes Harder Lemonade 1/12/23.5 oz Can,Mike's Harder,12/23.5oz Can,40010 Hackensack Liquors,9/1/2026,1.00,1.00
Dan Lagala,8638 White Claw Surge Grape 1/12/19.2oz Can,White Claw,12/19.2oz Can,49055 Edgewater Liquor (A),9/1/2026,1.00,1.00
Anthony Palmisano,8460 Mikes Harder Strawberry Pineapple 1/12/23.5 oz Can,Mike's Harder,12/23.5oz Can,8007 Krauszer's Liquor Wine and Spirits,9/1/2026,1.00,1.00
Matt Powierski,8585 White Claw Hard Seltzer Black Cherry 1/12/19.2 oz Can,White Claw,12/19.2oz Can,37013 Joe's Liquors,9/1/2026,1.00,1.00
Jayson Romine,8481 Mikes Harder Lemonade 1/12/23.5 oz Can,Mike's Harder,12/23.5oz Can,191302 Liquor Factory I Landing,9/1/2026,1.00,1.00
Javier Melo,8592 White Claw Hard Seltzer Mango 1/12/19.2 oz Can,White Claw,12/19.2oz Can,27037 Shanik Liqs.(P),9/1/2026,1.00,1.00
Chris Payton,8458 Mikes Harder Black Cherry 1/12/23.5 oz Can,Mike's Harder,12/23.5oz Can,79004 Coronet Variety,9/1/2026,1.00,1.00
Matt Powierski,8586 White Claw Hard Seltzer Ruby Grapefruit 1/12/19.2 oz Can,White Claw,12/19.2oz Can,36016 King Liquors,9/1/2026,1.00,1.00
Jayson Romine,8592 White Claw Hard Seltzer Mango 1/12/19.2 oz Can,White Claw,12/19.2oz Can,230431 Seplow's Liquors,9/1/2026,1.00,1.00
Jayson Romine,8623 White Claw Surge 8% Blood Orange 19.2 oz Can,White Claw,12/19.2oz Can,230431 Seplow's Liquors,9/1/2026,1.00,1.00
Jayson Romine,8481 Mikes Harder Lemonade 1/12/23.5 oz Can,Mike's Harder,12/23.5oz Can,230920 Hamburg Liquor,9/1/2026,1.00,1.00
Jayson Romine,8585 White Claw Hard Seltzer Black Cherry 1/12/19.2 oz Can,White Claw,12/19.2oz Can,191302 Liquor Factory I Landing,9/1/2026,1.00,1.00
Anthony Palmisano,8631 White Claw Peach 1/12/19.2 oz Can,White Claw,12/19.2oz Can,8007 Krauszer's Liquor Wine and Spirits,9/1/2026,1.00,1.00
Anthony Palmisano,8460 Mikes Harder Strawberry Pineapple 1/12/23.5 oz Can,Mike's Harder,12/23.5oz Can,4005 Turnpike Discount Liquors,9/1/2026,1.00,1.00
Javier Melo,8585 White Claw Hard Seltzer Black Cherry 1/12/19.2 oz Can,White Claw,12/19.2oz Can,27037 Shanik Liqs.(P),9/1/2026,1.00,1.00
Matt Powierski,8631 White Claw Peach 1/12/19.2 oz Can,White Claw,12/19.2oz Can,36016 King Liquors,9/1/2026,1.00,1.00
Matt Powierski,8592 White Claw Hard Seltzer Mango 1/12/19.2 oz Can,White Claw,12/19.2oz Can,37029 River Drive Bar (P),9/1/2026,1.00,1.00
Derrick Laws,8466 Mikes Harder Mango 1/12/23.5 oz Can,Mike's Harder,12/23.5oz Can,20005 La Sorpresa Liq (P),9/1/2026,1.00,1.00
Mike Ast,8585 White Claw Hard Seltzer Black Cherry 1/12/19.2 oz Can,White Claw,12/19.2oz Can,93006 Mahwah Wine & Liquor (A),9/1/2026,1.00,1.00
Matt Powierski,8409 Mikes Harder Pink Lemonade 1/12/23.5 oz Can,Mike's Harder,12/23.5oz Can,36006 Wallington Liquor and Wine,9/1/2026,1.00,1.00
Anthony Palmisano,8592 White Claw Hard Seltzer Mango 1/12/19.2 oz Can,White Claw,12/19.2oz Can,6002 Roserne Liquors North,9/1/2026,1.00,1.00
Chris Payton,8624 White Claw Surge 8% Cranberry 19.2 oz Can,White Claw,12/19.2oz Can,34007 Liquor Masters (P),9/1/2026,1.00,1.00
Pablo Lopez,8638 White Claw Surge Grape 1/12/19.2oz Can,White Claw,12/19.2oz Can,15040 Legacy Bar & Liquor,9/1/2026,1.00,1.00
Klejdi Lamo,8638 White Claw Surge Grape 1/12/19.2oz Can,White Claw,12/19.2oz Can,191812 Patel Liqr & Gro(P),9/1/2026,1.00,1.00
Javier Melo,8585 White Claw Hard Seltzer Black Cherry 1/12/19.2 oz Can,White Claw,12/19.2oz Can,24003 Paulison Liquors (P),9/1/2026,1.00,1.00
Anthony Palmisano,8458 Mikes Harder Black Cherry 1/12/23.5 oz Can,Mike's Harder,12/23.5oz Can,4005 Turnpike Discount Liquors,9/1/2026,1.00,1.00
Derrick Laws,8458 Mikes Harder Black Cherry 1/12/23.5 oz Can,Mike's Harder,12/23.5oz Can,20005 La Sorpresa Liq (P),9/1/2026,1.00,1.00
Jayson Romine,8624 White Claw Surge 8% Cranberry 19.2 oz Can,White Claw,12/19.2oz Can,191302 Liquor Factory I Landing,9/1/2026,1.00,1.00
Jayson Romine,8585 White Claw Hard Seltzer Black Cherry 1/12/19.2 oz Can,White Claw,12/19.2oz Can,230431 Seplow's Liquors,9/1/2026,1.00,1.00
Jayson Romine,8586 White Claw Hard Seltzer Ruby Grapefruit 1/12/19.2 oz Can,White Claw,12/19.2oz Can,231203 The George Inn,9/1/2026,1.00,1.00
Jayson Romine,8623 White Claw Surge 8% Blood Orange 19.2 oz Can,White Claw,12/19.2oz Can,230441 Wine Country Newton,9/1/2026,1.00,1.00
Dave Ehlers,8624 White Claw Surge 8% Cranberry 19.2 oz Can,White Claw,12/19.2oz Can,40010 Hackensack Liquors,9/1/2026,1.00,1.00
Mike Ast,8592 White Claw Hard Seltzer Mango 1/12/19.2 oz Can,White Claw,12/19.2oz Can,93003 Mahwah Liqrs (P),9/1/2026,1.00,1.00
Anthony Palmisano,8480 Mikes Harder Cranberry 1/12/23.5 oz Can,Mike's Harder,12/23.5oz Can,4005 Turnpike Discount Liquors,9/1/2026,1.00,1.00
Klejdi Lamo,8409 Mikes Harder Pink Lemonade 1/12/23.5 oz Can,Mike's Harder,12/23.5oz Can,190901 Berkshire(P) Bot. Shop,9/1/2026,1.00,1.00
Anthony Palmisano,8585 White Claw Hard Seltzer Black Cherry 1/12/19.2 oz Can,White Claw,12/19.2oz Can,4009 Usa Wine Traders Club (Bloomingdale),9/1/2026,1.00,1.00
Matt Powierski,8623 White Claw Surge 8% Blood Orange 19.2 oz Can,White Claw,12/19.2oz Can,32016 Cobblestone Hill Deli,9/1/2026,1.00,1.00
Jayson Romine,8624 White Claw Surge 8% Cranberry 19.2 oz Can,White Claw,12/19.2oz Can,230441 Wine Country Newton,9/1/2026,1.00,1.00
Matt Powierski,8624 White Claw Surge 8% Cranberry 19.2 oz Can,White Claw,12/19.2oz Can,32016 Cobblestone Hill Deli,9/1/2026,1.00,1.00
Matt Powierski,8585 White Claw Hard Seltzer Black Cherry 1/12/19.2 oz Can,White Claw,12/19.2oz Can,36016 King Liquors,9/1/2026,1.00,1.00
Dave Ehlers,8585 White Claw Hard Seltzer Black Cherry 1/12/19.2 oz Can,White Claw,12/19.2oz Can,40010 Hackensack Liquors,9/1/2026,1.00,1.00
Anthony Palmisano,8586 White Claw Hard Seltzer Ruby Grapefruit 1/12/19.2 oz Can,White Claw,12/19.2oz Can,1015 Greenwood Lake Disc.(P),9/1/2026,1.00,1.00
Brian Sengebush,8586 White Claw Hard Seltzer Ruby Grapefruit 1/12/19.2 oz Can,White Claw,12/19.2oz Can,191003 Chabons Ii Liq/Bar (A),9/1/2026,1.00,1.00
Anthony Palmisano,8586 White Claw Hard Seltzer Ruby Grapefruit 1/12/19.2 oz Can,White Claw,12/19.2oz Can,4009 Usa Wine Traders Club (Bloomingdale),9/1/2026,1.00,1.00
Klejdi Lamo,8624 White Claw Surge 8% Cranberry 19.2 oz Can,White Claw,12/19.2oz Can,191210 Milton Inn,9/1/2026,1.00,1.00
Michael Harboy,8585 White Claw Hard Seltzer Black Cherry 1/12/19.2 oz Can,White Claw,12/19.2oz Can,12005 Shay's Liquors,9/1/2026,1.00,1.00
Jayson Romine,8458 Mikes Harder Black Cherry 1/12/23.5 oz Can,Mike's Harder,12/23.5oz Can,230431 Seplow's Liquors,9/1/2026,1.00,1.00
Pablo Lopez,8585 White Claw Hard Seltzer Black Cherry 1/12/19.2 oz Can,White Claw,12/19.2oz Can,27069 Broadway W&L,9/1/2026,1.00,1.00
Michael Harboy,8632 White Claw Surge Blueberry 1/12/19.2 oz Can,White Claw,12/19.2oz Can,12005 Shay's Liquors,9/1/2026,1.00,1.00
Jayson Romine,8481 Mikes Harder Lemonade 1/12/23.5 oz Can,Mike's Harder,12/23.5oz Can,231316 Patricks Wine Barn,9/1/2026,1.00,1.00
Klejdi Lamo,8481 Mikes Harder Lemonade 1/12/23.5 oz Can,Mike's Harder,12/23.5oz Can,191210 Milton Inn,9/1/2026,1.00,1.00
Klejdi Lamo,8409 Mikes Harder Pink Lemonade 1/12/23.5 oz Can,Mike's Harder,12/23.5oz Can,191210 Milton Inn,9/1/2026,1.00,1.00
Dave Ehlers,8409 Mikes Harder Pink Lemonade 1/12/23.5 oz Can,Mike's Harder,12/23.5oz Can,40010 Hackensack Liquors,9/1/2026,1.00,1.00
Anthony Palmisano,8623 White Claw Surge 8% Blood Orange 19.2 oz Can,White Claw,12/19.2oz Can,4009 Usa Wine Traders Club (Bloomingdale),9/1/2026,1.00,1.00
Jayson Romine,8586 White Claw Hard Seltzer Ruby Grapefruit 1/12/19.2 oz Can,White Claw,12/19.2oz Can,230920 Hamburg Liquor,9/1/2026,1.00,1.00
Jayson Romine,8592 White Claw Hard Seltzer Mango 1/12/19.2 oz Can,White Claw,12/19.2oz Can,231203 The George Inn,9/1/2026,1.00,1.00
