Sales Rep Assigned,Product Num Name,Brand Family,Customer Num & Company,On-Off Premise,Load Sheet Date,Placement Count   6/1/2026 - 8/31/2026,Placement Count   9/1/2026 - 9/30/2026
Alex Rodriguez,200402 Travelers Club Vodka 24/375 mL Btl,Travelers Club,150153 Wine Depot Of Livingston,Off Premise,8/28/2026,1.00,
Alex Rodriguez,200313 Pride & Clarke Vodka 24/375 mL Btl,Pride & Clarke,250054 Marte Liq Warehouse,Off Premise,7/29/2026,1.00,
Alex Rodriguez,200402 Travelers Club Vodka 24/375 mL Btl,Travelers Club,253000 Leland Liquor & Deli,Off Premise,7/17/2026,1.00,
Alex Rodriguez,200311 Pride & Clarke Vodka 12/1 L Btl,Pride & Clarke,250068 Jakob Liquors,Off Premise,6/2/2026,1.00,
Alex Rodriguez,200313 Pride & Clarke Vodka 24/375 mL Btl,Pride & Clarke,250131 Liquor Gallery (Elizabeth),Off Premise,7/15/2026,1.00,
Alex Rodriguez,200313 Pride & Clarke Vodka 24/375 mL Btl,Pride & Clarke,250302 New Silver Key Liquor 4,Off Premise,7/29/2026,1.00,
Alex Rodriguez,200312 Pride & Clarke Vodka 48/200 mL Btl,Pride & Clarke,250054 Marte Liq Warehouse,Off Premise,7/29/2026,1.00,
Alex Rodriguez,200310 Pride & Clarke Vodka 6/1.75 L Btl,Pride & Clarke,250049 New Seaport Liquors,Off Premise,8/13/2026,1.00,
Alex Rodriguez,200313 Pride & Clarke Vodka 24/375 mL Btl,Pride & Clarke,253000 Leland Liquor & Deli,Off Premise,6/2/2026,1.00,
Alex Rodriguez,200402 Travelers Club Vodka 24/375 mL Btl,Travelers Club,250047 Wine Cellar,Off Premise,6/24/2026,1.00,
Alex Rodriguez,200176 Chateau Diana Sangria 12/750 mL Btl,Chateau Diana,150153 Wine Depot Of Livingston,Off Premise,6/5/2026,1.00,
Alex Rodriguez,200312 Pride & Clarke Vodka 48/200 mL Btl,Pride & Clarke,250300 Jackson Liquors,Off Premise,6/8/2026,1.00,
Alex Rodriguez,200313 Pride & Clarke Vodka 24/375 mL Btl,Pride & Clarke,250128 Liquor Depot,Off Premise,6/19/2026,1.00,
Alex Rodriguez,200310 Pride & Clarke Vodka 6/1.75 L Btl,Pride & Clarke,250128 Liquor Depot,Off Premise,6/19/2026,1.00,
Alex Rodriguez,200314 Pride & Clarke Vodka 1/12/750 mL Btl,Pride & Clarke,250068 Jakob Liquors,Off Premise,6/2/2026,1.00,
Alex Rodriguez,200313 Pride & Clarke Vodka 24/375 mL Btl,Pride & Clarke,250072 Picacho Liquors,Off Premise,7/15/2026,1.00,
Alex Rodriguez,200314 Pride & Clarke Vodka 1/12/750 mL Btl,Pride & Clarke,250300 Jackson Liquors,Off Premise,6/8/2026,1.00,
Alex Rodriguez,200402 Travelers Club Vodka 24/375 mL Btl,Travelers Club,250068 Jakob Liquors,Off Premise,6/30/2026,1.00,
Alex Rodriguez,200404 Traveler's Club Vodka 6/1.75 L Btl,Travelers Club,150153 Wine Depot Of Livingston,Off Premise,6/5/2026,1.00,
Alex Rodriguez,200319 Ecaana Pinot Grigio 1/12/750 mL Btl,Ecaana,150153 Wine Depot Of Livingston,Off Premise,6/5/2026,1.00,
Alex Rodriguez,200402 Travelers Club Vodka 24/375 mL Btl,Travelers Club,253000 Leland Liquor & Deli,Off Premise,8/21/2026,1.00,
Alex Rodriguez,200401 Travelers Club Vodka 48/200 mL Btl,Travelers Club,250068 Jakob Liquors,Off Premise,7/15/2026,1.00,
Alex Rodriguez,200253 Eleven20 Tequila Reposado 750 mL 6/750 mL Btl,Eleven20 Tequila,150153 Wine Depot Of Livingston,Off Premise,8/5/2026,1.00,
Alex Rodriguez,200313 Pride & Clarke Vodka 24/375 mL Btl,Pride & Clarke,250072 Picacho Liquors,Off Premise,6/2/2026,1.00,
Alex Rodriguez,200404 Traveler's Club Vodka 6/1.75 L Btl,Travelers Club,150153 Wine Depot Of Livingston,Off Premise,8/28/2026,1.00,
Alex Rodriguez,200313 Pride & Clarke Vodka 24/375 mL Btl,Pride & Clarke,250300 Jackson Liquors,Off Premise,8/31/2026,1.00,
Alex Rodriguez,200401 Travelers Club Vodka 48/200 mL Btl,Travelers Club,250068 Jakob Liquors,Off Premise,8/27/2026,1.00,
Alex Rodriguez,200402 Travelers Club Vodka 24/375 mL Btl,Travelers Club,250068 Jakob Liquors,Off Premise,7/28/2026,1.00,
Alex Rodriguez,200191 Chateau Diana Non-Alcoholic Cabernet Sauvignon 12/750 mL Btl,Chateau Diana,150118 Wine Legend,Off Premise,8/26/2026,1.00,
Alex Rodriguez,200310 Pride & Clarke Vodka 6/1.75 L Btl,Pride & Clarke,250049 New Seaport Liquors,Off Premise,6/3/2026,1.00,
Alex Rodriguez,200402 Travelers Club Vodka 24/375 mL Btl,Travelers Club,250068 Jakob Liquors,Off Premise,6/2/2026,1.00,
Alex Rodriguez,200313 Pride & Clarke Vodka 24/375 mL Btl,Pride & Clarke,250072 Picacho Liquors,Off Premise,8/18/2026,1.00,
Alex Rodriguez,200310 Pride & Clarke Vodka 6/1.75 L Btl,Pride & Clarke,250186 Gail's Wine And Spirits,Off Premise,7/8/2026,1.00,
Alex Rodriguez,200312 Pride & Clarke Vodka 48/200 mL Btl,Pride & Clarke,250049 New Seaport Liquors,Off Premise,6/3/2026,1.00,
Alex Rodriguez,100145 Gionelli Pinot Grigio 1/6/1.5 L Btl,Gionelli,150153 Wine Depot Of Livingston,Off Premise,7/2/2026,1.00,
Alex Rodriguez,200312 Pride & Clarke Vodka 48/200 mL Btl,Pride & Clarke,250072 Picacho Liquors,Off Premise,6/10/2026,1.00,
Alex Rodriguez,200313 Pride & Clarke Vodka 24/375 mL Btl,Pride & Clarke,250300 Jackson Liquors,Off Premise,6/8/2026,1.00,
Alex Rodriguez,200403 Travelers Club Vodka 1/12/750 mL Btl,Travelers Club,150153 Wine Depot Of Livingston,Off Premise,6/5/2026,1.00,
Alex Rodriguez,100956 Stoney River Sauvignon Blanc 1/12/750 mL Btl,Stoney River,150153 Wine Depot Of Livingston,Off Premise,6/5/2026,1.00,
Alex Rodriguez,200310 Pride & Clarke Vodka 6/1.75 L Btl,Pride & Clarke,250131 Liquor Gallery (Elizabeth),Off Premise,7/15/2026,1.00,
Alex Rodriguez,200400 Travelers Club Vodka 12/1 L Btl,Travelers Club,250068 Jakob Liquors,Off Premise,7/28/2026,1.00,
Alex Rodriguez,200401 Travelers Club Vodka 48/200 mL Btl,Travelers Club,250068 Jakob Liquors,Off Premise,7/28/2026,1.00,
Alex Rodriguez,200191 Chateau Diana Non-Alcoholic Cabernet Sauvignon 12/750 mL Btl,Chateau Diana,250082 Pickwick Liquor Shop,Off Premise,8/27/2026,1.00,
Alex Rodriguez,101075 Hetman Elite Vodka 1/6/700 mL Btl,Hetman Vodka,150153 Wine Depot Of Livingston,Off Premise,8/5/2026,1.00,
Alex Rodriguez,200313 Pride & Clarke Vodka 24/375 mL Btl,Pride & Clarke,253000 Leland Liquor & Deli,Off Premise,6/4/2026,1.00,
Alex Rodriguez,200312 Pride & Clarke Vodka 48/200 mL Btl,Pride & Clarke,250300 Jackson Liquors,Off Premise,8/31/2026,1.00,
Alex Rodriguez,100955 Les Domaniales Rose D' Anjou Loire 1/12/750 mL Btl,Les Domaniales Rose D' Anjou Loire,150153 Wine Depot Of Livingston,Off Premise,6/5/2026,1.00,
Alex Rodriguez,200314 Pride & Clarke Vodka 1/12/750 mL Btl,Pride & Clarke,250054 Marte Liq Warehouse,Off Premise,7/29/2026,1.00,
Alex Rodriguez,200401 Travelers Club Vodka 48/200 mL Btl,Travelers Club,250068 Jakob Liquors,Off Premise,6/30/2026,1.00,
Alex Rodriguez,100125 Le Grand Noir Rose 1/12/750 mL Btl,Le Grand Noir,150153 Wine Depot Of Livingston,Off Premise,6/5/2026,1.00,
Alex Rodriguez,200294 Molly's Irish Cream 1/12/750 mL Btl,Molly's,150153 Wine Depot Of Livingston,Off Premise,8/5/2026,1.00,
Alex Rodriguez,200311 Pride & Clarke Vodka 12/1 L Btl,Pride & Clarke,250186 Gail's Wine And Spirits,Off Premise,7/8/2026,1.00,
Alex Rodriguez,200402 Travelers Club Vodka 24/375 mL Btl,Travelers Club,253000 Leland Liquor & Deli,Off Premise,6/4/2026,1.00,
Alex Rodriguez,200401 Travelers Club Vodka 48/200 mL Btl,Travelers Club,250047 Wine Cellar,Off Premise,6/24/2026,1.00,
Alex Rodriguez,200314 Pride & Clarke Vodka 1/12/750 mL Btl,Pride & Clarke,250128 Liquor Depot,Off Premise,6/19/2026,1.00,
Alex Rodriguez,200312 Pride & Clarke Vodka 48/200 mL Btl,Pride & Clarke,250131 Liquor Gallery (Elizabeth),Off Premise,7/15/2026,1.00,
Alex Rodriguez,200402 Travelers Club Vodka 24/375 mL Btl,Travelers Club,250068 Jakob Liquors,Off Premise,7/15/2026,1.00,
Alex Rodriguez,200401 Travelers Club Vodka 48/200 mL Btl,Travelers Club,250068 Jakob Liquors,Off Premise,6/24/2026,1.00,
Alex Rodriguez,200312 Pride & Clarke Vodka 48/200 mL Btl,Pride & Clarke,250049 New Seaport Liquors,Off Premise,8/13/2026,1.00,
Alex Rodriguez,200402 Travelers Club Vodka 24/375 mL Btl,Travelers Club,250068 Jakob Liquors,Off Premise,8/27/2026,1.00,
Alex Rodriguez,200312 Pride & Clarke Vodka 48/200 mL Btl,Pride & Clarke,250186 Gail's Wine And Spirits,Off Premise,7/8/2026,1.00,
Alex Rodriguez,200402 Travelers Club Vodka 24/375 mL Btl,Travelers Club,150153 Wine Depot Of Livingston,Off Premise,6/5/2026,1.00,
Alex Rodriguez,200313 Pride & Clarke Vodka 24/375 mL Btl,Pride & Clarke,250072 Picacho Liquors,Off Premise,6/17/2026,1.00,
Alex Rodriguez,200310 Pride & Clarke Vodka 6/1.75 L Btl,Pride & Clarke,250056 Continental Wine/Liq,Off Premise,7/3/2026,1.00,
Alex Rodriguez,200313 Pride & Clarke Vodka 24/375 mL Btl,Pride & Clarke,250056 Continental Wine/Liq,Off Premise,7/3/2026,1.00,
Alex Rodriguez,200403 Travelers Club Vodka 1/12/750 mL Btl,Travelers Club,250068 Jakob Liquors,Off Premise,6/2/2026,1.00,
Alex Rodriguez,200298 Molly's Irish Cream Salted Caramel 1/6/750 mL Btl,Molly's,150155 L Town Liquors,Off Premise,6/24/2026,1.00,
Alex Rodriguez,200311 Pride & Clarke Vodka 12/1 L Btl,Pride & Clarke,250068 Jakob Liquors,Off Premise,7/15/2026,1.00,
Alex Rodriguez,200402 Travelers Club Vodka 24/375 mL Btl,Travelers Club,250070 Pereira's Liquor,Off Premise,8/10/2026,1.00,
Alex Rodriguez,200402 Travelers Club Vodka 24/375 mL Btl,Travelers Club,250068 Jakob Liquors,Off Premise,6/24/2026,1.00,
Alex Rodriguez,200401 Travelers Club Vodka 48/200 mL Btl,Travelers Club,250068 Jakob Liquors,Off Premise,6/2/2026,1.00,
Alisa Acciardi,200403 Travelers Club Vodka 1/12/750 mL Btl,Travelers Club,150130 Seabra Liquors,Off Premise,7/23/2026,1.00,
Alisa Acciardi,200311 Pride & Clarke Vodka 12/1 L Btl,Pride & Clarke,150073 Oasis Liquor & Deli,Off Premise,6/19/2026,1.00,
Alisa Acciardi,200738 Poca Loca Brazilian Wine 1/12/750 mL Btl,Poca Loca,150109 Kelly's Liquors,Off Premise,7/30/2026,1.00,
Alisa Acciardi,200314 Pride & Clarke Vodka 1/12/750 mL Btl,Pride & Clarke,150073 Oasis Liquor & Deli,Off Premise,6/19/2026,1.00,
Alisa Acciardi,200310 Pride & Clarke Vodka 6/1.75 L Btl,Pride & Clarke,170123 City Line Liquors (P),Off Premise,8/7/2026,1.00,
Alisa Acciardi,200313 Pride & Clarke Vodka 24/375 mL Btl,Pride & Clarke,170123 City Line Liquors (P),Off Premise,8/7/2026,1.00,
Alisa Acciardi,200171 Chateau Diana Caberner Sauvigon 12/750 mL Btl,Chateau Diana,170101 High Spirits Of Bayonne,Off Premise,8/26/2026,1.00,
Alisa Acciardi,200314 Pride & Clarke Vodka 1/12/750 mL Btl,Pride & Clarke,170123 City Line Liquors (P),Off Premise,6/3/2026,1.00,
Alisa Acciardi,200738 Poca Loca Brazilian Wine 1/12/750 mL Btl,Poca Loca,150130 Seabra Liquors,Off Premise,8/11/2026,1.00,
Alisa Acciardi,200314 Pride & Clarke Vodka 1/12/750 mL Btl,Pride & Clarke,152026 Mulberry Liquors,Off Premise,6/3/2026,1.00,
Alisa Acciardi,200313 Pride & Clarke Vodka 24/375 mL Btl,Pride & Clarke,170108 J & V Liquors,Off Premise,8/21/2026,1.00,
Alisa Acciardi,200313 Pride & Clarke Vodka 24/375 mL Btl,Pride & Clarke,150033 Discount Liquors Bloomfield,Off Premise,8/20/2026,1.00,
Alisa Acciardi,200738 Poca Loca Brazilian Wine 1/12/750 mL Btl,Poca Loca,152039 Cottage Liquors,Off Premise,7/31/2026,1.00,
Alisa Acciardi,200738 Poca Loca Brazilian Wine 1/12/750 mL Btl,Poca Loca,170038 Harrison Discount Liq(P),Off Premise,8/12/2026,1.00,
Alisa Acciardi,9409 Terredirai Bloom Bubbles Sparkling Non-Alcoholic 1/12/750 ML Btl,Bloom Bubbles,171403 ShopRite Wines & Spirits of Bayonne,Off Premise,7/22/2026,1.00,
Alisa Acciardi,200310 Pride & Clarke Vodka 6/1.75 L Btl,Pride & Clarke,170123 City Line Liquors (P),Off Premise,6/3/2026,1.00,
Alisa Acciardi,200314 Pride & Clarke Vodka 1/12/750 mL Btl,Pride & Clarke,170123 City Line Liquors (P),Off Premise,8/7/2026,1.00,
Alisa Acciardi,200401 Travelers Club Vodka 48/200 mL Btl,Travelers Club,150020 Gallaghers Wine & Cheese,Off Premise,7/29/2026,1.00,
Alisa Acciardi,200402 Travelers Club Vodka 24/375 mL Btl,Travelers Club,150020 Gallaghers Wine & Cheese,Off Premise,8/19/2026,1.00,
Alisa Acciardi,200313 Pride & Clarke Vodka 24/375 mL Btl,Pride & Clarke,171333 Family Convenience & Liq_2,Off Premise,6/27/2026,1.00,
Alisa Acciardi,200314 Pride & Clarke Vodka 1/12/750 mL Btl,Pride & Clarke,150157 Plaza Wine & Liquor,Off Premise,6/9/2026,1.00,
Alisa Acciardi,200400 Travelers Club Vodka 12/1 L Btl,Travelers Club,150130 Seabra Liquors,Off Premise,8/11/2026,1.00,
Alisa Acciardi,200400 Travelers Club Vodka 12/1 L Btl,Travelers Club,150130 Seabra Liquors,Off Premise,7/23/2026,1.00,
Alisa Acciardi,200310 Pride & Clarke Vodka 6/1.75 L Btl,Pride & Clarke,150157 Plaza Wine & Liquor,Off Premise,7/9/2026,1.00,
Alisa Acciardi,200400 Travelers Club Vodka 12/1 L Btl,Travelers Club,150130 Seabra Liquors,Off Premise,6/24/2026,1.00,
Alisa Acciardi,200403 Travelers Club Vodka 1/12/750 mL Btl,Travelers Club,150130 Seabra Liquors,Off Premise,8/11/2026,1.00,
Alisa Acciardi,200463 48 Blocks Expresso Martini 1/6/750 mL,48 Blocks,171312 Shop Rite Wine & Spirits Kearny,Off Premise,8/12/2026,1.00,
Alisa Acciardi,200404 Traveler's Club Vodka 6/1.75 L Btl,Travelers Club,150130 Seabra Liquors,Off Premise,8/11/2026,1.00,
Alisa Acciardi,200171 Chateau Diana Caberner Sauvigon 12/750 mL Btl,Chateau Diana,170058 Alex Liquors & Deli,Off Premise,8/25/2026,1.00,
Alisa Acciardi,200402 Travelers Club Vodka 24/375 mL Btl,Travelers Club,150020 Gallaghers Wine & Cheese,Off Premise,6/2/2026,1.00,
Alisa Acciardi,200404 Traveler's Club Vodka 6/1.75 L Btl,Travelers Club,150130 Seabra Liquors,Off Premise,7/23/2026,1.00,
Alisa Acciardi,200404 Traveler's Club Vodka 6/1.75 L Btl,Travelers Club,171001 Bridgeview Liquors,Off Premise,7/8/2026,1.00,
Alisa Acciardi,200738 Poca Loca Brazilian Wine 1/12/750 mL Btl,Poca Loca,170101 High Spirits Of Bayonne,Off Premise,6/11/2026,1.00,
Alisa Acciardi,200310 Pride & Clarke Vodka 6/1.75 L Btl,Pride & Clarke,150157 Plaza Wine & Liquor,Off Premise,6/9/2026,1.00,
Alisa Acciardi,200402 Travelers Club Vodka 24/375 mL Btl,Travelers Club,150020 Gallaghers Wine & Cheese,Off Premise,7/29/2026,1.00,
Alisa Acciardi,200402 Travelers Club Vodka 24/375 mL Btl,Travelers Club,150130 Seabra Liquors,Off Premise,6/24/2026,1.00,
Alisa Acciardi,200313 Pride & Clarke Vodka 24/375 mL Btl,Pride & Clarke,150020 Gallaghers Wine & Cheese,Off Premise,7/29/2026,1.00,
Alisa Acciardi,200403 Travelers Club Vodka 1/12/750 mL Btl,Travelers Club,150130 Seabra Liquors,Off Premise,9/3/2026,,1.00
Alisa Acciardi,200312 Pride & Clarke Vodka 48/200 mL Btl,Pride & Clarke,171333 Family Convenience & Liq_2,Off Premise,6/27/2026,1.00,
Alisa Acciardi,200313 Pride & Clarke Vodka 24/375 mL Btl,Pride & Clarke,150157 Plaza Wine & Liquor,Off Premise,7/9/2026,1.00,
Alisa Acciardi,200738 Poca Loca Brazilian Wine 1/12/750 mL Btl,Poca Loca,150016 Nutley Wine Shop,Off Premise,8/13/2026,1.00,
Alisa Acciardi,200313 Pride & Clarke Vodka 24/375 mL Btl,Pride & Clarke,150073 Oasis Liquor & Deli,Off Premise,6/19/2026,1.00,
Alisa Acciardi,11062 New Holland Dragon's Milk Reserve Coconut Rum 6/4/12 oz Btl,New Holland Brewing Co,170101 High Spirits Of Bayonne,Off Premise,8/26/2026,1.00,
Alisa Acciardi,200312 Pride & Clarke Vodka 48/200 mL Btl,Pride & Clarke,171318 Kearny Plaza Discount Liq,Off Premise,6/25/2026,1.00,
Alisa Acciardi,200404 Traveler's Club Vodka 6/1.75 L Btl,Travelers Club,150130 Seabra Liquors,Off Premise,9/3/2026,,1.00
Alisa Acciardi,200312 Pride & Clarke Vodka 48/200 mL Btl,Pride & Clarke,170123 City Line Liquors (P),Off Premise,8/7/2026,1.00,
Alisa Acciardi,200313 Pride & Clarke Vodka 24/375 mL Btl,Pride & Clarke,170108 J & V Liquors,Off Premise,6/5/2026,1.00,
Alisa Acciardi,200310 Pride & Clarke Vodka 6/1.75 L Btl,Pride & Clarke,150157 Plaza Wine & Liquor,Off Premise,8/20/2026,1.00,
Alisa Acciardi,200311 Pride & Clarke Vodka 12/1 L Btl,Pride & Clarke,170123 City Line Liquors (P),Off Premise,6/3/2026,1.00,
Alisa Acciardi,200171 Chateau Diana Caberner Sauvigon 12/750 mL Btl,Chateau Diana,171001 Bridgeview Liquors,Off Premise,8/26/2026,1.00,
Alisa Acciardi,200738 Poca Loca Brazilian Wine 1/12/750 mL Btl,Poca Loca,170038 Harrison Discount Liq(P),Off Premise,7/30/2026,1.00,
Alisa Acciardi,200402 Travelers Club Vodka 24/375 mL Btl,Travelers Club,150130 Seabra Liquors,Off Premise,8/11/2026,1.00,
Alisa Acciardi,200400 Travelers Club Vodka 12/1 L Btl,Travelers Club,150130 Seabra Liquors,Off Premise,9/3/2026,,1.00
Alisa Acciardi,200313 Pride & Clarke Vodka 24/375 mL Btl,Pride & Clarke,170108 J & V Liquors,Off Premise,7/31/2026,1.00,
Alisa Acciardi,200403 Travelers Club Vodka 1/12/750 mL Btl,Travelers Club,150130 Seabra Liquors,Off Premise,6/24/2026,1.00,
Alisa Acciardi,200404 Traveler's Club Vodka 6/1.75 L Btl,Travelers Club,150020 Gallaghers Wine & Cheese,Off Premise,7/29/2026,1.00,
Allison Scott,200383 YaVe Tequila Reposado 1/6/750 mL Btl,YaVe Tequila,12032 Casa Don Manuel,On Premise,8/19/2026,1.00,
Allison Scott,201077 Green River Honey 1/750 mL Btl,Bardstown Green River,8015 Thatcher Mc Ghees (A),On Premise,7/15/2026,1.00,
Allison Scott,201077 Green River Honey 1/750 mL Btl,Bardstown Green River,25056 Emerald Corner (Z),On Premise,7/17/2026,1.00,
Allison Scott,201056 Bardstown Origin Series Bourbon 1/750 mL Btl,Bardstown Bourbon,12022 Grasshopper Too (A),On Premise,7/17/2026,1.00,
Allison Scott,201072 Green River Bourbon 250th Army Anniversary 1/750 mL,Bardstown Green River,8006 pompton crafthouse,On Premise,6/9/2026,1.00,
Allison Scott,201065 Green River 1/1 L Btl,Bardstown Bourbon,11011 Sunset Pub & Grill(Z),On Premise,8/31/2026,1.00,
Allison Scott,201065 Green River 1/1 L Btl,Bardstown Bourbon,12036 Brokedown Palace,On Premise,8/26/2026,1.00,
Allison Scott,201056 Bardstown Origin Series Bourbon 1/750 mL Btl,Bardstown Bourbon,1005 Grasshopper Irish Pub (A),On Premise,7/17/2026,1.00,
Allison Scott,200217 Leyenda 1925 Blanco Tequila 1/750 ML Btl,Leyenda 1925,15006 Great Notch Inn(Z),On Premise,8/7/2026,1.00,
Allison Scott,200385 YaVe Tequila Coconut 1/6/750 mL Btl,YaVe Tequila,8004 The Side Door (P),On Premise,8/20/2026,1.00,
Allison Scott,201077 Green River Honey 1/750 mL Btl,Bardstown Green River,10007 Bardis (P),On Premise,7/17/2026,1.00,
Allison Scott,200518 Southern Tier Cinnamon Candy Apple Whiskey 6/750 mL Btl,Southern Tier Distilling,8006 pompton crafthouse,On Premise,8/31/2026,1.00,
Allison Scott,201056 Bardstown Origin Series Bourbon 1/750 mL Btl,Bardstown Bourbon,25083 Rutt's Hut (A),On Premise,6/25/2026,1.00,
Allison Scott,200314 Pride & Clarke Vodka 1/12/750 mL Btl,Pride & Clarke,12051 Packanack Golf (P),On Premise,8/14/2026,1.00,
Allison Scott,200527 Southern Tier Peanut Butter Cup Whiskey 6/750 mL Btl,Southern Tier Distilling,8006 pompton crafthouse,On Premise,8/31/2026,1.00,
Allison Scott,201077 Green River Honey 1/750 mL Btl,Bardstown Green River,13003 Maggie's Town Tav.(P),On Premise,7/24/2026,1.00,
Allison Scott,200381 YaVe Tequila Mango 1/6/750 mL Btl,YaVe Tequila,12032 Casa Don Manuel,On Premise,8/19/2026,1.00,
Allison Scott,200400 Travelers Club Vodka 12/1 L Btl,Travelers Club,19004 Shortways' Barn (A),On Premise,6/29/2026,1.00,
Allison Scott,100956 Stoney River Sauvignon Blanc 1/12/750 mL Btl,Stoney River,12051 Packanack Golf (P),On Premise,8/14/2026,1.00,
Allison Scott,200400 Travelers Club Vodka 12/1 L Btl,Travelers Club,10007 Bardis (P),On Premise,6/5/2026,1.00,
Allison Scott,200384 YaVe Tequila Blanco 1/6/750 mL Btl,YaVe Tequila,12032 Casa Don Manuel,On Premise,8/19/2026,1.00,
Allison Scott,200517 Southern Tier Pumking Whiskey 6/750 mL Btl,Southern Tier Distilling,8006 pompton crafthouse,On Premise,8/31/2026,1.00,
Allison Scott,201056 Bardstown Origin Series Bourbon 1/750 mL Btl,Bardstown Bourbon,25083 Rutt's Hut (A),On Premise,7/14/2026,1.00,
Allison Scott,201056 Bardstown Origin Series Bourbon 1/750 mL Btl,Bardstown Bourbon,25083 Rutt's Hut (A),On Premise,8/26/2026,1.00,
Allison Scott,200400 Travelers Club Vodka 12/1 L Btl,Travelers Club,25083 Rutt's Hut (A),On Premise,6/24/2026,1.00,
Allison Scott,200382 YaVe Tequila Jalapeno 1/6/750 mL Btl,YaVe Tequila,7003 Blu Ale House,On Premise,8/25/2026,1.00,
Allison Scott,200381 YaVe Tequila Mango 1/6/750 mL Btl,YaVe Tequila,8004 The Side Door (P),On Premise,8/20/2026,1.00,
Allison Scott,200400 Travelers Club Vodka 12/1 L Btl,Travelers Club,19004 Shortways' Barn (A),On Premise,8/28/2026,1.00,
Allison Scott,200382 YaVe Tequila Jalapeno 1/6/750 mL Btl,YaVe Tequila,12032 Casa Don Manuel,On Premise,8/19/2026,1.00,
Allison Scott,200385 YaVe Tequila Coconut 1/6/750 mL Btl,YaVe Tequila,7003 Blu Ale House,On Premise,8/25/2026,1.00,
Allison Scott,200400 Travelers Club Vodka 12/1 L Btl,Travelers Club,19004 Shortways' Barn (A),On Premise,7/23/2026,1.00,
Allison Scott,201077 Green River Honey 1/750 mL Btl,Bardstown Green River,21043 Duffy's Tavern (Z),On Premise,9/2/2026,,1.00
Allison Scott,200400 Travelers Club Vodka 12/1 L Btl,Travelers Club,19004 Shortways' Barn (A),On Premise,6/19/2026,1.00,
Allison Scott,200400 Travelers Club Vodka 12/1 L Btl,Travelers Club,10007 Bardis (P),On Premise,7/24/2026,1.00,
Allison Scott,201077 Green River Honey 1/750 mL Btl,Bardstown Green River,15074 Bask 46,On Premise,9/2/2026,,1.00
Allison Scott,200400 Travelers Club Vodka 12/1 L Btl,Travelers Club,10007 Bardis (P),On Premise,8/14/2026,1.00,
Andrew Lundy,200404 Traveler's Club Vodka 6/1.75 L Btl,Travelers Club,250112 Ever Blue Liquors,Off Premise,7/13/2026,1.00,
Andrew Lundy,200311 Pride & Clarke Vodka 12/1 L Btl,Pride & Clarke,250134 Shoppers Paradise Liq,Off Premise,6/4/2026,1.00,
Andrew Lundy,200314 Pride & Clarke Vodka 1/12/750 mL Btl,Pride & Clarke,250069 Mega Liquors,Off Premise,6/1/2026,1.00,
Andrew Lundy,200313 Pride & Clarke Vodka 24/375 mL Btl,Pride & Clarke,250134 Shoppers Paradise Liq,Off Premise,7/16/2026,1.00,
Andrew Lundy,200738 Poca Loca Brazilian Wine 1/12/750 mL Btl,Poca Loca,250183 Chestnut St Spirits LLC,Off Premise,6/18/2026,1.00,
Andrew Lundy,200313 Pride & Clarke Vodka 24/375 mL Btl,Pride & Clarke,250119 Pointe Grande Liquor,Off Premise,8/18/2026,1.00,
Andrew Lundy,200310 Pride & Clarke Vodka 6/1.75 L Btl,Pride & Clarke,250134 Shoppers Paradise Liq,Off Premise,6/4/2026,1.00,
Andrew Lundy,200310 Pride & Clarke Vodka 6/1.75 L Btl,Pride & Clarke,250119 Pointe Grande Liquor,Off Premise,7/15/2026,1.00,
Andrew Lundy,11062 New Holland Dragon's Milk Reserve Coconut Rum 6/4/12 oz Btl,New Holland Brewing Co,250071 Total Wine & More (Union),Off Premise,8/28/2026,1.00,
Andrew Lundy,200314 Pride & Clarke Vodka 1/12/750 mL Btl,Pride & Clarke,250091 Denny's Liquors,Off Premise,6/2/2026,1.00,
Andrew Lundy,200401 Travelers Club Vodka 48/200 mL Btl,Travelers Club,250442 Liquor Rangers,Off Premise,9/1/2026,,1.00
Andrew Lundy,200313 Pride & Clarke Vodka 24/375 mL Btl,Pride & Clarke,250134 Shoppers Paradise Liq,Off Premise,6/4/2026,1.00,
Andrew Lundy,200313 Pride & Clarke Vodka 24/375 mL Btl,Pride & Clarke,250069 Mega Liquors,Off Premise,8/13/2026,1.00,
Andrew Lundy,200310 Pride & Clarke Vodka 6/1.75 L Btl,Pride & Clarke,250060 La Bamba,Off Premise,7/3/2026,1.00,
Andrew Lundy,11062 New Holland Dragon's Milk Reserve Coconut Rum 6/4/12 oz Btl,New Holland Brewing Co,250803 Witty's Fine Wine & Spirt,Off Premise,8/27/2026,1.00,
Andrew Lundy,200192 Chateau Diana Non-Alcoholic Chardonnay 12/750 mL Btl,Chateau Diana,254003 Drinq Linq The Liquor Store,Off Premise,7/28/2026,1.00,
Andrew Lundy,200402 Travelers Club Vodka 24/375 mL Btl,Travelers Club,250069 Mega Liquors,Off Premise,9/2/2026,,1.00
Andrew Lundy,101091 Lo Secco Prosecco 1/12/750 mL Btl,Lo Secco,250027 Wine Anthology (A),Off Premise,7/15/2026,1.00,
Andrew Lundy,11062 New Holland Dragon's Milk Reserve Coconut Rum 6/4/12 oz Btl,New Holland Brewing Co,250011 Shop Rite of Westfield,Off Premise,8/28/2026,1.00,
Andrew Lundy,200292 Molly's Irish Cream 12/1 L Btl,Molly's,250110 Liquor City @ Sams Club,Off Premise,6/2/2026,1.00,
Andrew Lundy,200311 Pride & Clarke Vodka 12/1 L Btl,Pride & Clarke,250134 Shoppers Paradise Liq,Off Premise,7/16/2026,1.00,
Andrew Lundy,200312 Pride & Clarke Vodka 48/200 mL Btl,Pride & Clarke,250060 La Bamba,Off Premise,8/27/2026,1.00,
Andrew Lundy,200314 Pride & Clarke Vodka 1/12/750 mL Btl,Pride & Clarke,250119 Pointe Grande Liquor,Off Premise,8/18/2026,1.00,
Andrew Lundy,200314 Pride & Clarke Vodka 1/12/750 mL Btl,Pride & Clarke,250134 Shoppers Paradise Liq,Off Premise,6/4/2026,1.00,
Andrew Lundy,200312 Pride & Clarke Vodka 48/200 mL Btl,Pride & Clarke,250134 Shoppers Paradise Liq,Off Premise,7/16/2026,1.00,
Andrew Lundy,200313 Pride & Clarke Vodka 24/375 mL Btl,Pride & Clarke,250069 Mega Liquors,Off Premise,6/1/2026,1.00,
Andrew Lundy,200294 Molly's Irish Cream 1/12/750 mL Btl,Molly's,250024 Best Cellars (Summit),Off Premise,7/16/2026,1.00,
Andrew Lundy,200314 Pride & Clarke Vodka 1/12/750 mL Btl,Pride & Clarke,250134 Shoppers Paradise Liq,Off Premise,7/16/2026,1.00,
Andrew Lundy,11062 New Holland Dragon's Milk Reserve Coconut Rum 6/4/12 oz Btl,New Holland Brewing Co,250440 Metro Liquor (Linden),Off Premise,9/2/2026,,1.00
Andrew Lundy,101022 Carinoso Manzana 1/12/750 mL Btl,Carinoso,250024 Best Cellars (Summit),Off Premise,6/4/2026,1.00,
Andrew Lundy,200312 Pride & Clarke Vodka 48/200 mL Btl,Pride & Clarke,250134 Shoppers Paradise Liq,Off Premise,6/4/2026,1.00,
Andrew Lundy,101076 Ukrainian Spirit Vodka 1/12/1 L Btl,Ukrainian Spirit,250037 Beno's Liq (A),Off Premise,7/15/2026,1.00,
Andrew Lundy,200312 Pride & Clarke Vodka 48/200 mL Btl,Pride & Clarke,250069 Mega Liquors,Off Premise,8/13/2026,1.00,
Andrew Lundy,200310 Pride & Clarke Vodka 6/1.75 L Btl,Pride & Clarke,250119 Pointe Grande Liquor,Off Premise,8/18/2026,1.00,
Andrew Lundy,200311 Pride & Clarke Vodka 12/1 L Btl,Pride & Clarke,250091 Denny's Liquors,Off Premise,6/2/2026,1.00,
Andrew Lundy,200292 Molly's Irish Cream 12/1 L Btl,Molly's,250110 Liquor City @ Sams Club,Off Premise,7/28/2026,1.00,
Andrew Lundy,200402 Travelers Club Vodka 24/375 mL Btl,Travelers Club,250066 Fenrose Wine & Liq,Off Premise,7/10/2026,1.00,
Anthony Palmisano,200217 Leyenda 1925 Blanco Tequila 1/750 ML Btl,Leyenda 1925,10003 Buy Rite W &L Pompton(P),Off Premise,8/25/2026,1.00,
Anthony Palmisano,200218 Leyenda 1925 Reposado Tequila 1/750 ML Btl,Leyenda 1925,8008 Shoppers Disc(A)Pompton,Off Premise,8/25/2026,1.00,
Anthony Palmisano,201055 Bardstown Origin Series Bottle-In-Bond 1/750 mL Btl,Bardstown Bourbon,10003 Buy Rite W &L Pompton(P),Off Premise,6/9/2026,1.00,
Anthony Palmisano,200053 Warwick Gin 6/750 mL Btl,Warwick Gin,231805 Meloi Liquors,Off Premise,7/2/2026,1.00,
Anthony Palmisano,200313 Pride & Clarke Vodka 24/375 mL Btl,Pride & Clarke,8002 Country Convenience Store,Off Premise,8/4/2026,1.00,
Anthony Palmisano,200313 Pride & Clarke Vodka 24/375 mL Btl,Pride & Clarke,8002 Country Convenience Store,Off Premise,8/12/2026,1.00,
Anthony Palmisano,201056 Bardstown Origin Series Bourbon 1/750 mL Btl,Bardstown Bourbon,1007 The Greenwood Tavern,On Premise,8/5/2026,1.00,
Anthony Palmisano,200218 Leyenda 1925 Reposado Tequila 1/750 ML Btl,Leyenda 1925,5006 Roserne Pkg Store South,Off Premise,8/25/2026,1.00,
Anthony Palmisano,200198 Chateau Diana Non-Alcoholic Rose 12/750 mL Btl,Chateau Diana,1012 Uncorked Wines & Spirits (West Milford),Off Premise,6/11/2026,1.00,
Anthony Palmisano,200313 Pride & Clarke Vodka 24/375 mL Btl,Pride & Clarke,8002 Country Convenience Store,Off Premise,7/14/2026,1.00,
Anthony Palmisano,201077 Green River Honey 1/750 mL Btl,Bardstown Green River,1012 Uncorked Wines & Spirits (West Milford),Off Premise,6/11/2026,1.00,
Anthony Palmisano,201054 Green River Wheated 1/750 mL,Bardstown Green River,1007 The Greenwood Tavern,On Premise,8/5/2026,1.00,
Anthony Palmisano,200216 Leyenda 1925 Anejo Tequila 1/750 ML Btl,Leyenda 1925,8008 Shoppers Disc(A)Pompton,Off Premise,8/25/2026,1.00,
Anthony Palmisano,200737 Lou Lou Bubbly Semi Sweet Rose 1/12/12 oz Can,Caravella,230915 Crystal Sprs/Wild Turkey,On Premise,6/25/2026,1.00,
Anthony Palmisano,200217 Leyenda 1925 Blanco Tequila 1/750 ML Btl,Leyenda 1925,8008 Shoppers Disc(A)Pompton,Off Premise,8/25/2026,1.00,
Anthony Palmisano,201056 Bardstown Origin Series Bourbon 1/750 mL Btl,Bardstown Bourbon,231213 The Kites (P),On Premise,8/14/2026,1.00,
Anthony Palmisano,200402 Travelers Club Vodka 24/375 mL Btl,Travelers Club,8009 Appio's Liquors,Off Premise,7/20/2026,1.00,
Anthony Palmisano,200152 American Fruit Bartlett Pear Liqueur 12/375 mL,American Fruit,2003 Ringwood W&L,Off Premise,8/13/2026,1.00,
Anthony Palmisano,200313 Pride & Clarke Vodka 24/375 mL Btl,Pride & Clarke,8002 Country Convenience Store,Off Premise,6/5/2026,1.00,
Anthony Palmisano,200736 Lou Lou Bubbly Brut Rose 1/12/12 oz Can,Caravella,230915 Crystal Sprs/Wild Turkey,On Premise,6/25/2026,1.00,
Anthony Palmisano,200318 Ecaana Pinot Grigio 6/1.5 L Btl,Ecaana,1021 M & M Discount Liq,Off Premise,7/23/2026,1.00,
Anthony Palmisano,200191 Chateau Diana Non-Alcoholic Cabernet Sauvignon 12/750 mL Btl,Chateau Diana,1012 Uncorked Wines & Spirits (West Milford),Off Premise,7/16/2026,1.00,
Anthony Palmisano,200191 Chateau Diana Non-Alcoholic Cabernet Sauvignon 12/750 mL Btl,Chateau Diana,1012 Uncorked Wines & Spirits (West Milford),Off Premise,6/11/2026,1.00,
Anthony Palmisano,201056 Bardstown Origin Series Bourbon 1/750 mL Btl,Bardstown Bourbon,231213 The Kites (P),On Premise,9/3/2026,,1.00
Anthony Palmisano,200402 Travelers Club Vodka 24/375 mL Btl,Travelers Club,8009 Appio's Liquors,Off Premise,7/13/2026,1.00,
Anthony Palmisano,201055 Bardstown Origin Series Bottle-In-Bond 1/750 mL Btl,Bardstown Bourbon,7001 Home Wine and Liquors,Off Premise,7/7/2026,1.00,
Anthony Palmisano,201056 Bardstown Origin Series Bourbon 1/750 mL Btl,Bardstown Bourbon,1007 The Greenwood Tavern,On Premise,7/31/2026,1.00,
Anthony Palmisano,201054 Green River Wheated 1/750 mL,Bardstown Green River,231305 Early American Tavern,On Premise,8/13/2026,1.00,
Anthony Palmisano,201077 Green River Honey 1/750 mL Btl,Bardstown Green River,8008 Shoppers Disc(A)Pompton,Off Premise,7/17/2026,1.00,
Anthony Palmisano,200404 Traveler's Club Vodka 6/1.75 L Btl,Travelers Club,8009 Appio's Liquors,Off Premise,7/6/2026,1.00,
Anthony Palmisano,200737 Lou Lou Bubbly Semi Sweet Rose 1/12/12 oz Can,Caravella,230915 Crystal Sprs/Wild Turkey,On Premise,6/22/2026,1.00,
Anthony Palmisano,201051 Green River Bourbon 1/750 mL Btl,Bardstown Green River,5006 Roserne Pkg Store South,Off Premise,8/25/2026,1.00,
Anthony Palmisano,200402 Travelers Club Vodka 24/375 mL Btl,Travelers Club,8007 Krauszer's Liquor Wine and Spirits,Off Premise,8/25/2026,1.00,
Anthony Palmisano,201054 Green River Wheated 1/750 mL,Bardstown Green River,1015 Greenwood Lake Disc.(P),Off Premise,8/5/2026,1.00,
Anthony Palmisano,201055 Bardstown Origin Series Bottle-In-Bond 1/750 mL Btl,Bardstown Bourbon,231210 Bally Owen Golf Club,On Premise,7/29/2026,1.00,
Anthony Palmisano,200318 Ecaana Pinot Grigio 6/1.5 L Btl,Ecaana,1023 The New Jessies Kettle(P),On Premise,6/18/2026,1.00,
Anthony Palmisano,200313 Pride & Clarke Vodka 24/375 mL Btl,Pride & Clarke,8002 Country Convenience Store,Off Premise,6/30/2026,1.00,
Anthony Palmisano,201051 Green River Bourbon 1/750 mL Btl,Bardstown Green River,231805 Meloi Liquors,Off Premise,7/29/2026,1.00,
Anthony Palmisano,201056 Bardstown Origin Series Bourbon 1/750 mL Btl,Bardstown Bourbon,231213 The Kites (P),On Premise,6/24/2026,1.00,
Anthony Palmisano,201054 Green River Wheated 1/750 mL,Bardstown Green River,1007 The Greenwood Tavern,On Premise,7/31/2026,1.00,
Anthony Palmisano,201056 Bardstown Origin Series Bourbon 1/750 mL Btl,Bardstown Bourbon,231213 The Kites (P),On Premise,7/21/2026,1.00,
Anthony Palmisano,200217 Leyenda 1925 Blanco Tequila 1/750 ML Btl,Leyenda 1925,5006 Roserne Pkg Store South,Off Premise,8/25/2026,1.00,
Anthony Palmisano,201051 Green River Bourbon 1/750 mL Btl,Bardstown Green River,231302 Thirsty Farmer,On Premise,6/11/2026,1.00,
Anthony Palmisano,200218 Leyenda 1925 Reposado Tequila 1/750 ML Btl,Leyenda 1925,6002 Roserne Liquors North,Off Premise,8/25/2026,1.00,
Anthony Palmisano,201077 Green River Honey 1/750 mL Btl,Bardstown Green River,5006 Roserne Pkg Store South,Off Premise,8/25/2026,1.00,
Anthony Palmisano,200736 Lou Lou Bubbly Brut Rose 1/12/12 oz Can,Caravella,230915 Crystal Sprs/Wild Turkey,On Premise,6/22/2026,1.00,
Anthony Palmisano,200192 Chateau Diana Non-Alcoholic Chardonnay 12/750 mL Btl,Chateau Diana,1012 Uncorked Wines & Spirits (West Milford),Off Premise,8/27/2026,1.00,
Anthony Palmisano,200313 Pride & Clarke Vodka 24/375 mL Btl,Pride & Clarke,8002 Country Convenience Store,Off Premise,6/19/2026,1.00,
Anthony Palmisano,200150 American Fruit Bourbon Barrel Aged Apple Liqueur 12/375 mL,American Fruit,2003 Ringwood W&L,Off Premise,8/13/2026,1.00,
Anthony Palmisano,200192 Chateau Diana Non-Alcoholic Chardonnay 12/750 mL Btl,Chateau Diana,1012 Uncorked Wines & Spirits (West Milford),Off Premise,6/11/2026,1.00,
Anthony Palmisano,201056 Bardstown Origin Series Bourbon 1/750 mL Btl,Bardstown Bourbon,1015 Greenwood Lake Disc.(P),Off Premise,8/5/2026,1.00,
Anthony Palmisano,201054 Green River Wheated 1/750 mL,Bardstown Green River,10003 Buy Rite W &L Pompton(P),Off Premise,8/25/2026,1.00,
Brian Sengebush,200382 YaVe Tequila Jalapeno 1/6/750 mL Btl,YaVe Tequila,191009 Mason Street Grille,On Premise,8/24/2026,1.00,
Brian Sengebush,201077 Green River Honey 1/750 mL Btl,Bardstown Green River,191007 Charley's Tavern,On Premise,6/15/2026,1.00,
Brian Sengebush,201056 Bardstown Origin Series Bourbon 1/750 mL Btl,Bardstown Bourbon,230103 St.Moritz Grill & Bar,On Premise,7/14/2026,1.00,
Brian Sengebush,201054 Green River Wheated 1/750 mL,Bardstown Green River,190104 Black Rabbit Saloon LLC,On Premise,7/2/2026,1.00,
Brian Sengebush,200382 YaVe Tequila Jalapeno 1/6/750 mL Btl,YaVe Tequila,191510 Lola's Restaurant,On Premise,8/21/2026,1.00,
Brian Sengebush,201077 Green River Honey 1/750 mL Btl,Bardstown Green River,190108 Harrigan's Rest. (P),On Premise,6/11/2026,1.00,
Brian Sengebush,201077 Green River Honey 1/750 mL Btl,Bardstown Green River,230122 Krogh's Restaurant & Brew Pub,On Premise,8/25/2026,1.00,
Brian Sengebush,100962 2XO French Oak 1/750 mL Btl,2XO,191009 Mason Street Grille,On Premise,7/9/2026,1.00,
Brian Sengebush,201076 Green River Wheated Full Proof 1/750 ml Btl,Bardstown Green River,190219 Columbia Inn,On Premise,6/5/2026,1.00,
Brian Sengebush,201056 Bardstown Origin Series Bourbon 1/750 mL Btl,Bardstown Bourbon,190217 Nostrana Ristorante,On Premise,7/15/2026,1.00,
Brian Sengebush,200217 Leyenda 1925 Blanco Tequila 1/750 ML Btl,Leyenda 1925,191510 Lola's Restaurant,On Premise,8/21/2026,1.00,
Brian Sengebush,200217 Leyenda 1925 Blanco Tequila 1/750 ML Btl,Leyenda 1925,191009 Mason Street Grille,On Premise,8/24/2026,1.00,
Brian Sengebush,201076 Green River Wheated Full Proof 1/750 ml Btl,Bardstown Green River,190219 Columbia Inn,On Premise,6/11/2026,1.00,
Chris Payton,201077 Green River Honey 1/750 mL Btl,Bardstown Green River,80035 Arcola Country C.,On Premise,6/11/2026,1.00,
Chris Payton,201055 Bardstown Origin Series Bottle-In-Bond 1/750 mL Btl,Bardstown Bourbon,38021 Buy Rite Of Main St Lodi,Off Premise,9/1/2026,,1.00
Chris Payton,200217 Leyenda 1925 Blanco Tequila 1/750 ML Btl,Leyenda 1925,38017 Quick Stop Food & Liq,Off Premise,8/20/2026,1.00,
Chris Payton,201078 Green River Honey 1/10/50 mL Btl,Bardstown Green River,38021 Buy Rite Of Main St Lodi,Off Premise,9/1/2026,,1.00
Chris Payton,201077 Green River Honey 1/750 mL Btl,Bardstown Green River,50020 Wineland,Off Premise,7/30/2026,1.00,
Chris Payton,201054 Green River Wheated 1/750 mL,Bardstown Green River,76010 Usa Wine Traders Club (Saddle Brook),Off Premise,7/2/2026,1.00,
Chris Payton,201055 Bardstown Origin Series Bottle-In-Bond 1/750 mL Btl,Bardstown Bourbon,34001 Meadowland Wine & Liquor,Off Premise,6/5/2026,1.00,
Chris Payton,200217 Leyenda 1925 Blanco Tequila 1/750 ML Btl,Leyenda 1925,76015 Discount Liq & Bar,Off Premise,8/19/2026,1.00,
Chris Payton,200218 Leyenda 1925 Reposado Tequila 1/750 ML Btl,Leyenda 1925,78013 J R W & Liq (A),Off Premise,8/18/2026,1.00,
Chris Payton,200217 Leyenda 1925 Blanco Tequila 1/750 ML Btl,Leyenda 1925,38021 Buy Rite Of Main St Lodi,Off Premise,7/28/2026,1.00,
Chris Payton,200217 Leyenda 1925 Blanco Tequila 1/750 ML Btl,Leyenda 1925,38040 Buy Rite Discount Liquor,Off Premise,7/22/2026,1.00,
Chris Payton,201078 Green River Honey 1/10/50 mL Btl,Bardstown Green River,76010 Usa Wine Traders Club (Saddle Brook),Off Premise,8/18/2026,1.00,
Chris Payton,101072 Shabo Telti Kuruk Reserve 1/12/750 mL Btl,Shabo Wine,76010 Usa Wine Traders Club (Saddle Brook),Off Premise,7/10/2026,1.00,
Chris Payton,200218 Leyenda 1925 Reposado Tequila 1/750 ML Btl,Leyenda 1925,38017 Quick Stop Food & Liq,Off Premise,8/20/2026,1.00,
Chris Payton,200218 Leyenda 1925 Reposado Tequila 1/750 ML Btl,Leyenda 1925,76015 Discount Liq & Bar,Off Premise,8/19/2026,1.00,
Chris Payton,200298 Molly's Irish Cream Salted Caramel 1/6/750 mL Btl,Molly's,38040 Buy Rite Discount Liquor,Off Premise,7/9/2026,1.00,
Chris Payton,201077 Green River Honey 1/750 mL Btl,Bardstown Green River,50020 Wineland,Off Premise,7/16/2026,1.00,
Chris Payton,101071 Shabo Saperavi Reserve 1/12/750 mL Btl,Shabo Wine,76010 Usa Wine Traders Club (Saddle Brook),Off Premise,7/10/2026,1.00,
Chris Payton,200314 Pride & Clarke Vodka 1/12/750 mL Btl,Pride & Clarke,38016 Lodi Liquor Store(P),Off Premise,8/17/2026,1.00,
Chris Payton,200291 Molly's Irish Cream 6/1.75 L Btl,Molly's,38040 Buy Rite Discount Liquor,Off Premise,7/9/2026,1.00,
Chris Payton,200313 Pride & Clarke Vodka 24/375 mL Btl,Pride & Clarke,25045 Clifton Disc Liq (A),Off Premise,6/19/2026,1.00,
Chris Payton,100962 2XO French Oak 1/750 mL Btl,2XO,76010 Usa Wine Traders Club (Saddle Brook),Off Premise,6/5/2026,1.00,
Chris Payton,100961 2XO American Oak 1/750 mL Btl,2XO,76010 Usa Wine Traders Club (Saddle Brook),Off Premise,7/10/2026,1.00,
Chris Payton,201054 Green River Wheated 1/750 mL,Bardstown Green River,50020 Wineland,Off Premise,7/30/2026,1.00,
Chris Payton,100956 Stoney River Sauvignon Blanc 1/12/750 mL Btl,Stoney River,47005 Exquisite W & L (A),Off Premise,8/3/2026,1.00,
Chris Payton,200191 Chateau Diana Non-Alcoholic Cabernet Sauvignon 12/750 mL Btl,Chateau Diana,76010 Usa Wine Traders Club (Saddle Brook),Off Premise,7/31/2026,1.00,
Chris Payton,101074 Shabo Primo Secco Semi Sweet 1/12/750 mL Btl,Shabo Wine,76010 Usa Wine Traders Club (Saddle Brook),Off Premise,7/10/2026,1.00,
Chris Payton,200218 Leyenda 1925 Reposado Tequila 1/750 ML Btl,Leyenda 1925,76018 Krauszer Liquor,Off Premise,8/19/2026,1.00,
Chris Payton,200310 Pride & Clarke Vodka 6/1.75 L Btl,Pride & Clarke,76015 Discount Liq & Bar,Off Premise,6/15/2026,1.00,
Chris Payton,201056 Bardstown Origin Series Bourbon 1/750 mL Btl,Bardstown Bourbon,50020 Wineland,Off Premise,7/16/2026,1.00,
Chris Payton,200217 Leyenda 1925 Blanco Tequila 1/750 ML Btl,Leyenda 1925,79002 Hollywd Liq&Deli (A),Off Premise,8/12/2026,1.00,
Chris Payton,200218 Leyenda 1925 Reposado Tequila 1/750 ML Btl,Leyenda 1925,79002 Hollywd Liq&Deli (A),Off Premise,8/12/2026,1.00,
Chris Payton,200313 Pride & Clarke Vodka 24/375 mL Btl,Pride & Clarke,38017 Quick Stop Food & Liq,Off Premise,9/3/2026,,1.00
Chris Payton,200218 Leyenda 1925 Reposado Tequila 1/750 ML Btl,Leyenda 1925,38007 Garden Liquors (P),Off Premise,8/21/2026,1.00,
Chris Payton,200738 Poca Loca Brazilian Wine 1/12/750 mL Btl,Poca Loca,76010 Usa Wine Traders Club (Saddle Brook),Off Premise,6/12/2026,1.00,
Chris Payton,200217 Leyenda 1925 Blanco Tequila 1/750 ML Btl,Leyenda 1925,47005 Exquisite W & L (A),Off Premise,8/13/2026,1.00,
Chris Payton,101074 Shabo Primo Secco Semi Sweet 1/12/750 mL Btl,Shabo Wine,76010 Usa Wine Traders Club (Saddle Brook),Off Premise,8/21/2026,1.00,
Chris Payton,201058 Bardstown Origin Series High Wheat 1/750 mL Btl,Bardstown Bourbon,34001 Meadowland Wine & Liquor,Off Premise,7/31/2026,1.00,
Chris Payton,200314 Pride & Clarke Vodka 1/12/750 mL Btl,Pride & Clarke,76015 Discount Liq & Bar,Off Premise,6/15/2026,1.00,
Chris Payton,200384 YaVe Tequila Blanco 1/6/750 mL Btl,YaVe Tequila,38021 Buy Rite Of Main St Lodi,Off Premise,7/28/2026,1.00,
Chris Payton,100962 2XO French Oak 1/750 mL Btl,2XO,47005 Exquisite W & L (A),Off Premise,6/26/2026,1.00,
Chris Payton,200217 Leyenda 1925 Blanco Tequila 1/750 ML Btl,Leyenda 1925,38019 Circle Liquors,Off Premise,8/12/2026,1.00,
Chris Payton,200217 Leyenda 1925 Blanco Tequila 1/750 ML Btl,Leyenda 1925,76018 Krauszer Liquor,Off Premise,8/19/2026,1.00,
Chris Payton,200218 Leyenda 1925 Reposado Tequila 1/750 ML Btl,Leyenda 1925,23006 46 Discount Liquor Store,Off Premise,8/13/2026,1.00,
Chris Payton,200217 Leyenda 1925 Blanco Tequila 1/750 ML Btl,Leyenda 1925,78013 J R W & Liq (A),Off Premise,8/18/2026,1.00,
Chris Payton,200217 Leyenda 1925 Blanco Tequila 1/750 ML Btl,Leyenda 1925,34009 The Wine Rack Hasbrouck Hts,Off Premise,7/23/2026,1.00,
Chris Payton,200310 Pride & Clarke Vodka 6/1.75 L Btl,Pride & Clarke,38016 Lodi Liquor Store(P),Off Premise,8/17/2026,1.00,
Chris Payton,201051 Green River Bourbon 1/750 mL Btl,Bardstown Green River,38021 Buy Rite Of Main St Lodi,Off Premise,9/1/2026,,1.00
Chris Payton,200217 Leyenda 1925 Blanco Tequila 1/750 ML Btl,Leyenda 1925,25045 Clifton Disc Liq (A),Off Premise,7/24/2026,1.00,
Chris Payton,200218 Leyenda 1925 Reposado Tequila 1/750 ML Btl,Leyenda 1925,38021 Buy Rite Of Main St Lodi,Off Premise,7/28/2026,1.00,
Chris Payton,200218 Leyenda 1925 Reposado Tequila 1/750 ML Btl,Leyenda 1925,47005 Exquisite W & L (A),Off Premise,8/13/2026,1.00,
Chris Payton,200217 Leyenda 1925 Blanco Tequila 1/750 ML Btl,Leyenda 1925,34007 Liquor Masters (P),Off Premise,8/20/2026,1.00,
Chris Payton,200218 Leyenda 1925 Reposado Tequila 1/750 ML Btl,Leyenda 1925,25045 Clifton Disc Liq (A),Off Premise,7/24/2026,1.00,
Chris Payton,200218 Leyenda 1925 Reposado Tequila 1/750 ML Btl,Leyenda 1925,34001 Meadowland Wine & Liquor,Off Premise,7/24/2026,1.00,
Chris Payton,9409 Terredirai Bloom Bubbles Sparkling Non-Alcoholic 1/12/750 ML Btl,Bloom Bubbles,38008 Shop Rite Liq.(A)Lodi,Off Premise,7/1/2026,1.00,
Chris Payton,200218 Leyenda 1925 Reposado Tequila 1/750 ML Btl,Leyenda 1925,38019 Circle Liquors,Off Premise,8/12/2026,1.00,
Chris Payton,201076 Green River Wheated Full Proof 1/750 ml Btl,Bardstown Green River,76010 Usa Wine Traders Club (Saddle Brook),Off Premise,9/1/2026,,1.00
Chris Payton,200400 Travelers Club Vodka 12/1 L Btl,Travelers Club,79005 Maywood Wine&Liq (A),Off Premise,7/30/2026,1.00,
Chris Payton,100962 2XO French Oak 1/750 mL Btl,2XO,38007 Garden Liquors (P),Off Premise,7/17/2026,1.00,
Chris Payton,101073 Shabo Primo Secco Brut White 1/12/750 mL Btl,Shabo Wine,76010 Usa Wine Traders Club (Saddle Brook),Off Premise,8/21/2026,1.00,
Chris Payton,200217 Leyenda 1925 Blanco Tequila 1/750 ML Btl,Leyenda 1925,25045 Clifton Disc Liq (A),Off Premise,7/31/2026,1.00,
Chris Payton,100953 Castellani Etichetta Gialla Pinot Noir 1/12/750 mL Btl,Castellani Etichetta Gialla,79002 Hollywd Liq&Deli (A),Off Premise,6/10/2026,1.00,
Chris Payton,200216 Leyenda 1925 Anejo Tequila 1/750 ML Btl,Leyenda 1925,34007 Liquor Masters (P),Off Premise,8/20/2026,1.00,
Chris Payton,101091 Lo Secco Prosecco 1/12/750 mL Btl,Lo Secco,80027 Ridgewood Country Club,On Premise,7/7/2026,1.00,
Chris Payton,200312 Pride & Clarke Vodka 48/200 mL Btl,Pride & Clarke,38017 Quick Stop Food & Liq,Off Premise,7/9/2026,1.00,
Chris Payton,101073 Shabo Primo Secco Brut White 1/12/750 mL Btl,Shabo Wine,76010 Usa Wine Traders Club (Saddle Brook),Off Premise,7/10/2026,1.00,
Chris Payton,200313 Pride & Clarke Vodka 24/375 mL Btl,Pride & Clarke,25045 Clifton Disc Liq (A),Off Premise,8/28/2026,1.00,
Chris Payton,200314 Pride & Clarke Vodka 1/12/750 mL Btl,Pride & Clarke,38016 Lodi Liquor Store(P),Off Premise,7/10/2026,1.00,
Chris Payton,200313 Pride & Clarke Vodka 24/375 mL Btl,Pride & Clarke,38017 Quick Stop Food & Liq,Off Premise,7/9/2026,1.00,
Chris Payton,200402 Travelers Club Vodka 24/375 mL Btl,Travelers Club,79005 Maywood Wine&Liq (A),Off Premise,7/30/2026,1.00,
Chris Payton,100122 Le Grand Noir Pinot Noir 1/12/750 mL Btl,Le Grand Noir,50016 Teaneck Quickshop(P)Conv,Off Premise,7/28/2026,1.00,
Chris Payton,100961 2XO American Oak 1/750 mL Btl,2XO,47005 Exquisite W & L (A),Off Premise,6/26/2026,1.00,
Chris Payton,201058 Bardstown Origin Series High Wheat 1/750 mL Btl,Bardstown Bourbon,50020 Wineland,Off Premise,8/20/2026,1.00,
Chris Payton,200217 Leyenda 1925 Blanco Tequila 1/750 ML Btl,Leyenda 1925,34001 Meadowland Wine & Liquor,Off Premise,7/24/2026,1.00,
Chris Payton,200217 Leyenda 1925 Blanco Tequila 1/750 ML Btl,Leyenda 1925,23006 46 Discount Liquor Store,Off Premise,8/13/2026,1.00,
Chris Payton,200310 Pride & Clarke Vodka 6/1.75 L Btl,Pride & Clarke,25045 Clifton Disc Liq (A),Off Premise,8/28/2026,1.00,
Chris Payton,201056 Bardstown Origin Series Bourbon 1/750 mL Btl,Bardstown Bourbon,34001 Meadowland Wine & Liquor,Off Premise,7/24/2026,1.00,
Chris Payton,201077 Green River Honey 1/750 mL Btl,Bardstown Green River,76010 Usa Wine Traders Club (Saddle Brook),Off Premise,9/1/2026,,1.00
Chris Payton,200314 Pride & Clarke Vodka 1/12/750 mL Btl,Pride & Clarke,25045 Clifton Disc Liq (A),Off Premise,8/28/2026,1.00,
Chris Payton,200294 Molly's Irish Cream 1/12/750 mL Btl,Molly's,38007 Garden Liquors (P),Off Premise,8/5/2026,1.00,
Chris Payton,200313 Pride & Clarke Vodka 24/375 mL Btl,Pride & Clarke,76015 Discount Liq & Bar,Off Premise,6/15/2026,1.00,
Chris Payton,200310 Pride & Clarke Vodka 6/1.75 L Btl,Pride & Clarke,38016 Lodi Liquor Store(P),Off Premise,7/10/2026,1.00,
Chris Payton,200217 Leyenda 1925 Blanco Tequila 1/750 ML Btl,Leyenda 1925,38007 Garden Liquors (P),Off Premise,8/21/2026,1.00,
Chris Payton,101071 Shabo Saperavi Reserve 1/12/750 mL Btl,Shabo Wine,76010 Usa Wine Traders Club (Saddle Brook),Off Premise,8/21/2026,1.00,
Chris Payton,200218 Leyenda 1925 Reposado Tequila 1/750 ML Btl,Leyenda 1925,34007 Liquor Masters (P),Off Premise,8/20/2026,1.00,
Chris Payton,200294 Molly's Irish Cream 1/12/750 mL Btl,Molly's,38040 Buy Rite Discount Liquor,Off Premise,7/9/2026,1.00,
Chris Payton,200291 Molly's Irish Cream 6/1.75 L Btl,Molly's,38040 Buy Rite Discount Liquor,Off Premise,8/14/2026,1.00,
Chris Payton,100961 2XO American Oak 1/750 mL Btl,2XO,38007 Garden Liquors (P),Off Premise,7/17/2026,1.00,
Chris Payton,101072 Shabo Telti Kuruk Reserve 1/12/750 mL Btl,Shabo Wine,76010 Usa Wine Traders Club (Saddle Brook),Off Premise,8/21/2026,1.00,
Dan Lagala,200310 Pride & Clarke Vodka 6/1.75 L Btl,Pride & Clarke,44014 Campbell's Wines & Liquor,Off Premise,6/18/2026,1.00,
Dan Lagala,201057 Bardstown Origin Series Double Barrel Rye 1/750 mL Btl,Bardstown Bourbon,43013 Buy Rite Of Fairview,Off Premise,7/8/2026,1.00,
Dan Lagala,200313 Pride & Clarke Vodka 24/375 mL Btl,Pride & Clarke,44049 Rome Liquor (Cliffside Park),Off Premise,8/26/2026,1.00,
Dan Lagala,200310 Pride & Clarke Vodka 6/1.75 L Btl,Pride & Clarke,48002 Manor Wine & Liquor,Off Premise,6/12/2026,1.00,
Dan Lagala,200311 Pride & Clarke Vodka 12/1 L Btl,Pride & Clarke,48002 Manor Wine & Liquor,Off Premise,7/13/2026,1.00,
Dan Lagala,100122 Le Grand Noir Pinot Noir 1/12/750 mL Btl,Le Grand Noir,45004 Ridgefield Liq (Z),Off Premise,8/25/2026,1.00,
Dan Lagala,200216 Leyenda 1925 Anejo Tequila 1/750 ML Btl,Leyenda 1925,49027 Linwood Wine-Linwood Plaza,Off Premise,8/18/2026,1.00,
Dan Lagala,200314 Pride & Clarke Vodka 1/12/750 mL Btl,Pride & Clarke,48002 Manor Wine & Liquor,Off Premise,7/13/2026,1.00,
Dan Lagala,201055 Bardstown Origin Series Bottle-In-Bond 1/750 mL Btl,Bardstown Bourbon,43013 Buy Rite Of Fairview,Off Premise,7/8/2026,1.00,
Dan Lagala,9409 Terredirai Bloom Bubbles Sparkling Non-Alcoholic 1/12/750 ML Btl,Bloom Bubbles,49044 Linwood Wine-Hudson Light,Off Premise,6/10/2026,1.00,
Dan Lagala,200312 Pride & Clarke Vodka 48/200 mL Btl,Pride & Clarke,44049 Rome Liquor (Cliffside Park),Off Premise,7/22/2026,1.00,
Dan Lagala,100121 Le Grand Noir Cabernet Sauvignon 1/12/750 mL Btl,Le Grand Noir,43005 Rome Liquors (Fairview),Off Premise,7/20/2026,1.00,
Dan Lagala,200737 Lou Lou Bubbly Semi Sweet Rose 1/12/12 oz Can,Caravella,49055 Edgewater Liquor (A),Off Premise,6/24/2026,1.00,
Dan Lagala,200313 Pride & Clarke Vodka 24/375 mL Btl,Pride & Clarke,44016 Liquor City(A)Cliffside,Off Premise,6/8/2026,1.00,
Dan Lagala,9409 Terredirai Bloom Bubbles Sparkling Non-Alcoholic 1/12/750 ML Btl,Bloom Bubbles,49027 Linwood Wine-Linwood Plaza,Off Premise,6/24/2026,1.00,
Dan Lagala,200314 Pride & Clarke Vodka 1/12/750 mL Btl,Pride & Clarke,48002 Manor Wine & Liquor,Off Premise,6/12/2026,1.00,
Dan Lagala,9409 Terredirai Bloom Bubbles Sparkling Non-Alcoholic 1/12/750 ML Btl,Bloom Bubbles,43007 American Classic Liq,Off Premise,6/29/2026,1.00,
Dan Lagala,100125 Le Grand Noir Rose 1/12/750 mL Btl,Le Grand Noir,45004 Ridgefield Liq (Z),Off Premise,8/25/2026,1.00,
Dan Lagala,200294 Molly's Irish Cream 1/12/750 mL Btl,Molly's,48002 Manor Wine & Liquor,Off Premise,9/2/2026,,1.00
Dan Lagala,200293 Molly's Irish Cream 60/50 mL Btl,Molly's,48002 Manor Wine & Liquor,Off Premise,8/17/2026,1.00,
Dan Lagala,100961 2XO American Oak 1/750 mL Btl,2XO,43005 Rome Liquors (Fairview),Off Premise,7/20/2026,1.00,
Dan Lagala,200383 YaVe Tequila Reposado 1/6/750 mL Btl,YaVe Tequila,49027 Linwood Wine-Linwood Plaza,Off Premise,7/28/2026,1.00,
Dan Lagala,100122 Le Grand Noir Pinot Noir 1/12/750 mL Btl,Le Grand Noir,43005 Rome Liquors (Fairview),Off Premise,7/20/2026,1.00,
Dan Lagala,200312 Pride & Clarke Vodka 48/200 mL Btl,Pride & Clarke,43006 Fairview Liq & Groc.(A),Off Premise,6/3/2026,1.00,
Dan Lagala,200312 Pride & Clarke Vodka 48/200 mL Btl,Pride & Clarke,44049 Rome Liquor (Cliffside Park),Off Premise,8/26/2026,1.00,
Dan Lagala,200313 Pride & Clarke Vodka 24/375 mL Btl,Pride & Clarke,43006 Fairview Liq & Groc.(A),Off Premise,6/3/2026,1.00,
Dan Lagala,201078 Green River Honey 1/10/50 mL Btl,Bardstown Green River,46012 Jay Cee (P) Deli & Liq.,Off Premise,8/24/2026,1.00,
Dan Lagala,100122 Le Grand Noir Pinot Noir 1/12/750 mL Btl,Le Grand Noir,44016 Liquor City(A)Cliffside,Off Premise,8/28/2026,1.00,
Dan Lagala,200217 Leyenda 1925 Blanco Tequila 1/750 ML Btl,Leyenda 1925,54006 Tenafly Fine Wine & Spirits,Off Premise,8/21/2026,1.00,
Dan Lagala,100962 2XO French Oak 1/750 mL Btl,2XO,45004 Ridgefield Liq (Z),Off Premise,6/27/2026,1.00,
Dan Lagala,100961 2XO American Oak 1/750 mL Btl,2XO,45004 Ridgefield Liq (Z),Off Premise,6/27/2026,1.00,
Dan Lagala,200734 Dancing Vines Lightsecco White 1/12/750 mL Btl,Dancing Vines,44016 Liquor City(A)Cliffside,Off Premise,6/25/2026,1.00,
Dan Lagala,100121 Le Grand Noir Cabernet Sauvignon 1/12/750 mL Btl,Le Grand Noir,46012 Jay Cee (P) Deli & Liq.,Off Premise,7/20/2026,1.00,
Dan Lagala,100962 2XO French Oak 1/750 mL Btl,2XO,43005 Rome Liquors (Fairview),Off Premise,7/20/2026,1.00,
Dan Lagala,201056 Bardstown Origin Series Bourbon 1/750 mL Btl,Bardstown Bourbon,43013 Buy Rite Of Fairview,Off Premise,7/8/2026,1.00,
Dan Lagala,200217 Leyenda 1925 Blanco Tequila 1/750 ML Btl,Leyenda 1925,49027 Linwood Wine-Linwood Plaza,Off Premise,8/18/2026,1.00,
Dan Lagala,200312 Pride & Clarke Vodka 48/200 mL Btl,Pride & Clarke,44016 Liquor City(A)Cliffside,Off Premise,6/8/2026,1.00,
Dan Lagala,200291 Molly's Irish Cream 6/1.75 L Btl,Molly's,49055 Edgewater Liquor (A),Off Premise,7/29/2026,1.00,
Dan Lagala,200310 Pride & Clarke Vodka 6/1.75 L Btl,Pride & Clarke,48002 Manor Wine & Liquor,Off Premise,7/13/2026,1.00,
Dan Lagala,200298 Molly's Irish Cream Salted Caramel 1/6/750 mL Btl,Molly's,49055 Edgewater Liquor (A),Off Premise,7/29/2026,1.00,
Dan Lagala,100122 Le Grand Noir Pinot Noir 1/12/750 mL Btl,Le Grand Noir,46012 Jay Cee (P) Deli & Liq.,Off Premise,7/20/2026,1.00,
Dan Lagala,200314 Pride & Clarke Vodka 1/12/750 mL Btl,Pride & Clarke,44014 Campbell's Wines & Liquor,Off Premise,6/18/2026,1.00,
Dan Lagala,200294 Molly's Irish Cream 1/12/750 mL Btl,Molly's,49055 Edgewater Liquor (A),Off Premise,9/1/2026,,1.00
Dan Lagala,105521 Monte Xanic Cabernet Sauignon 12/750 mL,Monte Xanic,49044 Linwood Wine-Hudson Light,Off Premise,7/1/2026,1.00,
Dave Ehlers,200310 Pride & Clarke Vodka 6/1.75 L Btl,Pride & Clarke,56013 Time Lounge And Liq (A),Off Premise,6/23/2026,1.00,
Dave Ehlers,100120 Le Grand Noir Chardonnay 1/12/750 mL Btl,Le Grand Noir,40004 Simple Simon's (Z),Off Premise,8/28/2026,1.00,
Dave Ehlers,200310 Pride & Clarke Vodka 6/1.75 L Btl,Pride & Clarke,56013 Time Lounge And Liq (A),Off Premise,8/21/2026,1.00,
Dave Ehlers,201056 Bardstown Origin Series Bourbon 1/750 mL Btl,Bardstown Bourbon,57003 Joes Beer Wine & Spirits,Off Premise,9/2/2026,,1.00
Dave Ehlers,200310 Pride & Clarke Vodka 6/1.75 L Btl,Pride & Clarke,56013 Time Lounge And Liq (A),Off Premise,6/9/2026,1.00,
Dave Ehlers,200732 2 Canos Cheerful Frizzante Peach & Apricot 1/12/750 mL Btl,2 Canos,51018 Teaneck Discount Liquor,Off Premise,7/9/2026,1.00,
Dave Ehlers,200313 Pride & Clarke Vodka 24/375 mL Btl,Pride & Clarke,56013 Time Lounge And Liq (A),Off Premise,6/23/2026,1.00,
Dave Ehlers,200310 Pride & Clarke Vodka 6/1.75 L Btl,Pride & Clarke,41012 Deli Mart (A),Off Premise,7/1/2026,1.00,
Dave Ehlers,200310 Pride & Clarke Vodka 6/1.75 L Btl,Pride & Clarke,41012 Deli Mart (A),Off Premise,7/28/2026,1.00,
Dave Ehlers,201054 Green River Wheated 1/750 mL,Bardstown Green River,40022 Buy Rite Of Hackensack,Off Premise,7/15/2026,1.00,
Dave Ehlers,201055 Bardstown Origin Series Bottle-In-Bond 1/750 mL Btl,Bardstown Bourbon,40022 Buy Rite Of Hackensack,Off Premise,7/15/2026,1.00,
Dave Ehlers,200314 Pride & Clarke Vodka 1/12/750 mL Btl,Pride & Clarke,56013 Time Lounge And Liq (A),Off Premise,8/4/2026,1.00,
Dave Ehlers,201054 Green River Wheated 1/750 mL,Bardstown Green River,14007 Total Wine & More (Totowa),Off Premise,8/19/2026,1.00,
Dave Ehlers,201056 Bardstown Origin Series Bourbon 1/750 mL Btl,Bardstown Bourbon,14007 Total Wine & More (Totowa),Off Premise,7/24/2026,1.00,
Dave Ehlers,100122 Le Grand Noir Pinot Noir 1/12/750 mL Btl,Le Grand Noir,40001 Bottle & Cork,Off Premise,7/29/2026,1.00,
Dave Ehlers,200402 Travelers Club Vodka 24/375 mL Btl,Travelers Club,40017 Essex St Liquor and Wine,Off Premise,6/29/2026,1.00,
Dave Ehlers,100122 Le Grand Noir Pinot Noir 1/12/750 mL Btl,Le Grand Noir,40004 Simple Simon's (Z),Off Premise,8/28/2026,1.00,
Dave Ehlers,200310 Pride & Clarke Vodka 6/1.75 L Btl,Pride & Clarke,41012 Deli Mart (A),Off Premise,7/14/2026,1.00,
Dave Ehlers,200313 Pride & Clarke Vodka 24/375 mL Btl,Pride & Clarke,56013 Time Lounge And Liq (A),Off Premise,8/4/2026,1.00,
Dave Ehlers,100121 Le Grand Noir Cabernet Sauvignon 1/12/750 mL Btl,Le Grand Noir,40004 Simple Simon's (Z),Off Premise,8/28/2026,1.00,
Dave Ehlers,200517 Southern Tier Pumking Whiskey 6/750 mL Btl,Southern Tier Distilling,58001 Total Wine & More (River Edge),Off Premise,8/21/2026,1.00,
Dave Ehlers,201056 Bardstown Origin Series Bourbon 1/750 mL Btl,Bardstown Bourbon,58001 Total Wine & More (River Edge),Off Premise,6/19/2026,1.00,
Dave Ehlers,201056 Bardstown Origin Series Bourbon 1/750 mL Btl,Bardstown Bourbon,58001 Total Wine & More (River Edge),Off Premise,6/23/2026,1.00,
Dave Ehlers,9409 Terredirai Bloom Bubbles Sparkling Non-Alcoholic 1/12/750 ML Btl,Bloom Bubbles,57006 New Milford Liquors,Off Premise,6/12/2026,1.00,
Dave Ehlers,201054 Green River Wheated 1/750 mL,Bardstown Green River,58001 Total Wine & More (River Edge),Off Premise,6/23/2026,1.00,
Dave Ehlers,201058 Bardstown Origin Series High Wheat 1/750 mL Btl,Bardstown Bourbon,14007 Total Wine & More (Totowa),Off Premise,7/29/2026,1.00,
Dave Ehlers,201051 Green River Bourbon 1/750 mL Btl,Bardstown Green River,40001 Bottle & Cork,Off Premise,9/2/2026,,1.00
Dave Ehlers,201058 Bardstown Origin Series High Wheat 1/750 mL Btl,Bardstown Bourbon,58001 Total Wine & More (River Edge),Off Premise,7/28/2026,1.00,
Dave Ehlers,200218 Leyenda 1925 Reposado Tequila 1/750 ML Btl,Leyenda 1925,52011 Englewood Wine (A),Off Premise,8/19/2026,1.00,
Dave Ehlers,201056 Bardstown Origin Series Bourbon 1/750 mL Btl,Bardstown Bourbon,14007 Total Wine & More (Totowa),Off Premise,6/19/2026,1.00,
Dave Ehlers,200310 Pride & Clarke Vodka 6/1.75 L Btl,Pride & Clarke,56013 Time Lounge And Liq (A),Off Premise,8/4/2026,1.00,
Dave Ehlers,200311 Pride & Clarke Vodka 12/1 L Btl,Pride & Clarke,56013 Time Lounge And Liq (A),Off Premise,7/7/2026,1.00,
Dave Ehlers,200517 Southern Tier Pumking Whiskey 6/750 mL Btl,Southern Tier Distilling,14007 Total Wine & More (Totowa),Off Premise,8/12/2026,1.00,
Dave Ehlers,200313 Pride & Clarke Vodka 24/375 mL Btl,Pride & Clarke,56013 Time Lounge And Liq (A),Off Premise,7/14/2026,1.00,
Dave Ehlers,200313 Pride & Clarke Vodka 24/375 mL Btl,Pride & Clarke,56013 Time Lounge And Liq (A),Off Premise,6/9/2026,1.00,
Dave Ehlers,201056 Bardstown Origin Series Bourbon 1/750 mL Btl,Bardstown Bourbon,40022 Buy Rite Of Hackensack,Off Premise,8/21/2026,1.00,
Dave Ehlers,200313 Pride & Clarke Vodka 24/375 mL Btl,Pride & Clarke,41012 Deli Mart (A),Off Premise,7/28/2026,1.00,
Dave Ehlers,200313 Pride & Clarke Vodka 24/375 mL Btl,Pride & Clarke,56013 Time Lounge And Liq (A),Off Premise,7/28/2026,1.00,
Dave Ehlers,201073 Bardstown Collaboration Series Pierre Ferrand 1/750 mL Btl,Bardstown Bourbon,14007 Total Wine & More (Totowa),Off Premise,8/14/2026,1.00,
Dave Ehlers,200314 Pride & Clarke Vodka 1/12/750 mL Btl,Pride & Clarke,56013 Time Lounge And Liq (A),Off Premise,8/21/2026,1.00,
Dave Ehlers,200738 Poca Loca Brazilian Wine 1/12/750 mL Btl,Poca Loca,57006 New Milford Liquors,Off Premise,6/12/2026,1.00,
Dave Ehlers,201055 Bardstown Origin Series Bottle-In-Bond 1/750 mL Btl,Bardstown Bourbon,57003 Joes Beer Wine & Spirits,Off Premise,9/2/2026,,1.00
Dave Ehlers,201058 Bardstown Origin Series High Wheat 1/750 mL Btl,Bardstown Bourbon,40022 Buy Rite Of Hackensack,Off Premise,8/21/2026,1.00,
Dave Ehlers,100121 Le Grand Noir Cabernet Sauvignon 1/12/750 mL Btl,Le Grand Noir,51013 G & G Liquors & Bar,Off Premise,8/26/2026,1.00,
Dave Ehlers,200153 American Fruit Sour Cherry Liqueur 12/375 mL,American Fruit,58001 Total Wine & More (River Edge),Off Premise,6/12/2026,1.00,
Dave Ehlers,200313 Pride & Clarke Vodka 24/375 mL Btl,Pride & Clarke,51012 Teaneck Liquors,Off Premise,7/10/2026,1.00,
Dave Ehlers,201051 Green River Bourbon 1/750 mL Btl,Bardstown Green River,40022 Buy Rite Of Hackensack,Off Premise,7/15/2026,1.00,
Dave Ehlers,201057 Bardstown Origin Series Double Barrel Rye 1/750 mL Btl,Bardstown Bourbon,40022 Buy Rite Of Hackensack,Off Premise,8/21/2026,1.00,
Dave Ehlers,200263 Sammy's Kola Spiced Rum 1/6/750 mL Btl,Sammy's Beach Bum,51018 Teaneck Discount Liquor,Off Premise,8/20/2026,1.00,
Dave Ehlers,200404 Traveler's Club Vodka 6/1.75 L Btl,Travelers Club,57003 Joes Beer Wine & Spirits,Off Premise,7/17/2026,1.00,
Dave Ehlers,201055 Bardstown Origin Series Bottle-In-Bond 1/750 mL Btl,Bardstown Bourbon,14007 Total Wine & More (Totowa),Off Premise,6/24/2026,1.00,
Dave Ehlers,201055 Bardstown Origin Series Bottle-In-Bond 1/750 mL Btl,Bardstown Bourbon,58001 Total Wine & More (River Edge),Off Premise,6/26/2026,1.00,
Dave Ehlers,200381 YaVe Tequila Mango 1/6/750 mL Btl,YaVe Tequila,40022 Buy Rite Of Hackensack,Off Premise,7/29/2026,1.00,
Dave Ehlers,200313 Pride & Clarke Vodka 24/375 mL Btl,Pride & Clarke,56013 Time Lounge And Liq (A),Off Premise,7/7/2026,1.00,
Dave Ehlers,201054 Green River Wheated 1/750 mL,Bardstown Green River,14007 Total Wine & More (Totowa),Off Premise,6/10/2026,1.00,
Dave Ehlers,200310 Pride & Clarke Vodka 6/1.75 L Btl,Pride & Clarke,56013 Time Lounge And Liq (A),Off Premise,7/14/2026,1.00,
Dave Ehlers,201055 Bardstown Origin Series Bottle-In-Bond 1/750 mL Btl,Bardstown Bourbon,56008 Bergenfield Liq & Fw,Off Premise,9/2/2026,,1.00
Dave Ehlers,100961 2XO American Oak 1/750 mL Btl,2XO,51018 Teaneck Discount Liquor,Off Premise,7/9/2026,1.00,
Dave Ehlers,200313 Pride & Clarke Vodka 24/375 mL Btl,Pride & Clarke,40037 Parisi Deli,Off Premise,6/10/2026,1.00,
Dave Ehlers,200314 Pride & Clarke Vodka 1/12/750 mL Btl,Pride & Clarke,41012 Deli Mart (A),Off Premise,6/4/2026,1.00,
Dave Ehlers,200291 Molly's Irish Cream 6/1.75 L Btl,Molly's,14007 Total Wine & More (Totowa),Off Premise,7/29/2026,1.00,
Dave Ehlers,200310 Pride & Clarke Vodka 6/1.75 L Btl,Pride & Clarke,56013 Time Lounge And Liq (A),Off Premise,7/7/2026,1.00,
Dave Ehlers,201051 Green River Bourbon 1/750 mL Btl,Bardstown Green River,56008 Bergenfield Liq & Fw,Off Premise,9/2/2026,,1.00
Dave Ehlers,200313 Pride & Clarke Vodka 24/375 mL Btl,Pride & Clarke,57003 Joes Beer Wine & Spirits,Off Premise,7/29/2026,1.00,
Dave Ehlers,11062 New Holland Dragon's Milk Reserve Coconut Rum 6/4/12 oz Btl,New Holland Brewing Co,14007 Total Wine & More (Totowa),Off Premise,9/2/2026,,1.00
Dave Ehlers,201056 Bardstown Origin Series Bourbon 1/750 mL Btl,Bardstown Bourbon,58001 Total Wine & More (River Edge),Off Premise,6/9/2026,1.00,
Dave Ehlers,200291 Molly's Irish Cream 6/1.75 L Btl,Molly's,58001 Total Wine & More (River Edge),Off Premise,8/4/2026,1.00,
Dave Ehlers,201078 Green River Honey 1/10/50 mL Btl,Bardstown Green River,51018 Teaneck Discount Liquor,Off Premise,8/27/2026,1.00,
Dave Ehlers,100125 Le Grand Noir Rose 1/12/750 mL Btl,Le Grand Noir,51013 G & G Liquors & Bar,Off Premise,8/26/2026,1.00,
Dave Ehlers,200310 Pride & Clarke Vodka 6/1.75 L Btl,Pride & Clarke,56013 Time Lounge And Liq (A),Off Premise,7/28/2026,1.00,
Dave Ehlers,11062 New Holland Dragon's Milk Reserve Coconut Rum 6/4/12 oz Btl,New Holland Brewing Co,58001 Total Wine & More (River Edge),Off Premise,9/1/2026,,1.00
Dave Ehlers,200313 Pride & Clarke Vodka 24/375 mL Btl,Pride & Clarke,57003 Joes Beer Wine & Spirits,Off Premise,7/8/2026,1.00,
Derrick Laws,200218 Leyenda 1925 Reposado Tequila 1/750 ML Btl,Leyenda 1925,21048 Ferraro's Liquor,Off Premise,8/25/2026,1.00,
Derrick Laws,200312 Pride & Clarke Vodka 48/200 mL Btl,Pride & Clarke,20027 230 Liq & Groc.(A),Off Premise,8/5/2026,1.00,
Derrick Laws,200312 Pride & Clarke Vodka 48/200 mL Btl,Pride & Clarke,20079 Limestone Liquors (A),Off Premise,6/2/2026,1.00,
Derrick Laws,200313 Pride & Clarke Vodka 24/375 mL Btl,Pride & Clarke,20041 Yaremy Liquors,Off Premise,8/20/2026,1.00,
Derrick Laws,200314 Pride & Clarke Vodka 1/12/750 mL Btl,Pride & Clarke,20079 Limestone Liquors (A),Off Premise,6/2/2026,1.00,
Derrick Laws,201055 Bardstown Origin Series Bottle-In-Bond 1/750 mL Btl,Bardstown Bourbon,23004 Shop Rite Wines/Spirits,Off Premise,7/29/2026,1.00,
Derrick Laws,100961 2XO American Oak 1/750 mL Btl,2XO,20060 Moya E.Bar&Liq.(Z),Off Premise,7/10/2026,1.00,
Derrick Laws,200314 Pride & Clarke Vodka 1/12/750 mL Btl,Pride & Clarke,15012 Pal's Liquor,Off Premise,8/24/2026,1.00,
Derrick Laws,200312 Pride & Clarke Vodka 48/200 mL Btl,Pride & Clarke,22006 Ant's Bar & Liquors,Off Premise,6/12/2026,1.00,
Derrick Laws,200217 Leyenda 1925 Blanco Tequila 1/750 ML Btl,Leyenda 1925,23004 Shop Rite Wines/Spirits,Off Premise,7/29/2026,1.00,
Derrick Laws,200314 Pride & Clarke Vodka 1/12/750 mL Btl,Pride & Clarke,21033 The Liquor Shop,Off Premise,6/5/2026,1.00,
Derrick Laws,200313 Pride & Clarke Vodka 24/375 mL Btl,Pride & Clarke,21050 Quis Queya Liquor(P),Off Premise,6/19/2026,1.00,
Derrick Laws,200402 Travelers Club Vodka 24/375 mL Btl,Travelers Club,17002 Hillcrest Liqrs (A),Off Premise,7/6/2026,1.00,
Derrick Laws,200402 Travelers Club Vodka 24/375 mL Btl,Travelers Club,17002 Hillcrest Liqrs (A),Off Premise,8/19/2026,1.00,
Derrick Laws,201058 Bardstown Origin Series High Wheat 1/750 mL Btl,Bardstown Bourbon,23004 Shop Rite Wines/Spirits,Off Premise,8/14/2026,1.00,
Derrick Laws,200310 Pride & Clarke Vodka 6/1.75 L Btl,Pride & Clarke,15023 Santana's Sport(P)Bella,Off Premise,7/3/2026,1.00,
Derrick Laws,200312 Pride & Clarke Vodka 48/200 mL Btl,Pride & Clarke,15023 Santana's Sport(P)Bella,Off Premise,7/3/2026,1.00,
Derrick Laws,200313 Pride & Clarke Vodka 24/375 mL Btl,Pride & Clarke,20027 230 Liq & Groc.(A),Off Premise,6/17/2026,1.00,
Derrick Laws,200218 Leyenda 1925 Reposado Tequila 1/750 ML Btl,Leyenda 1925,13001 Shop Rite Liq (A)Littlefl,Off Premise,9/2/2026,,1.00
Derrick Laws,200312 Pride & Clarke Vodka 48/200 mL Btl,Pride & Clarke,21045 Dorta Liquor (A),Off Premise,9/2/2026,,1.00
Derrick Laws,200314 Pride & Clarke Vodka 1/12/750 mL Btl,Pride & Clarke,15012 Pal's Liquor,Off Premise,6/4/2026,1.00,
Derrick Laws,200312 Pride & Clarke Vodka 48/200 mL Btl,Pride & Clarke,20040 Hiciano Liquor Store,Off Premise,6/27/2026,1.00,
Derrick Laws,200313 Pride & Clarke Vodka 24/375 mL Btl,Pride & Clarke,20058 Krystal Bar(P) & Liqs.,On Premise,7/3/2026,1.00,
Derrick Laws,200314 Pride & Clarke Vodka 1/12/750 mL Btl,Pride & Clarke,22067 Gonzalez Liq & Bar(A),Off Premise,6/12/2026,1.00,
Derrick Laws,200310 Pride & Clarke Vodka 6/1.75 L Btl,Pride & Clarke,20079 Limestone Liquors (A),Off Premise,6/2/2026,1.00,
Derrick Laws,200313 Pride & Clarke Vodka 24/375 mL Btl,Pride & Clarke,21048 Ferraro's Liquor,Off Premise,8/5/2026,1.00,
Derrick Laws,200310 Pride & Clarke Vodka 6/1.75 L Btl,Pride & Clarke,23004 Shop Rite Wines/Spirits,Off Premise,9/4/2026,,1.00
Derrick Laws,200314 Pride & Clarke Vodka 1/12/750 mL Btl,Pride & Clarke,20058 Krystal Bar(P) & Liqs.,On Premise,6/5/2026,1.00,
Derrick Laws,200311 Pride & Clarke Vodka 12/1 L Btl,Pride & Clarke,23004 Shop Rite Wines/Spirits,Off Premise,6/12/2026,1.00,
Derrick Laws,200312 Pride & Clarke Vodka 48/200 mL Btl,Pride & Clarke,22067 Gonzalez Liq & Bar(A),Off Premise,6/12/2026,1.00,
Derrick Laws,200313 Pride & Clarke Vodka 24/375 mL Btl,Pride & Clarke,21031 Broadway Liq (A),Off Premise,8/19/2026,1.00,
Derrick Laws,200312 Pride & Clarke Vodka 48/200 mL Btl,Pride & Clarke,20058 Krystal Bar(P) & Liqs.,On Premise,6/12/2026,1.00,
Derrick Laws,200313 Pride & Clarke Vodka 24/375 mL Btl,Pride & Clarke,20041 Yaremy Liquors,Off Premise,6/23/2026,1.00,
Derrick Laws,200313 Pride & Clarke Vodka 24/375 mL Btl,Pride & Clarke,15012 Pal's Liquor,Off Premise,6/4/2026,1.00,
Derrick Laws,200314 Pride & Clarke Vodka 1/12/750 mL Btl,Pride & Clarke,15023 Santana's Sport(P)Bella,Off Premise,7/3/2026,1.00,
Derrick Laws,200314 Pride & Clarke Vodka 1/12/750 mL Btl,Pride & Clarke,20025 Mercer Bar & Liquors,Off Premise,7/28/2026,1.00,
Derrick Laws,201052 Green River Full Proof 1/750 mL,Bardstown Green River,23004 Shop Rite Wines/Spirits,Off Premise,7/17/2026,1.00,
Derrick Laws,200312 Pride & Clarke Vodka 48/200 mL Btl,Pride & Clarke,20040 Hiciano Liquor Store,Off Premise,7/10/2026,1.00,
Derrick Laws,200312 Pride & Clarke Vodka 48/200 mL Btl,Pride & Clarke,20040 Hiciano Liquor Store,Off Premise,7/31/2026,1.00,
Derrick Laws,200312 Pride & Clarke Vodka 48/200 mL Btl,Pride & Clarke,21031 Broadway Liq (A),Off Premise,8/19/2026,1.00,
Derrick Laws,200313 Pride & Clarke Vodka 24/375 mL Btl,Pride & Clarke,20025 Mercer Bar & Liquors,Off Premise,7/28/2026,1.00,
Derrick Laws,200312 Pride & Clarke Vodka 48/200 mL Btl,Pride & Clarke,17002 Hillcrest Liqrs (A),Off Premise,6/27/2026,1.00,
Derrick Laws,200314 Pride & Clarke Vodka 1/12/750 mL Btl,Pride & Clarke,20030 10th Ave Liq & Food (P),Off Premise,6/26/2026,1.00,
Derrick Laws,200312 Pride & Clarke Vodka 48/200 mL Btl,Pride & Clarke,20040 Hiciano Liquor Store,Off Premise,8/21/2026,1.00,
Derrick Laws,100125 Le Grand Noir Rose 1/12/750 mL Btl,Le Grand Noir,23004 Shop Rite Wines/Spirits,Off Premise,8/21/2026,1.00,
Derrick Laws,200312 Pride & Clarke Vodka 48/200 mL Btl,Pride & Clarke,20040 Hiciano Liquor Store,Off Premise,8/31/2026,1.00,
Derrick Laws,200313 Pride & Clarke Vodka 24/375 mL Btl,Pride & Clarke,20027 230 Liq & Groc.(A),Off Premise,7/22/2026,1.00,
Derrick Laws,200312 Pride & Clarke Vodka 48/200 mL Btl,Pride & Clarke,20027 230 Liq & Groc.(A),Off Premise,8/26/2026,1.00,
Derrick Laws,200216 Leyenda 1925 Anejo Tequila 1/750 ML Btl,Leyenda 1925,20066 J & B Bar & Liq (Z),Off Premise,8/21/2026,1.00,
Derrick Laws,200313 Pride & Clarke Vodka 24/375 mL Btl,Pride & Clarke,23004 Shop Rite Wines/Spirits,Off Premise,9/4/2026,,1.00
Derrick Laws,200732 2 Canos Cheerful Frizzante Peach & Apricot 1/12/750 mL Btl,2 Canos,13001 Shop Rite Liq (A)Littlefl,Off Premise,8/19/2026,1.00,
Derrick Laws,200310 Pride & Clarke Vodka 6/1.75 L Btl,Pride & Clarke,15012 Pal's Liquor,Off Premise,6/27/2026,1.00,
Derrick Laws,200217 Leyenda 1925 Blanco Tequila 1/750 ML Btl,Leyenda 1925,21048 Ferraro's Liquor,Off Premise,8/25/2026,1.00,
Derrick Laws,200314 Pride & Clarke Vodka 1/12/750 mL Btl,Pride & Clarke,15023 Santana's Sport(P)Bella,Off Premise,6/12/2026,1.00,
Derrick Laws,200404 Traveler's Club Vodka 6/1.75 L Btl,Travelers Club,13001 Shop Rite Liq (A)Littlefl,Off Premise,6/24/2026,1.00,
Derrick Laws,200310 Pride & Clarke Vodka 6/1.75 L Btl,Pride & Clarke,15012 Pal's Liquor,Off Premise,6/4/2026,1.00,
Derrick Laws,200384 YaVe Tequila Blanco 1/6/750 mL Btl,YaVe Tequila,23004 Shop Rite Wines/Spirits,Off Premise,7/10/2026,1.00,
Derrick Laws,200216 Leyenda 1925 Anejo Tequila 1/750 ML Btl,Leyenda 1925,23004 Shop Rite Wines/Spirits,Off Premise,9/4/2026,,1.00
Derrick Laws,200312 Pride & Clarke Vodka 48/200 mL Btl,Pride & Clarke,20080 Raphael & Angel Liq (A),Off Premise,7/20/2026,1.00,
Derrick Laws,200313 Pride & Clarke Vodka 24/375 mL Btl,Pride & Clarke,23004 Shop Rite Wines/Spirits,Off Premise,7/29/2026,1.00,
Derrick Laws,200312 Pride & Clarke Vodka 48/200 mL Btl,Pride & Clarke,20079 Limestone Liquors (A),Off Premise,7/9/2026,1.00,
Derrick Laws,200314 Pride & Clarke Vodka 1/12/750 mL Btl,Pride & Clarke,20076 Moca Liquors Ii,Off Premise,7/24/2026,1.00,
Derrick Laws,200217 Leyenda 1925 Blanco Tequila 1/750 ML Btl,Leyenda 1925,13001 Shop Rite Liq (A)Littlefl,Off Premise,9/2/2026,,1.00
Derrick Laws,100961 2XO American Oak 1/750 mL Btl,2XO,23004 Shop Rite Wines/Spirits,Off Premise,6/12/2026,1.00,
Derrick Laws,200313 Pride & Clarke Vodka 24/375 mL Btl,Pride & Clarke,21033 The Liquor Shop,Off Premise,6/5/2026,1.00,
Derrick Laws,200313 Pride & Clarke Vodka 24/375 mL Btl,Pride & Clarke,22006 Ant's Bar & Liquors,Off Premise,7/3/2026,1.00,
Derrick Laws,200313 Pride & Clarke Vodka 24/375 mL Btl,Pride & Clarke,20080 Raphael & Angel Liq (A),Off Premise,7/20/2026,1.00,
Derrick Laws,200313 Pride & Clarke Vodka 24/375 mL Btl,Pride & Clarke,21045 Dorta Liquor (A),Off Premise,9/2/2026,,1.00
Derrick Laws,200312 Pride & Clarke Vodka 48/200 mL Btl,Pride & Clarke,20040 Hiciano Liquor Store,Off Premise,7/17/2026,1.00,
Derrick Laws,200310 Pride & Clarke Vodka 6/1.75 L Btl,Pride & Clarke,20079 Limestone Liquors (A),Off Premise,8/25/2026,1.00,
Derrick Laws,200313 Pride & Clarke Vodka 24/375 mL Btl,Pride & Clarke,20027 230 Liq & Groc.(A),Off Premise,8/5/2026,1.00,
Derrick Laws,200313 Pride & Clarke Vodka 24/375 mL Btl,Pride & Clarke,15023 Santana's Sport(P)Bella,Off Premise,7/3/2026,1.00,
Derrick Laws,101072 Shabo Telti Kuruk Reserve 1/12/750 mL Btl,Shabo Wine,13001 Shop Rite Liq (A)Littlefl,Off Premise,7/20/2026,1.00,
Derrick Laws,200310 Pride & Clarke Vodka 6/1.75 L Btl,Pride & Clarke,20079 Limestone Liquors (A),Off Premise,7/9/2026,1.00,
Derrick Laws,200310 Pride & Clarke Vodka 6/1.75 L Btl,Pride & Clarke,21031 Broadway Liq (A),Off Premise,8/19/2026,1.00,
Derrick Laws,200312 Pride & Clarke Vodka 48/200 mL Btl,Pride & Clarke,15023 Santana's Sport(P)Bella,Off Premise,6/12/2026,1.00,
Derrick Laws,200310 Pride & Clarke Vodka 6/1.75 L Btl,Pride & Clarke,20080 Raphael & Angel Liq (A),Off Premise,6/24/2026,1.00,
Derrick Laws,200313 Pride & Clarke Vodka 24/375 mL Btl,Pride & Clarke,15023 Santana's Sport(P)Bella,Off Premise,6/12/2026,1.00,
Derrick Laws,200314 Pride & Clarke Vodka 1/12/750 mL Btl,Pride & Clarke,15037 Liquor Gallery (Paterson),Off Premise,6/2/2026,1.00,
Derrick Laws,200313 Pride & Clarke Vodka 24/375 mL Btl,Pride & Clarke,20076 Moca Liquors Ii,Off Premise,7/24/2026,1.00,
Derrick Laws,200772 Desquite Tradicion 6/750 mL Btl,Desquite,23004 Shop Rite Wines/Spirits,Off Premise,7/29/2026,1.00,
Derrick Laws,200400 Travelers Club Vodka 12/1 L Btl,Travelers Club,17002 Hillcrest Liqrs (A),Off Premise,7/6/2026,1.00,
Derrick Laws,200313 Pride & Clarke Vodka 24/375 mL Btl,Pride & Clarke,20079 Limestone Liquors (A),Off Premise,8/25/2026,1.00,
Derrick Laws,200313 Pride & Clarke Vodka 24/375 mL Btl,Pride & Clarke,15012 Pal's Liquor,Off Premise,7/30/2026,1.00,
Derrick Laws,200314 Pride & Clarke Vodka 1/12/750 mL Btl,Pride & Clarke,20037 The Point Liquor & Bar,Off Premise,6/5/2026,1.00,
Derrick Laws,200314 Pride & Clarke Vodka 1/12/750 mL Btl,Pride & Clarke,21033 The Liquor Shop,Off Premise,8/7/2026,1.00,
Derrick Laws,200311 Pride & Clarke Vodka 12/1 L Btl,Pride & Clarke,15012 Pal's Liquor,Off Premise,6/4/2026,1.00,
Derrick Laws,200383 YaVe Tequila Reposado 1/6/750 mL Btl,YaVe Tequila,23004 Shop Rite Wines/Spirits,Off Premise,7/10/2026,1.00,
Derrick Laws,200771 Desquite Artesanal 6/750 mL Btl,Desquite,23004 Shop Rite Wines/Spirits,Off Premise,7/3/2026,1.00,
Derrick Laws,200312 Pride & Clarke Vodka 48/200 mL Btl,Pride & Clarke,20080 Raphael & Angel Liq (A),Off Premise,6/24/2026,1.00,
Derrick Laws,200312 Pride & Clarke Vodka 48/200 mL Btl,Pride & Clarke,21045 Dorta Liquor (A),Off Premise,7/22/2026,1.00,
Derrick Laws,200312 Pride & Clarke Vodka 48/200 mL Btl,Pride & Clarke,15012 Pal's Liquor,Off Premise,6/27/2026,1.00,
Derrick Laws,201055 Bardstown Origin Series Bottle-In-Bond 1/750 mL Btl,Bardstown Bourbon,23004 Shop Rite Wines/Spirits,Off Premise,8/14/2026,1.00,
Derrick Laws,200312 Pride & Clarke Vodka 48/200 mL Btl,Pride & Clarke,21033 The Liquor Shop,Off Premise,8/7/2026,1.00,
Derrick Laws,100962 2XO French Oak 1/750 mL Btl,2XO,23004 Shop Rite Wines/Spirits,Off Premise,6/12/2026,1.00,
Derrick Laws,200312 Pride & Clarke Vodka 48/200 mL Btl,Pride & Clarke,15037 Liquor Gallery (Paterson),Off Premise,6/2/2026,1.00,
Derrick Laws,200312 Pride & Clarke Vodka 48/200 mL Btl,Pride & Clarke,20041 Yaremy Liquors,Off Premise,6/23/2026,1.00,
Derrick Laws,200216 Leyenda 1925 Anejo Tequila 1/750 ML Btl,Leyenda 1925,21048 Ferraro's Liquor,Off Premise,8/25/2026,1.00,
Derrick Laws,200312 Pride & Clarke Vodka 48/200 mL Btl,Pride & Clarke,15012 Pal's Liquor,Off Premise,6/4/2026,1.00,
Derrick Laws,201057 Bardstown Origin Series Double Barrel Rye 1/750 mL Btl,Bardstown Bourbon,23004 Shop Rite Wines/Spirits,Off Premise,8/14/2026,1.00,
Derrick Laws,100961 2XO American Oak 1/750 mL Btl,2XO,15037 Liquor Gallery (Paterson),Off Premise,7/20/2026,1.00,
Derrick Laws,200310 Pride & Clarke Vodka 6/1.75 L Btl,Pride & Clarke,15012 Pal's Liquor,Off Premise,8/24/2026,1.00,
Derrick Laws,200312 Pride & Clarke Vodka 48/200 mL Btl,Pride & Clarke,20030 10th Ave Liq & Food (P),Off Premise,8/7/2026,1.00,
Derrick Laws,101073 Shabo Primo Secco Brut White 1/12/750 mL Btl,Shabo Wine,13001 Shop Rite Liq (A)Littlefl,Off Premise,7/20/2026,1.00,
Derrick Laws,200313 Pride & Clarke Vodka 24/375 mL Btl,Pride & Clarke,23004 Shop Rite Wines/Spirits,Off Premise,6/12/2026,1.00,
Derrick Laws,200313 Pride & Clarke Vodka 24/375 mL Btl,Pride & Clarke,20080 Raphael & Angel Liq (A),Off Premise,6/24/2026,1.00,
Derrick Laws,200217 Leyenda 1925 Blanco Tequila 1/750 ML Btl,Leyenda 1925,20066 J & B Bar & Liq (Z),Off Premise,8/21/2026,1.00,
Derrick Laws,200312 Pride & Clarke Vodka 48/200 mL Btl,Pride & Clarke,20079 Limestone Liquors (A),Off Premise,8/25/2026,1.00,
Derrick Laws,200314 Pride & Clarke Vodka 1/12/750 mL Btl,Pride & Clarke,21045 Dorta Liquor (A),Off Premise,8/5/2026,1.00,
Derrick Laws,200313 Pride & Clarke Vodka 24/375 mL Btl,Pride & Clarke,20030 10th Ave Liq & Food (P),Off Premise,8/7/2026,1.00,
Derrick Laws,200310 Pride & Clarke Vodka 6/1.75 L Btl,Pride & Clarke,21033 The Liquor Shop,Off Premise,8/7/2026,1.00,
Derrick Laws,200312 Pride & Clarke Vodka 48/200 mL Btl,Pride & Clarke,20076 Moca Liquors Ii,Off Premise,7/24/2026,1.00,
Derrick Laws,200216 Leyenda 1925 Anejo Tequila 1/750 ML Btl,Leyenda 1925,23004 Shop Rite Wines/Spirits,Off Premise,7/29/2026,1.00,
Derrick Laws,200313 Pride & Clarke Vodka 24/375 mL Btl,Pride & Clarke,20040 Hiciano Liquor Store,Off Premise,7/6/2026,1.00,
Derrick Laws,200312 Pride & Clarke Vodka 48/200 mL Btl,Pride & Clarke,21050 Quis Queya Liquor(P),Off Premise,6/19/2026,1.00,
Derrick Laws,200313 Pride & Clarke Vodka 24/375 mL Btl,Pride & Clarke,15012 Pal's Liquor,Off Premise,6/27/2026,1.00,
Derrick Laws,200381 YaVe Tequila Mango 1/6/750 mL Btl,YaVe Tequila,23004 Shop Rite Wines/Spirits,Off Premise,7/10/2026,1.00,
Derrick Laws,200312 Pride & Clarke Vodka 48/200 mL Btl,Pride & Clarke,21048 Ferraro's Liquor,Off Premise,8/5/2026,1.00,
Derrick Laws,200382 YaVe Tequila Jalapeno 1/6/750 mL Btl,YaVe Tequila,23004 Shop Rite Wines/Spirits,Off Premise,7/10/2026,1.00,
Derrick Laws,200312 Pride & Clarke Vodka 48/200 mL Btl,Pride & Clarke,20040 Hiciano Liquor Store,Off Premise,6/11/2026,1.00,
Derrick Laws,200313 Pride & Clarke Vodka 24/375 mL Btl,Pride & Clarke,21033 The Liquor Shop,Off Premise,8/7/2026,1.00,
Derrick Laws,200310 Pride & Clarke Vodka 6/1.75 L Btl,Pride & Clarke,20079 Limestone Liquors (A),Off Premise,6/23/2026,1.00,
Derrick Laws,200312 Pride & Clarke Vodka 48/200 mL Btl,Pride & Clarke,20041 Yaremy Liquors,Off Premise,8/20/2026,1.00,
Derrick Laws,200313 Pride & Clarke Vodka 24/375 mL Btl,Pride & Clarke,15037 Liquor Gallery (Paterson),Off Premise,6/2/2026,1.00,
Derrick Laws,200312 Pride & Clarke Vodka 48/200 mL Btl,Pride & Clarke,23004 Shop Rite Wines/Spirits,Off Premise,7/29/2026,1.00,
Derrick Laws,200385 YaVe Tequila Coconut 1/6/750 mL Btl,YaVe Tequila,23004 Shop Rite Wines/Spirits,Off Premise,7/10/2026,1.00,
Derrick Laws,200218 Leyenda 1925 Reposado Tequila 1/750 ML Btl,Leyenda 1925,23004 Shop Rite Wines/Spirits,Off Premise,7/29/2026,1.00,
Derrick Laws,200311 Pride & Clarke Vodka 12/1 L Btl,Pride & Clarke,15023 Santana's Sport(P)Bella,Off Premise,7/3/2026,1.00,
Derrick Laws,200311 Pride & Clarke Vodka 12/1 L Btl,Pride & Clarke,20079 Limestone Liquors (A),Off Premise,6/2/2026,1.00,
Derrick Laws,200314 Pride & Clarke Vodka 1/12/750 mL Btl,Pride & Clarke,23004 Shop Rite Wines/Spirits,Off Premise,9/4/2026,,1.00
Derrick Laws,201051 Green River Bourbon 1/750 mL Btl,Bardstown Green River,23004 Shop Rite Wines/Spirits,Off Premise,7/29/2026,1.00,
Derrick Laws,200313 Pride & Clarke Vodka 24/375 mL Btl,Pride & Clarke,20079 Limestone Liquors (A),Off Premise,7/9/2026,1.00,
Derrick Laws,200314 Pride & Clarke Vodka 1/12/750 mL Btl,Pride & Clarke,23004 Shop Rite Wines/Spirits,Off Premise,6/12/2026,1.00,
Derrick Laws,200217 Leyenda 1925 Blanco Tequila 1/750 ML Btl,Leyenda 1925,23004 Shop Rite Wines/Spirits,Off Premise,9/4/2026,,1.00
Derrick Laws,200312 Pride & Clarke Vodka 48/200 mL Btl,Pride & Clarke,20040 Hiciano Liquor Store,Off Premise,8/14/2026,1.00,
Derrick Laws,200312 Pride & Clarke Vodka 48/200 mL Btl,Pride & Clarke,22067 Gonzalez Liq & Bar(A),Off Premise,7/24/2026,1.00,
Derrick Laws,200314 Pride & Clarke Vodka 1/12/750 mL Btl,Pride & Clarke,21048 Ferraro's Liquor,Off Premise,8/5/2026,1.00,
Derrick Laws,200314 Pride & Clarke Vodka 1/12/750 mL Btl,Pride & Clarke,21050 Quis Queya Liquor(P),Off Premise,6/19/2026,1.00,
Dylan Rubino,200172 Chateau Diana Chardonnay 12/750 mL Btl,Chateau Diana,170092 Willies Liq (P),Off Premise,8/19/2026,1.00,
Dylan Rubino,200310 Pride & Clarke Vodka 6/1.75 L Btl,Pride & Clarke,170024 Manhatten Liquors,Off Premise,6/5/2026,1.00,
Dylan Rubino,200310 Pride & Clarke Vodka 6/1.75 L Btl,Pride & Clarke,170094 Palace Drugs (P),Off Premise,6/25/2026,1.00,
Dylan Rubino,200312 Pride & Clarke Vodka 48/200 mL Btl,Pride & Clarke,170040 Los Padrinos,Off Premise,7/3/2026,1.00,
Dylan Rubino,200312 Pride & Clarke Vodka 48/200 mL Btl,Pride & Clarke,170082 Larry's Liquors,Off Premise,6/3/2026,1.00,
Dylan Rubino,200313 Pride & Clarke Vodka 24/375 mL Btl,Pride & Clarke,170080 J&R Liquors & Deli,Off Premise,7/14/2026,1.00,
Dylan Rubino,200313 Pride & Clarke Vodka 24/375 mL Btl,Pride & Clarke,170075 New Junction Liquors,Off Premise,8/26/2026,1.00,
Dylan Rubino,200312 Pride & Clarke Vodka 48/200 mL Btl,Pride & Clarke,178009 Heaven Liquors,Off Premise,7/29/2026,1.00,
Dylan Rubino,200313 Pride & Clarke Vodka 24/375 mL Btl,Pride & Clarke,170081 A & S Liquors,Off Premise,8/17/2026,1.00,
Dylan Rubino,200313 Pride & Clarke Vodka 24/375 mL Btl,Pride & Clarke,170122 Liquor Boss,Off Premise,8/25/2026,1.00,
Dylan Rubino,200313 Pride & Clarke Vodka 24/375 mL Btl,Pride & Clarke,170218 HD Liquors,Off Premise,6/11/2026,1.00,
Dylan Rubino,200310 Pride & Clarke Vodka 6/1.75 L Btl,Pride & Clarke,170169 Buy Rite North Bergen,Off Premise,8/13/2026,1.00,
Dylan Rubino,200402 Travelers Club Vodka 24/375 mL Btl,Travelers Club,172051 WNY Liquors,Off Premise,6/18/2026,1.00,
Dylan Rubino,200310 Pride & Clarke Vodka 6/1.75 L Btl,Pride & Clarke,170081 A & S Liquors,Off Premise,6/23/2026,1.00,
Dylan Rubino,200312 Pride & Clarke Vodka 48/200 mL Btl,Pride & Clarke,171321 Kikos Liquor (P),Off Premise,7/30/2026,1.00,
Dylan Rubino,200313 Pride & Clarke Vodka 24/375 mL Btl,Pride & Clarke,170079 Sigmond Liquors (A),Off Premise,6/26/2026,1.00,
Dylan Rubino,200401 Travelers Club Vodka 48/200 mL Btl,Travelers Club,172051 WNY Liquors,Off Premise,6/3/2026,1.00,
Dylan Rubino,200400 Travelers Club Vodka 12/1 L Btl,Travelers Club,174102 The Galaxy Drug Store,Off Premise,7/30/2026,1.00,
Dylan Rubino,200172 Chateau Diana Chardonnay 12/750 mL Btl,Chateau Diana,170190 Belmont Wine & Liquors,Off Premise,8/19/2026,1.00,
Dylan Rubino,200313 Pride & Clarke Vodka 24/375 mL Btl,Pride & Clarke,170163 Buy Rite Union City,Off Premise,7/9/2026,1.00,
Dylan Rubino,200400 Travelers Club Vodka 12/1 L Btl,Travelers Club,170191 Wine Warehouse (P) (Union City),Off Premise,6/9/2026,1.00,
Dylan Rubino,200312 Pride & Clarke Vodka 48/200 mL Btl,Pride & Clarke,170102 L&T Liquors,Off Premise,9/1/2026,,1.00
Dylan Rubino,200313 Pride & Clarke Vodka 24/375 mL Btl,Pride & Clarke,170049 Cosmo Liquors & Grocery,Off Premise,6/15/2026,1.00,
Dylan Rubino,200314 Pride & Clarke Vodka 1/12/750 mL Btl,Pride & Clarke,170079 Sigmond Liquors (A),Off Premise,6/26/2026,1.00,
Dylan Rubino,200402 Travelers Club Vodka 24/375 mL Btl,Travelers Club,172051 WNY Liquors,Off Premise,6/3/2026,1.00,
Dylan Rubino,200402 Travelers Club Vodka 24/375 mL Btl,Travelers Club,172051 WNY Liquors,Off Premise,8/20/2026,1.00,
Dylan Rubino,200314 Pride & Clarke Vodka 1/12/750 mL Btl,Pride & Clarke,170222 E & E Wine & Liq (P),Off Premise,7/17/2026,1.00,
Dylan Rubino,200402 Travelers Club Vodka 24/375 mL Btl,Travelers Club,178003 Park Ave Wine & Liq Gros.,Off Premise,6/23/2026,1.00,
Dylan Rubino,200312 Pride & Clarke Vodka 48/200 mL Btl,Pride & Clarke,170041 Binny's Liquors (306 Jersey City),Off Premise,7/23/2026,1.00,
Dylan Rubino,200313 Pride & Clarke Vodka 24/375 mL Btl,Pride & Clarke,170312 J B Liquors,Off Premise,8/19/2026,1.00,
Dylan Rubino,200313 Pride & Clarke Vodka 24/375 mL Btl,Pride & Clarke,170040 Los Padrinos,Off Premise,7/3/2026,1.00,
Dylan Rubino,200313 Pride & Clarke Vodka 24/375 mL Btl,Pride & Clarke,170186 A&A Liquor (P),Off Premise,9/1/2026,,1.00
Dylan Rubino,200313 Pride & Clarke Vodka 24/375 mL Btl,Pride & Clarke,170102 L&T Liquors,Off Premise,7/3/2026,1.00,
Dylan Rubino,200517 Southern Tier Pumking Whiskey 6/750 mL Btl,Southern Tier Distilling,171353 Fork Hill Kitchen,On Premise,9/3/2026,,1.00
Dylan Rubino,200402 Travelers Club Vodka 24/375 mL Btl,Travelers Club,178000 Wine Spot,Off Premise,7/13/2026,1.00,
Dylan Rubino,200191 Chateau Diana Non-Alcoholic Cabernet Sauvignon 12/750 mL Btl,Chateau Diana,170119 Hudson Wine & Liq (P),Off Premise,8/26/2026,1.00,
Dylan Rubino,200311 Pride & Clarke Vodka 12/1 L Btl,Pride & Clarke,170102 L&T Liquors,Off Premise,7/3/2026,1.00,
Dylan Rubino,200313 Pride & Clarke Vodka 24/375 mL Btl,Pride & Clarke,170049 Cosmo Liquors & Grocery,Off Premise,8/11/2026,1.00,
Dylan Rubino,200313 Pride & Clarke Vodka 24/375 mL Btl,Pride & Clarke,172049 Z & M Liquors,Off Premise,6/3/2026,1.00,
Dylan Rubino,200313 Pride & Clarke Vodka 24/375 mL Btl,Pride & Clarke,171320 Figi Wine & Liq (P),Off Premise,8/5/2026,1.00,
Dylan Rubino,200293 Molly's Irish Cream 60/50 mL Btl,Molly's,170087 Liquor Mart (Jersey City),Off Premise,6/15/2026,1.00,
Dylan Rubino,200313 Pride & Clarke Vodka 24/375 mL Btl,Pride & Clarke,170088 Sip Discount Liq (A),Off Premise,8/5/2026,1.00,
Dylan Rubino,200311 Pride & Clarke Vodka 12/1 L Btl,Pride & Clarke,170127 Fragoso Liquors,Off Premise,7/1/2026,1.00,
Dylan Rubino,200311 Pride & Clarke Vodka 12/1 L Btl,Pride & Clarke,170187 325 Bergen Liquor,Off Premise,6/19/2026,1.00,
Dylan Rubino,200312 Pride & Clarke Vodka 48/200 mL Btl,Pride & Clarke,170049 Cosmo Liquors & Grocery,Off Premise,7/27/2026,1.00,
Dylan Rubino,200312 Pride & Clarke Vodka 48/200 mL Btl,Pride & Clarke,170252 Baldwin W & L,Off Premise,6/17/2026,1.00,
Dylan Rubino,200312 Pride & Clarke Vodka 48/200 mL Btl,Pride & Clarke,171323 Union Liquors,Off Premise,6/12/2026,1.00,
Dylan Rubino,200403 Travelers Club Vodka 1/12/750 mL Btl,Travelers Club,178000 Wine Spot,Off Premise,6/18/2026,1.00,
Dylan Rubino,200313 Pride & Clarke Vodka 24/375 mL Btl,Pride & Clarke,170049 Cosmo Liquors & Grocery,Off Premise,7/17/2026,1.00,
Dylan Rubino,200313 Pride & Clarke Vodka 24/375 mL Btl,Pride & Clarke,170075 New Junction Liquors,Off Premise,7/15/2026,1.00,
Dylan Rubino,200310 Pride & Clarke Vodka 6/1.75 L Btl,Pride & Clarke,170057 New Town Liquors (P),Off Premise,6/30/2026,1.00,
Dylan Rubino,200313 Pride & Clarke Vodka 24/375 mL Btl,Pride & Clarke,170049 Cosmo Liquors & Grocery,Off Premise,9/2/2026,,1.00
Dylan Rubino,200314 Pride & Clarke Vodka 1/12/750 mL Btl,Pride & Clarke,172049 Z & M Liquors,Off Premise,7/30/2026,1.00,
Dylan Rubino,200312 Pride & Clarke Vodka 48/200 mL Btl,Pride & Clarke,170049 Cosmo Liquors & Grocery,Off Premise,8/11/2026,1.00,
Dylan Rubino,200310 Pride & Clarke Vodka 6/1.75 L Btl,Pride & Clarke,170049 Cosmo Liquors & Grocery,Off Premise,6/29/2026,1.00,
Dylan Rubino,200312 Pride & Clarke Vodka 48/200 mL Btl,Pride & Clarke,170079 Sigmond Liquors (A),Off Premise,6/26/2026,1.00,
Dylan Rubino,200310 Pride & Clarke Vodka 6/1.75 L Btl,Pride & Clarke,171323 Union Liquors,Off Premise,6/12/2026,1.00,
Dylan Rubino,200401 Travelers Club Vodka 48/200 mL Btl,Travelers Club,178003 Park Ave Wine & Liq Gros.,Off Premise,6/1/2026,1.00,
Dylan Rubino,200402 Travelers Club Vodka 24/375 mL Btl,Travelers Club,172051 WNY Liquors,Off Premise,8/5/2026,1.00,
Dylan Rubino,200732 2 Canos Cheerful Frizzante Peach & Apricot 1/12/750 mL Btl,2 Canos,170203 Town Beverage,Off Premise,7/16/2026,1.00,
Dylan Rubino,200312 Pride & Clarke Vodka 48/200 mL Btl,Pride & Clarke,170102 L&T Liquors,Off Premise,7/3/2026,1.00,
Dylan Rubino,200312 Pride & Clarke Vodka 48/200 mL Btl,Pride & Clarke,170106 Paulino Liquors,Off Premise,6/12/2026,1.00,
Dylan Rubino,200312 Pride & Clarke Vodka 48/200 mL Btl,Pride & Clarke,170049 Cosmo Liquors & Grocery,Off Premise,8/21/2026,1.00,
Dylan Rubino,200312 Pride & Clarke Vodka 48/200 mL Btl,Pride & Clarke,170218 HD Liquors,Off Premise,7/28/2026,1.00,
Dylan Rubino,200314 Pride & Clarke Vodka 1/12/750 mL Btl,Pride & Clarke,170169 Buy Rite North Bergen,Off Premise,6/25/2026,1.00,
Dylan Rubino,200404 Traveler's Club Vodka 6/1.75 L Btl,Travelers Club,170251 Peckmans Pharmacy,Off Premise,6/25/2026,1.00,
Dylan Rubino,200312 Pride & Clarke Vodka 48/200 mL Btl,Pride & Clarke,170081 A & S Liquors,Off Premise,6/2/2026,1.00,
Dylan Rubino,200312 Pride & Clarke Vodka 48/200 mL Btl,Pride & Clarke,170203 Town Beverage,Off Premise,6/12/2026,1.00,
Dylan Rubino,200312 Pride & Clarke Vodka 48/200 mL Btl,Pride & Clarke,170222 E & E Wine & Liq (P),Off Premise,6/18/2026,1.00,
Dylan Rubino,200401 Travelers Club Vodka 48/200 mL Btl,Travelers Club,170251 Peckmans Pharmacy,Off Premise,6/25/2026,1.00,
Dylan Rubino,200402 Travelers Club Vodka 24/375 mL Btl,Travelers Club,170191 Wine Warehouse (P) (Union City),Off Premise,8/28/2026,1.00,
Dylan Rubino,200311 Pride & Clarke Vodka 12/1 L Btl,Pride & Clarke,170057 New Town Liquors (P),Off Premise,6/30/2026,1.00,
Dylan Rubino,200312 Pride & Clarke Vodka 48/200 mL Btl,Pride & Clarke,170057 New Town Liquors (P),Off Premise,6/30/2026,1.00,
Dylan Rubino,200313 Pride & Clarke Vodka 24/375 mL Btl,Pride & Clarke,170364 Red Feast W & L (A),Off Premise,9/2/2026,,1.00
Dylan Rubino,200313 Pride & Clarke Vodka 24/375 mL Btl,Pride & Clarke,170400 Yugs Liquors,Off Premise,6/25/2026,1.00,
Dylan Rubino,200292 Molly's Irish Cream 12/1 L Btl,Molly's,170218 HD Liquors,Off Premise,6/11/2026,1.00,
Dylan Rubino,200312 Pride & Clarke Vodka 48/200 mL Btl,Pride & Clarke,170049 Cosmo Liquors & Grocery,Off Premise,6/29/2026,1.00,
Dylan Rubino,200313 Pride & Clarke Vodka 24/375 mL Btl,Pride & Clarke,170312 J B Liquors,Off Premise,7/15/2026,1.00,
Dylan Rubino,200313 Pride & Clarke Vodka 24/375 mL Btl,Pride & Clarke,172049 Z & M Liquors,Off Premise,7/30/2026,1.00,
Dylan Rubino,200313 Pride & Clarke Vodka 24/375 mL Btl,Pride & Clarke,170083 Metro Liquor (69 Jersey City),Off Premise,8/7/2026,1.00,
Dylan Rubino,100912 OVO Vodka 1/12/750 mL Btl,OVO Vodka,170266 San Patricios Jersey City,On Premise,7/8/2026,1.00,
Dylan Rubino,200310 Pride & Clarke Vodka 6/1.75 L Btl,Pride & Clarke,170082 Larry's Liquors,Off Premise,6/3/2026,1.00,
Dylan Rubino,200312 Pride & Clarke Vodka 48/200 mL Btl,Pride & Clarke,170049 Cosmo Liquors & Grocery,Off Premise,6/15/2026,1.00,
Dylan Rubino,200404 Traveler's Club Vodka 6/1.75 L Btl,Travelers Club,170191 Wine Warehouse (P) (Union City),Off Premise,8/28/2026,1.00,
Dylan Rubino,200312 Pride & Clarke Vodka 48/200 mL Btl,Pride & Clarke,170081 A & S Liquors,Off Premise,7/13/2026,1.00,
Dylan Rubino,200313 Pride & Clarke Vodka 24/375 mL Btl,Pride & Clarke,170049 Cosmo Liquors & Grocery,Off Premise,8/21/2026,1.00,
Dylan Rubino,200314 Pride & Clarke Vodka 1/12/750 mL Btl,Pride & Clarke,170102 L&T Liquors,Off Premise,7/3/2026,1.00,
Dylan Rubino,200312 Pride & Clarke Vodka 48/200 mL Btl,Pride & Clarke,170203 Town Beverage,Off Premise,8/7/2026,1.00,
Dylan Rubino,200401 Travelers Club Vodka 48/200 mL Btl,Travelers Club,172051 WNY Liquors,Off Premise,7/15/2026,1.00,
Dylan Rubino,200402 Travelers Club Vodka 24/375 mL Btl,Travelers Club,171323 Union Liquors,Off Premise,7/16/2026,1.00,
Dylan Rubino,200401 Travelers Club Vodka 48/200 mL Btl,Travelers Club,170909 A2Z Wine Club,Off Premise,8/28/2026,1.00,
Dylan Rubino,200314 Pride & Clarke Vodka 1/12/750 mL Btl,Pride & Clarke,170075 New Junction Liquors,Off Premise,8/26/2026,1.00,
Dylan Rubino,200404 Traveler's Club Vodka 6/1.75 L Btl,Travelers Club,171323 Union Liquors,Off Premise,7/16/2026,1.00,
Dylan Rubino,200313 Pride & Clarke Vodka 24/375 mL Btl,Pride & Clarke,170102 L&T Liquors,Off Premise,9/1/2026,,1.00
Dylan Rubino,200402 Travelers Club Vodka 24/375 mL Btl,Travelers Club,178003 Park Ave Wine & Liq Gros.,Off Premise,6/1/2026,1.00,
Dylan Rubino,200313 Pride & Clarke Vodka 24/375 mL Btl,Pride & Clarke,170086 Bottles Jersey City,Off Premise,6/9/2026,1.00,
Dylan Rubino,200310 Pride & Clarke Vodka 6/1.75 L Btl,Pride & Clarke,170224 Bond Drugs,Off Premise,6/25/2026,1.00,
Dylan Rubino,200312 Pride & Clarke Vodka 48/200 mL Btl,Pride & Clarke,170222 E & E Wine & Liq (P),Off Premise,7/17/2026,1.00,
Dylan Rubino,200313 Pride & Clarke Vodka 24/375 mL Btl,Pride & Clarke,170251 Peckmans Pharmacy,Off Premise,9/3/2026,,1.00
Dylan Rubino,200314 Pride & Clarke Vodka 1/12/750 mL Btl,Pride & Clarke,170163 Buy Rite Union City,Off Premise,6/25/2026,1.00,
Dylan Rubino,200310 Pride & Clarke Vodka 6/1.75 L Btl,Pride & Clarke,170400 Yugs Liquors,Off Premise,6/25/2026,1.00,
Dylan Rubino,200312 Pride & Clarke Vodka 48/200 mL Btl,Pride & Clarke,170049 Cosmo Liquors & Grocery,Off Premise,6/5/2026,1.00,
Dylan Rubino,200312 Pride & Clarke Vodka 48/200 mL Btl,Pride & Clarke,170186 A&A Liquor (P),Off Premise,7/24/2026,1.00,
Dylan Rubino,200310 Pride & Clarke Vodka 6/1.75 L Btl,Pride & Clarke,170075 New Junction Liquors,Off Premise,8/26/2026,1.00,
Dylan Rubino,200312 Pride & Clarke Vodka 48/200 mL Btl,Pride & Clarke,170186 A&A Liquor (P),Off Premise,9/1/2026,,1.00
Dylan Rubino,200313 Pride & Clarke Vodka 24/375 mL Btl,Pride & Clarke,170222 E & E Wine & Liq (P),Off Premise,8/13/2026,1.00,
Dylan Rubino,200401 Travelers Club Vodka 48/200 mL Btl,Travelers Club,170251 Peckmans Pharmacy,Off Premise,9/3/2026,,1.00
Dylan Rubino,200314 Pride & Clarke Vodka 1/12/750 mL Btl,Pride & Clarke,170034 Metro Liquors (1212 Jersey City),Off Premise,8/14/2026,1.00,
Dylan Rubino,200312 Pride & Clarke Vodka 48/200 mL Btl,Pride & Clarke,170034 Metro Liquors (1212 Jersey City),Off Premise,6/19/2026,1.00,
Dylan Rubino,200313 Pride & Clarke Vodka 24/375 mL Btl,Pride & Clarke,170252 Baldwin W & L,Off Premise,6/17/2026,1.00,
Dylan Rubino,200310 Pride & Clarke Vodka 6/1.75 L Btl,Pride & Clarke,170187 325 Bergen Liquor,Off Premise,6/19/2026,1.00,
Dylan Rubino,200313 Pride & Clarke Vodka 24/375 mL Btl,Pride & Clarke,170023 Corks & Bottles (P),Off Premise,8/4/2026,1.00,
Dylan Rubino,200314 Pride & Clarke Vodka 1/12/750 mL Btl,Pride & Clarke,170183 Mlk Liquor (455 Jersey City),Off Premise,7/27/2026,1.00,
Dylan Rubino,200312 Pride & Clarke Vodka 48/200 mL Btl,Pride & Clarke,170189 Ocean One Stop Liquor,Off Premise,9/2/2026,,1.00
Dylan Rubino,200314 Pride & Clarke Vodka 1/12/750 mL Btl,Pride & Clarke,170081 A & S Liquors,Off Premise,6/2/2026,1.00,
Dylan Rubino,200402 Travelers Club Vodka 24/375 mL Btl,Travelers Club,170191 Wine Warehouse (P) (Union City),Off Premise,6/9/2026,1.00,
Dylan Rubino,200404 Traveler's Club Vodka 6/1.75 L Btl,Travelers Club,171323 Union Liquors,Off Premise,8/21/2026,1.00,
Dylan Rubino,200171 Chateau Diana Caberner Sauvigon 12/750 mL Btl,Chateau Diana,170046 Palisade Wine & Liquor,Off Premise,7/31/2026,1.00,
Dylan Rubino,200311 Pride & Clarke Vodka 12/1 L Btl,Pride & Clarke,170251 Peckmans Pharmacy,Off Premise,6/12/2026,1.00,
Dylan Rubino,200312 Pride & Clarke Vodka 48/200 mL Btl,Pride & Clarke,170049 Cosmo Liquors & Grocery,Off Premise,9/2/2026,,1.00
Dylan Rubino,200312 Pride & Clarke Vodka 48/200 mL Btl,Pride & Clarke,170251 Peckmans Pharmacy,Off Premise,6/25/2026,1.00,
Dylan Rubino,200314 Pride & Clarke Vodka 1/12/750 mL Btl,Pride & Clarke,170057 New Town Liquors (P),Off Premise,6/30/2026,1.00,
Dylan Rubino,200313 Pride & Clarke Vodka 24/375 mL Btl,Pride & Clarke,170041 Binny's Liquors (306 Jersey City),Off Premise,7/23/2026,1.00,
Dylan Rubino,200313 Pride & Clarke Vodka 24/375 mL Btl,Pride & Clarke,170049 Cosmo Liquors & Grocery,Off Premise,7/27/2026,1.00,
Dylan Rubino,200314 Pride & Clarke Vodka 1/12/750 mL Btl,Pride & Clarke,170083 Metro Liquor (69 Jersey City),Off Premise,8/7/2026,1.00,
Dylan Rubino,200401 Travelers Club Vodka 48/200 mL Btl,Travelers Club,172051 WNY Liquors,Off Premise,8/5/2026,1.00,
Dylan Rubino,200312 Pride & Clarke Vodka 48/200 mL Btl,Pride & Clarke,170187 325 Bergen Liquor,Off Premise,6/19/2026,1.00,
Dylan Rubino,200313 Pride & Clarke Vodka 24/375 mL Btl,Pride & Clarke,170286 West Side Liquors (358 Jersey City),Off Premise,8/7/2026,1.00,
Dylan Rubino,200314 Pride & Clarke Vodka 1/12/750 mL Btl,Pride & Clarke,170251 Peckmans Pharmacy,Off Premise,6/12/2026,1.00,
Dylan Rubino,200313 Pride & Clarke Vodka 24/375 mL Btl,Pride & Clarke,170023 Corks & Bottles (P),Off Premise,6/23/2026,1.00,
Dylan Rubino,200310 Pride & Clarke Vodka 6/1.75 L Btl,Pride & Clarke,170080 J&R Liquors & Deli,Off Premise,7/14/2026,1.00,
Dylan Rubino,200311 Pride & Clarke Vodka 12/1 L Btl,Pride & Clarke,170081 A & S Liquors,Off Premise,6/23/2026,1.00,
Dylan Rubino,200312 Pride & Clarke Vodka 48/200 mL Btl,Pride & Clarke,170080 J&R Liquors & Deli,Off Premise,7/14/2026,1.00,
Dylan Rubino,100912 OVO Vodka 1/12/750 mL Btl,OVO Vodka,170151 Cool Vines,Off Premise,7/21/2026,1.00,
Dylan Rubino,200312 Pride & Clarke Vodka 48/200 mL Btl,Pride & Clarke,170251 Peckmans Pharmacy,Off Premise,9/3/2026,,1.00
Dylan Rubino,200312 Pride & Clarke Vodka 48/200 mL Btl,Pride & Clarke,170400 Yugs Liquors,Off Premise,6/25/2026,1.00,
Dylan Rubino,200313 Pride & Clarke Vodka 24/375 mL Btl,Pride & Clarke,171323 Union Liquors,Off Premise,6/12/2026,1.00,
Dylan Rubino,200294 Molly's Irish Cream 1/12/750 mL Btl,Molly's,171321 Kikos Liquor (P),Off Premise,7/30/2026,1.00,
Dylan Rubino,200310 Pride & Clarke Vodka 6/1.75 L Btl,Pride & Clarke,170094 Palace Drugs (P),Off Premise,7/22/2026,1.00,
Dylan Rubino,200310 Pride & Clarke Vodka 6/1.75 L Btl,Pride & Clarke,170049 Cosmo Liquors & Grocery,Off Premise,8/21/2026,1.00,
Dylan Rubino,200313 Pride & Clarke Vodka 24/375 mL Btl,Pride & Clarke,170106 Paulino Liquors,Off Premise,6/12/2026,1.00,
Dylan Rubino,200311 Pride & Clarke Vodka 12/1 L Btl,Pride & Clarke,170218 HD Liquors,Off Premise,6/11/2026,1.00,
Dylan Rubino,200313 Pride & Clarke Vodka 24/375 mL Btl,Pride & Clarke,170203 Town Beverage,Off Premise,6/12/2026,1.00,
Dylan Rubino,200314 Pride & Clarke Vodka 1/12/750 mL Btl,Pride & Clarke,170400 Yugs Liquors,Off Premise,6/25/2026,1.00,
Dylan Rubino,200312 Pride & Clarke Vodka 48/200 mL Btl,Pride & Clarke,170252 Baldwin W & L,Off Premise,8/11/2026,1.00,
Dylan Rubino,200312 Pride & Clarke Vodka 48/200 mL Btl,Pride & Clarke,170312 J B Liquors,Off Premise,8/19/2026,1.00,
Dylan Rubino,200313 Pride & Clarke Vodka 24/375 mL Btl,Pride & Clarke,170034 Metro Liquors (1212 Jersey City),Off Premise,6/19/2026,1.00,
Dylan Rubino,200294 Molly's Irish Cream 1/12/750 mL Btl,Molly's,170169 Buy Rite North Bergen,Off Premise,6/25/2026,1.00,
Dylan Rubino,200400 Travelers Club Vodka 12/1 L Btl,Travelers Club,171323 Union Liquors,Off Premise,7/16/2026,1.00,
Dylan Rubino,200310 Pride & Clarke Vodka 6/1.75 L Btl,Pride & Clarke,178009 Heaven Liquors,Off Premise,7/29/2026,1.00,
Dylan Rubino,200314 Pride & Clarke Vodka 1/12/750 mL Btl,Pride & Clarke,170203 Town Beverage,Off Premise,7/16/2026,1.00,
Dylan Rubino,200402 Travelers Club Vodka 24/375 mL Btl,Travelers Club,178003 Park Ave Wine & Liq Gros.,Off Premise,8/4/2026,1.00,
Dylan Rubino,200312 Pride & Clarke Vodka 48/200 mL Btl,Pride & Clarke,172049 Z & M Liquors,Off Premise,7/30/2026,1.00,
Dylan Rubino,200313 Pride & Clarke Vodka 24/375 mL Btl,Pride & Clarke,170186 A&A Liquor (P),Off Premise,7/24/2026,1.00,
Dylan Rubino,200313 Pride & Clarke Vodka 24/375 mL Btl,Pride & Clarke,171349 Payano Liquors,Off Premise,8/28/2026,1.00,
Dylan Rubino,200313 Pride & Clarke Vodka 24/375 mL Btl,Pride & Clarke,170081 A & S Liquors,Off Premise,6/2/2026,1.00,
Dylan Rubino,200314 Pride & Clarke Vodka 1/12/750 mL Btl,Pride & Clarke,170224 Bond Drugs,Off Premise,6/25/2026,1.00,
Dylan Rubino,200314 Pride & Clarke Vodka 1/12/750 mL Btl,Pride & Clarke,170312 J B Liquors,Off Premise,8/19/2026,1.00,
Dylan Rubino,200312 Pride & Clarke Vodka 48/200 mL Btl,Pride & Clarke,170075 New Junction Liquors,Off Premise,8/26/2026,1.00,
Dylan Rubino,200312 Pride & Clarke Vodka 48/200 mL Btl,Pride & Clarke,170312 J B Liquors,Off Premise,7/15/2026,1.00,
Dylan Rubino,200314 Pride & Clarke Vodka 1/12/750 mL Btl,Pride & Clarke,170080 J&R Liquors & Deli,Off Premise,7/14/2026,1.00,
Dylan Rubino,200310 Pride & Clarke Vodka 6/1.75 L Btl,Pride & Clarke,170102 L&T Liquors,Off Premise,9/1/2026,,1.00
Dylan Rubino,200311 Pride & Clarke Vodka 12/1 L Btl,Pride & Clarke,170203 Town Beverage,Off Premise,7/16/2026,1.00,
Dylan Rubino,200314 Pride & Clarke Vodka 1/12/750 mL Btl,Pride & Clarke,170183 Mlk Liquor (455 Jersey City),Off Premise,8/17/2026,1.00,
Dylan Rubino,200401 Travelers Club Vodka 48/200 mL Btl,Travelers Club,170251 Peckmans Pharmacy,Off Premise,6/12/2026,1.00,
Dylan Rubino,200313 Pride & Clarke Vodka 24/375 mL Btl,Pride & Clarke,171320 Figi Wine & Liq (P),Off Premise,6/3/2026,1.00,
Dylan Rubino,200292 Molly's Irish Cream 12/1 L Btl,Molly's,170915 The Franklin Bar & Restaurant,On Premise,8/14/2026,1.00,
Dylan Rubino,200294 Molly's Irish Cream 1/12/750 mL Btl,Molly's,170169 Buy Rite North Bergen,Off Premise,7/24/2026,1.00,
Dylan Rubino,200311 Pride & Clarke Vodka 12/1 L Btl,Pride & Clarke,170224 Bond Drugs,Off Premise,6/25/2026,1.00,
Dylan Rubino,200312 Pride & Clarke Vodka 48/200 mL Btl,Pride & Clarke,171349 Payano Liquors,Off Premise,8/28/2026,1.00,
Dylan Rubino,200313 Pride & Clarke Vodka 24/375 mL Btl,Pride & Clarke,170222 E & E Wine & Liq (P),Off Premise,6/18/2026,1.00,
Dylan Rubino,200313 Pride & Clarke Vodka 24/375 mL Btl,Pride & Clarke,170222 E & E Wine & Liq (P),Off Premise,7/17/2026,1.00,
Dylan Rubino,200292 Molly's Irish Cream 12/1 L Btl,Molly's,170163 Buy Rite Union City,Off Premise,9/2/2026,,1.00
Dylan Rubino,200312 Pride & Clarke Vodka 48/200 mL Btl,Pride & Clarke,170083 Metro Liquor (69 Jersey City),Off Premise,8/7/2026,1.00,
Dylan Rubino,200314 Pride & Clarke Vodka 1/12/750 mL Btl,Pride & Clarke,170075 New Junction Liquors,Off Premise,7/15/2026,1.00,
Dylan Rubino,200312 Pride & Clarke Vodka 48/200 mL Btl,Pride & Clarke,170088 Sip Discount Liq (A),Off Premise,8/5/2026,1.00,
Dylan Rubino,200294 Molly's Irish Cream 1/12/750 mL Btl,Molly's,170163 Buy Rite Union City,Off Premise,7/9/2026,1.00,
Dylan Rubino,200312 Pride & Clarke Vodka 48/200 mL Btl,Pride & Clarke,170075 New Junction Liquors,Off Premise,7/15/2026,1.00,
Dylan Rubino,200312 Pride & Clarke Vodka 48/200 mL Btl,Pride & Clarke,170183 Mlk Liquor (455 Jersey City),Off Premise,7/27/2026,1.00,
Dylan Rubino,200314 Pride & Clarke Vodka 1/12/750 mL Btl,Pride & Clarke,170163 Buy Rite Union City,Off Premise,7/9/2026,1.00,
Dylan Rubino,200314 Pride & Clarke Vodka 1/12/750 mL Btl,Pride & Clarke,170222 E & E Wine & Liq (P),Off Premise,6/18/2026,1.00,
Dylan Rubino,100912 OVO Vodka 1/12/750 mL Btl,OVO Vodka,170291 IKOS Greek Mediterranean,On Premise,6/19/2026,1.00,
Dylan Rubino,200171 Chateau Diana Caberner Sauvigon 12/750 mL Btl,Chateau Diana,170046 Palisade Wine & Liquor,Off Premise,8/7/2026,1.00,
Dylan Rubino,200401 Travelers Club Vodka 48/200 mL Btl,Travelers Club,178003 Park Ave Wine & Liq Gros.,Off Premise,8/4/2026,1.00,
Dylan Rubino,200404 Traveler's Club Vodka 6/1.75 L Btl,Travelers Club,170909 A2Z Wine Club,Off Premise,8/28/2026,1.00,
Dylan Rubino,200312 Pride & Clarke Vodka 48/200 mL Btl,Pride & Clarke,170286 West Side Liquors (358 Jersey City),Off Premise,8/7/2026,1.00,
Dylan Rubino,200314 Pride & Clarke Vodka 1/12/750 mL Btl,Pride & Clarke,178009 Heaven Liquors,Off Premise,7/29/2026,1.00,
Dylan Rubino,100912 OVO Vodka 1/12/750 mL Btl,OVO Vodka,170291 IKOS Greek Mediterranean,On Premise,7/30/2026,1.00,
Dylan Rubino,200310 Pride & Clarke Vodka 6/1.75 L Btl,Pride & Clarke,170251 Peckmans Pharmacy,Off Premise,8/12/2026,1.00,
Dylan Rubino,200401 Travelers Club Vodka 48/200 mL Btl,Travelers Club,178003 Park Ave Wine & Liq Gros.,Off Premise,6/23/2026,1.00,
Dylan Rubino,200310 Pride & Clarke Vodka 6/1.75 L Btl,Pride & Clarke,170094 Palace Drugs (P),Off Premise,6/2/2026,1.00,
Dylan Rubino,200313 Pride & Clarke Vodka 24/375 mL Btl,Pride & Clarke,171348 Los Laureles Liq (Z),Off Premise,9/1/2026,,1.00
Dylan Rubino,200401 Travelers Club Vodka 48/200 mL Btl,Travelers Club,170251 Peckmans Pharmacy,Off Premise,8/12/2026,1.00,
Dylan Rubino,200313 Pride & Clarke Vodka 24/375 mL Btl,Pride & Clarke,170057 New Town Liquors (P),Off Premise,6/30/2026,1.00,
Dylan Rubino,200313 Pride & Clarke Vodka 24/375 mL Btl,Pride & Clarke,170163 Buy Rite Union City,Off Premise,7/15/2026,1.00,
Dylan Rubino,200314 Pride & Clarke Vodka 1/12/750 mL Btl,Pride & Clarke,170097 Discount Liquor,Off Premise,6/18/2026,1.00,
Dylan Rubino,200402 Travelers Club Vodka 24/375 mL Btl,Travelers Club,178003 Park Ave Wine & Liq Gros.,Off Premise,9/1/2026,,1.00
Dylan Rubino,200292 Molly's Irish Cream 12/1 L Btl,Molly's,170030 International Liqs (P),Off Premise,6/25/2026,1.00,
Dylan Rubino,200313 Pride & Clarke Vodka 24/375 mL Btl,Pride & Clarke,170081 A & S Liquors,Off Premise,6/23/2026,1.00,
Dylan Rubino,200294 Molly's Irish Cream 1/12/750 mL Btl,Molly's,170087 Liquor Mart (Jersey City),Off Premise,6/15/2026,1.00,
Dylan Rubino,200404 Traveler's Club Vodka 6/1.75 L Btl,Travelers Club,170251 Peckmans Pharmacy,Off Premise,8/12/2026,1.00,
Dylan Rubino,200313 Pride & Clarke Vodka 24/375 mL Btl,Pride & Clarke,170187 325 Bergen Liquor,Off Premise,6/19/2026,1.00,
Dylan Rubino,200172 Chateau Diana Chardonnay 12/750 mL Btl,Chateau Diana,170046 Palisade Wine & Liquor,Off Premise,7/31/2026,1.00,
Dylan Rubino,200310 Pride & Clarke Vodka 6/1.75 L Btl,Pride & Clarke,170102 L&T Liquors,Off Premise,7/3/2026,1.00,
Dylan Rubino,200312 Pride & Clarke Vodka 48/200 mL Btl,Pride & Clarke,170034 Metro Liquors (1212 Jersey City),Off Premise,8/14/2026,1.00,
Dylan Rubino,200313 Pride & Clarke Vodka 24/375 mL Btl,Pride & Clarke,170049 Cosmo Liquors & Grocery,Off Premise,6/5/2026,1.00,
Dylan Rubino,200314 Pride & Clarke Vodka 1/12/750 mL Btl,Pride & Clarke,170049 Cosmo Liquors & Grocery,Off Premise,9/2/2026,,1.00
Dylan Rubino,200310 Pride & Clarke Vodka 6/1.75 L Btl,Pride & Clarke,170218 HD Liquors,Off Premise,7/28/2026,1.00,
Dylan Rubino,200312 Pride & Clarke Vodka 48/200 mL Btl,Pride & Clarke,170049 Cosmo Liquors & Grocery,Off Premise,7/17/2026,1.00,
Dylan Rubino,200312 Pride & Clarke Vodka 48/200 mL Btl,Pride & Clarke,170163 Buy Rite Union City,Off Premise,7/15/2026,1.00,
Dylan Rubino,200314 Pride & Clarke Vodka 1/12/750 mL Btl,Pride & Clarke,170106 Paulino Liquors,Off Premise,6/12/2026,1.00,
Dylan Rubino,200401 Travelers Club Vodka 48/200 mL Btl,Travelers Club,178003 Park Ave Wine & Liq Gros.,Off Premise,9/1/2026,,1.00
Dylan Rubino,200314 Pride & Clarke Vodka 1/12/750 mL Btl,Pride & Clarke,170082 Larry's Liquors,Off Premise,6/3/2026,1.00,
Dylan Rubino,200313 Pride & Clarke Vodka 24/375 mL Btl,Pride & Clarke,170082 Larry's Liquors,Off Premise,6/3/2026,1.00,
Dylan Rubino,200310 Pride & Clarke Vodka 6/1.75 L Btl,Pride & Clarke,170088 Sip Discount Liq (A),Off Premise,8/5/2026,1.00,
Dylan Rubino,200313 Pride & Clarke Vodka 24/375 mL Btl,Pride & Clarke,170049 Cosmo Liquors & Grocery,Off Premise,6/29/2026,1.00,
Dylan Rubino,200291 Molly's Irish Cream 6/1.75 L Btl,Molly's,170087 Liquor Mart (Jersey City),Off Premise,6/15/2026,1.00,
Dylan Rubino,200310 Pride & Clarke Vodka 6/1.75 L Btl,Pride & Clarke,172049 Z & M Liquors,Off Premise,7/30/2026,1.00,
Dylan Rubino,200193 Chateau Diana Non-Alcoholic Merlot 12/750 mL Btl,Chateau Diana,170182 Binnys Liquors (1062 Jersey City),Off Premise,8/27/2026,1.00,
Dylan Rubino,200310 Pride & Clarke Vodka 6/1.75 L Btl,Pride & Clarke,170097 Discount Liquor,Off Premise,9/3/2026,,1.00
Dylan Rubino,200402 Travelers Club Vodka 24/375 mL Btl,Travelers Club,172051 WNY Liquors,Off Premise,7/15/2026,1.00,
Dylan Rubino,200310 Pride & Clarke Vodka 6/1.75 L Btl,Pride & Clarke,170081 A & S Liquors,Off Premise,8/17/2026,1.00,
Dylan Rubino,200313 Pride & Clarke Vodka 24/375 mL Btl,Pride & Clarke,170183 Mlk Liquor (455 Jersey City),Off Premise,7/27/2026,1.00,
Dylan Rubino,200313 Pride & Clarke Vodka 24/375 mL Btl,Pride & Clarke,170252 Baldwin W & L,Off Premise,8/11/2026,1.00,
Dylan Rubino,200313 Pride & Clarke Vodka 24/375 mL Btl,Pride & Clarke,170034 Metro Liquors (1212 Jersey City),Off Premise,8/14/2026,1.00,
Dylan Rubino,200310 Pride & Clarke Vodka 6/1.75 L Btl,Pride & Clarke,171321 Kikos Liquor (P),Off Premise,7/30/2026,1.00,
Dylan Rubino,200401 Travelers Club Vodka 48/200 mL Btl,Travelers Club,172051 WNY Liquors,Off Premise,6/18/2026,1.00,
Dylan Rubino,200314 Pride & Clarke Vodka 1/12/750 mL Btl,Pride & Clarke,170218 HD Liquors,Off Premise,7/28/2026,1.00,
Dylan Rubino,200314 Pride & Clarke Vodka 1/12/750 mL Btl,Pride & Clarke,170286 West Side Liquors (358 Jersey City),Off Premise,8/7/2026,1.00,
Dylan Rubino,200402 Travelers Club Vodka 24/375 mL Btl,Travelers Club,170909 A2Z Wine Club,Off Premise,8/28/2026,1.00,
Dylan Rubino,200404 Traveler's Club Vodka 6/1.75 L Btl,Travelers Club,170286 West Side Liquors (358 Jersey City),Off Premise,6/19/2026,1.00,
Dylan Rubino,200172 Chateau Diana Chardonnay 12/750 mL Btl,Chateau Diana,170046 Palisade Wine & Liquor,Off Premise,8/7/2026,1.00,
Dylan Rubino,200312 Pride & Clarke Vodka 48/200 mL Btl,Pride & Clarke,170081 A & S Liquors,Off Premise,8/17/2026,1.00,
Dylan Rubino,200314 Pride & Clarke Vodka 1/12/750 mL Btl,Pride & Clarke,170040 Los Padrinos,Off Premise,6/23/2026,1.00,
Dylan Rubino,200313 Pride & Clarke Vodka 24/375 mL Btl,Pride & Clarke,170218 HD Liquors,Off Premise,7/28/2026,1.00,
Dylan Rubino,200314 Pride & Clarke Vodka 1/12/750 mL Btl,Pride & Clarke,172049 Z & M Liquors,Off Premise,6/3/2026,1.00,
Dylan Rubino,200402 Travelers Club Vodka 24/375 mL Btl,Travelers Club,171323 Union Liquors,Off Premise,8/21/2026,1.00,
Dylan Rubino,200313 Pride & Clarke Vodka 24/375 mL Btl,Pride & Clarke,170251 Peckmans Pharmacy,Off Premise,6/25/2026,1.00,
Dylan Rubino,200312 Pride & Clarke Vodka 48/200 mL Btl,Pride & Clarke,170086 Bottles Jersey City,Off Premise,6/9/2026,1.00,
Dylan Rubino,200313 Pride & Clarke Vodka 24/375 mL Btl,Pride & Clarke,171323 Union Liquors,Off Premise,8/21/2026,1.00,
Dylan Rubino,200310 Pride & Clarke Vodka 6/1.75 L Btl,Pride & Clarke,170169 Buy Rite North Bergen,Off Premise,9/3/2026,,1.00
Dylan Rubino,200312 Pride & Clarke Vodka 48/200 mL Btl,Pride & Clarke,170208 Benny's Liq & Deli,Off Premise,6/11/2026,1.00,
Hakan Sadik,200313 Pride & Clarke Vodka 24/375 mL Btl,Pride & Clarke,150616 JRC Liquor,Off Premise,6/10/2026,1.00,
Hakan Sadik,100953 Castellani Etichetta Gialla Pinot Noir 1/12/750 mL Btl,Castellani Etichetta Gialla,150624 Wine Barrel (P),Off Premise,7/30/2026,1.00,
Hakan Sadik,200313 Pride & Clarke Vodka 24/375 mL Btl,Pride & Clarke,150063 Victory Wine & Liquor,Off Premise,6/24/2026,1.00,
Hakan Sadik,200401 Travelers Club Vodka 48/200 mL Btl,Travelers Club,152003 Hawthorne Quality Liquors,Off Premise,8/26/2026,1.00,
Hakan Sadik,200311 Pride & Clarke Vodka 12/1 L Btl,Pride & Clarke,150603 Quality Liquors,Off Premise,6/30/2026,1.00,
Hakan Sadik,200312 Pride & Clarke Vodka 48/200 mL Btl,Pride & Clarke,150644 Fox's Liquor,Off Premise,7/10/2026,1.00,
Hakan Sadik,200313 Pride & Clarke Vodka 24/375 mL Btl,Pride & Clarke,150607 Angel Liquors,Off Premise,6/30/2026,1.00,
Hakan Sadik,200313 Pride & Clarke Vodka 24/375 mL Btl,Pride & Clarke,150618 Home Liquors(641 Newark),Off Premise,7/22/2026,1.00,
Hakan Sadik,200314 Pride & Clarke Vodka 1/12/750 mL Btl,Pride & Clarke,152002 Home Wine & Liquor (224 Newark),Off Premise,7/29/2026,1.00,
Hakan Sadik,200314 Pride & Clarke Vodka 1/12/750 mL Btl,Pride & Clarke,150225 Park Ave Wine & Liquors,Off Premise,6/19/2026,1.00,
Hakan Sadik,200313 Pride & Clarke Vodka 24/375 mL Btl,Pride & Clarke,150169 Pueblo Liquor,Off Premise,7/3/2026,1.00,
Hakan Sadik,200401 Travelers Club Vodka 48/200 mL Btl,Travelers Club,152035 City Line Super Liquor,Off Premise,7/17/2026,1.00,
Hakan Sadik,200402 Travelers Club Vodka 24/375 mL Btl,Travelers Club,152010 Royal Wine Iv,Off Premise,7/30/2026,1.00,
Hakan Sadik,200310 Pride & Clarke Vodka 6/1.75 L Btl,Pride & Clarke,150230 King's W & L,Off Premise,8/20/2026,1.00,
Hakan Sadik,200311 Pride & Clarke Vodka 12/1 L Btl,Pride & Clarke,150166 Liquor Zone,Off Premise,7/10/2026,1.00,
Hakan Sadik,200402 Travelers Club Vodka 24/375 mL Btl,Travelers Club,152019 New Silver Key Iii,Off Premise,7/15/2026,1.00,
Hakan Sadik,200313 Pride & Clarke Vodka 24/375 mL Btl,Pride & Clarke,150614 International Liquor,Off Premise,6/16/2026,1.00,
Hakan Sadik,200292 Molly's Irish Cream 12/1 L Btl,Molly's,150147 Irvington Liquors,Off Premise,6/16/2026,1.00,
Hakan Sadik,200294 Molly's Irish Cream 1/12/750 mL Btl,Molly's,150169 Pueblo Liquor,Off Premise,8/7/2026,1.00,
Hakan Sadik,200312 Pride & Clarke Vodka 48/200 mL Btl,Pride & Clarke,150210 Scotland Arms Liquors,Off Premise,7/8/2026,1.00,
Hakan Sadik,200312 Pride & Clarke Vodka 48/200 mL Btl,Pride & Clarke,150603 Quality Liquors,Off Premise,6/30/2026,1.00,
Hakan Sadik,200402 Travelers Club Vodka 24/375 mL Btl,Travelers Club,150063 Victory Wine & Liquor,Off Premise,6/24/2026,1.00,
Hakan Sadik,200313 Pride & Clarke Vodka 24/375 mL Btl,Pride & Clarke,152025 New Owl Liquors,Off Premise,7/23/2026,1.00,
Hakan Sadik,200314 Pride & Clarke Vodka 1/12/750 mL Btl,Pride & Clarke,150604 Royal Liquors,Off Premise,8/4/2026,1.00,
Hakan Sadik,200314 Pride & Clarke Vodka 1/12/750 mL Btl,Pride & Clarke,152003 Hawthorne Quality Liquors,Off Premise,8/7/2026,1.00,
Hakan Sadik,200402 Travelers Club Vodka 24/375 mL Btl,Travelers Club,152010 Royal Wine Iv,Off Premise,6/27/2026,1.00,
Hakan Sadik,200312 Pride & Clarke Vodka 48/200 mL Btl,Pride & Clarke,150166 Liquor Zone,Off Premise,7/10/2026,1.00,
Hakan Sadik,200312 Pride & Clarke Vodka 48/200 mL Btl,Pride & Clarke,152002 Home Wine & Liquor (224 Newark),Off Premise,7/29/2026,1.00,
Hakan Sadik,200313 Pride & Clarke Vodka 24/375 mL Btl,Pride & Clarke,150226 Silver Wine & Liquor,Off Premise,7/2/2026,1.00,
Hakan Sadik,200313 Pride & Clarke Vodka 24/375 mL Btl,Pride & Clarke,150603 Quality Liquors,Off Premise,6/30/2026,1.00,
Hakan Sadik,200313 Pride & Clarke Vodka 24/375 mL Btl,Pride & Clarke,152030 Austin Liquor,Off Premise,7/9/2026,1.00,
Hakan Sadik,200402 Travelers Club Vodka 24/375 mL Btl,Travelers Club,150063 Victory Wine & Liquor,Off Premise,8/11/2026,1.00,
Hakan Sadik,100953 Castellani Etichetta Gialla Pinot Noir 1/12/750 mL Btl,Castellani Etichetta Gialla,150170 Express Liquors,Off Premise,8/14/2026,1.00,
Hakan Sadik,200310 Pride & Clarke Vodka 6/1.75 L Btl,Pride & Clarke,150183 Home Liquors(773 Newark),Off Premise,8/5/2026,1.00,
Hakan Sadik,200310 Pride & Clarke Vodka 6/1.75 L Btl,Pride & Clarke,150640 Firehouse Liquors,Off Premise,8/6/2026,1.00,
Hakan Sadik,200313 Pride & Clarke Vodka 24/375 mL Btl,Pride & Clarke,150062 United Liquor,Off Premise,7/24/2026,1.00,
Hakan Sadik,200314 Pride & Clarke Vodka 1/12/750 mL Btl,Pride & Clarke,150065 Vailsburg Wine/Liq (A),Off Premise,6/16/2026,1.00,
Hakan Sadik,200314 Pride & Clarke Vodka 1/12/750 mL Btl,Pride & Clarke,150618 Home Liquors(641 Newark),Off Premise,7/22/2026,1.00,
Hakan Sadik,200313 Pride & Clarke Vodka 24/375 mL Btl,Pride & Clarke,152009 Family Liquors,Off Premise,7/15/2026,1.00,
Hakan Sadik,200312 Pride & Clarke Vodka 48/200 mL Btl,Pride & Clarke,150218 Lyons Discount,Off Premise,6/2/2026,1.00,
Hakan Sadik,200310 Pride & Clarke Vodka 6/1.75 L Btl,Pride & Clarke,150604 Royal Liquors,Off Premise,8/4/2026,1.00,
Hakan Sadik,200311 Pride & Clarke Vodka 12/1 L Btl,Pride & Clarke,152013 C & D Liquors,Off Premise,6/10/2026,1.00,
Hakan Sadik,200312 Pride & Clarke Vodka 48/200 mL Btl,Pride & Clarke,150135 Home Liquors(520 East Orange),Off Premise,7/21/2026,1.00,
Hakan Sadik,200312 Pride & Clarke Vodka 48/200 mL Btl,Pride & Clarke,150602 Extra Wine & Liquor,Off Premise,8/13/2026,1.00,
Hakan Sadik,200312 Pride & Clarke Vodka 48/200 mL Btl,Pride & Clarke,150603 Quality Liquors,Off Premise,7/31/2026,1.00,
Hakan Sadik,200310 Pride & Clarke Vodka 6/1.75 L Btl,Pride & Clarke,150602 Extra Wine & Liquor,Off Premise,6/27/2026,1.00,
Hakan Sadik,200312 Pride & Clarke Vodka 48/200 mL Btl,Pride & Clarke,152010 Royal Wine Iv,Off Premise,6/27/2026,1.00,
Hakan Sadik,200310 Pride & Clarke Vodka 6/1.75 L Btl,Pride & Clarke,152002 Home Wine & Liquor (224 Newark),Off Premise,7/29/2026,1.00,
Hakan Sadik,200311 Pride & Clarke Vodka 12/1 L Btl,Pride & Clarke,150210 Scotland Arms Liquors,Off Premise,7/8/2026,1.00,
Hakan Sadik,200313 Pride & Clarke Vodka 24/375 mL Btl,Pride & Clarke,150211 Harmony Bar & Liquors,Off Premise,6/25/2026,1.00,
Hakan Sadik,200313 Pride & Clarke Vodka 24/375 mL Btl,Pride & Clarke,150221 Jonathan's Liquor Store,Off Premise,6/23/2026,1.00,
Hakan Sadik,200401 Travelers Club Vodka 48/200 mL Btl,Travelers Club,152035 City Line Super Liquor,Off Premise,6/10/2026,1.00,
Hakan Sadik,200313 Pride & Clarke Vodka 24/375 mL Btl,Pride & Clarke,150617 Irvington 876,Off Premise,7/28/2026,1.00,
Hakan Sadik,200314 Pride & Clarke Vodka 1/12/750 mL Btl,Pride & Clarke,150221 Jonathan's Liquor Store,Off Premise,8/20/2026,1.00,
Hakan Sadik,200310 Pride & Clarke Vodka 6/1.75 L Btl,Pride & Clarke,150646 Tonys Liquors #2,Off Premise,6/9/2026,1.00,
Hakan Sadik,200311 Pride & Clarke Vodka 12/1 L Btl,Pride & Clarke,150154 Toast Of The Town,Off Premise,6/26/2026,1.00,
Hakan Sadik,200402 Travelers Club Vodka 24/375 mL Btl,Travelers Club,152001 Manny's Liquors,Off Premise,6/19/2026,1.00,
Hakan Sadik,200314 Pride & Clarke Vodka 1/12/750 mL Btl,Pride & Clarke,152001 Manny's Liquors,Off Premise,7/15/2026,1.00,
Hakan Sadik,200401 Travelers Club Vodka 48/200 mL Btl,Travelers Club,152029 Skyline Liquors Iii,Off Premise,7/30/2026,1.00,
Hakan Sadik,200404 Traveler's Club Vodka 6/1.75 L Btl,Travelers Club,150607 Angel Liquors,Off Premise,6/30/2026,1.00,
Hakan Sadik,200312 Pride & Clarke Vodka 48/200 mL Btl,Pride & Clarke,150062 United Liquor,Off Premise,7/24/2026,1.00,
Hakan Sadik,200314 Pride & Clarke Vodka 1/12/750 mL Btl,Pride & Clarke,150186 Buy And Savings Liquor,Off Premise,8/19/2026,1.00,
Hakan Sadik,200313 Pride & Clarke Vodka 24/375 mL Btl,Pride & Clarke,150638 New Silver Key Liq Ii,Off Premise,6/17/2026,1.00,
Hakan Sadik,200314 Pride & Clarke Vodka 1/12/750 mL Btl,Pride & Clarke,150135 Home Liquors(520 East Orange),Off Premise,9/2/2026,,1.00
Hakan Sadik,200401 Travelers Club Vodka 48/200 mL Btl,Travelers Club,152035 City Line Super Liquor,Off Premise,8/27/2026,1.00,
Hakan Sadik,200402 Travelers Club Vodka 24/375 mL Btl,Travelers Club,152035 City Line Super Liquor,Off Premise,8/27/2026,1.00,
Hakan Sadik,200313 Pride & Clarke Vodka 24/375 mL Btl,Pride & Clarke,152008 Chancellor Newark,Off Premise,6/26/2026,1.00,
Hakan Sadik,200400 Travelers Club Vodka 12/1 L Btl,Travelers Club,152003 Hawthorne Quality Liquors,Off Premise,8/26/2026,1.00,
Hakan Sadik,200313 Pride & Clarke Vodka 24/375 mL Btl,Pride & Clarke,150230 King's W & L,Off Premise,8/20/2026,1.00,
Hakan Sadik,200314 Pride & Clarke Vodka 1/12/750 mL Btl,Pride & Clarke,150113 Express Two Liquors,Off Premise,6/11/2026,1.00,
Hakan Sadik,200314 Pride & Clarke Vodka 1/12/750 mL Btl,Pride & Clarke,150603 Quality Liquors,Off Premise,7/31/2026,1.00,
Hakan Sadik,200314 Pride & Clarke Vodka 1/12/750 mL Btl,Pride & Clarke,152010 Royal Wine Iv,Off Premise,6/10/2026,1.00,
Hakan Sadik,100953 Castellani Etichetta Gialla Pinot Noir 1/12/750 mL Btl,Castellani Etichetta Gialla,150615 Home Liquors(1277 Irvington),Off Premise,9/1/2026,,1.00
Hakan Sadik,200312 Pride & Clarke Vodka 48/200 mL Btl,Pride & Clarke,152035 City Line Super Liquor,Off Premise,8/27/2026,1.00,
Hakan Sadik,200313 Pride & Clarke Vodka 24/375 mL Btl,Pride & Clarke,150603 Quality Liquors,Off Premise,7/31/2026,1.00,
Hakan Sadik,200313 Pride & Clarke Vodka 24/375 mL Btl,Pride & Clarke,150646 Tonys Liquors #2,Off Premise,6/9/2026,1.00,
Hakan Sadik,200401 Travelers Club Vodka 48/200 mL Btl,Travelers Club,152035 City Line Super Liquor,Off Premise,7/29/2026,1.00,
Hakan Sadik,200402 Travelers Club Vodka 24/375 mL Btl,Travelers Club,150149 Homer Liquors,Off Premise,8/21/2026,1.00,
Hakan Sadik,200310 Pride & Clarke Vodka 6/1.75 L Btl,Pride & Clarke,150067 T&T Liquors (A),Off Premise,6/16/2026,1.00,
Hakan Sadik,200310 Pride & Clarke Vodka 6/1.75 L Btl,Pride & Clarke,152010 Royal Wine Iv,Off Premise,6/10/2026,1.00,
Hakan Sadik,200313 Pride & Clarke Vodka 24/375 mL Btl,Pride & Clarke,150062 United Liquor,Off Premise,6/27/2026,1.00,
Hakan Sadik,200313 Pride & Clarke Vodka 24/375 mL Btl,Pride & Clarke,150212 Home Wines & Liquors (Orange),Off Premise,7/9/2026,1.00,
Hakan Sadik,200314 Pride & Clarke Vodka 1/12/750 mL Btl,Pride & Clarke,152030 Austin Liquor,Off Premise,7/9/2026,1.00,
Hakan Sadik,200402 Travelers Club Vodka 24/375 mL Btl,Travelers Club,152010 Royal Wine Iv,Off Premise,6/10/2026,1.00,
Hakan Sadik,200402 Travelers Club Vodka 24/375 mL Btl,Travelers Club,152035 City Line Super Liquor,Off Premise,7/17/2026,1.00,
Hakan Sadik,200311 Pride & Clarke Vodka 12/1 L Btl,Pride & Clarke,152006 Skyline Liquors #2,Off Premise,6/3/2026,1.00,
Hakan Sadik,200312 Pride & Clarke Vodka 48/200 mL Btl,Pride & Clarke,150221 Jonathan's Liquor Store,Off Premise,8/20/2026,1.00,
Hakan Sadik,200313 Pride & Clarke Vodka 24/375 mL Btl,Pride & Clarke,150221 Jonathan's Liquor Store,Off Premise,6/2/2026,1.00,
Hakan Sadik,200402 Travelers Club Vodka 24/375 mL Btl,Travelers Club,150647 Home Town Clinton,Off Premise,6/30/2026,1.00,
Hakan Sadik,100953 Castellani Etichetta Gialla Pinot Noir 1/12/750 mL Btl,Castellani Etichetta Gialla,150113 Express Two Liquors,Off Premise,8/14/2026,1.00,
Hakan Sadik,200311 Pride & Clarke Vodka 12/1 L Btl,Pride & Clarke,150214 Three Corners Liquor/Bar,Off Premise,6/2/2026,1.00,
Hakan Sadik,200311 Pride & Clarke Vodka 12/1 L Btl,Pride & Clarke,150211 Harmony Bar & Liquors,Off Premise,6/25/2026,1.00,
Hakan Sadik,200312 Pride & Clarke Vodka 48/200 mL Btl,Pride & Clarke,150065 Vailsburg Wine/Liq (A),Off Premise,6/16/2026,1.00,
Hakan Sadik,200313 Pride & Clarke Vodka 24/375 mL Btl,Pride & Clarke,152035 City Line Super Liquor,Off Premise,6/27/2026,1.00,
Hakan Sadik,200313 Pride & Clarke Vodka 24/375 mL Btl,Pride & Clarke,152032 Avenue Liquors,Off Premise,8/7/2026,1.00,
Hakan Sadik,200314 Pride & Clarke Vodka 1/12/750 mL Btl,Pride & Clarke,150149 Homer Liquors,Off Premise,8/7/2026,1.00,
Hakan Sadik,200313 Pride & Clarke Vodka 24/375 mL Btl,Pride & Clarke,150602 Extra Wine & Liquor,Off Premise,8/13/2026,1.00,
Hakan Sadik,200402 Travelers Club Vodka 24/375 mL Btl,Travelers Club,150639 Azcona Liquors,Off Premise,7/24/2026,1.00,
Hakan Sadik,200312 Pride & Clarke Vodka 48/200 mL Btl,Pride & Clarke,150638 New Silver Key Liq Ii,Off Premise,6/17/2026,1.00,
Hakan Sadik,200314 Pride & Clarke Vodka 1/12/750 mL Btl,Pride & Clarke,150214 Three Corners Liquor/Bar,Off Premise,6/2/2026,1.00,
Hakan Sadik,200314 Pride & Clarke Vodka 1/12/750 mL Btl,Pride & Clarke,150607 Angel Liquors,Off Premise,6/30/2026,1.00,
Hakan Sadik,200402 Travelers Club Vodka 24/375 mL Btl,Travelers Club,152035 City Line Super Liquor,Off Premise,8/14/2026,1.00,
Hakan Sadik,200312 Pride & Clarke Vodka 48/200 mL Btl,Pride & Clarke,152001 Manny's Liquors,Off Premise,7/15/2026,1.00,
Hakan Sadik,200312 Pride & Clarke Vodka 48/200 mL Btl,Pride & Clarke,150614 International Liquor,Off Premise,6/16/2026,1.00,
Hakan Sadik,200313 Pride & Clarke Vodka 24/375 mL Btl,Pride & Clarke,150149 Homer Liquors,Off Premise,6/12/2026,1.00,
Hakan Sadik,200310 Pride & Clarke Vodka 6/1.75 L Btl,Pride & Clarke,150135 Home Liquors(520 East Orange),Off Premise,7/21/2026,1.00,
Hakan Sadik,200312 Pride & Clarke Vodka 48/200 mL Btl,Pride & Clarke,152015 954 Liquors,Off Premise,7/21/2026,1.00,
Hakan Sadik,200312 Pride & Clarke Vodka 48/200 mL Btl,Pride & Clarke,152032 Avenue Liquors,Off Premise,8/7/2026,1.00,
Hakan Sadik,200313 Pride & Clarke Vodka 24/375 mL Btl,Pride & Clarke,152035 City Line Super Liquor,Off Premise,8/14/2026,1.00,
Hakan Sadik,200400 Travelers Club Vodka 12/1 L Btl,Travelers Club,152003 Hawthorne Quality Liquors,Off Premise,7/21/2026,1.00,
Hakan Sadik,200402 Travelers Club Vodka 24/375 mL Btl,Travelers Club,150132 Boot Leggers W/L,Off Premise,6/15/2026,1.00,
Hakan Sadik,200404 Traveler's Club Vodka 6/1.75 L Btl,Travelers Club,152011 Royal Liquor Ii,Off Premise,8/7/2026,1.00,
Hakan Sadik,200310 Pride & Clarke Vodka 6/1.75 L Btl,Pride & Clarke,150614 International Liquor,Off Premise,6/16/2026,1.00,
Hakan Sadik,200312 Pride & Clarke Vodka 48/200 mL Btl,Pride & Clarke,152025 New Owl Liquors,Off Premise,7/23/2026,1.00,
Hakan Sadik,200314 Pride & Clarke Vodka 1/12/750 mL Btl,Pride & Clarke,150191 Home Wines & Liquors (927 Newark),Off Premise,6/26/2026,1.00,
Hakan Sadik,200312 Pride & Clarke Vodka 48/200 mL Btl,Pride & Clarke,150604 Royal Liquors,Off Premise,8/4/2026,1.00,
Hakan Sadik,200313 Pride & Clarke Vodka 24/375 mL Btl,Pride & Clarke,150210 Scotland Arms Liquors,Off Premise,7/8/2026,1.00,
Hakan Sadik,200312 Pride & Clarke Vodka 48/200 mL Btl,Pride & Clarke,150062 United Liquor,Off Premise,6/1/2026,1.00,
Hakan Sadik,200314 Pride & Clarke Vodka 1/12/750 mL Btl,Pride & Clarke,152029 Skyline Liquors Iii,Off Premise,6/30/2026,1.00,
Hakan Sadik,200314 Pride & Clarke Vodka 1/12/750 mL Btl,Pride & Clarke,150616 JRC Liquor,Off Premise,6/10/2026,1.00,
Hakan Sadik,200402 Travelers Club Vodka 24/375 mL Btl,Travelers Club,150602 Extra Wine & Liquor,Off Premise,8/28/2026,1.00,
Hakan Sadik,200312 Pride & Clarke Vodka 48/200 mL Btl,Pride & Clarke,150646 Tonys Liquors #2,Off Premise,6/9/2026,1.00,
Hakan Sadik,200401 Travelers Club Vodka 48/200 mL Btl,Travelers Club,152007 All Brothers Liquors #3 (Newark),Off Premise,8/21/2026,1.00,
Hakan Sadik,200310 Pride & Clarke Vodka 6/1.75 L Btl,Pride & Clarke,150617 Irvington 876,Off Premise,6/2/2026,1.00,
Hakan Sadik,200313 Pride & Clarke Vodka 24/375 mL Btl,Pride & Clarke,150166 Liquor Zone,Off Premise,7/10/2026,1.00,
Hakan Sadik,200312 Pride & Clarke Vodka 48/200 mL Btl,Pride & Clarke,152000 Royal Liquors 3,Off Premise,8/13/2026,1.00,
Hakan Sadik,200314 Pride & Clarke Vodka 1/12/750 mL Btl,Pride & Clarke,150603 Quality Liquors,Off Premise,6/30/2026,1.00,
Hakan Sadik,200313 Pride & Clarke Vodka 24/375 mL Btl,Pride & Clarke,150612 All Brothers Ii (Irvington),Off Premise,6/5/2026,1.00,
Hakan Sadik,200312 Pride & Clarke Vodka 48/200 mL Btl,Pride & Clarke,152008 Chancellor Newark,Off Premise,6/26/2026,1.00,
Hakan Sadik,200313 Pride & Clarke Vodka 24/375 mL Btl,Pride & Clarke,150065 Vailsburg Wine/Liq (A),Off Premise,6/16/2026,1.00,
Hakan Sadik,200314 Pride & Clarke Vodka 1/12/750 mL Btl,Pride & Clarke,150230 King's W & L,Off Premise,8/20/2026,1.00,
Hakan Sadik,200401 Travelers Club Vodka 48/200 mL Btl,Travelers Club,152035 City Line Super Liquor,Off Premise,6/27/2026,1.00,
Hakan Sadik,200313 Pride & Clarke Vodka 24/375 mL Btl,Pride & Clarke,150221 Jonathan's Liquor Store,Off Premise,8/20/2026,1.00,
Hakan Sadik,200402 Travelers Club Vodka 24/375 mL Btl,Travelers Club,152017 Pennsylvania Liquors,Off Premise,6/4/2026,1.00,
Hakan Sadik,200313 Pride & Clarke Vodka 24/375 mL Btl,Pride & Clarke,150191 Home Wines & Liquors (927 Newark),Off Premise,6/26/2026,1.00,
Hakan Sadik,200312 Pride & Clarke Vodka 48/200 mL Btl,Pride & Clarke,152006 Skyline Liquors #2,Off Premise,7/17/2026,1.00,
Hakan Sadik,200401 Travelers Club Vodka 48/200 mL Btl,Travelers Club,150616 JRC Liquor,Off Premise,9/2/2026,,1.00
Hakan Sadik,200402 Travelers Club Vodka 24/375 mL Btl,Travelers Club,150607 Angel Liquors,Off Premise,6/30/2026,1.00,
Hakan Sadik,200732 2 Canos Cheerful Frizzante Peach & Apricot 1/12/750 mL Btl,2 Canos,150173 Bloomfield Buyrite,Off Premise,8/11/2026,1.00,
Hakan Sadik,200311 Pride & Clarke Vodka 12/1 L Btl,Pride & Clarke,152008 Chancellor Newark,Off Premise,6/26/2026,1.00,
Hakan Sadik,200312 Pride & Clarke Vodka 48/200 mL Btl,Pride & Clarke,150149 Homer Liquors,Off Premise,6/12/2026,1.00,
Hakan Sadik,200312 Pride & Clarke Vodka 48/200 mL Btl,Pride & Clarke,150062 United Liquor,Off Premise,6/27/2026,1.00,
Hakan Sadik,200314 Pride & Clarke Vodka 1/12/750 mL Btl,Pride & Clarke,150221 Jonathan's Liquor Store,Off Premise,6/2/2026,1.00,
Hakan Sadik,200400 Travelers Club Vodka 12/1 L Btl,Travelers Club,152011 Royal Liquor Ii,Off Premise,8/7/2026,1.00,
Hakan Sadik,200313 Pride & Clarke Vodka 24/375 mL Btl,Pride & Clarke,150186 Buy And Savings Liquor,Off Premise,8/19/2026,1.00,
Hakan Sadik,200314 Pride & Clarke Vodka 1/12/750 mL Btl,Pride & Clarke,152035 City Line Super Liquor,Off Premise,7/17/2026,1.00,
Hakan Sadik,200310 Pride & Clarke Vodka 6/1.75 L Btl,Pride & Clarke,150113 Express Two Liquors,Off Premise,6/11/2026,1.00,
Hakan Sadik,200310 Pride & Clarke Vodka 6/1.75 L Btl,Pride & Clarke,150062 United Liquor,Off Premise,6/27/2026,1.00,
Hakan Sadik,200403 Travelers Club Vodka 1/12/750 mL Btl,Travelers Club,150648 Brick City Liquors,Off Premise,6/18/2026,1.00,
Hakan Sadik,200310 Pride & Clarke Vodka 6/1.75 L Btl,Pride & Clarke,150618 Home Liquors(641 Newark),Off Premise,7/22/2026,1.00,
Hakan Sadik,200312 Pride & Clarke Vodka 48/200 mL Btl,Pride & Clarke,150211 Harmony Bar & Liquors,Off Premise,6/25/2026,1.00,
Hakan Sadik,200312 Pride & Clarke Vodka 48/200 mL Btl,Pride & Clarke,150602 Extra Wine & Liquor,Off Premise,6/27/2026,1.00,
Hakan Sadik,200402 Travelers Club Vodka 24/375 mL Btl,Travelers Club,150062 United Liquor,Off Premise,6/27/2026,1.00,
Hakan Sadik,200313 Pride & Clarke Vodka 24/375 mL Btl,Pride & Clarke,150149 Homer Liquors,Off Premise,8/7/2026,1.00,
Hakan Sadik,200313 Pride & Clarke Vodka 24/375 mL Btl,Pride & Clarke,150135 Home Liquors(520 East Orange),Off Premise,7/21/2026,1.00,
Hakan Sadik,200310 Pride & Clarke Vodka 6/1.75 L Btl,Pride & Clarke,150214 Three Corners Liquor/Bar,Off Premise,7/31/2026,1.00,
Hakan Sadik,200311 Pride & Clarke Vodka 12/1 L Btl,Pride & Clarke,150210 Scotland Arms Liquors,Off Premise,6/4/2026,1.00,
Hakan Sadik,200311 Pride & Clarke Vodka 12/1 L Btl,Pride & Clarke,152013 C & D Liquors,Off Premise,7/8/2026,1.00,
Hakan Sadik,200312 Pride & Clarke Vodka 48/200 mL Btl,Pride & Clarke,150066 New Home Liquor,Off Premise,8/12/2026,1.00,
Hakan Sadik,200314 Pride & Clarke Vodka 1/12/750 mL Btl,Pride & Clarke,150210 Scotland Arms Liquors,Off Premise,7/8/2026,1.00,
Hakan Sadik,200313 Pride & Clarke Vodka 24/375 mL Btl,Pride & Clarke,152013 C & D Liquors,Off Premise,6/10/2026,1.00,
Hakan Sadik,200314 Pride & Clarke Vodka 1/12/750 mL Btl,Pride & Clarke,150644 Fox's Liquor,Off Premise,7/10/2026,1.00,
Hakan Sadik,200310 Pride & Clarke Vodka 6/1.75 L Btl,Pride & Clarke,150617 Irvington 876,Off Premise,7/28/2026,1.00,
Hakan Sadik,200312 Pride & Clarke Vodka 48/200 mL Btl,Pride & Clarke,150183 Home Liquors(773 Newark),Off Premise,8/5/2026,1.00,
Hakan Sadik,200312 Pride & Clarke Vodka 48/200 mL Btl,Pride & Clarke,150186 Buy And Savings Liquor,Off Premise,8/19/2026,1.00,
Hakan Sadik,200314 Pride & Clarke Vodka 1/12/750 mL Btl,Pride & Clarke,152035 City Line Super Liquor,Off Premise,6/2/2026,1.00,
Hakan Sadik,200314 Pride & Clarke Vodka 1/12/750 mL Btl,Pride & Clarke,152035 City Line Super Liquor,Off Premise,8/14/2026,1.00,
Hakan Sadik,200313 Pride & Clarke Vodka 24/375 mL Btl,Pride & Clarke,150614 International Liquor,Off Premise,7/28/2026,1.00,
Hakan Sadik,200401 Travelers Club Vodka 48/200 mL Btl,Travelers Club,152017 Pennsylvania Liquors,Off Premise,6/4/2026,1.00,
Hakan Sadik,200404 Traveler's Club Vodka 6/1.75 L Btl,Travelers Club,152002 Home Wine & Liquor (224 Newark),Off Premise,8/5/2026,1.00,
Hakan Sadik,200733 2 Canos Cheerful Frizzante Strawberry & Coconut 1/12/750 mL Btl,2 Canos,150173 Bloomfield Buyrite,Off Premise,8/11/2026,1.00,
Hakan Sadik,200312 Pride & Clarke Vodka 48/200 mL Btl,Pride & Clarke,150616 JRC Liquor,Off Premise,8/19/2026,1.00,
Hakan Sadik,200313 Pride & Clarke Vodka 24/375 mL Btl,Pride & Clarke,150225 Park Ave Wine & Liquors,Off Premise,6/19/2026,1.00,
Hakan Sadik,200313 Pride & Clarke Vodka 24/375 mL Btl,Pride & Clarke,150639 Azcona Liquors,Off Premise,7/8/2026,1.00,
Hakan Sadik,200313 Pride & Clarke Vodka 24/375 mL Btl,Pride & Clarke,152001 Manny's Liquors,Off Premise,7/15/2026,1.00,
Hakan Sadik,200313 Pride & Clarke Vodka 24/375 mL Btl,Pride & Clarke,152006 Skyline Liquors #2,Off Premise,7/17/2026,1.00,
Hakan Sadik,200312 Pride & Clarke Vodka 48/200 mL Btl,Pride & Clarke,152030 Austin Liquor,Off Premise,7/9/2026,1.00,
Hakan Sadik,200312 Pride & Clarke Vodka 48/200 mL Btl,Pride & Clarke,150132 Boot Leggers W/L,Off Premise,8/4/2026,1.00,
Hakan Sadik,200311 Pride & Clarke Vodka 12/1 L Btl,Pride & Clarke,152015 954 Liquors,Off Premise,6/2/2026,1.00,
Hakan Sadik,200311 Pride & Clarke Vodka 12/1 L Btl,Pride & Clarke,150221 Jonathan's Liquor Store,Off Premise,6/23/2026,1.00,
Hakan Sadik,200402 Travelers Club Vodka 24/375 mL Btl,Travelers Club,152003 Hawthorne Quality Liquors,Off Premise,8/26/2026,1.00,
Hakan Sadik,200402 Travelers Club Vodka 24/375 mL Btl,Travelers Club,150618 Home Liquors(641 Newark),Off Premise,8/26/2026,1.00,
Hakan Sadik,200310 Pride & Clarke Vodka 6/1.75 L Btl,Pride & Clarke,150667 Jason Liquors,Off Premise,7/10/2026,1.00,
Hakan Sadik,200312 Pride & Clarke Vodka 48/200 mL Btl,Pride & Clarke,150214 Three Corners Liquor/Bar,Off Premise,6/2/2026,1.00,
Hakan Sadik,200312 Pride & Clarke Vodka 48/200 mL Btl,Pride & Clarke,150614 International Liquor,Off Premise,8/18/2026,1.00,
Hakan Sadik,200312 Pride & Clarke Vodka 48/200 mL Btl,Pride & Clarke,152009 Family Liquors,Off Premise,7/15/2026,1.00,
Hakan Sadik,200312 Pride & Clarke Vodka 48/200 mL Btl,Pride & Clarke,152035 City Line Super Liquor,Off Premise,7/29/2026,1.00,
Hakan Sadik,200401 Travelers Club Vodka 48/200 mL Btl,Travelers Club,152003 Hawthorne Quality Liquors,Off Premise,7/21/2026,1.00,
Hakan Sadik,200313 Pride & Clarke Vodka 24/375 mL Btl,Pride & Clarke,152010 Royal Wine Iv,Off Premise,6/10/2026,1.00,
Hakan Sadik,200402 Travelers Club Vodka 24/375 mL Btl,Travelers Club,150062 United Liquor,Off Premise,8/19/2026,1.00,
Hakan Sadik,200310 Pride & Clarke Vodka 6/1.75 L Btl,Pride & Clarke,150065 Vailsburg Wine/Liq (A),Off Premise,6/16/2026,1.00,
Hakan Sadik,200404 Traveler's Club Vodka 6/1.75 L Btl,Travelers Club,152003 Hawthorne Quality Liquors,Off Premise,8/26/2026,1.00,
Hakan Sadik,200310 Pride & Clarke Vodka 6/1.75 L Btl,Pride & Clarke,150648 Brick City Liquors,Off Premise,7/16/2026,1.00,
Hakan Sadik,200312 Pride & Clarke Vodka 48/200 mL Btl,Pride & Clarke,152010 Royal Wine Iv,Off Premise,6/10/2026,1.00,
Hakan Sadik,200402 Travelers Club Vodka 24/375 mL Btl,Travelers Club,150648 Brick City Liquors,Off Premise,6/26/2026,1.00,
Hakan Sadik,200402 Travelers Club Vodka 24/375 mL Btl,Travelers Club,152007 All Brothers Liquors #3 (Newark),Off Premise,8/21/2026,1.00,
Hakan Sadik,200312 Pride & Clarke Vodka 48/200 mL Btl,Pride & Clarke,150671 Al - Liquors,Off Premise,7/9/2026,1.00,
Hakan Sadik,200313 Pride & Clarke Vodka 24/375 mL Btl,Pride & Clarke,150617 Irvington 876,Off Premise,9/2/2026,,1.00
Hakan Sadik,200313 Pride & Clarke Vodka 24/375 mL Btl,Pride & Clarke,152003 Hawthorne Quality Liquors,Off Premise,8/7/2026,1.00,
Hakan Sadik,200294 Molly's Irish Cream 1/12/750 mL Btl,Molly's,150668 Chancellor Irvington,Off Premise,6/4/2026,1.00,
Hakan Sadik,200310 Pride & Clarke Vodka 6/1.75 L Btl,Pride & Clarke,152015 954 Liquors,Off Premise,7/21/2026,1.00,
Hakan Sadik,200311 Pride & Clarke Vodka 12/1 L Btl,Pride & Clarke,150648 Brick City Liquors,Off Premise,7/16/2026,1.00,
Hakan Sadik,200312 Pride & Clarke Vodka 48/200 mL Btl,Pride & Clarke,150230 King's W & L,Off Premise,8/20/2026,1.00,
Hakan Sadik,200312 Pride & Clarke Vodka 48/200 mL Btl,Pride & Clarke,152003 Hawthorne Quality Liquors,Off Premise,8/7/2026,1.00,
Hakan Sadik,200313 Pride & Clarke Vodka 24/375 mL Btl,Pride & Clarke,150066 New Home Liquor,Off Premise,8/12/2026,1.00,
Hakan Sadik,200314 Pride & Clarke Vodka 1/12/750 mL Btl,Pride & Clarke,150170 Express Liquors,Off Premise,6/5/2026,1.00,
Hakan Sadik,200312 Pride & Clarke Vodka 48/200 mL Btl,Pride & Clarke,152035 City Line Super Liquor,Off Premise,7/17/2026,1.00,
Hakan Sadik,200312 Pride & Clarke Vodka 48/200 mL Btl,Pride & Clarke,152035 City Line Super Liquor,Off Premise,8/14/2026,1.00,
Hakan Sadik,200314 Pride & Clarke Vodka 1/12/750 mL Btl,Pride & Clarke,150183 Home Liquors(773 Newark),Off Premise,8/5/2026,1.00,
Hakan Sadik,200401 Travelers Club Vodka 48/200 mL Btl,Travelers Club,152010 Royal Wine Iv,Off Premise,6/10/2026,1.00,
Hakan Sadik,200310 Pride & Clarke Vodka 6/1.75 L Btl,Pride & Clarke,152008 Chancellor Newark,Off Premise,6/26/2026,1.00,
Hakan Sadik,200312 Pride & Clarke Vodka 48/200 mL Btl,Pride & Clarke,150221 Jonathan's Liquor Store,Off Premise,6/23/2026,1.00,
Hakan Sadik,200313 Pride & Clarke Vodka 24/375 mL Btl,Pride & Clarke,150667 Jason Liquors,Off Premise,7/10/2026,1.00,
Hakan Sadik,200401 Travelers Club Vodka 48/200 mL Btl,Travelers Club,150186 Buy And Savings Liquor,Off Premise,8/19/2026,1.00,
Hakan Sadik,200402 Travelers Club Vodka 24/375 mL Btl,Travelers Club,150062 United Liquor,Off Premise,6/16/2026,1.00,
Hakan Sadik,200402 Travelers Club Vodka 24/375 mL Btl,Travelers Club,152025 New Owl Liquors,Off Premise,7/9/2026,1.00,
Hakan Sadik,200402 Travelers Club Vodka 24/375 mL Btl,Travelers Club,150063 Victory Wine & Liquor,Off Premise,8/25/2026,1.00,
Hakan Sadik,200171 Chateau Diana Caberner Sauvigon 12/750 mL Btl,Chateau Diana,150145 Wine 2 Spirits,Off Premise,8/5/2026,1.00,
Hakan Sadik,200293 Molly's Irish Cream 60/50 mL Btl,Molly's,150156 Ivy Plaza Liquors,Off Premise,8/13/2026,1.00,
Hakan Sadik,200311 Pride & Clarke Vodka 12/1 L Btl,Pride & Clarke,150618 Home Liquors(641 Newark),Off Premise,6/10/2026,1.00,
Hakan Sadik,200313 Pride & Clarke Vodka 24/375 mL Btl,Pride & Clarke,152035 City Line Super Liquor,Off Premise,7/17/2026,1.00,
Hakan Sadik,200314 Pride & Clarke Vodka 1/12/750 mL Btl,Pride & Clarke,150617 Irvington 876,Off Premise,6/2/2026,1.00,
Hakan Sadik,200402 Travelers Club Vodka 24/375 mL Btl,Travelers Club,150616 JRC Liquor,Off Premise,9/2/2026,,1.00
Hakan Sadik,200312 Pride & Clarke Vodka 48/200 mL Btl,Pride & Clarke,150618 Home Liquors(641 Newark),Off Premise,7/22/2026,1.00,
Hakan Sadik,200292 Molly's Irish Cream 12/1 L Btl,Molly's,150156 Ivy Plaza Liquors,Off Premise,8/13/2026,1.00,
Hakan Sadik,200310 Pride & Clarke Vodka 6/1.75 L Btl,Pride & Clarke,152001 Manny's Liquors,Off Premise,7/15/2026,1.00,
Hakan Sadik,200314 Pride & Clarke Vodka 1/12/750 mL Btl,Pride & Clarke,150226 Silver Wine & Liquor,Off Premise,7/2/2026,1.00,
Hakan Sadik,200312 Pride & Clarke Vodka 48/200 mL Btl,Pride & Clarke,150607 Angel Liquors,Off Premise,6/30/2026,1.00,
Hakan Sadik,200314 Pride & Clarke Vodka 1/12/750 mL Btl,Pride & Clarke,150669 A-1 Payless Liquors,Off Premise,9/1/2026,,1.00
Hakan Sadik,200401 Travelers Club Vodka 48/200 mL Btl,Travelers Club,152035 City Line Super Liquor,Off Premise,6/2/2026,1.00,
Hakan Sadik,200312 Pride & Clarke Vodka 48/200 mL Btl,Pride & Clarke,150616 JRC Liquor,Off Premise,6/10/2026,1.00,
Hakan Sadik,200312 Pride & Clarke Vodka 48/200 mL Btl,Pride & Clarke,150667 Jason Liquors,Off Premise,7/10/2026,1.00,
Hakan Sadik,200314 Pride & Clarke Vodka 1/12/750 mL Btl,Pride & Clarke,150062 United Liquor,Off Premise,6/1/2026,1.00,
Hakan Sadik,200312 Pride & Clarke Vodka 48/200 mL Btl,Pride & Clarke,150617 Irvington 876,Off Premise,7/28/2026,1.00,
Hakan Sadik,200400 Travelers Club Vodka 12/1 L Btl,Travelers Club,152003 Hawthorne Quality Liquors,Off Premise,6/3/2026,1.00,
Hakan Sadik,200404 Traveler's Club Vodka 6/1.75 L Btl,Travelers Club,150668 Chancellor Irvington,Off Premise,8/7/2026,1.00,
Hakan Sadik,200311 Pride & Clarke Vodka 12/1 L Btl,Pride & Clarke,152000 Royal Liquors 3,Off Premise,6/17/2026,1.00,
Hakan Sadik,200314 Pride & Clarke Vodka 1/12/750 mL Btl,Pride & Clarke,150618 Home Liquors(641 Newark),Off Premise,6/3/2026,1.00,
Hakan Sadik,200314 Pride & Clarke Vodka 1/12/750 mL Btl,Pride & Clarke,152003 Hawthorne Quality Liquors,Off Premise,6/3/2026,1.00,
Hakan Sadik,200311 Pride & Clarke Vodka 12/1 L Btl,Pride & Clarke,152010 Royal Wine Iv,Off Premise,6/10/2026,1.00,
Hakan Sadik,200402 Travelers Club Vodka 24/375 mL Btl,Travelers Club,150063 Victory Wine & Liquor,Off Premise,7/21/2026,1.00,
Hakan Sadik,200310 Pride & Clarke Vodka 6/1.75 L Btl,Pride & Clarke,152003 Hawthorne Quality Liquors,Off Premise,8/7/2026,1.00,
Hakan Sadik,200313 Pride & Clarke Vodka 24/375 mL Btl,Pride & Clarke,150062 United Liquor,Off Premise,6/1/2026,1.00,
Hakan Sadik,200313 Pride & Clarke Vodka 24/375 mL Btl,Pride & Clarke,150669 A-1 Payless Liquors,Off Premise,9/1/2026,,1.00
Hakan Sadik,200402 Travelers Club Vodka 24/375 mL Btl,Travelers Club,150639 Azcona Liquors,Off Premise,8/21/2026,1.00,
Hakan Sadik,200314 Pride & Clarke Vodka 1/12/750 mL Btl,Pride & Clarke,152000 Royal Liquors 3,Off Premise,8/13/2026,1.00,
Hakan Sadik,200313 Pride & Clarke Vodka 24/375 mL Btl,Pride & Clarke,152000 Royal Liquors 3,Off Premise,8/13/2026,1.00,
Hakan Sadik,200402 Travelers Club Vodka 24/375 mL Btl,Travelers Club,152003 Hawthorne Quality Liquors,Off Premise,7/21/2026,1.00,
Hakan Sadik,200311 Pride & Clarke Vodka 12/1 L Btl,Pride & Clarke,150607 Angel Liquors,Off Premise,6/30/2026,1.00,
Hakan Sadik,200517 Southern Tier Pumking Whiskey 6/750 mL Btl,Southern Tier Distilling,150173 Bloomfield Buyrite,Off Premise,8/18/2026,1.00,
Hakan Sadik,200310 Pride & Clarke Vodka 6/1.75 L Btl,Pride & Clarke,152035 City Line Super Liquor,Off Premise,6/2/2026,1.00,
Hakan Sadik,200312 Pride & Clarke Vodka 48/200 mL Btl,Pride & Clarke,150612 All Brothers Ii (Irvington),Off Premise,6/5/2026,1.00,
Hakan Sadik,200312 Pride & Clarke Vodka 48/200 mL Btl,Pride & Clarke,152035 City Line Super Liquor,Off Premise,6/2/2026,1.00,
Hakan Sadik,200403 Travelers Club Vodka 1/12/750 mL Btl,Travelers Club,152003 Hawthorne Quality Liquors,Off Premise,8/26/2026,1.00,
Hakan Sadik,200312 Pride & Clarke Vodka 48/200 mL Btl,Pride & Clarke,150151 Maple Liquors,Off Premise,8/27/2026,1.00,
Hakan Sadik,200313 Pride & Clarke Vodka 24/375 mL Btl,Pride & Clarke,150135 Home Liquors(520 East Orange),Off Premise,6/9/2026,1.00,
Hakan Sadik,200314 Pride & Clarke Vodka 1/12/750 mL Btl,Pride & Clarke,150616 JRC Liquor,Off Premise,8/19/2026,1.00,
Hakan Sadik,200404 Traveler's Club Vodka 6/1.75 L Btl,Travelers Club,152019 New Silver Key Iii,Off Premise,7/15/2026,1.00,
Hakan Sadik,200310 Pride & Clarke Vodka 6/1.75 L Btl,Pride & Clarke,150616 JRC Liquor,Off Premise,8/19/2026,1.00,
Hakan Sadik,200312 Pride & Clarke Vodka 48/200 mL Btl,Pride & Clarke,150149 Homer Liquors,Off Premise,8/7/2026,1.00,
Hakan Sadik,200313 Pride & Clarke Vodka 24/375 mL Btl,Pride & Clarke,150154 Toast Of The Town,Off Premise,6/26/2026,1.00,
Hakan Sadik,200314 Pride & Clarke Vodka 1/12/750 mL Btl,Pride & Clarke,150614 International Liquor,Off Premise,6/16/2026,1.00,
Hakan Sadik,200313 Pride & Clarke Vodka 24/375 mL Btl,Pride & Clarke,152015 954 Liquors,Off Premise,9/1/2026,,1.00
Hakan Sadik,200314 Pride & Clarke Vodka 1/12/750 mL Btl,Pride & Clarke,152006 Skyline Liquors #2,Off Premise,6/3/2026,1.00,
Hakan Sadik,200310 Pride & Clarke Vodka 6/1.75 L Btl,Pride & Clarke,150066 New Home Liquor,Off Premise,8/12/2026,1.00,
Hakan Sadik,200310 Pride & Clarke Vodka 6/1.75 L Btl,Pride & Clarke,152015 954 Liquors,Off Premise,9/1/2026,,1.00
Hakan Sadik,200312 Pride & Clarke Vodka 48/200 mL Btl,Pride & Clarke,152019 New Silver Key Iii,Off Premise,7/15/2026,1.00,
Hakan Sadik,200401 Travelers Club Vodka 48/200 mL Btl,Travelers Club,152010 Royal Wine Iv,Off Premise,7/30/2026,1.00,
Hakan Sadik,200403 Travelers Club Vodka 1/12/750 mL Btl,Travelers Club,150602 Extra Wine & Liquor,Off Premise,8/28/2026,1.00,
Hakan Sadik,200310 Pride & Clarke Vodka 6/1.75 L Btl,Pride & Clarke,150154 Toast Of The Town,Off Premise,6/26/2026,1.00,
Hakan Sadik,200310 Pride & Clarke Vodka 6/1.75 L Btl,Pride & Clarke,150602 Extra Wine & Liquor,Off Premise,8/13/2026,1.00,
Hakan Sadik,200310 Pride & Clarke Vodka 6/1.75 L Btl,Pride & Clarke,150603 Quality Liquors,Off Premise,6/30/2026,1.00,
Hakan Sadik,200311 Pride & Clarke Vodka 12/1 L Btl,Pride & Clarke,152029 Skyline Liquors Iii,Off Premise,6/30/2026,1.00,
Hakan Sadik,200313 Pride & Clarke Vodka 24/375 mL Btl,Pride & Clarke,150640 Firehouse Liquors,Off Premise,8/6/2026,1.00,
Hakan Sadik,200404 Traveler's Club Vodka 6/1.75 L Btl,Travelers Club,150065 Vailsburg Wine/Liq (A),Off Premise,8/17/2026,1.00,
Hakan Sadik,200310 Pride & Clarke Vodka 6/1.75 L Btl,Pride & Clarke,150186 Buy And Savings Liquor,Off Premise,8/19/2026,1.00,
Hakan Sadik,200310 Pride & Clarke Vodka 6/1.75 L Btl,Pride & Clarke,150603 Quality Liquors,Off Premise,7/31/2026,1.00,
Hakan Sadik,200314 Pride & Clarke Vodka 1/12/750 mL Btl,Pride & Clarke,150646 Tonys Liquors #2,Off Premise,6/9/2026,1.00,
Hakan Sadik,200313 Pride & Clarke Vodka 24/375 mL Btl,Pride & Clarke,152035 City Line Super Liquor,Off Premise,7/29/2026,1.00,
Hakan Sadik,200314 Pride & Clarke Vodka 1/12/750 mL Btl,Pride & Clarke,150668 Chancellor Irvington,Off Premise,6/4/2026,1.00,
Hakan Sadik,200314 Pride & Clarke Vodka 1/12/750 mL Btl,Pride & Clarke,152010 Royal Wine Iv,Off Premise,6/27/2026,1.00,
Hakan Sadik,200314 Pride & Clarke Vodka 1/12/750 mL Btl,Pride & Clarke,150210 Scotland Arms Liquors,Off Premise,6/4/2026,1.00,
Hakan Sadik,200404 Traveler's Club Vodka 6/1.75 L Btl,Travelers Club,150648 Brick City Liquors,Off Premise,8/7/2026,1.00,
Hakan Sadik,200313 Pride & Clarke Vodka 24/375 mL Btl,Pride & Clarke,150132 Boot Leggers W/L,Off Premise,8/4/2026,1.00,
Hakan Sadik,200314 Pride & Clarke Vodka 1/12/750 mL Btl,Pride & Clarke,152000 Royal Liquors 3,Off Premise,6/17/2026,1.00,
Hakan Sadik,200313 Pride & Clarke Vodka 24/375 mL Btl,Pride & Clarke,150616 JRC Liquor,Off Premise,8/19/2026,1.00,
Hakan Sadik,200312 Pride & Clarke Vodka 48/200 mL Btl,Pride & Clarke,150063 Victory Wine & Liquor,Off Premise,6/24/2026,1.00,
Hakan Sadik,200313 Pride & Clarke Vodka 24/375 mL Btl,Pride & Clarke,150617 Irvington 876,Off Premise,6/16/2026,1.00,
Hakan Sadik,200313 Pride & Clarke Vodka 24/375 mL Btl,Pride & Clarke,152015 954 Liquors,Off Premise,7/21/2026,1.00,
Hakan Sadik,200313 Pride & Clarke Vodka 24/375 mL Btl,Pride & Clarke,152035 City Line Super Liquor,Off Premise,6/10/2026,1.00,
Hakan Sadik,200313 Pride & Clarke Vodka 24/375 mL Btl,Pride & Clarke,150214 Three Corners Liquor/Bar,Off Premise,6/2/2026,1.00,
Hakan Sadik,200313 Pride & Clarke Vodka 24/375 mL Btl,Pride & Clarke,152035 City Line Super Liquor,Off Premise,6/2/2026,1.00,
Hakan Sadik,200314 Pride & Clarke Vodka 1/12/750 mL Btl,Pride & Clarke,150211 Harmony Bar & Liquors,Off Premise,6/25/2026,1.00,
Hakan Sadik,200312 Pride & Clarke Vodka 48/200 mL Btl,Pride & Clarke,150214 Three Corners Liquor/Bar,Off Premise,7/31/2026,1.00,
Hakan Sadik,200401 Travelers Club Vodka 48/200 mL Btl,Travelers Club,150607 Angel Liquors,Off Premise,6/30/2026,1.00,
Hakan Sadik,200402 Travelers Club Vodka 24/375 mL Btl,Travelers Club,150221 Jonathan's Liquor Store,Off Premise,7/27/2026,1.00,
Hakan Sadik,200310 Pride & Clarke Vodka 6/1.75 L Btl,Pride & Clarke,152006 Skyline Liquors #2,Off Premise,7/17/2026,1.00,
Hakan Sadik,200313 Pride & Clarke Vodka 24/375 mL Btl,Pride & Clarke,150218 Lyons Discount,Off Premise,8/4/2026,1.00,
Hakan Sadik,200314 Pride & Clarke Vodka 1/12/750 mL Btl,Pride & Clarke,150166 Liquor Zone,Off Premise,7/10/2026,1.00,
Hakan Sadik,200311 Pride & Clarke Vodka 12/1 L Btl,Pride & Clarke,152003 Hawthorne Quality Liquors,Off Premise,6/3/2026,1.00,
Hakan Sadik,200313 Pride & Clarke Vodka 24/375 mL Btl,Pride & Clarke,150214 Three Corners Liquor/Bar,Off Premise,7/31/2026,1.00,
Hakan Sadik,200313 Pride & Clarke Vodka 24/375 mL Btl,Pride & Clarke,150602 Extra Wine & Liquor,Off Premise,6/27/2026,1.00,
Hakan Sadik,200401 Travelers Club Vodka 48/200 mL Btl,Travelers Club,152035 City Line Super Liquor,Off Premise,8/14/2026,1.00,
Hakan Sadik,200312 Pride & Clarke Vodka 48/200 mL Btl,Pride & Clarke,150191 Home Wines & Liquors (927 Newark),Off Premise,6/26/2026,1.00,
Hakan Sadik,200313 Pride & Clarke Vodka 24/375 mL Btl,Pride & Clarke,152019 New Silver Key Iii,Off Premise,7/15/2026,1.00,
Hakan Sadik,200314 Pride & Clarke Vodka 1/12/750 mL Btl,Pride & Clarke,150602 Extra Wine & Liquor,Off Premise,6/27/2026,1.00,
Hakan Sadik,200401 Travelers Club Vodka 48/200 mL Btl,Travelers Club,152003 Hawthorne Quality Liquors,Off Premise,6/3/2026,1.00,
Hakan Sadik,200292 Molly's Irish Cream 12/1 L Btl,Molly's,150618 Home Liquors(641 Newark),Off Premise,6/10/2026,1.00,
Hakan Sadik,200311 Pride & Clarke Vodka 12/1 L Btl,Pride & Clarke,152019 New Silver Key Iii,Off Premise,7/15/2026,1.00,
Hakan Sadik,200314 Pride & Clarke Vodka 1/12/750 mL Btl,Pride & Clarke,150135 Home Liquors(520 East Orange),Off Premise,6/9/2026,1.00,
Hakan Sadik,200314 Pride & Clarke Vodka 1/12/750 mL Btl,Pride & Clarke,150221 Jonathan's Liquor Store,Off Premise,6/23/2026,1.00,
Hakan Sadik,200402 Travelers Club Vodka 24/375 mL Btl,Travelers Club,150186 Buy And Savings Liquor,Off Premise,8/19/2026,1.00,
Hakan Sadik,200314 Pride & Clarke Vodka 1/12/750 mL Btl,Pride & Clarke,150218 Lyons Discount,Off Premise,6/2/2026,1.00,
Hakan Sadik,200291 Molly's Irish Cream 6/1.75 L Btl,Molly's,150668 Chancellor Irvington,Off Premise,6/4/2026,1.00,
Hakan Sadik,200404 Traveler's Club Vodka 6/1.75 L Btl,Travelers Club,150616 JRC Liquor,Off Premise,9/2/2026,,1.00
Hakan Sadik,200291 Molly's Irish Cream 6/1.75 L Btl,Molly's,150618 Home Liquors(641 Newark),Off Premise,6/24/2026,1.00,
Hakan Sadik,200294 Molly's Irish Cream 1/12/750 mL Btl,Molly's,150147 Irvington Liquors,Off Premise,6/16/2026,1.00,
Hakan Sadik,200312 Pride & Clarke Vodka 48/200 mL Btl,Pride & Clarke,150169 Pueblo Liquor,Off Premise,7/3/2026,1.00,
Hakan Sadik,200312 Pride & Clarke Vodka 48/200 mL Btl,Pride & Clarke,150184 Newark Discount Wine and Spirits,Off Premise,8/7/2026,1.00,
Hakan Sadik,200314 Pride & Clarke Vodka 1/12/750 mL Btl,Pride & Clarke,150638 New Silver Key Liq Ii,Off Premise,6/17/2026,1.00,
Hakan Sadik,200312 Pride & Clarke Vodka 48/200 mL Btl,Pride & Clarke,152013 C & D Liquors,Off Premise,6/10/2026,1.00,
Hakan Sadik,200402 Travelers Club Vodka 24/375 mL Btl,Travelers Club,150191 Home Wines & Liquors (927 Newark),Off Premise,7/21/2026,1.00,
Hakan Sadik,200312 Pride & Clarke Vodka 48/200 mL Btl,Pride & Clarke,152035 City Line Super Liquor,Off Premise,6/27/2026,1.00,
Hakan Sadik,200314 Pride & Clarke Vodka 1/12/750 mL Btl,Pride & Clarke,150212 Home Wines & Liquors (Orange),Off Premise,7/9/2026,1.00,
Hakan Sadik,200312 Pride & Clarke Vodka 48/200 mL Btl,Pride & Clarke,150225 Park Ave Wine & Liquors,Off Premise,6/19/2026,1.00,
Hakan Sadik,200312 Pride & Clarke Vodka 48/200 mL Btl,Pride & Clarke,150669 A-1 Payless Liquors,Off Premise,9/1/2026,,1.00
Hakan Sadik,200402 Travelers Club Vodka 24/375 mL Btl,Travelers Club,152011 Royal Liquor Ii,Off Premise,8/7/2026,1.00,
Hakan Sadik,200174 Chateau Diana Pinot Grigio 12/750 mL Btl,Chateau Diana,150024 Mcgovern's Tavern(A),On Premise,7/29/2026,1.00,
Hakan Sadik,200403 Travelers Club Vodka 1/12/750 mL Btl,Travelers Club,152003 Hawthorne Quality Liquors,Off Premise,7/21/2026,1.00,
Hakan Sadik,200313 Pride & Clarke Vodka 24/375 mL Btl,Pride & Clarke,150151 Maple Liquors,Off Premise,8/13/2026,1.00,
Hakan Sadik,200314 Pride & Clarke Vodka 1/12/750 mL Btl,Pride & Clarke,152015 954 Liquors,Off Premise,6/2/2026,1.00,
Hakan Sadik,200313 Pride & Clarke Vodka 24/375 mL Btl,Pride & Clarke,150604 Royal Liquors,Off Premise,8/4/2026,1.00,
Hakan Sadik,200403 Travelers Club Vodka 1/12/750 mL Btl,Travelers Club,152019 New Silver Key Iii,Off Premise,7/15/2026,1.00,
Hakan Sadik,200310 Pride & Clarke Vodka 6/1.75 L Btl,Pride & Clarke,150211 Harmony Bar & Liquors,Off Premise,6/25/2026,1.00,
Hakan Sadik,200404 Traveler's Club Vodka 6/1.75 L Btl,Travelers Club,152003 Hawthorne Quality Liquors,Off Premise,6/3/2026,1.00,
Hakan Sadik,200294 Molly's Irish Cream 1/12/750 mL Btl,Molly's,150618 Home Liquors(641 Newark),Off Premise,6/10/2026,1.00,
Hakan Sadik,200310 Pride & Clarke Vodka 6/1.75 L Btl,Pride & Clarke,150135 Home Liquors(520 East Orange),Off Premise,9/2/2026,,1.00
Hakan Sadik,200310 Pride & Clarke Vodka 6/1.75 L Btl,Pride & Clarke,150135 Home Liquors(520 East Orange),Off Premise,6/9/2026,1.00,
Hakan Sadik,200312 Pride & Clarke Vodka 48/200 mL Btl,Pride & Clarke,152035 City Line Super Liquor,Off Premise,6/10/2026,1.00,
Hakan Sadik,200313 Pride & Clarke Vodka 24/375 mL Btl,Pride & Clarke,152010 Royal Wine Iv,Off Premise,6/27/2026,1.00,
Hakan Sadik,200312 Pride & Clarke Vodka 48/200 mL Btl,Pride & Clarke,150639 Azcona Liquors,Off Premise,7/8/2026,1.00,
Hakan Sadik,200402 Travelers Club Vodka 24/375 mL Btl,Travelers Club,152017 Pennsylvania Liquors,Off Premise,8/28/2026,1.00,
Hakan Sadik,200738 Poca Loca Brazilian Wine 1/12/750 mL Btl,Poca Loca,150648 Brick City Liquors,Off Premise,7/30/2026,1.00,
Jaime Colonna,100912 OVO Vodka 1/12/750 mL Btl,OVO Vodka,170280 Stingray Lounge,On Premise,6/18/2026,1.00,
Jaime Colonna,200310 Pride & Clarke Vodka 6/1.75 L Btl,Pride & Clarke,170090 Bauers Wine & Liquor,Off Premise,6/12/2026,1.00,
Jaime Colonna,200313 Pride & Clarke Vodka 24/375 mL Btl,Pride & Clarke,170300 Ray's Liquors,Off Premise,8/21/2026,1.00,
Jaime Colonna,100912 OVO Vodka 1/12/750 mL Btl,OVO Vodka,170042 O'nieal's (A),On Premise,6/25/2026,1.00,
Jaime Colonna,200314 Pride & Clarke Vodka 1/12/750 mL Btl,Pride & Clarke,170300 Ray's Liquors,Off Premise,7/24/2026,1.00,
Jaime Colonna,200313 Pride & Clarke Vodka 24/375 mL Btl,Pride & Clarke,170090 Bauers Wine & Liquor,Off Premise,6/12/2026,1.00,
Jaime Colonna,9409 Terredirai Bloom Bubbles Sparkling Non-Alcoholic 1/12/750 ML Btl,Bloom Bubbles,170018 ShopRite Wines & Spirits of Hoboken,Off Premise,7/8/2026,1.00,
Jaime Colonna,100912 OVO Vodka 1/12/750 mL Btl,OVO Vodka,170280 Stingray Lounge,On Premise,8/20/2026,1.00,
Jaime Colonna,200353 Chateau Julia Assyrtiko 12/750 mL,Greek Wines,170153 Molos Rest,On Premise,8/18/2026,1.00,
Jaime Colonna,200517 Southern Tier Pumking Whiskey 6/750 mL Btl,Southern Tier Distilling,170021 Jersey City Buy Rite (A),Off Premise,8/25/2026,1.00,
Jaime Colonna,200736 Lou Lou Bubbly Brut Rose 1/12/12 oz Can,Caravella,173031 Sparrow's Wine & Liq(P) (1224 Hoboken),Off Premise,6/10/2026,1.00,
Jaime Colonna,200314 Pride & Clarke Vodka 1/12/750 mL Btl,Pride & Clarke,170090 Bauers Wine & Liquor,Off Premise,6/12/2026,1.00,
Jaime Colonna,200312 Pride & Clarke Vodka 48/200 mL Btl,Pride & Clarke,170300 Ray's Liquors,Off Premise,7/24/2026,1.00,
Jaime Colonna,200738 Poca Loca Brazilian Wine 1/12/750 mL Btl,Poca Loca,170179 Shop Rite/Metro Plaza,Off Premise,6/11/2026,1.00,
Jaime Colonna,200313 Pride & Clarke Vodka 24/375 mL Btl,Pride & Clarke,170300 Ray's Liquors,Off Premise,6/19/2026,1.00,
Jaime Colonna,9409 Terredirai Bloom Bubbles Sparkling Non-Alcoholic 1/12/750 ML Btl,Bloom Bubbles,170179 Shop Rite/Metro Plaza,Off Premise,7/8/2026,1.00,
Jaime Colonna,200353 Chateau Julia Assyrtiko 12/750 mL,Greek Wines,170153 Molos Rest,On Premise,7/28/2026,1.00,
Jaime Colonna,200312 Pride & Clarke Vodka 48/200 mL Btl,Pride & Clarke,173058 Ottomanelli's Liquor Store,Off Premise,8/20/2026,1.00,
Jaime Colonna,200312 Pride & Clarke Vodka 48/200 mL Btl,Pride & Clarke,170300 Ray's Liquors,Off Premise,8/21/2026,1.00,
Jaime Colonna,200313 Pride & Clarke Vodka 24/375 mL Btl,Pride & Clarke,170300 Ray's Liquors,Off Premise,7/24/2026,1.00,
Jaime Colonna,200736 Lou Lou Bubbly Brut Rose 1/12/12 oz Can,Caravella,173031 Sparrow's Wine & Liq(P) (1224 Hoboken),Off Premise,6/3/2026,1.00,
Jaime Colonna,200314 Pride & Clarke Vodka 1/12/750 mL Btl,Pride & Clarke,170300 Ray's Liquors,Off Premise,8/21/2026,1.00,
Jaime Colonna,200353 Chateau Julia Assyrtiko 12/750 mL,Greek Wines,170153 Molos Rest,On Premise,7/8/2026,1.00,
Jaime Colonna,100912 OVO Vodka 1/12/750 mL Btl,OVO Vodka,170265 Metropolis,Off Premise,6/19/2026,1.00,
Jaime Colonna,200404 Traveler's Club Vodka 6/1.75 L Btl,Travelers Club,173055 Hoboken Vine,Off Premise,6/10/2026,1.00,
Jaime Colonna,200312 Pride & Clarke Vodka 48/200 mL Btl,Pride & Clarke,170300 Ray's Liquors,Off Premise,6/19/2026,1.00,
Jaime Colonna,200352 Amethystos White 12/750 mL,Greek Wines,173031 Sparrow's Wine & Liq(P) (1224 Hoboken),Off Premise,7/29/2026,1.00,
Jaime Colonna,200313 Pride & Clarke Vodka 24/375 mL Btl,Pride & Clarke,170255 Liquor House,Off Premise,8/21/2026,1.00,
Jaime Colonna,200738 Poca Loca Brazilian Wine 1/12/750 mL Btl,Poca Loca,173058 Ottomanelli's Liquor Store,Off Premise,6/26/2026,1.00,
Jaime Colonna,200312 Pride & Clarke Vodka 48/200 mL Btl,Pride & Clarke,170090 Bauers Wine & Liquor,Off Premise,6/12/2026,1.00,
Jaime Colonna,200738 Poca Loca Brazilian Wine 1/12/750 mL Btl,Poca Loca,170179 Shop Rite/Metro Plaza,Off Premise,6/29/2026,1.00,
Jaime Colonna,200313 Pride & Clarke Vodka 24/375 mL Btl,Pride & Clarke,173058 Ottomanelli's Liquor Store,Off Premise,8/20/2026,1.00,
Jaime Colonna,100912 OVO Vodka 1/12/750 mL Btl,OVO Vodka,173041 Blue Ribbon Wine/Liq/Groc,Off Premise,7/14/2026,1.00,
Jaime Colonna,100912 OVO Vodka 1/12/750 mL Btl,OVO Vodka,170248 Coolvines Powerhouse,Off Premise,7/8/2026,1.00,
Jaime Colonna,100912 OVO Vodka 1/12/750 mL Btl,OVO Vodka,170294 Halifax Restaurant,On Premise,6/15/2026,1.00,
Jaime Colonna,200351 Amethystos Red 12/750 mL,Greek Wines,173031 Sparrow's Wine & Liq(P) (1224 Hoboken),Off Premise,7/29/2026,1.00,
Jaime Colonna,200404 Traveler's Club Vodka 6/1.75 L Btl,Travelers Club,173055 Hoboken Vine,Off Premise,8/28/2026,1.00,
Jaime Colonna,101091 Lo Secco Prosecco 1/12/750 mL Btl,Lo Secco,170021 Jersey City Buy Rite (A),Off Premise,7/28/2026,1.00,
Jaime Colonna,200738 Poca Loca Brazilian Wine 1/12/750 mL Btl,Poca Loca,170018 ShopRite Wines & Spirits of Hoboken,Off Premise,6/17/2026,1.00,
Jaime Colonna,200404 Traveler's Club Vodka 6/1.75 L Btl,Travelers Club,171117 Delite Market,Off Premise,6/30/2026,1.00,
Jaime Colonna,200517 Southern Tier Pumking Whiskey 6/750 mL Btl,Southern Tier Distilling,170137 Giannone Wine & Liq(#2),Off Premise,8/21/2026,1.00,
Javier Melo,100962 2XO French Oak 1/750 mL Btl,2XO,27002 President Liqrs (A),Off Premise,7/21/2026,1.00,
Javier Melo,200310 Pride & Clarke Vodka 6/1.75 L Btl,Pride & Clarke,27008 Bermuda Liquors (P),Off Premise,7/16/2026,1.00,
Javier Melo,200313 Pride & Clarke Vodka 24/375 mL Btl,Pride & Clarke,27012 ESTEVEZ LIQUORS LLC,Off Premise,6/17/2026,1.00,
Javier Melo,200314 Pride & Clarke Vodka 1/12/750 mL Btl,Pride & Clarke,15031 Pete's Family Liqs,Off Premise,6/4/2026,1.00,
Javier Melo,200314 Pride & Clarke Vodka 1/12/750 mL Btl,Pride & Clarke,25047 Parker Liquors (Z),Off Premise,7/27/2026,1.00,
Javier Melo,200311 Pride & Clarke Vodka 12/1 L Btl,Pride & Clarke,27008 Bermuda Liquors (P),Off Premise,7/16/2026,1.00,
Javier Melo,200312 Pride & Clarke Vodka 48/200 mL Btl,Pride & Clarke,20031 La Joya Liquors,Off Premise,6/19/2026,1.00,
Javier Melo,200314 Pride & Clarke Vodka 1/12/750 mL Btl,Pride & Clarke,15059 Belmont Liqrs (P),Off Premise,8/13/2026,1.00,
Javier Melo,200314 Pride & Clarke Vodka 1/12/750 mL Btl,Pride & Clarke,20055 Paruta's (A),On Premise,8/17/2026,1.00,
Javier Melo,200314 Pride & Clarke Vodka 1/12/750 mL Btl,Pride & Clarke,27008 Bermuda Liquors (P),Off Premise,7/16/2026,1.00,
Javier Melo,200310 Pride & Clarke Vodka 6/1.75 L Btl,Pride & Clarke,27034 Liquor Stop (Passaic),Off Premise,7/7/2026,1.00,
Javier Melo,200310 Pride & Clarke Vodka 6/1.75 L Btl,Pride & Clarke,15014 Deli Parchardo Liquors,Off Premise,6/11/2026,1.00,
Javier Melo,200314 Pride & Clarke Vodka 1/12/750 mL Btl,Pride & Clarke,15014 Deli Parchardo Liquors,Off Premise,7/27/2026,1.00,
Javier Melo,200312 Pride & Clarke Vodka 48/200 mL Btl,Pride & Clarke,15014 Deli Parchardo Liquors,Off Premise,7/27/2026,1.00,
Javier Melo,200312 Pride & Clarke Vodka 48/200 mL Btl,Pride & Clarke,25047 Parker Liquors (Z),Off Premise,6/30/2026,1.00,
Javier Melo,200313 Pride & Clarke Vodka 24/375 mL Btl,Pride & Clarke,15031 Pete's Family Liqs,Off Premise,7/20/2026,1.00,
Javier Melo,200314 Pride & Clarke Vodka 1/12/750 mL Btl,Pride & Clarke,20069 Segundo's (P),Off Premise,6/2/2026,1.00,
Javier Melo,200312 Pride & Clarke Vodka 48/200 mL Btl,Pride & Clarke,27012 ESTEVEZ LIQUORS LLC,Off Premise,6/17/2026,1.00,
Javier Melo,200313 Pride & Clarke Vodka 24/375 mL Btl,Pride & Clarke,15014 Deli Parchardo Liquors,Off Premise,6/11/2026,1.00,
Javier Melo,200313 Pride & Clarke Vodka 24/375 mL Btl,Pride & Clarke,21054 C & S Lucky Liquors (P),Off Premise,8/4/2026,1.00,
Javier Melo,200312 Pride & Clarke Vodka 48/200 mL Btl,Pride & Clarke,27046 New Eagle Liquors,Off Premise,9/2/2026,,1.00
Javier Melo,200312 Pride & Clarke Vodka 48/200 mL Btl,Pride & Clarke,20061 Seguidilla 56 Lounge & Liquors,On Premise,9/3/2026,,1.00
Javier Melo,200771 Desquite Artesanal 6/750 mL Btl,Desquite,20056 East Side Bar Liquors,Off Premise,6/10/2026,1.00,
Javier Melo,200312 Pride & Clarke Vodka 48/200 mL Btl,Pride & Clarke,25047 Parker Liquors (Z),Off Premise,7/27/2026,1.00,
Javier Melo,200312 Pride & Clarke Vodka 48/200 mL Btl,Pride & Clarke,15031 Pete's Family Liqs,Off Premise,6/4/2026,1.00,
Javier Melo,200313 Pride & Clarke Vodka 24/375 mL Btl,Pride & Clarke,20061 Seguidilla 56 Lounge & Liquors,On Premise,9/3/2026,,1.00
Javier Melo,201078 Green River Honey 1/10/50 mL Btl,Bardstown Green River,25047 Parker Liquors (Z),Off Premise,8/5/2026,1.00,
Javier Melo,200313 Pride & Clarke Vodka 24/375 mL Btl,Pride & Clarke,27071 Mariana's Liquors,Off Premise,7/30/2026,1.00,
Javier Melo,200310 Pride & Clarke Vodka 6/1.75 L Btl,Pride & Clarke,21054 C & S Lucky Liquors (P),Off Premise,7/1/2026,1.00,
Javier Melo,200313 Pride & Clarke Vodka 24/375 mL Btl,Pride & Clarke,21023 Luna Liquors,Off Premise,8/21/2026,1.00,
Javier Melo,200314 Pride & Clarke Vodka 1/12/750 mL Btl,Pride & Clarke,20031 La Joya Liquors,Off Premise,6/5/2026,1.00,
Javier Melo,200314 Pride & Clarke Vodka 1/12/750 mL Btl,Pride & Clarke,27040 Danny's Liquor,Off Premise,8/4/2026,1.00,
Javier Melo,200310 Pride & Clarke Vodka 6/1.75 L Btl,Pride & Clarke,21028 Estevez Liquors & Grocery 2 LLC,Off Premise,8/28/2026,1.00,
Javier Melo,200310 Pride & Clarke Vodka 6/1.75 L Btl,Pride & Clarke,27046 New Eagle Liquors,Off Premise,6/24/2026,1.00,
Javier Melo,200313 Pride & Clarke Vodka 24/375 mL Btl,Pride & Clarke,27046 New Eagle Liquors,Off Premise,7/30/2026,1.00,
Javier Melo,200313 Pride & Clarke Vodka 24/375 mL Btl,Pride & Clarke,25047 Parker Liquors (Z),Off Premise,8/19/2026,1.00,
Javier Melo,200312 Pride & Clarke Vodka 48/200 mL Btl,Pride & Clarke,20055 Paruta's (A),On Premise,8/17/2026,1.00,
Javier Melo,200314 Pride & Clarke Vodka 1/12/750 mL Btl,Pride & Clarke,20069 Segundo's (P),Off Premise,7/2/2026,1.00,
Javier Melo,200312 Pride & Clarke Vodka 48/200 mL Btl,Pride & Clarke,27046 New Eagle Liquors,Off Premise,7/30/2026,1.00,
Javier Melo,200312 Pride & Clarke Vodka 48/200 mL Btl,Pride & Clarke,27002 President Liqrs (A),Off Premise,7/21/2026,1.00,
Javier Melo,200310 Pride & Clarke Vodka 6/1.75 L Btl,Pride & Clarke,27034 Liquor Stop (Passaic),Off Premise,8/4/2026,1.00,
Javier Melo,200294 Molly's Irish Cream 1/12/750 mL Btl,Molly's,27012 ESTEVEZ LIQUORS LLC,Off Premise,7/8/2026,1.00,
Javier Melo,200217 Leyenda 1925 Blanco Tequila 1/750 ML Btl,Leyenda 1925,21044 Farm Boy,Off Premise,8/6/2026,1.00,
Javier Melo,200217 Leyenda 1925 Blanco Tequila 1/750 ML Btl,Leyenda 1925,20061 Seguidilla 56 Lounge & Liquors,On Premise,8/27/2026,1.00,
Javier Melo,200313 Pride & Clarke Vodka 24/375 mL Btl,Pride & Clarke,15014 Deli Parchardo Liquors,Off Premise,7/27/2026,1.00,
Javier Melo,200310 Pride & Clarke Vodka 6/1.75 L Btl,Pride & Clarke,21054 C & S Lucky Liquors (P),Off Premise,8/4/2026,1.00,
Javier Melo,200313 Pride & Clarke Vodka 24/375 mL Btl,Pride & Clarke,21055 C & S Lucky Liquors II,Off Premise,8/27/2026,1.00,
Javier Melo,200310 Pride & Clarke Vodka 6/1.75 L Btl,Pride & Clarke,20031 La Joya Liquors,Off Premise,6/19/2026,1.00,
Javier Melo,200216 Leyenda 1925 Anejo Tequila 1/750 ML Btl,Leyenda 1925,20061 Seguidilla 56 Lounge & Liquors,On Premise,8/27/2026,1.00,
Javier Melo,200314 Pride & Clarke Vodka 1/12/750 mL Btl,Pride & Clarke,21055 C & S Lucky Liquors II,Off Premise,8/27/2026,1.00,
Javier Melo,200314 Pride & Clarke Vodka 1/12/750 mL Btl,Pride & Clarke,27002 President Liqrs (A),Off Premise,7/21/2026,1.00,
Javier Melo,200771 Desquite Artesanal 6/750 mL Btl,Desquite,22065 Mambo Lounge (P),On Premise,6/23/2026,1.00,
Javier Melo,100961 2XO American Oak 1/750 mL Btl,2XO,25047 Parker Liquors (Z),Off Premise,7/17/2026,1.00,
Javier Melo,200312 Pride & Clarke Vodka 48/200 mL Btl,Pride & Clarke,21055 C & S Lucky Liquors II,Off Premise,8/27/2026,1.00,
Javier Melo,200312 Pride & Clarke Vodka 48/200 mL Btl,Pride & Clarke,25047 Parker Liquors (Z),Off Premise,8/19/2026,1.00,
Javier Melo,200314 Pride & Clarke Vodka 1/12/750 mL Btl,Pride & Clarke,27046 New Eagle Liquors,Off Premise,7/30/2026,1.00,
Javier Melo,200312 Pride & Clarke Vodka 48/200 mL Btl,Pride & Clarke,21023 Luna Liquors,Off Premise,8/21/2026,1.00,
Javier Melo,200313 Pride & Clarke Vodka 24/375 mL Btl,Pride & Clarke,20055 Paruta's (A),On Premise,8/17/2026,1.00,
Javier Melo,200310 Pride & Clarke Vodka 6/1.75 L Btl,Pride & Clarke,15014 Deli Parchardo Liquors,Off Premise,7/27/2026,1.00,
Javier Melo,200383 YaVe Tequila Reposado 1/6/750 mL Btl,YaVe Tequila,36026 Agave Cocina Mexicana,On Premise,8/21/2026,1.00,
Javier Melo,200313 Pride & Clarke Vodka 24/375 mL Btl,Pride & Clarke,15059 Belmont Liqrs (P),Off Premise,8/13/2026,1.00,
Javier Melo,200312 Pride & Clarke Vodka 48/200 mL Btl,Pride & Clarke,20031 La Joya Liquors,Off Premise,8/21/2026,1.00,
Javier Melo,200771 Desquite Artesanal 6/750 mL Btl,Desquite,22065 Mambo Lounge (P),On Premise,7/31/2026,1.00,
Javier Melo,200312 Pride & Clarke Vodka 48/200 mL Btl,Pride & Clarke,27046 New Eagle Liquors,Off Premise,6/24/2026,1.00,
Javier Melo,200312 Pride & Clarke Vodka 48/200 mL Btl,Pride & Clarke,20069 Segundo's (P),Off Premise,7/2/2026,1.00,
Javier Melo,200312 Pride & Clarke Vodka 48/200 mL Btl,Pride & Clarke,21054 C & S Lucky Liquors (P),Off Premise,8/11/2026,1.00,
Javier Melo,200312 Pride & Clarke Vodka 48/200 mL Btl,Pride & Clarke,27071 Mariana's Liquors,Off Premise,7/30/2026,1.00,
Javier Melo,100121 Le Grand Noir Cabernet Sauvignon 1/12/750 mL Btl,Le Grand Noir,25047 Parker Liquors (Z),Off Premise,6/25/2026,1.00,
Javier Melo,100125 Le Grand Noir Rose 1/12/750 mL Btl,Le Grand Noir,27002 President Liqrs (A),Off Premise,8/21/2026,1.00,
Javier Melo,100961 2XO American Oak 1/750 mL Btl,2XO,27002 President Liqrs (A),Off Premise,6/24/2026,1.00,
Javier Melo,200313 Pride & Clarke Vodka 24/375 mL Btl,Pride & Clarke,25047 Parker Liquors (Z),Off Premise,6/30/2026,1.00,
Javier Melo,200382 YaVe Tequila Jalapeno 1/6/750 mL Btl,YaVe Tequila,36026 Agave Cocina Mexicana,On Premise,8/21/2026,1.00,
Javier Melo,100125 Le Grand Noir Rose 1/12/750 mL Btl,Le Grand Noir,25047 Parker Liquors (Z),Off Premise,8/19/2026,1.00,
Javier Melo,200217 Leyenda 1925 Blanco Tequila 1/750 ML Btl,Leyenda 1925,32011 La Fortaleza (Carlstadt),On Premise,7/2/2026,1.00,
Javier Melo,200313 Pride & Clarke Vodka 24/375 mL Btl,Pride & Clarke,27046 New Eagle Liquors,Off Premise,9/2/2026,,1.00
Javier Melo,200771 Desquite Artesanal 6/750 mL Btl,Desquite,27001 Fiesta Night Club(P),On Premise,7/3/2026,1.00,
Javier Melo,200313 Pride & Clarke Vodka 24/375 mL Btl,Pride & Clarke,27002 President Liqrs (A),Off Premise,6/1/2026,1.00,
Javier Melo,200384 YaVe Tequila Blanco 1/6/750 mL Btl,YaVe Tequila,36026 Agave Cocina Mexicana,On Premise,8/21/2026,1.00,
Javier Melo,200313 Pride & Clarke Vodka 24/375 mL Btl,Pride & Clarke,25047 Parker Liquors (Z),Off Premise,6/1/2026,1.00,
Javier Melo,200313 Pride & Clarke Vodka 24/375 mL Btl,Pride & Clarke,27046 New Eagle Liquors,Off Premise,6/24/2026,1.00,
Javier Melo,200312 Pride & Clarke Vodka 48/200 mL Btl,Pride & Clarke,25047 Parker Liquors (Z),Off Premise,6/1/2026,1.00,
Javier Melo,200381 YaVe Tequila Mango 1/6/750 mL Btl,YaVe Tequila,36026 Agave Cocina Mexicana,On Premise,8/21/2026,1.00,
Javier Melo,200313 Pride & Clarke Vodka 24/375 mL Btl,Pride & Clarke,20031 La Joya Liquors,Off Premise,8/21/2026,1.00,
Javier Melo,201078 Green River Honey 1/10/50 mL Btl,Bardstown Green River,27002 President Liqrs (A),Off Premise,8/17/2026,1.00,
Javier Melo,200313 Pride & Clarke Vodka 24/375 mL Btl,Pride & Clarke,20069 Segundo's (P),Off Premise,7/2/2026,1.00,
Javier Melo,200312 Pride & Clarke Vodka 48/200 mL Btl,Pride & Clarke,15014 Deli Parchardo Liquors,Off Premise,6/11/2026,1.00,
Javier Melo,200313 Pride & Clarke Vodka 24/375 mL Btl,Pride & Clarke,27008 Bermuda Liquors (P),Off Premise,7/16/2026,1.00,
Javier Melo,200314 Pride & Clarke Vodka 1/12/750 mL Btl,Pride & Clarke,20031 La Joya Liquors,Off Premise,7/3/2026,1.00,
Javier Melo,200311 Pride & Clarke Vodka 12/1 L Btl,Pride & Clarke,27046 New Eagle Liquors,Off Premise,6/24/2026,1.00,
Javier Melo,200312 Pride & Clarke Vodka 48/200 mL Btl,Pride & Clarke,27008 Bermuda Liquors (P),Off Premise,7/16/2026,1.00,
Javier Melo,200402 Travelers Club Vodka 24/375 mL Btl,Travelers Club,25012 Bottle Liquor (P),Off Premise,7/27/2026,1.00,
Javier Melo,200312 Pride & Clarke Vodka 48/200 mL Btl,Pride & Clarke,21054 C & S Lucky Liquors (P),Off Premise,7/1/2026,1.00,
Javier Melo,200385 YaVe Tequila Coconut 1/6/750 mL Btl,YaVe Tequila,36026 Agave Cocina Mexicana,On Premise,8/21/2026,1.00,
Javier Melo,200312 Pride & Clarke Vodka 48/200 mL Btl,Pride & Clarke,27002 President Liqrs (A),Off Premise,6/1/2026,1.00,
Javier Melo,200313 Pride & Clarke Vodka 24/375 mL Btl,Pride & Clarke,21054 C & S Lucky Liquors (P),Off Premise,8/24/2026,1.00,
Javier Melo,200218 Leyenda 1925 Reposado Tequila 1/750 ML Btl,Leyenda 1925,21044 Farm Boy,Off Premise,8/6/2026,1.00,
Javier Melo,200218 Leyenda 1925 Reposado Tequila 1/750 ML Btl,Leyenda 1925,20061 Seguidilla 56 Lounge & Liquors,On Premise,8/27/2026,1.00,
Javier Melo,200313 Pride & Clarke Vodka 24/375 mL Btl,Pride & Clarke,21023 Luna Liquors,Off Premise,7/10/2026,1.00,
Javier Melo,200216 Leyenda 1925 Anejo Tequila 1/750 ML Btl,Leyenda 1925,21044 Farm Boy,Off Premise,8/6/2026,1.00,
Javier Melo,200313 Pride & Clarke Vodka 24/375 mL Btl,Pride & Clarke,27002 President Liqrs (A),Off Premise,7/21/2026,1.00,
Javier Melo,200313 Pride & Clarke Vodka 24/375 mL Btl,Pride & Clarke,25047 Parker Liquors (Z),Off Premise,7/27/2026,1.00,
Jayson Romine,200217 Leyenda 1925 Blanco Tequila 1/750 ML Btl,Leyenda 1925,231215 Mac & Lindy's W & S (A),Off Premise,8/26/2026,1.00,
Jayson Romine,201051 Green River Bourbon 1/750 mL Btl,Bardstown Green River,230905 ShopRite Wines & Spirits of Franklin,Off Premise,8/5/2026,1.00,
Jayson Romine,201051 Green River Bourbon 1/750 mL Btl,Bardstown Green River,230412 USA Wine Traders Club Of Newton (A),Off Premise,6/29/2026,1.00,
Jayson Romine,100961 2XO American Oak 1/750 mL Btl,2XO,231215 Mac & Lindy's W & S (A),Off Premise,7/29/2026,1.00,
Jayson Romine,200191 Chateau Diana Non-Alcoholic Cabernet Sauvignon 12/750 mL Btl,Chateau Diana,230905 ShopRite Wines & Spirits of Franklin,Off Premise,8/12/2026,1.00,
Jayson Romine,201055 Bardstown Origin Series Bottle-In-Bond 1/750 mL Btl,Bardstown Bourbon,230114 Liquor Factory III Sparta,Off Premise,6/22/2026,1.00,
Jayson Romine,201077 Green River Honey 1/750 mL Btl,Bardstown Green River,230114 Liquor Factory III Sparta,Off Premise,8/17/2026,1.00,
Jayson Romine,100961 2XO American Oak 1/750 mL Btl,2XO,230905 ShopRite Wines & Spirits of Franklin,Off Premise,7/9/2026,1.00,
Jayson Romine,201058 Bardstown Origin Series High Wheat 1/750 mL Btl,Bardstown Bourbon,231701 George's Wine & Spirits,Off Premise,8/13/2026,1.00,
Jayson Romine,200051 Gin Pig 6/750 mL Btl,Gin Pig,230105 ShopRite Wines & Spirits of Sparta,Off Premise,7/30/2026,1.00,
Jayson Romine,201058 Bardstown Origin Series High Wheat 1/750 mL Btl,Bardstown Bourbon,230314 Liquor Factory V Andover,Off Premise,8/3/2026,1.00,
Jayson Romine,201055 Bardstown Origin Series Bottle-In-Bond 1/750 mL Btl,Bardstown Bourbon,231701 George's Wine & Spirits,Off Premise,8/13/2026,1.00,
Jayson Romine,201074 Bardstown Discovery #13 1/750 mL Btl,Bardstown Bourbon,230114 Liquor Factory III Sparta,Off Premise,7/14/2026,1.00,
Jayson Romine,200194 Chateau Diana Non-Alcoholic Moscato 12/750 mL Btl,Chateau Diana,230314 Liquor Factory V Andover,Off Premise,7/13/2026,1.00,
Jayson Romine,201054 Green River Wheated 1/750 mL,Bardstown Green River,230114 Liquor Factory III Sparta,Off Premise,6/8/2026,1.00,
Jayson Romine,200217 Leyenda 1925 Blanco Tequila 1/750 ML Btl,Leyenda 1925,230920 Hamburg Liquor,Off Premise,8/25/2026,1.00,
Jayson Romine,201054 Green River Wheated 1/750 mL,Bardstown Green River,231215 Mac & Lindy's W & S (A),Off Premise,7/29/2026,1.00,
Jayson Romine,201057 Bardstown Origin Series Double Barrel Rye 1/750 mL Btl,Bardstown Bourbon,230114 Liquor Factory III Sparta,Off Premise,6/22/2026,1.00,
Jayson Romine,200053 Warwick Gin 6/750 mL Btl,Warwick Gin,230412 USA Wine Traders Club Of Newton (A),Off Premise,7/31/2026,1.00,
Jayson Romine,201056 Bardstown Origin Series Bourbon 1/750 mL Btl,Bardstown Bourbon,230114 Liquor Factory III Sparta,Off Premise,6/22/2026,1.00,
Jayson Romine,200216 Leyenda 1925 Anejo Tequila 1/750 ML Btl,Leyenda 1925,230911 The Right Bottle,Off Premise,8/28/2026,1.00,
Jayson Romine,200053 Warwick Gin 6/750 mL Btl,Warwick Gin,231215 Mac & Lindy's W & S (A),Off Premise,8/19/2026,1.00,
Jayson Romine,201073 Bardstown Collaboration Series Pierre Ferrand 1/750 mL Btl,Bardstown Bourbon,230114 Liquor Factory III Sparta,Off Premise,7/14/2026,1.00,
Jayson Romine,200401 Travelers Club Vodka 48/200 mL Btl,Travelers Club,191408 Super Saver Liq,Off Premise,6/23/2026,1.00,
Jayson Romine,201078 Green River Honey 1/10/50 mL Btl,Bardstown Green River,230412 USA Wine Traders Club Of Newton (A),Off Premise,8/25/2026,1.00,
Jayson Romine,200053 Warwick Gin 6/750 mL Btl,Warwick Gin,231215 Mac & Lindy's W & S (A),Off Premise,6/24/2026,1.00,
Jayson Romine,201058 Bardstown Origin Series High Wheat 1/750 mL Btl,Bardstown Bourbon,231215 Mac & Lindy's W & S (A),Off Premise,7/29/2026,1.00,
Jayson Romine,201054 Green River Wheated 1/750 mL,Bardstown Green River,230905 ShopRite Wines & Spirits of Franklin,Off Premise,8/5/2026,1.00,
Jayson Romine,201076 Green River Wheated Full Proof 1/750 ml Btl,Bardstown Green River,191408 Super Saver Liq,Off Premise,9/3/2026,,1.00
Jayson Romine,200053 Warwick Gin 6/750 mL Btl,Warwick Gin,231316 Patricks Wine Barn,Off Premise,7/17/2026,1.00,
Jayson Romine,201055 Bardstown Origin Series Bottle-In-Bond 1/750 mL Btl,Bardstown Bourbon,230412 USA Wine Traders Club Of Newton (A),Off Premise,7/31/2026,1.00,
Jayson Romine,200172 Chateau Diana Chardonnay 12/750 mL Btl,Chateau Diana,230412 USA Wine Traders Club Of Newton (A),Off Premise,6/8/2026,1.00,
Jayson Romine,201058 Bardstown Origin Series High Wheat 1/750 mL Btl,Bardstown Bourbon,230105 ShopRite Wines & Spirits of Sparta,Off Premise,7/30/2026,1.00,
Jayson Romine,201076 Green River Wheated Full Proof 1/750 ml Btl,Bardstown Green River,230427 ShopRite Wine & Spirits of Newton#830,Off Premise,6/16/2026,1.00,
Jayson Romine,200217 Leyenda 1925 Blanco Tequila 1/750 ML Btl,Leyenda 1925,230911 The Right Bottle,Off Premise,8/28/2026,1.00,
Jayson Romine,201078 Green River Honey 1/10/50 mL Btl,Bardstown Green River,230105 ShopRite Wines & Spirits of Sparta,Off Premise,8/27/2026,1.00,
Jayson Romine,200381 YaVe Tequila Mango 1/6/750 mL Btl,YaVe Tequila,231215 Mac & Lindy's W & S (A),Off Premise,7/29/2026,1.00,
Jayson Romine,201054 Green River Wheated 1/750 mL,Bardstown Green River,230114 Liquor Factory III Sparta,Off Premise,8/17/2026,1.00,
Jayson Romine,201077 Green River Honey 1/750 mL Btl,Bardstown Green River,230114 Liquor Factory III Sparta,Off Premise,7/17/2026,1.00,
Jayson Romine,100122 Le Grand Noir Pinot Noir 1/12/750 mL Btl,Le Grand Noir,231701 George's Wine & Spirits,Off Premise,8/6/2026,1.00,
Jayson Romine,201058 Bardstown Origin Series High Wheat 1/750 mL Btl,Bardstown Bourbon,231215 Mac & Lindy's W & S (A),Off Premise,9/2/2026,,1.00
Jayson Romine,100122 Le Grand Noir Pinot Noir 1/12/750 mL Btl,Le Grand Noir,230924 Sussex Co.Discount Liq(P),Off Premise,8/26/2026,1.00,
Jayson Romine,100122 Le Grand Noir Pinot Noir 1/12/750 mL Btl,Le Grand Noir,230106 Burkes,Off Premise,7/30/2026,1.00,
Jayson Romine,201052 Green River Full Proof 1/750 mL,Bardstown Green River,230114 Liquor Factory III Sparta,Off Premise,8/17/2026,1.00,
Jayson Romine,201052 Green River Full Proof 1/750 mL,Bardstown Green River,191408 Super Saver Liq,Off Premise,9/3/2026,,1.00
Jayson Romine,200053 Warwick Gin 6/750 mL Btl,Warwick Gin,230920 Hamburg Liquor,Off Premise,6/24/2026,1.00,
Jayson Romine,201054 Green River Wheated 1/750 mL,Bardstown Green River,191408 Super Saver Liq,Off Premise,9/3/2026,,1.00
Jayson Romine,201054 Green River Wheated 1/750 mL,Bardstown Green River,230427 ShopRite Wine & Spirits of Newton#830,Off Premise,6/16/2026,1.00,
Jayson Romine,201053 Green River Rye 1/750 mL,Bardstown Green River,191408 Super Saver Liq,Off Premise,9/3/2026,,1.00
Jayson Romine,201056 Bardstown Origin Series Bourbon 1/750 mL Btl,Bardstown Bourbon,230114 Liquor Factory III Sparta,Off Premise,7/17/2026,1.00,
Jayson Romine,201072 Green River Bourbon 250th Army Anniversary 1/750 mL,Bardstown Green River,230114 Liquor Factory III Sparta,Off Premise,8/17/2026,1.00,
Jayson Romine,201051 Green River Bourbon 1/750 mL Btl,Bardstown Green River,191408 Super Saver Liq,Off Premise,9/3/2026,,1.00
Jayson Romine,200053 Warwick Gin 6/750 mL Btl,Warwick Gin,231215 Mac & Lindy's W & S (A),Off Premise,7/29/2026,1.00,
Jayson Romine,201058 Bardstown Origin Series High Wheat 1/750 mL Btl,Bardstown Bourbon,230412 USA Wine Traders Club Of Newton (A),Off Premise,7/31/2026,1.00,
Jayson Romine,200192 Chateau Diana Non-Alcoholic Chardonnay 12/750 mL Btl,Chateau Diana,191408 Super Saver Liq,Off Premise,8/6/2026,1.00,
Jayson Romine,201053 Green River Rye 1/750 mL,Bardstown Green River,230114 Liquor Factory III Sparta,Off Premise,8/17/2026,1.00,
Jayson Romine,200192 Chateau Diana Non-Alcoholic Chardonnay 12/750 mL Btl,Chateau Diana,230314 Liquor Factory V Andover,Off Premise,7/13/2026,1.00,
Jayson Romine,201077 Green River Honey 1/750 mL Btl,Bardstown Green River,191408 Super Saver Liq,Off Premise,9/3/2026,,1.00
Jayson Romine,200218 Leyenda 1925 Reposado Tequila 1/750 ML Btl,Leyenda 1925,230911 The Right Bottle,Off Premise,8/28/2026,1.00,
Jayson Romine,201051 Green River Bourbon 1/750 mL Btl,Bardstown Green River,230427 ShopRite Wine & Spirits of Newton#830,Off Premise,6/16/2026,1.00,
Jayson Romine,200402 Travelers Club Vodka 24/375 mL Btl,Travelers Club,191408 Super Saver Liq,Off Premise,6/23/2026,1.00,
Jayson Romine,201052 Green River Full Proof 1/750 mL,Bardstown Green River,230114 Liquor Factory III Sparta,Off Premise,7/17/2026,1.00,
Jayson Romine,200197 Chateau Diana Non-Alcoholic White Zinfandel 12/750 mL Btl,Chateau Diana,230314 Liquor Factory V Andover,Off Premise,7/13/2026,1.00,
Jayson Romine,201054 Green River Wheated 1/750 mL,Bardstown Green River,230114 Liquor Factory III Sparta,Off Premise,7/17/2026,1.00,
Jayson Romine,201053 Green River Rye 1/750 mL,Bardstown Green River,230114 Liquor Factory III Sparta,Off Premise,7/17/2026,1.00,
Jayson Romine,200193 Chateau Diana Non-Alcoholic Merlot 12/750 mL Btl,Chateau Diana,230314 Liquor Factory V Andover,Off Premise,7/13/2026,1.00,
Jayson Romine,200053 Warwick Gin 6/750 mL Btl,Warwick Gin,230105 ShopRite Wines & Spirits of Sparta,Off Premise,8/27/2026,1.00,
Jayson Romine,201055 Bardstown Origin Series Bottle-In-Bond 1/750 mL Btl,Bardstown Bourbon,230114 Liquor Factory III Sparta,Off Premise,7/17/2026,1.00,
Jayson Romine,201076 Green River Wheated Full Proof 1/750 ml Btl,Bardstown Green River,230412 USA Wine Traders Club Of Newton (A),Off Premise,6/29/2026,1.00,
Jayson Romine,200051 Gin Pig 6/750 mL Btl,Gin Pig,230121 White Deer Inn,Off Premise,6/10/2026,1.00,
Jayson Romine,201054 Green River Wheated 1/750 mL,Bardstown Green River,230412 USA Wine Traders Club Of Newton (A),Off Premise,6/29/2026,1.00,
Jim Heaney,100953 Castellani Etichetta Gialla Pinot Noir 1/12/750 mL Btl,Castellani Etichetta Gialla,28011 Liquor Mart (North Arlington),Off Premise,6/29/2026,1.00,
Jim Heaney,200217 Leyenda 1925 Blanco Tequila 1/750 ML Btl,Leyenda 1925,29003 Liquor Shed,Off Premise,7/29/2026,1.00,
Jim Heaney,200314 Pride & Clarke Vodka 1/12/750 mL Btl,Pride & Clarke,23002 Valley Liquors (A),Off Premise,8/21/2026,1.00,
Jim Heaney,200382 YaVe Tequila Jalapeno 1/6/750 mL Btl,YaVe Tequila,24014 Bottleneck Liquors,Off Premise,8/20/2026,1.00,
Jim Heaney,200402 Travelers Club Vodka 24/375 mL Btl,Travelers Club,24016 Broad Liquors (A),Off Premise,7/7/2026,1.00,
Jim Heaney,100121 Le Grand Noir Cabernet Sauvignon 1/12/750 mL Btl,Le Grand Noir,28011 Liquor Mart (North Arlington),Off Premise,7/22/2026,1.00,
Jim Heaney,200294 Molly's Irish Cream 1/12/750 mL Btl,Molly's,25008 Clifton Commons S & W,Off Premise,7/30/2026,1.00,
Jim Heaney,200314 Pride & Clarke Vodka 1/12/750 mL Btl,Pride & Clarke,23007 Field Liquors (A),Off Premise,6/2/2026,1.00,
Jim Heaney,200312 Pride & Clarke Vodka 48/200 mL Btl,Pride & Clarke,25031 Lexington Liquors (Z),Off Premise,8/24/2026,1.00,
Jim Heaney,200402 Travelers Club Vodka 24/375 mL Btl,Travelers Club,24020 US#1 Wine & Liquor,Off Premise,7/14/2026,1.00,
Jim Heaney,100122 Le Grand Noir Pinot Noir 1/12/750 mL Btl,Le Grand Noir,28011 Liquor Mart (North Arlington),Off Premise,7/22/2026,1.00,
Jim Heaney,200313 Pride & Clarke Vodka 24/375 mL Btl,Pride & Clarke,24001 Richfield Liquors,Off Premise,8/31/2026,1.00,
Jim Heaney,200402 Travelers Club Vodka 24/375 mL Btl,Travelers Club,24016 Broad Liquors (A),Off Premise,9/1/2026,,1.00
Jim Heaney,200312 Pride & Clarke Vodka 48/200 mL Btl,Pride & Clarke,25042 Town Liquors,Off Premise,6/27/2026,1.00,
Jim Heaney,200313 Pride & Clarke Vodka 24/375 mL Btl,Pride & Clarke,25042 Town Liquors,Off Premise,6/27/2026,1.00,
Jim Heaney,200314 Pride & Clarke Vodka 1/12/750 mL Btl,Pride & Clarke,25031 Lexington Liquors (Z),Off Premise,6/15/2026,1.00,
Jim Heaney,200401 Travelers Club Vodka 48/200 mL Btl,Travelers Club,24009 Quik Stop Conv(Z),Off Premise,7/21/2026,1.00,
Jim Heaney,100125 Le Grand Noir Rose 1/12/750 mL Btl,Le Grand Noir,13008 Little Falls Liq(P),Off Premise,7/23/2026,1.00,
Jim Heaney,200218 Leyenda 1925 Reposado Tequila 1/750 ML Btl,Leyenda 1925,29011 World of Wine & Liquor,Off Premise,8/26/2026,1.00,
Jim Heaney,200313 Pride & Clarke Vodka 24/375 mL Btl,Pride & Clarke,25031 Lexington Liquors (Z),Off Premise,7/16/2026,1.00,
Jim Heaney,200218 Leyenda 1925 Reposado Tequila 1/750 ML Btl,Leyenda 1925,29003 Liquor Shed,Off Premise,8/19/2026,1.00,
Jim Heaney,200313 Pride & Clarke Vodka 24/375 mL Btl,Pride & Clarke,23002 Valley Liquors (A),Off Premise,6/26/2026,1.00,
Jim Heaney,200313 Pride & Clarke Vodka 24/375 mL Btl,Pride & Clarke,24020 US#1 Wine & Liquor,Off Premise,6/26/2026,1.00,
Jim Heaney,200402 Travelers Club Vodka 24/375 mL Btl,Travelers Club,24016 Broad Liquors (A),Off Premise,8/11/2026,1.00,
Jim Heaney,201053 Green River Rye 1/750 mL,Bardstown Green River,24011 Shoppers Vineyard (A),Off Premise,6/17/2026,1.00,
Jim Heaney,200402 Travelers Club Vodka 24/375 mL Btl,Travelers Club,24012 Dante's Liquor & Wine,Off Premise,6/5/2026,1.00,
Jim Heaney,200216 Leyenda 1925 Anejo Tequila 1/750 ML Btl,Leyenda 1925,29009 Quick Buy,Off Premise,7/15/2026,1.00,
Jim Heaney,200313 Pride & Clarke Vodka 24/375 mL Btl,Pride & Clarke,24016 Broad Liquors (A),Off Premise,6/9/2026,1.00,
Jim Heaney,201051 Green River Bourbon 1/750 mL Btl,Bardstown Green River,29011 World of Wine & Liquor,Off Premise,7/22/2026,1.00,
Jim Heaney,200402 Travelers Club Vodka 24/375 mL Btl,Travelers Club,24016 Broad Liquors (A),Off Premise,8/18/2026,1.00,
Jim Heaney,200313 Pride & Clarke Vodka 24/375 mL Btl,Pride & Clarke,24001 Richfield Liquors,Off Premise,8/7/2026,1.00,
Jim Heaney,200310 Pride & Clarke Vodka 6/1.75 L Btl,Pride & Clarke,23002 Valley Liquors (A),Off Premise,8/21/2026,1.00,
Jim Heaney,200402 Travelers Club Vodka 24/375 mL Btl,Travelers Club,24016 Broad Liquors (A),Off Premise,6/23/2026,1.00,
Jim Heaney,200402 Travelers Club Vodka 24/375 mL Btl,Travelers Club,24016 Broad Liquors (A),Off Premise,8/4/2026,1.00,
Jim Heaney,200217 Leyenda 1925 Blanco Tequila 1/750 ML Btl,Leyenda 1925,29009 Quick Buy,Off Premise,7/15/2026,1.00,
Jim Heaney,201057 Bardstown Origin Series Double Barrel Rye 1/750 mL Btl,Bardstown Bourbon,25008 Clifton Commons S & W,Off Premise,8/7/2026,1.00,
Jim Heaney,200402 Travelers Club Vodka 24/375 mL Btl,Travelers Club,24016 Broad Liquors (A),Off Premise,7/28/2026,1.00,
Jim Heaney,200313 Pride & Clarke Vodka 24/375 mL Btl,Pride & Clarke,25042 Town Liquors,Off Premise,8/19/2026,1.00,
Jim Heaney,200402 Travelers Club Vodka 24/375 mL Btl,Travelers Club,24009 Quik Stop Conv(Z),Off Premise,7/1/2026,1.00,
Jim Heaney,201056 Bardstown Origin Series Bourbon 1/750 mL Btl,Bardstown Bourbon,24011 Shoppers Vineyard (A),Off Premise,7/28/2026,1.00,
Jim Heaney,200314 Pride & Clarke Vodka 1/12/750 mL Btl,Pride & Clarke,24020 US#1 Wine & Liquor,Off Premise,7/24/2026,1.00,
Jim Heaney,200217 Leyenda 1925 Blanco Tequila 1/750 ML Btl,Leyenda 1925,24014 Bottleneck Liquors,Off Premise,8/20/2026,1.00,
Jim Heaney,101076 Ukrainian Spirit Vodka 1/12/1 L Btl,Ukrainian Spirit,24014 Bottleneck Liquors,Off Premise,8/20/2026,1.00,
Jim Heaney,200402 Travelers Club Vodka 24/375 mL Btl,Travelers Club,24012 Dante's Liquor & Wine,Off Premise,8/26/2026,1.00,
Jim Heaney,200263 Sammy's Kola Spiced Rum 1/6/750 mL Btl,Sammy's Beach Bum,25008 Clifton Commons S & W,Off Premise,8/13/2026,1.00,
Jim Heaney,200291 Molly's Irish Cream 6/1.75 L Btl,Molly's,25008 Clifton Commons S & W,Off Premise,8/31/2026,1.00,
Jim Heaney,100962 2XO French Oak 1/750 mL Btl,2XO,29011 World of Wine & Liquor,Off Premise,6/3/2026,1.00,
Jim Heaney,200310 Pride & Clarke Vodka 6/1.75 L Btl,Pride & Clarke,24001 Richfield Liquors,Off Premise,6/12/2026,1.00,
Jim Heaney,200313 Pride & Clarke Vodka 24/375 mL Btl,Pride & Clarke,25031 Lexington Liquors (Z),Off Premise,6/8/2026,1.00,
Jim Heaney,200314 Pride & Clarke Vodka 1/12/750 mL Btl,Pride & Clarke,24017 Rainbow Liquor (P),Off Premise,7/1/2026,1.00,
Jim Heaney,201056 Bardstown Origin Series Bourbon 1/750 mL Btl,Bardstown Bourbon,24014 Bottleneck Liquors,Off Premise,9/3/2026,,1.00
Jim Heaney,200218 Leyenda 1925 Reposado Tequila 1/750 ML Btl,Leyenda 1925,28012 Lucky 7 (A),Off Premise,8/26/2026,1.00,
Jim Heaney,200216 Leyenda 1925 Anejo Tequila 1/750 ML Btl,Leyenda 1925,28012 Lucky 7 (A),Off Premise,8/26/2026,1.00,
Jim Heaney,200313 Pride & Clarke Vodka 24/375 mL Btl,Pride & Clarke,24016 Broad Liquors (A),Off Premise,8/4/2026,1.00,
Jim Heaney,200313 Pride & Clarke Vodka 24/375 mL Btl,Pride & Clarke,25031 Lexington Liquors (Z),Off Premise,6/15/2026,1.00,
Jim Heaney,200402 Travelers Club Vodka 24/375 mL Btl,Travelers Club,24016 Broad Liquors (A),Off Premise,7/21/2026,1.00,
Jim Heaney,201051 Green River Bourbon 1/750 mL Btl,Bardstown Green River,24014 Bottleneck Liquors,Off Premise,9/3/2026,,1.00
Jim Heaney,201057 Bardstown Origin Series Double Barrel Rye 1/750 mL Btl,Bardstown Bourbon,24011 Shoppers Vineyard (A),Off Premise,7/28/2026,1.00,
Jim Heaney,200312 Pride & Clarke Vodka 48/200 mL Btl,Pride & Clarke,24020 US#1 Wine & Liquor,Off Premise,7/24/2026,1.00,
Jim Heaney,200314 Pride & Clarke Vodka 1/12/750 mL Btl,Pride & Clarke,25042 Town Liquors,Off Premise,6/27/2026,1.00,
Jim Heaney,200261 Sammy's Beach Bar Platinum Rum 1/6/750 mL Btl,Sammy's Beach Bum,25008 Clifton Commons S & W,Off Premise,8/13/2026,1.00,
Jim Heaney,200310 Pride & Clarke Vodka 6/1.75 L Btl,Pride & Clarke,24020 US#1 Wine & Liquor,Off Premise,7/24/2026,1.00,
Jim Heaney,200218 Leyenda 1925 Reposado Tequila 1/750 ML Btl,Leyenda 1925,24014 Bottleneck Liquors,Off Premise,8/20/2026,1.00,
Jim Heaney,200402 Travelers Club Vodka 24/375 mL Btl,Travelers Club,24016 Broad Liquors (A),Off Premise,8/25/2026,1.00,
Jim Heaney,200402 Travelers Club Vodka 24/375 mL Btl,Travelers Club,24009 Quik Stop Conv(Z),Off Premise,6/17/2026,1.00,
Jim Heaney,200402 Travelers Club Vodka 24/375 mL Btl,Travelers Club,24014 Bottleneck Liquors,Off Premise,7/14/2026,1.00,
Jim Heaney,200404 Traveler's Club Vodka 6/1.75 L Btl,Travelers Club,30004 West End Wine & Liq,Off Premise,8/10/2026,1.00,
Jim Heaney,200314 Pride & Clarke Vodka 1/12/750 mL Btl,Pride & Clarke,24016 Broad Liquors (A),Off Premise,8/4/2026,1.00,
Jim Heaney,201051 Green River Bourbon 1/750 mL Btl,Bardstown Green River,24011 Shoppers Vineyard (A),Off Premise,7/15/2026,1.00,
Jim Heaney,200312 Pride & Clarke Vodka 48/200 mL Btl,Pride & Clarke,24020 US#1 Wine & Liquor,Off Premise,6/26/2026,1.00,
Jim Heaney,200312 Pride & Clarke Vodka 48/200 mL Btl,Pride & Clarke,24016 Broad Liquors (A),Off Premise,6/9/2026,1.00,
Jim Heaney,200381 YaVe Tequila Mango 1/6/750 mL Btl,YaVe Tequila,24014 Bottleneck Liquors,Off Premise,8/20/2026,1.00,
Jim Heaney,200310 Pride & Clarke Vodka 6/1.75 L Btl,Pride & Clarke,24017 Rainbow Liquor (P),Off Premise,7/1/2026,1.00,
Jim Heaney,200400 Travelers Club Vodka 12/1 L Btl,Travelers Club,23002 Valley Liquors (A),Off Premise,8/21/2026,1.00,
Jim Heaney,201058 Bardstown Origin Series High Wheat 1/750 mL Btl,Bardstown Bourbon,13017 On The Rocks,Off Premise,8/10/2026,1.00,
Jim Heaney,200312 Pride & Clarke Vodka 48/200 mL Btl,Pride & Clarke,24020 US#1 Wine & Liquor,Off Premise,9/1/2026,,1.00
Jim Heaney,200218 Leyenda 1925 Reposado Tequila 1/750 ML Btl,Leyenda 1925,13008 Little Falls Liq(P),Off Premise,8/27/2026,1.00,
Jim Heaney,200310 Pride & Clarke Vodka 6/1.75 L Btl,Pride & Clarke,23002 Valley Liquors (A),Off Premise,6/4/2026,1.00,
Jim Heaney,200313 Pride & Clarke Vodka 24/375 mL Btl,Pride & Clarke,23002 Valley Liquors (A),Off Premise,6/11/2026,1.00,
Jim Heaney,200310 Pride & Clarke Vodka 6/1.75 L Btl,Pride & Clarke,23007 Field Liquors (A),Off Premise,6/2/2026,1.00,
Jim Heaney,200312 Pride & Clarke Vodka 48/200 mL Btl,Pride & Clarke,23002 Valley Liquors (A),Off Premise,6/26/2026,1.00,
Jim Heaney,200402 Travelers Club Vodka 24/375 mL Btl,Travelers Club,24020 US#1 Wine & Liquor,Off Premise,8/21/2026,1.00,
Jim Heaney,200402 Travelers Club Vodka 24/375 mL Btl,Travelers Club,29008 Krauszers Food,Off Premise,6/25/2026,1.00,
Jim Heaney,200217 Leyenda 1925 Blanco Tequila 1/750 ML Btl,Leyenda 1925,25008 Clifton Commons S & W,Off Premise,7/3/2026,1.00,
Jim Heaney,200217 Leyenda 1925 Blanco Tequila 1/750 ML Btl,Leyenda 1925,28012 Lucky 7 (A),Off Premise,8/26/2026,1.00,
Jim Heaney,200311 Pride & Clarke Vodka 12/1 L Btl,Pride & Clarke,25031 Lexington Liquors (Z),Off Premise,6/15/2026,1.00,
Jim Heaney,200313 Pride & Clarke Vodka 24/375 mL Btl,Pride & Clarke,24020 US#1 Wine & Liquor,Off Premise,9/1/2026,,1.00
Jim Heaney,200314 Pride & Clarke Vodka 1/12/750 mL Btl,Pride & Clarke,25042 Town Liquors,Off Premise,8/19/2026,1.00,
Jim Heaney,200401 Travelers Club Vodka 48/200 mL Btl,Travelers Club,24014 Bottleneck Liquors,Off Premise,6/23/2026,1.00,
Jim Heaney,200404 Traveler's Club Vodka 6/1.75 L Btl,Travelers Club,24014 Bottleneck Liquors,Off Premise,7/14/2026,1.00,
Jim Heaney,100125 Le Grand Noir Rose 1/12/750 mL Btl,Le Grand Noir,28011 Liquor Mart (North Arlington),Off Premise,7/22/2026,1.00,
Jim Heaney,200313 Pride & Clarke Vodka 24/375 mL Btl,Pride & Clarke,23007 Field Liquors (A),Off Premise,7/21/2026,1.00,
Jim Heaney,201052 Green River Full Proof 1/750 mL,Bardstown Green River,29011 World of Wine & Liquor,Off Premise,7/22/2026,1.00,
Jim Heaney,200401 Travelers Club Vodka 48/200 mL Btl,Travelers Club,24009 Quik Stop Conv(Z),Off Premise,8/17/2026,1.00,
Jim Heaney,200383 YaVe Tequila Reposado 1/6/750 mL Btl,YaVe Tequila,24014 Bottleneck Liquors,Off Premise,8/20/2026,1.00,
Jim Heaney,100125 Le Grand Noir Rose 1/12/750 mL Btl,Le Grand Noir,29011 World of Wine & Liquor,Off Premise,7/22/2026,1.00,
Jim Heaney,100961 2XO American Oak 1/750 mL Btl,2XO,29011 World of Wine & Liquor,Off Premise,6/3/2026,1.00,
Jim Heaney,200310 Pride & Clarke Vodka 6/1.75 L Btl,Pride & Clarke,23007 Field Liquors (A),Off Premise,7/21/2026,1.00,
Jim Heaney,200401 Travelers Club Vodka 48/200 mL Btl,Travelers Club,24009 Quik Stop Conv(Z),Off Premise,6/17/2026,1.00,
Jim Heaney,200402 Travelers Club Vodka 24/375 mL Btl,Travelers Club,23002 Valley Liquors (A),Off Premise,8/21/2026,1.00,
Jim Heaney,200217 Leyenda 1925 Blanco Tequila 1/750 ML Btl,Leyenda 1925,29011 World of Wine & Liquor,Off Premise,8/26/2026,1.00,
Jim Heaney,200310 Pride & Clarke Vodka 6/1.75 L Btl,Pride & Clarke,25042 Town Liquors,Off Premise,6/27/2026,1.00,
Jim Heaney,200401 Travelers Club Vodka 48/200 mL Btl,Travelers Club,24014 Bottleneck Liquors,Off Premise,7/14/2026,1.00,
Jim Heaney,200404 Traveler's Club Vodka 6/1.75 L Btl,Travelers Club,24012 Dante's Liquor & Wine,Off Premise,8/26/2026,1.00,
Jim Heaney,200217 Leyenda 1925 Blanco Tequila 1/750 ML Btl,Leyenda 1925,13008 Little Falls Liq(P),Off Premise,8/27/2026,1.00,
Jim Heaney,200218 Leyenda 1925 Reposado Tequila 1/750 ML Btl,Leyenda 1925,29003 Liquor Shed,Off Premise,7/29/2026,1.00,
Jim Heaney,200312 Pride & Clarke Vodka 48/200 mL Btl,Pride & Clarke,23002 Valley Liquors (A),Off Premise,8/21/2026,1.00,
Jim Heaney,200404 Traveler's Club Vodka 6/1.75 L Btl,Travelers Club,24012 Dante's Liquor & Wine,Off Premise,6/5/2026,1.00,
Jim Heaney,200404 Traveler's Club Vodka 6/1.75 L Btl,Travelers Club,29003 Liquor Shed,Off Premise,7/8/2026,1.00,
Jim Heaney,200217 Leyenda 1925 Blanco Tequila 1/750 ML Btl,Leyenda 1925,13008 Little Falls Liq(P),Off Premise,8/20/2026,1.00,
Jim Heaney,200218 Leyenda 1925 Reposado Tequila 1/750 ML Btl,Leyenda 1925,29009 Quick Buy,Off Premise,7/15/2026,1.00,
Jim Heaney,200311 Pride & Clarke Vodka 12/1 L Btl,Pride & Clarke,23002 Valley Liquors (A),Off Premise,6/19/2026,1.00,
Jim Heaney,200312 Pride & Clarke Vodka 48/200 mL Btl,Pride & Clarke,24001 Richfield Liquors,Off Premise,8/7/2026,1.00,
Jim Heaney,200217 Leyenda 1925 Blanco Tequila 1/750 ML Btl,Leyenda 1925,29013 Lyndhurst Liquors (P),Off Premise,8/25/2026,1.00,
Jim Heaney,200310 Pride & Clarke Vodka 6/1.75 L Btl,Pride & Clarke,25042 Town Liquors,Off Premise,8/19/2026,1.00,
Jim Heaney,200216 Leyenda 1925 Anejo Tequila 1/750 ML Btl,Leyenda 1925,24014 Bottleneck Liquors,Off Premise,8/20/2026,1.00,
Jim Heaney,200314 Pride & Clarke Vodka 1/12/750 mL Btl,Pride & Clarke,24001 Richfield Liquors,Off Premise,7/31/2026,1.00,
Jim Heaney,100125 Le Grand Noir Rose 1/12/750 mL Btl,Le Grand Noir,24017 Rainbow Liquor (P),Off Premise,6/26/2026,1.00,
Jim Heaney,200311 Pride & Clarke Vodka 12/1 L Btl,Pride & Clarke,24009 Quik Stop Conv(Z),Off Premise,7/1/2026,1.00,
Jim Heaney,200384 YaVe Tequila Blanco 1/6/750 mL Btl,YaVe Tequila,24014 Bottleneck Liquors,Off Premise,8/20/2026,1.00,
Jim Heaney,200262 Sammy's Red Head Rum 1/6/750 mL Btl,Sammy's Beach Bum,25008 Clifton Commons S & W,Off Premise,8/13/2026,1.00,
Jim Heaney,200312 Pride & Clarke Vodka 48/200 mL Btl,Pride & Clarke,25031 Lexington Liquors (Z),Off Premise,7/16/2026,1.00,
Jim Heaney,200738 Poca Loca Brazilian Wine 1/12/750 mL Btl,Poca Loca,23002 Valley Liquors (A),Off Premise,6/12/2026,1.00,
Jim Heaney,9409 Terredirai Bloom Bubbles Sparkling Non-Alcoholic 1/12/750 ML Btl,Bloom Bubbles,24017 Rainbow Liquor (P),Off Premise,6/9/2026,1.00,
Jim Heaney,201077 Green River Honey 1/750 mL Btl,Bardstown Green River,29011 World of Wine & Liquor,Off Premise,7/22/2026,1.00,
Jim Heaney,200312 Pride & Clarke Vodka 48/200 mL Btl,Pride & Clarke,23007 Field Liquors (A),Off Premise,6/2/2026,1.00,
John O'Donoghue,200356 Isidoros Arvanitis Plomari Ouzo 12/750 mL Btl,Greek Spirits,190016 12 Islands Greek Taverna,On Premise,7/31/2026,1.00,
John O'Donoghue,200172 Chateau Diana Chardonnay 12/750 mL Btl,Chateau Diana,190655 Sandy's Wine & Spirits (Flanders),Off Premise,8/20/2026,1.00,
John O'Donoghue,200198 Chateau Diana Non-Alcoholic Rose 12/750 mL Btl,Chateau Diana,190655 Sandy's Wine & Spirits (Flanders),Off Premise,8/20/2026,1.00,
John O'Donoghue,200171 Chateau Diana Caberner Sauvigon 12/750 mL Btl,Chateau Diana,190655 Sandy's Wine & Spirits (Flanders),Off Premise,8/20/2026,1.00,
John O'Donoghue,200356 Isidoros Arvanitis Plomari Ouzo 12/750 mL Btl,Greek Spirits,190016 12 Islands Greek Taverna,On Premise,7/9/2026,1.00,
John O'Donoghue,200351 Amethystos Red 12/750 mL,Greek Wines,190016 12 Islands Greek Taverna,On Premise,7/31/2026,1.00,
John O'Donoghue,200404 Traveler's Club Vodka 6/1.75 L Btl,Travelers Club,190711 Shop Rite Liquors,Off Premise,7/22/2026,1.00,
John O'Donoghue,200352 Amethystos White 12/750 mL,Greek Wines,190016 12 Islands Greek Taverna,On Premise,7/31/2026,1.00,
John O'Donoghue,200404 Traveler's Club Vodka 6/1.75 L Btl,Travelers Club,190711 Shop Rite Liquors,Off Premise,6/8/2026,1.00,
John O'Donoghue,200404 Traveler's Club Vodka 6/1.75 L Btl,Travelers Club,190711 Shop Rite Liquors,Off Premise,8/24/2026,1.00,
John O'Donoghue,200352 Amethystos White 12/750 mL,Greek Wines,190016 12 Islands Greek Taverna,On Premise,6/18/2026,1.00,
John O'Donoghue,200174 Chateau Diana Pinot Grigio 12/750 mL Btl,Chateau Diana,190655 Sandy's Wine & Spirits (Flanders),Off Premise,8/20/2026,1.00,
John O'Donoghue,200404 Traveler's Club Vodka 6/1.75 L Btl,Travelers Club,190711 Shop Rite Liquors,Off Premise,7/1/2026,1.00,
John O'Donoghue,101091 Lo Secco Prosecco 1/12/750 mL Btl,Lo Secco,190006 Main St Wines & Liq,Off Premise,6/26/2026,1.00,
John O'Donoghue,200294 Molly's Irish Cream 1/12/750 mL Btl,Molly's,191827 Best Cellars(Ledgewood),Off Premise,9/2/2026,,1.00
John O'Donoghue,200191 Chateau Diana Non-Alcoholic Cabernet Sauvignon 12/750 mL Btl,Chateau Diana,190655 Sandy's Wine & Spirits (Flanders),Off Premise,8/20/2026,1.00,
John O'Donoghue,200191 Chateau Diana Non-Alcoholic Cabernet Sauvignon 12/750 mL Btl,Chateau Diana,191835 The Village Liquor Store_2,Off Premise,7/23/2026,1.00,
John O'Donoghue,200402 Travelers Club Vodka 24/375 mL Btl,Travelers Club,190711 Shop Rite Liquors,Off Premise,6/8/2026,1.00,
John O'Donoghue,200192 Chateau Diana Non-Alcoholic Chardonnay 12/750 mL Btl,Chateau Diana,191835 The Village Liquor Store_2,Off Premise,7/23/2026,1.00,
John O'Donoghue,200351 Amethystos Red 12/750 mL,Greek Wines,190016 12 Islands Greek Taverna,On Premise,7/9/2026,1.00,
John O'Donoghue,200197 Chateau Diana Non-Alcoholic White Zinfandel 12/750 mL Btl,Chateau Diana,190655 Sandy's Wine & Spirits (Flanders),Off Premise,8/20/2026,1.00,
John O'Donoghue,200294 Molly's Irish Cream 1/12/750 mL Btl,Molly's,191827 Best Cellars(Ledgewood),Off Premise,8/19/2026,1.00,
John O'Donoghue,101091 Lo Secco Prosecco 1/12/750 mL Btl,Lo Secco,190655 Sandy's Wine & Spirits (Flanders),Off Premise,7/17/2026,1.00,
John O'Donoghue,11062 New Holland Dragon's Milk Reserve Coconut Rum 6/4/12 oz Btl,New Holland Brewing Co,190070 Hickory Wine Cellar,Off Premise,9/1/2026,,1.00
John O'Donoghue,200738 Poca Loca Brazilian Wine 1/12/750 mL Btl,Poca Loca,190655 Sandy's Wine & Spirits (Flanders),Off Premise,7/17/2026,1.00,
John O'Donoghue,200351 Amethystos Red 12/750 mL,Greek Wines,190016 12 Islands Greek Taverna,On Premise,6/18/2026,1.00,
John O'Donoghue,200352 Amethystos White 12/750 mL,Greek Wines,190016 12 Islands Greek Taverna,On Premise,7/9/2026,1.00,
Klejdi Lamo,11062 New Holland Dragon's Milk Reserve Coconut Rum 6/4/12 oz Btl,New Holland Brewing Co,190207 Liquor Outlet,Off Premise,8/26/2026,1.00,
Klejdi Lamo,201053 Green River Rye 1/750 mL,Bardstown Green River,191210 Milton Inn,Off Premise,6/30/2026,1.00,
Klejdi Lamo,201056 Bardstown Origin Series Bourbon 1/750 mL Btl,Bardstown Bourbon,190208 Boonton Liquor Locker,Off Premise,7/16/2026,1.00,
Klejdi Lamo,200217 Leyenda 1925 Blanco Tequila 1/750 ML Btl,Leyenda 1925,190208 Boonton Liquor Locker,Off Premise,8/28/2026,1.00,
Klejdi Lamo,100962 2XO French Oak 1/750 mL Btl,2XO,191814 Sandy's Wine & Spirit (P) (Budd Lake),Off Premise,7/15/2026,1.00,
Klejdi Lamo,201051 Green River Bourbon 1/750 mL Btl,Bardstown Green River,191210 Milton Inn,Off Premise,9/1/2026,,1.00
Klejdi Lamo,201055 Bardstown Origin Series Bottle-In-Bond 1/750 mL Btl,Bardstown Bourbon,190207 Liquor Outlet,Off Premise,7/3/2026,1.00,
Klejdi Lamo,201051 Green River Bourbon 1/750 mL Btl,Bardstown Green River,191210 Milton Inn,Off Premise,6/2/2026,1.00,
Klejdi Lamo,201078 Green River Honey 1/10/50 mL Btl,Bardstown Green River,190804 Midtown Liq,Off Premise,8/3/2026,1.00,
Klejdi Lamo,200216 Leyenda 1925 Anejo Tequila 1/750 ML Btl,Leyenda 1925,190101 Montville Wine & Spirits,Off Premise,7/22/2026,1.00,
Klejdi Lamo,100961 2XO American Oak 1/750 mL Btl,2XO,191814 Sandy's Wine & Spirit (P) (Budd Lake),Off Premise,7/15/2026,1.00,
Klejdi Lamo,201078 Green River Honey 1/10/50 mL Btl,Bardstown Green River,190207 Liquor Outlet,Off Premise,8/14/2026,1.00,
Klejdi Lamo,100962 2XO French Oak 1/750 mL Btl,2XO,190101 Montville Wine & Spirits,Off Premise,7/8/2026,1.00,
Klejdi Lamo,201053 Green River Rye 1/750 mL,Bardstown Green River,191210 Milton Inn,Off Premise,6/2/2026,1.00,
Klejdi Lamo,11062 New Holland Dragon's Milk Reserve Coconut Rum 6/4/12 oz Btl,New Holland Brewing Co,191710 Shop Rite Wine & Spirits Stanhope,Off Premise,8/26/2026,1.00,
Klejdi Lamo,201051 Green River Bourbon 1/750 mL Btl,Bardstown Green River,190207 Liquor Outlet,Off Premise,7/3/2026,1.00,
Klejdi Lamo,200217 Leyenda 1925 Blanco Tequila 1/750 ML Btl,Leyenda 1925,190302 Basket Of Cheer Ii (Lake Hiawatha),Off Premise,7/28/2026,1.00,
Klejdi Lamo,201055 Bardstown Origin Series Bottle-In-Bond 1/750 mL Btl,Bardstown Bourbon,191814 Sandy's Wine & Spirit (P) (Budd Lake),Off Premise,6/2/2026,1.00,
Klejdi Lamo,100122 Le Grand Noir Pinot Noir 1/12/750 mL Btl,Le Grand Noir,190216 House of Wine & Liquor,Off Premise,8/27/2026,1.00,
Klejdi Lamo,100962 2XO French Oak 1/750 mL Btl,2XO,190917 Shop Rite Liq (A)Wharton,Off Premise,7/10/2026,1.00,
Klejdi Lamo,201058 Bardstown Origin Series High Wheat 1/750 mL Btl,Bardstown Bourbon,191814 Sandy's Wine & Spirit (P) (Budd Lake),Off Premise,7/29/2026,1.00,
Klejdi Lamo,201054 Green River Wheated 1/750 mL,Bardstown Green River,191210 Milton Inn,Off Premise,9/1/2026,,1.00
Klejdi Lamo,200217 Leyenda 1925 Blanco Tequila 1/750 ML Btl,Leyenda 1925,190101 Montville Wine & Spirits,Off Premise,7/22/2026,1.00,
Klejdi Lamo,200218 Leyenda 1925 Reposado Tequila 1/750 ML Btl,Leyenda 1925,190603 Denville W & L,Off Premise,8/28/2026,1.00,
Klejdi Lamo,201055 Bardstown Origin Series Bottle-In-Bond 1/750 mL Btl,Bardstown Bourbon,191814 Sandy's Wine & Spirit (P) (Budd Lake),Off Premise,7/15/2026,1.00,
Klejdi Lamo,201057 Bardstown Origin Series Double Barrel Rye 1/750 mL Btl,Bardstown Bourbon,190207 Liquor Outlet,Off Premise,8/14/2026,1.00,
Klejdi Lamo,100122 Le Grand Noir Pinot Noir 1/12/750 mL Btl,Le Grand Noir,190101 Montville Wine & Spirits,Off Premise,7/22/2026,1.00,
Klejdi Lamo,200218 Leyenda 1925 Reposado Tequila 1/750 ML Btl,Leyenda 1925,190208 Boonton Liquor Locker,Off Premise,8/28/2026,1.00,
Klejdi Lamo,201054 Green River Wheated 1/750 mL,Bardstown Green River,191210 Milton Inn,Off Premise,6/30/2026,1.00,
Klejdi Lamo,200217 Leyenda 1925 Blanco Tequila 1/750 ML Btl,Leyenda 1925,190603 Denville W & L,Off Premise,8/28/2026,1.00,
Klejdi Lamo,200737 Lou Lou Bubbly Semi Sweet Rose 1/12/12 oz Can,Caravella,190101 Montville Wine & Spirits,Off Premise,7/29/2026,1.00,
Klejdi Lamo,201055 Bardstown Origin Series Bottle-In-Bond 1/750 mL Btl,Bardstown Bourbon,191803 Kingston Liquors,Off Premise,7/17/2026,1.00,
Klejdi Lamo,11062 New Holland Dragon's Milk Reserve Coconut Rum 6/4/12 oz Btl,New Holland Brewing Co,191814 Sandy's Wine & Spirit (P) (Budd Lake),Off Premise,8/26/2026,1.00,
Klejdi Lamo,201076 Green River Wheated Full Proof 1/750 ml Btl,Bardstown Green River,190207 Liquor Outlet,Off Premise,7/3/2026,1.00,
Klejdi Lamo,200218 Leyenda 1925 Reposado Tequila 1/750 ML Btl,Leyenda 1925,190101 Montville Wine & Spirits,Off Premise,7/22/2026,1.00,
Klejdi Lamo,201058 Bardstown Origin Series High Wheat 1/750 mL Btl,Bardstown Bourbon,190207 Liquor Outlet,Off Premise,8/14/2026,1.00,
Klejdi Lamo,100961 2XO American Oak 1/750 mL Btl,2XO,191518 3 IN 1 LIQUORS INC,Off Premise,7/8/2026,1.00,
Klejdi Lamo,201056 Bardstown Origin Series Bourbon 1/750 mL Btl,Bardstown Bourbon,190917 Shop Rite Liq (A)Wharton,Off Premise,6/29/2026,1.00,
Klejdi Lamo,100122 Le Grand Noir Pinot Noir 1/12/750 mL Btl,Le Grand Noir,190603 Denville W & L,Off Premise,8/28/2026,1.00,
Klejdi Lamo,201056 Bardstown Origin Series Bourbon 1/750 mL Btl,Bardstown Bourbon,191814 Sandy's Wine & Spirit (P) (Budd Lake),Off Premise,6/2/2026,1.00,
Klejdi Lamo,200218 Leyenda 1925 Reposado Tequila 1/750 ML Btl,Leyenda 1925,190216 House of Wine & Liquor,Off Premise,8/27/2026,1.00,
Klejdi Lamo,201077 Green River Honey 1/750 mL Btl,Bardstown Green River,190207 Liquor Outlet,Off Premise,8/14/2026,1.00,
Klejdi Lamo,201056 Bardstown Origin Series Bourbon 1/750 mL Btl,Bardstown Bourbon,190207 Liquor Outlet,Off Premise,8/14/2026,1.00,
Klejdi Lamo,100962 2XO French Oak 1/750 mL Btl,2XO,191518 3 IN 1 LIQUORS INC,Off Premise,7/8/2026,1.00,
Klejdi Lamo,100961 2XO American Oak 1/750 mL Btl,2XO,190917 Shop Rite Liq (A)Wharton,Off Premise,7/10/2026,1.00,
Klejdi Lamo,201058 Bardstown Origin Series High Wheat 1/750 mL Btl,Bardstown Bourbon,191710 Shop Rite Wine & Spirits Stanhope,Off Premise,7/28/2026,1.00,
Klejdi Lamo,100961 2XO American Oak 1/750 mL Btl,2XO,190101 Montville Wine & Spirits,Off Premise,7/8/2026,1.00,
Klejdi Lamo,201058 Bardstown Origin Series High Wheat 1/750 mL Btl,Bardstown Bourbon,191803 Kingston Liquors,Off Premise,7/31/2026,1.00,
Klejdi Lamo,201055 Bardstown Origin Series Bottle-In-Bond 1/750 mL Btl,Bardstown Bourbon,191710 Shop Rite Wine & Spirits Stanhope,Off Premise,7/1/2026,1.00,
Klejdi Lamo,201054 Green River Wheated 1/750 mL,Bardstown Green River,191710 Shop Rite Wine & Spirits Stanhope,Off Premise,8/26/2026,1.00,
Klejdi Lamo,200381 YaVe Tequila Mango 1/6/750 mL Btl,YaVe Tequila,190304 Shoppers Disc Liquor,Off Premise,7/21/2026,1.00,
Klejdi Lamo,200217 Leyenda 1925 Blanco Tequila 1/750 ML Btl,Leyenda 1925,190917 Shop Rite Liq (A)Wharton,Off Premise,9/1/2026,,1.00
Klejdi Lamo,201056 Bardstown Origin Series Bourbon 1/750 mL Btl,Bardstown Bourbon,191814 Sandy's Wine & Spirit (P) (Budd Lake),Off Premise,7/15/2026,1.00,
Klejdi Lamo,200218 Leyenda 1925 Reposado Tequila 1/750 ML Btl,Leyenda 1925,190917 Shop Rite Liq (A)Wharton,Off Premise,9/1/2026,,1.00
Klejdi Lamo,201054 Green River Wheated 1/750 mL,Bardstown Green River,191210 Milton Inn,Off Premise,7/21/2026,1.00,
Klejdi Lamo,201077 Green River Honey 1/750 mL Btl,Bardstown Green River,190208 Boonton Liquor Locker,Off Premise,6/5/2026,1.00,
Klejdi Lamo,201078 Green River Honey 1/10/50 mL Btl,Bardstown Green River,191710 Shop Rite Wine & Spirits Stanhope,Off Premise,7/29/2026,1.00,
Klejdi Lamo,200385 YaVe Tequila Coconut 1/6/750 mL Btl,YaVe Tequila,190304 Shoppers Disc Liquor,Off Premise,7/21/2026,1.00,
Klejdi Lamo,200737 Lou Lou Bubbly Semi Sweet Rose 1/12/12 oz Can,Caravella,190101 Montville Wine & Spirits,Off Premise,8/12/2026,1.00,
Klejdi Lamo,201057 Bardstown Origin Series Double Barrel Rye 1/750 mL Btl,Bardstown Bourbon,191814 Sandy's Wine & Spirit (P) (Budd Lake),Off Premise,6/2/2026,1.00,
Klejdi Lamo,201056 Bardstown Origin Series Bourbon 1/750 mL Btl,Bardstown Bourbon,191210 Milton Inn,Off Premise,9/1/2026,,1.00
Klejdi Lamo,200153 American Fruit Sour Cherry Liqueur 12/375 mL,American Fruit,191710 Shop Rite Wine & Spirits Stanhope,Off Premise,7/1/2026,1.00,
Klejdi Lamo,200217 Leyenda 1925 Blanco Tequila 1/750 ML Btl,Leyenda 1925,190216 House of Wine & Liquor,Off Premise,8/27/2026,1.00,
Klejdi Lamo,201078 Green River Honey 1/10/50 mL Btl,Bardstown Green River,191608 Shop-Rite(A) Netcong,Off Premise,7/29/2026,1.00,
Klejdi Lamo,201057 Bardstown Origin Series Double Barrel Rye 1/750 mL Btl,Bardstown Bourbon,191803 Kingston Liquors,Off Premise,7/31/2026,1.00,
Klejdi Lamo,201053 Green River Rye 1/750 mL,Bardstown Green River,191210 Milton Inn,Off Premise,7/21/2026,1.00,
Klejdi Lamo,201054 Green River Wheated 1/750 mL,Bardstown Green River,190917 Shop Rite Liq (A)Wharton,Off Premise,7/10/2026,1.00,
Klejdi Lamo,200737 Lou Lou Bubbly Semi Sweet Rose 1/12/12 oz Can,Caravella,190101 Montville Wine & Spirits,Off Premise,9/2/2026,,1.00
Klejdi Lamo,201056 Bardstown Origin Series Bourbon 1/750 mL Btl,Bardstown Bourbon,190207 Liquor Outlet,Off Premise,7/3/2026,1.00,
Matt Powierski,200771 Desquite Artesanal 6/750 mL Btl,Desquite,37068 Whoopee Liq (A),Off Premise,7/15/2026,1.00,
Matt Powierski,200217 Leyenda 1925 Blanco Tequila 1/750 ML Btl,Leyenda 1925,32017 Wine Grand (Carlstadt),Off Premise,8/20/2026,1.00,
Matt Powierski,200312 Pride & Clarke Vodka 48/200 mL Btl,Pride & Clarke,27031 Home Wine Liquor (Passaic),Off Premise,6/16/2026,1.00,
Matt Powierski,200402 Travelers Club Vodka 24/375 mL Btl,Travelers Club,27031 Home Wine Liquor (Passaic),Off Premise,7/21/2026,1.00,
Matt Powierski,200313 Pride & Clarke Vodka 24/375 mL Btl,Pride & Clarke,27031 Home Wine Liquor (Passaic),Off Premise,9/3/2026,,1.00
Matt Powierski,200375 Ploes Rose 1/12/750 mL Btl,Greek Wines,31060 Bottle Republic (Rutherford),Off Premise,6/16/2026,1.00,
Matt Powierski,200402 Travelers Club Vodka 24/375 mL Btl,Travelers Club,27031 Home Wine Liquor (Passaic),Off Premise,8/6/2026,1.00,
Matt Powierski,200352 Amethystos White 12/750 mL,Greek Wines,31060 Bottle Republic (Rutherford),Off Premise,6/16/2026,1.00,
Matt Powierski,201056 Bardstown Origin Series Bourbon 1/750 mL Btl,Bardstown Bourbon,27032 Cork and Barrel,Off Premise,8/28/2026,1.00,
Matt Powierski,201076 Green River Wheated Full Proof 1/750 ml Btl,Bardstown Green River,42004 Wine And People,Off Premise,7/24/2026,1.00,
Matt Powierski,100120 Le Grand Noir Chardonnay 1/12/750 mL Btl,Le Grand Noir,32017 Wine Grand (Carlstadt),Off Premise,8/18/2026,1.00,
Matt Powierski,100961 2XO American Oak 1/750 mL Btl,2XO,32017 Wine Grand (Carlstadt),Off Premise,7/7/2026,1.00,
Matt Powierski,200402 Travelers Club Vodka 24/375 mL Btl,Travelers Club,27031 Home Wine Liquor (Passaic),Off Premise,6/4/2026,1.00,
Matt Powierski,200738 Poca Loca Brazilian Wine 1/12/750 mL Btl,Poca Loca,32016 Cobblestone Hill Deli,Off Premise,6/9/2026,1.00,
Matt Powierski,201056 Bardstown Origin Series Bourbon 1/750 mL Btl,Bardstown Bourbon,32017 Wine Grand (Carlstadt),Off Premise,9/1/2026,,1.00
Matt Powierski,200771 Desquite Artesanal 6/750 mL Btl,Desquite,77002 Birchwood Liq & Deli (Z),Off Premise,7/17/2026,1.00,
Matt Powierski,201058 Bardstown Origin Series High Wheat 1/750 mL Btl,Bardstown Bourbon,32017 Wine Grand (Carlstadt),Off Premise,9/1/2026,,1.00
Matt Powierski,200402 Travelers Club Vodka 24/375 mL Btl,Travelers Club,27031 Home Wine Liquor (Passaic),Off Premise,6/15/2026,1.00,
Matt Powierski,101072 Shabo Telti Kuruk Reserve 1/12/750 mL Btl,Shabo Wine,36007 Shop Rite Of Wallington,Off Premise,7/10/2026,1.00,
Matt Powierski,200402 Travelers Club Vodka 24/375 mL Btl,Travelers Club,27031 Home Wine Liquor (Passaic),Off Premise,8/27/2026,1.00,
Matt Powierski,100121 Le Grand Noir Cabernet Sauvignon 1/12/750 mL Btl,Le Grand Noir,32017 Wine Grand (Carlstadt),Off Premise,6/26/2026,1.00,
Matt Powierski,200312 Pride & Clarke Vodka 48/200 mL Btl,Pride & Clarke,27031 Home Wine Liquor (Passaic),Off Premise,6/8/2026,1.00,
Matt Powierski,9409 Terredirai Bloom Bubbles Sparkling Non-Alcoholic 1/12/750 ML Btl,Bloom Bubbles,31060 Bottle Republic (Rutherford),Off Premise,6/16/2026,1.00,
Matt Powierski,9409 Terredirai Bloom Bubbles Sparkling Non-Alcoholic 1/12/750 ML Btl,Bloom Bubbles,42004 Wine And People,Off Premise,8/11/2026,1.00,
Matt Powierski,200402 Travelers Club Vodka 24/375 mL Btl,Travelers Club,27031 Home Wine Liquor (Passaic),Off Premise,8/13/2026,1.00,
Matt Powierski,100125 Le Grand Noir Rose 1/12/750 mL Btl,Le Grand Noir,42004 Wine And People,Off Premise,8/11/2026,1.00,
Matt Powierski,100961 2XO American Oak 1/750 mL Btl,2XO,77009 M & M Wine & Spirits,Off Premise,7/20/2026,1.00,
Matt Powierski,101075 Hetman Elite Vodka 1/6/700 mL Btl,Hetman Vodka,36007 Shop Rite Of Wallington,Off Premise,7/10/2026,1.00,
Matt Powierski,200153 American Fruit Sour Cherry Liqueur 12/375 mL,American Fruit,36043 Sports Bar & Liquors,On Premise,8/6/2026,1.00,
Matt Powierski,201056 Bardstown Origin Series Bourbon 1/750 mL Btl,Bardstown Bourbon,36007 Shop Rite Of Wallington,Off Premise,8/25/2026,1.00,
Matt Powierski,200218 Leyenda 1925 Reposado Tequila 1/750 ML Btl,Leyenda 1925,77009 M & M Wine & Spirits,Off Premise,8/27/2026,1.00,
Matt Powierski,200402 Travelers Club Vodka 24/375 mL Btl,Travelers Club,27031 Home Wine Liquor (Passaic),Off Premise,7/9/2026,1.00,
Matt Powierski,201054 Green River Wheated 1/750 mL,Bardstown Green River,42004 Wine And People,Off Premise,7/24/2026,1.00,
Matt Powierski,200312 Pride & Clarke Vodka 48/200 mL Btl,Pride & Clarke,27031 Home Wine Liquor (Passaic),Off Premise,9/3/2026,,1.00
Matt Powierski,200173 Chateau Diana Merlot 12/750 mL Btl,Chateau Diana,77009 M & M Wine & Spirits,Off Premise,7/3/2026,1.00,
Matt Powierski,9409 Terredirai Bloom Bubbles Sparkling Non-Alcoholic 1/12/750 ML Btl,Bloom Bubbles,36007 Shop Rite Of Wallington,Off Premise,7/3/2026,1.00,
Matt Powierski,200218 Leyenda 1925 Reposado Tequila 1/750 ML Btl,Leyenda 1925,32014 Wine Liquor Shop,Off Premise,8/26/2026,1.00,
Matt Powierski,200314 Pride & Clarke Vodka 1/12/750 mL Btl,Pride & Clarke,27031 Home Wine Liquor (Passaic),Off Premise,6/16/2026,1.00,
Matt Powierski,200217 Leyenda 1925 Blanco Tequila 1/750 ML Btl,Leyenda 1925,42004 Wine And People,Off Premise,8/11/2026,1.00,
Matt Powierski,200218 Leyenda 1925 Reposado Tequila 1/750 ML Btl,Leyenda 1925,32016 Cobblestone Hill Deli,Off Premise,8/25/2026,1.00,
Matt Powierski,200772 Desquite Tradicion 6/750 mL Btl,Desquite,27031 Home Wine Liquor (Passaic),Off Premise,6/23/2026,1.00,
Matt Powierski,200351 Amethystos Red 12/750 mL,Greek Wines,31060 Bottle Republic (Rutherford),Off Premise,6/16/2026,1.00,
Matt Powierski,201073 Bardstown Collaboration Series Pierre Ferrand 1/750 mL Btl,Bardstown Bourbon,42004 Wine And People,Off Premise,7/24/2026,1.00,
Matt Powierski,200310 Pride & Clarke Vodka 6/1.75 L Btl,Pride & Clarke,36016 King Liquors,Off Premise,8/12/2026,1.00,
Matt Powierski,200216 Leyenda 1925 Anejo Tequila 1/750 ML Btl,Leyenda 1925,36007 Shop Rite Of Wallington,Off Premise,8/25/2026,1.00,
Matt Powierski,200313 Pride & Clarke Vodka 24/375 mL Btl,Pride & Clarke,27031 Home Wine Liquor (Passaic),Off Premise,6/8/2026,1.00,
Matt Powierski,200310 Pride & Clarke Vodka 6/1.75 L Btl,Pride & Clarke,27031 Home Wine Liquor (Passaic),Off Premise,6/16/2026,1.00,
Matt Powierski,200402 Travelers Club Vodka 24/375 mL Btl,Travelers Club,27031 Home Wine Liquor (Passaic),Off Premise,9/3/2026,,1.00
Matt Powierski,200313 Pride & Clarke Vodka 24/375 mL Btl,Pride & Clarke,27031 Home Wine Liquor (Passaic),Off Premise,6/16/2026,1.00,
Matt Powierski,101076 Ukrainian Spirit Vodka 1/12/1 L Btl,Ukrainian Spirit,36007 Shop Rite Of Wallington,Off Premise,7/10/2026,1.00,
Matt Powierski,200217 Leyenda 1925 Blanco Tequila 1/750 ML Btl,Leyenda 1925,32014 Wine Liquor Shop,Off Premise,8/26/2026,1.00,
Matt Powierski,200217 Leyenda 1925 Blanco Tequila 1/750 ML Btl,Leyenda 1925,32016 Cobblestone Hill Deli,Off Premise,8/25/2026,1.00,
Matt Powierski,201058 Bardstown Origin Series High Wheat 1/750 mL Btl,Bardstown Bourbon,31060 Bottle Republic (Rutherford),Off Premise,8/6/2026,1.00,
Matt Powierski,200402 Travelers Club Vodka 24/375 mL Btl,Travelers Club,27031 Home Wine Liquor (Passaic),Off Premise,8/17/2026,1.00,
Matt Powierski,201051 Green River Bourbon 1/750 mL Btl,Bardstown Green River,32017 Wine Grand (Carlstadt),Off Premise,8/18/2026,1.00,
Matt Powierski,201078 Green River Honey 1/10/50 mL Btl,Bardstown Green River,32017 Wine Grand (Carlstadt),Off Premise,8/6/2026,1.00,
Matt Powierski,200313 Pride & Clarke Vodka 24/375 mL Btl,Pride & Clarke,26001 Luigi's Liquor (A),Off Premise,6/8/2026,1.00,
Matt Powierski,201072 Green River Bourbon 250th Army Anniversary 1/750 mL,Bardstown Green River,36007 Shop Rite Of Wallington,Off Premise,6/5/2026,1.00,
Matt Powierski,100921 Oceano White Moscato 1/12/750 mL Btl,Oceano,31060 Bottle Republic (Rutherford),Off Premise,6/16/2026,1.00,
Matt Powierski,200313 Pride & Clarke Vodka 24/375 mL Btl,Pride & Clarke,36016 King Liquors,Off Premise,6/29/2026,1.00,
Matt Powierski,200216 Leyenda 1925 Anejo Tequila 1/750 ML Btl,Leyenda 1925,32016 Cobblestone Hill Deli,Off Premise,8/25/2026,1.00,
Matt Powierski,201056 Bardstown Origin Series Bourbon 1/750 mL Btl,Bardstown Bourbon,27032 Cork and Barrel,Off Premise,6/25/2026,1.00,
Matt Powierski,200218 Leyenda 1925 Reposado Tequila 1/750 ML Btl,Leyenda 1925,36007 Shop Rite Of Wallington,Off Premise,8/25/2026,1.00,
Matt Powierski,100122 Le Grand Noir Pinot Noir 1/12/750 mL Btl,Le Grand Noir,32017 Wine Grand (Carlstadt),Off Premise,7/24/2026,1.00,
Matt Powierski,200217 Leyenda 1925 Blanco Tequila 1/750 ML Btl,Leyenda 1925,36007 Shop Rite Of Wallington,Off Premise,8/25/2026,1.00,
Matt Powierski,200312 Pride & Clarke Vodka 48/200 mL Btl,Pride & Clarke,27063 Archies (P),Off Premise,7/15/2026,1.00,
Matt Powierski,201055 Bardstown Origin Series Bottle-In-Bond 1/750 mL Btl,Bardstown Bourbon,31060 Bottle Republic (Rutherford),Off Premise,8/6/2026,1.00,
Matt Powierski,200771 Desquite Artesanal 6/750 mL Btl,Desquite,27031 Home Wine Liquor (Passaic),Off Premise,6/23/2026,1.00,
Matt Powierski,201056 Bardstown Origin Series Bourbon 1/750 mL Btl,Bardstown Bourbon,31060 Bottle Republic (Rutherford),Off Premise,8/6/2026,1.00,
Matt Powierski,100121 Le Grand Noir Cabernet Sauvignon 1/12/750 mL Btl,Le Grand Noir,32017 Wine Grand (Carlstadt),Off Premise,7/24/2026,1.00,
Matt Powierski,200402 Travelers Club Vodka 24/375 mL Btl,Travelers Club,27031 Home Wine Liquor (Passaic),Off Premise,6/22/2026,1.00,
Matt Powierski,201052 Green River Full Proof 1/750 mL,Bardstown Green River,32017 Wine Grand (Carlstadt),Off Premise,8/18/2026,1.00,
Matt Powierski,101071 Shabo Saperavi Reserve 1/12/750 mL Btl,Shabo Wine,36007 Shop Rite Of Wallington,Off Premise,7/10/2026,1.00,
Matt Powierski,200216 Leyenda 1925 Anejo Tequila 1/750 ML Btl,Leyenda 1925,42004 Wine And People,Off Premise,8/11/2026,1.00,
Matt Powierski,200312 Pride & Clarke Vodka 48/200 mL Btl,Pride & Clarke,27063 Archies (P),Off Premise,8/26/2026,1.00,
Matt Powierski,200310 Pride & Clarke Vodka 6/1.75 L Btl,Pride & Clarke,26001 Luigi's Liquor (A),Off Premise,6/8/2026,1.00,
Matt Powierski,200310 Pride & Clarke Vodka 6/1.75 L Btl,Pride & Clarke,26001 Luigi's Liquor (A),Off Premise,7/27/2026,1.00,
Matt Powierski,200218 Leyenda 1925 Reposado Tequila 1/750 ML Btl,Leyenda 1925,42004 Wine And People,Off Premise,8/11/2026,1.00,
Matt Powierski,200750 La Bodega Tequila Reposado 1/12/1 L Btl,La Bodega,32017 Wine Grand (Carlstadt),Off Premise,6/12/2026,1.00,
Matt Powierski,200312 Pride & Clarke Vodka 48/200 mL Btl,Pride & Clarke,27031 Home Wine Liquor (Passaic),Off Premise,7/9/2026,1.00,
Matt Powierski,100122 Le Grand Noir Pinot Noir 1/12/750 mL Btl,Le Grand Noir,42004 Wine And People,Off Premise,8/11/2026,1.00,
Matt Powierski,200291 Molly's Irish Cream 6/1.75 L Btl,Molly's,31004 Metro Liquors (East Rutherford),Off Premise,8/13/2026,1.00,
Matt Powierski,201058 Bardstown Origin Series High Wheat 1/750 mL Btl,Bardstown Bourbon,27032 Cork and Barrel,Off Premise,8/28/2026,1.00,
Matt Powierski,201055 Bardstown Origin Series Bottle-In-Bond 1/750 mL Btl,Bardstown Bourbon,32017 Wine Grand (Carlstadt),Off Premise,9/1/2026,,1.00
Matt Powierski,200402 Travelers Club Vodka 24/375 mL Btl,Travelers Club,27031 Home Wine Liquor (Passaic),Off Premise,8/24/2026,1.00,
Matt Powierski,200312 Pride & Clarke Vodka 48/200 mL Btl,Pride & Clarke,26001 Luigi's Liquor (A),Off Premise,8/17/2026,1.00,
Matt Powierski,200217 Leyenda 1925 Blanco Tequila 1/750 ML Btl,Leyenda 1925,77009 M & M Wine & Spirits,Off Premise,8/27/2026,1.00,
Matt Powierski,200313 Pride & Clarke Vodka 24/375 mL Btl,Pride & Clarke,27063 Archies (P),Off Premise,7/29/2026,1.00,
Matt Powierski,200402 Travelers Club Vodka 24/375 mL Btl,Travelers Club,27031 Home Wine Liquor (Passaic),Off Premise,7/27/2026,1.00,
Matt Powierski,200310 Pride & Clarke Vodka 6/1.75 L Btl,Pride & Clarke,26001 Luigi's Liquor (A),Off Premise,8/17/2026,1.00,
Michael Harboy,200262 Sammy's Red Head Rum 1/6/750 mL Btl,Sammy's Beach Bum,150048 Cedar Grove Wine Cellar,Off Premise,8/18/2026,1.00,
Michael Harboy,200312 Pride & Clarke Vodka 48/200 mL Btl,Pride & Clarke,150078 Tory Corner Liquors (P),Off Premise,8/7/2026,1.00,
Michael Harboy,200218 Leyenda 1925 Reposado Tequila 1/750 ML Btl,Leyenda 1925,11014 Wayne Liquor Locker,Off Premise,7/31/2026,1.00,
Michael Harboy,200402 Travelers Club Vodka 24/375 mL Btl,Travelers Club,150005 The Bottle Stop (Caldwell),Off Premise,8/5/2026,1.00,
Michael Harboy,200218 Leyenda 1925 Reposado Tequila 1/750 ML Btl,Leyenda 1925,12005 Shay's Liquors,Off Premise,7/30/2026,1.00,
Michael Harboy,200313 Pride & Clarke Vodka 24/375 mL Btl,Pride & Clarke,150078 Tory Corner Liquors (P),Off Premise,8/7/2026,1.00,
Michael Harboy,200402 Travelers Club Vodka 24/375 mL Btl,Travelers Club,150005 The Bottle Stop (Caldwell),Off Premise,7/17/2026,1.00,
Michael Harboy,200312 Pride & Clarke Vodka 48/200 mL Btl,Pride & Clarke,150078 Tory Corner Liquors (P),Off Premise,6/10/2026,1.00,
Michael Harboy,200053 Warwick Gin 6/750 mL Btl,Warwick Gin,12005 Shay's Liquors,Off Premise,6/23/2026,1.00,
Michael Harboy,200291 Molly's Irish Cream 6/1.75 L Btl,Molly's,150008 Total Wine & More (West Orange),Off Premise,6/18/2026,1.00,
Michael Harboy,200313 Pride & Clarke Vodka 24/375 mL Btl,Pride & Clarke,150078 Tory Corner Liquors (P),Off Premise,6/10/2026,1.00,
Michael Harboy,200402 Travelers Club Vodka 24/375 mL Btl,Travelers Club,150005 The Bottle Stop (Caldwell),Off Premise,8/27/2026,1.00,
Michael Harboy,200217 Leyenda 1925 Blanco Tequila 1/750 ML Btl,Leyenda 1925,11001 Lincoln Center Liq,Off Premise,7/31/2026,1.00,
Michael Harboy,200402 Travelers Club Vodka 24/375 mL Btl,Travelers Club,150005 The Bottle Stop (Caldwell),Off Premise,6/2/2026,1.00,
Michael Harboy,200153 American Fruit Sour Cherry Liqueur 12/375 mL,American Fruit,150008 Total Wine & More (West Orange),Off Premise,6/4/2026,1.00,
Michael Harboy,200404 Traveler's Club Vodka 6/1.75 L Btl,Travelers Club,150005 The Bottle Stop (Caldwell),Off Premise,6/25/2026,1.00,
Michael Harboy,200310 Pride & Clarke Vodka 6/1.75 L Btl,Pride & Clarke,150162 Krauszer's Food & Liq,Off Premise,8/20/2026,1.00,
Michael Harboy,200310 Pride & Clarke Vodka 6/1.75 L Btl,Pride & Clarke,150078 Tory Corner Liquors (P),Off Premise,8/7/2026,1.00,
Michael Harboy,200217 Leyenda 1925 Blanco Tequila 1/750 ML Btl,Leyenda 1925,11014 Wayne Liquor Locker,Off Premise,7/31/2026,1.00,
Michael Harboy,200401 Travelers Club Vodka 48/200 mL Btl,Travelers Club,150005 The Bottle Stop (Caldwell),Off Premise,6/11/2026,1.00,
Michael Harboy,200402 Travelers Club Vodka 24/375 mL Btl,Travelers Club,150005 The Bottle Stop (Caldwell),Off Premise,7/28/2026,1.00,
Michael Harboy,201058 Bardstown Origin Series High Wheat 1/750 mL Btl,Bardstown Bourbon,12005 Shay's Liquors,Off Premise,7/28/2026,1.00,
Michael Harboy,200291 Molly's Irish Cream 6/1.75 L Btl,Molly's,150008 Total Wine & More (West Orange),Off Premise,7/16/2026,1.00,
Michael Harboy,200527 Southern Tier Peanut Butter Cup Whiskey 6/750 mL Btl,Southern Tier Distilling,12005 Shay's Liquors,Off Premise,8/18/2026,1.00,
Michael Harboy,200401 Travelers Club Vodka 48/200 mL Btl,Travelers Club,150005 The Bottle Stop (Caldwell),Off Premise,7/17/2026,1.00,
Michael Harboy,200261 Sammy's Beach Bar Platinum Rum 1/6/750 mL Btl,Sammy's Beach Bum,150048 Cedar Grove Wine Cellar,Off Premise,8/18/2026,1.00,
Michael Harboy,200310 Pride & Clarke Vodka 6/1.75 L Btl,Pride & Clarke,150078 Tory Corner Liquors (P),Off Premise,6/10/2026,1.00,
Michael Harboy,201055 Bardstown Origin Series Bottle-In-Bond 1/750 mL Btl,Bardstown Bourbon,12005 Shay's Liquors,Off Premise,8/18/2026,1.00,
Michael Harboy,11062 New Holland Dragon's Milk Reserve Coconut Rum 6/4/12 oz Btl,New Holland Brewing Co,150008 Total Wine & More (West Orange),Off Premise,9/3/2026,,1.00
Michael Harboy,200402 Travelers Club Vodka 24/375 mL Btl,Travelers Club,150005 The Bottle Stop (Caldwell),Off Premise,6/11/2026,1.00,
Michael Harboy,200053 Warwick Gin 6/750 mL Btl,Warwick Gin,12005 Shay's Liquors,Off Premise,7/9/2026,1.00,
Michael Harboy,200402 Travelers Club Vodka 24/375 mL Btl,Travelers Club,150005 The Bottle Stop (Caldwell),Off Premise,6/25/2026,1.00,
Michael Harboy,201067 Green River Single Barrel GSPD#2 1/750 mL,Bardstown Green River,12005 Shay's Liquors,Off Premise,6/23/2026,1.00,
Michael Harboy,100962 2XO French Oak 1/750 mL Btl,2XO,12005 Shay's Liquors,Off Premise,8/25/2026,1.00,
Michael Harboy,200313 Pride & Clarke Vodka 24/375 mL Btl,Pride & Clarke,150162 Krauszer's Food & Liq,Off Premise,7/16/2026,1.00,
Michael Harboy,200263 Sammy's Kola Spiced Rum 1/6/750 mL Btl,Sammy's Beach Bum,150048 Cedar Grove Wine Cellar,Off Premise,8/18/2026,1.00,
Michael Harboy,200314 Pride & Clarke Vodka 1/12/750 mL Btl,Pride & Clarke,150162 Krauszer's Food & Liq,Off Premise,7/16/2026,1.00,
Michael Harboy,200404 Traveler's Club Vodka 6/1.75 L Btl,Travelers Club,150005 The Bottle Stop (Caldwell),Off Premise,6/3/2026,1.00,
Michael Harboy,200314 Pride & Clarke Vodka 1/12/750 mL Btl,Pride & Clarke,150162 Krauszer's Food & Liq,Off Premise,8/20/2026,1.00,
Michael Harboy,200217 Leyenda 1925 Blanco Tequila 1/750 ML Btl,Leyenda 1925,12005 Shay's Liquors,Off Premise,7/30/2026,1.00,
Michael Harboy,201054 Green River Wheated 1/750 mL,Bardstown Green River,12005 Shay's Liquors,Off Premise,9/1/2026,,1.00
Michael Harboy,201057 Bardstown Origin Series Double Barrel Rye 1/750 mL Btl,Bardstown Bourbon,12005 Shay's Liquors,Off Premise,6/30/2026,1.00,
Michael Harboy,101091 Lo Secco Prosecco 1/12/750 mL Btl,Lo Secco,150004 Merit (P),Off Premise,6/11/2026,1.00,
Michael Harboy,200401 Travelers Club Vodka 48/200 mL Btl,Travelers Club,150005 The Bottle Stop (Caldwell),Off Premise,6/25/2026,1.00,
Mike Ast,201055 Bardstown Origin Series Bottle-In-Bond 1/750 mL Btl,Bardstown Bourbon,19027 Goffle Road Wine and More,Off Premise,7/28/2026,1.00,
Mike Ast,200171 Chateau Diana Caberner Sauvigon 12/750 mL Btl,Chateau Diana,88005 Waldwick Wine/Spirits,Off Premise,8/28/2026,1.00,
Mike Ast,200737 Lou Lou Bubbly Semi Sweet Rose 1/12/12 oz Can,Caravella,96002 Wine & Spirit World(W),Off Premise,6/15/2026,1.00,
Mike Ast,200217 Leyenda 1925 Blanco Tequila 1/750 ML Btl,Leyenda 1925,17011 Nico's Wine & Spirits,Off Premise,8/19/2026,1.00,
Mike Ast,200404 Traveler's Club Vodka 6/1.75 L Btl,Travelers Club,88005 Waldwick Wine/Spirits,Off Premise,6/25/2026,1.00,
Mike Ast,200402 Travelers Club Vodka 24/375 mL Btl,Travelers Club,96002 Wine & Spirit World(W),Off Premise,7/13/2026,1.00,
Mike Ast,201056 Bardstown Origin Series Bourbon 1/750 mL Btl,Bardstown Bourbon,87001 Uncorked Wine & Spirits (Hohokus),Off Premise,8/31/2026,1.00,
Mike Ast,201078 Green River Honey 1/10/50 mL Btl,Bardstown Green River,88005 Waldwick Wine/Spirits,Off Premise,8/19/2026,1.00,
Mike Ast,100961 2XO American Oak 1/750 mL Btl,2XO,19027 Goffle Road Wine and More,Off Premise,7/10/2026,1.00,
Mike Ast,200402 Travelers Club Vodka 24/375 mL Btl,Travelers Club,88004 Discount Liq (P)_2,Off Premise,6/1/2026,1.00,
Mike Ast,100961 2XO American Oak 1/750 mL Btl,2XO,88005 Waldwick Wine/Spirits,Off Premise,6/25/2026,1.00,
Mike Ast,200217 Leyenda 1925 Blanco Tequila 1/750 ML Btl,Leyenda 1925,84022 Park West Tavern,On Premise,7/24/2026,1.00,
Mike Ast,200404 Traveler's Club Vodka 6/1.75 L Btl,Travelers Club,96002 Wine & Spirit World(W),Off Premise,9/2/2026,,1.00
Mike Ast,201053 Green River Rye 1/750 mL,Bardstown Green River,12011 Bottle King (A) Wayne,Off Premise,6/25/2026,1.00,
Mike Ast,100921 Oceano White Moscato 1/12/750 mL Btl,Oceano,94001 Long Hill Liquors (A),Off Premise,6/17/2026,1.00,
Mike Ast,100962 2XO French Oak 1/750 mL Btl,2XO,81006 Fair Lawn Wine & Spirits,Off Premise,6/26/2026,1.00,
Mike Ast,201052 Green River Full Proof 1/750 mL,Bardstown Green River,12011 Bottle King (A) Wayne,Off Premise,8/11/2026,1.00,
Mike Ast,200404 Traveler's Club Vodka 6/1.75 L Btl,Travelers Club,96002 Wine & Spirit World(W),Off Premise,7/17/2026,1.00,
Mike Ast,200404 Traveler's Club Vodka 6/1.75 L Btl,Travelers Club,93003 Mahwah Liqrs (P),Off Premise,8/25/2026,1.00,
Mike Ast,200737 Lou Lou Bubbly Semi Sweet Rose 1/12/12 oz Can,Caravella,96002 Wine & Spirit World(W),Off Premise,9/2/2026,,1.00
Mike Ast,200404 Traveler's Club Vodka 6/1.75 L Btl,Travelers Club,88004 Discount Liq (P)_2,Off Premise,6/18/2026,1.00,
Mike Ast,200218 Leyenda 1925 Reposado Tequila 1/750 ML Btl,Leyenda 1925,18001 Grand Opening Liq (A)_2,Off Premise,7/13/2026,1.00,
Mike Ast,201057 Bardstown Origin Series Double Barrel Rye 1/750 mL Btl,Bardstown Bourbon,18001 Grand Opening Liq (A)_2,Off Premise,8/3/2026,1.00,
Mike Ast,200263 Sammy's Kola Spiced Rum 1/6/750 mL Btl,Sammy's Beach Bum,11003 Lincoln Park Fine Wines & Spirits,Off Premise,8/18/2026,1.00,
Mike Ast,200401 Travelers Club Vodka 48/200 mL Btl,Travelers Club,88005 Waldwick Wine/Spirits,Off Premise,7/9/2026,1.00,
Mike Ast,200404 Traveler's Club Vodka 6/1.75 L Btl,Travelers Club,94001 Long Hill Liquors (A),Off Premise,6/26/2026,1.00,
Mike Ast,200736 Lou Lou Bubbly Brut Rose 1/12/12 oz Can,Caravella,96002 Wine & Spirit World(W),Off Premise,6/15/2026,1.00,
Mike Ast,200194 Chateau Diana Non-Alcoholic Moscato 12/750 mL Btl,Chateau Diana,84004 Quick Stop Liquor & Wine,Off Premise,6/26/2026,1.00,
Mike Ast,200404 Traveler's Club Vodka 6/1.75 L Btl,Travelers Club,94001 Long Hill Liquors (A),Off Premise,8/24/2026,1.00,
Mike Ast,200734 Dancing Vines Lightsecco White 1/12/750 mL Btl,Dancing Vines,12011 Bottle King (A) Wayne,Off Premise,8/11/2026,1.00,
Mike Ast,200737 Lou Lou Bubbly Semi Sweet Rose 1/12/12 oz Can,Caravella,96002 Wine & Spirit World(W),Off Premise,6/22/2026,1.00,
Mike Ast,200737 Lou Lou Bubbly Semi Sweet Rose 1/12/12 oz Can,Caravella,96002 Wine & Spirit World(W),Off Premise,8/17/2026,1.00,
Mike Ast,200401 Travelers Club Vodka 48/200 mL Btl,Travelers Club,96002 Wine & Spirit World(W),Off Premise,6/12/2026,1.00,
Mike Ast,200403 Travelers Club Vodka 1/12/750 mL Btl,Travelers Club,81006 Fair Lawn Wine & Spirits,Off Premise,6/5/2026,1.00,
Mike Ast,200404 Traveler's Club Vodka 6/1.75 L Btl,Travelers Club,17010 Frank's Fine Wine & Foods,Off Premise,8/18/2026,1.00,
Mike Ast,200404 Traveler's Club Vodka 6/1.75 L Btl,Travelers Club,84008 The Wine Seller,Off Premise,8/5/2026,1.00,
Mike Ast,200218 Leyenda 1925 Reposado Tequila 1/750 ML Btl,Leyenda 1925,18001 Grand Opening Liq (A)_2,Off Premise,8/20/2026,1.00,
Mike Ast,200400 Travelers Club Vodka 12/1 L Btl,Travelers Club,96002 Wine & Spirit World(W),Off Premise,8/10/2026,1.00,
Mike Ast,200404 Traveler's Club Vodka 6/1.75 L Btl,Travelers Club,93003 Mahwah Liqrs (P),Off Premise,7/22/2026,1.00,
Mike Ast,201056 Bardstown Origin Series Bourbon 1/750 mL Btl,Bardstown Bourbon,94008 Oakland Wine (A),Off Premise,8/7/2026,1.00,
Mike Ast,100961 2XO American Oak 1/750 mL Btl,2XO,84004 Quick Stop Liquor & Wine,Off Premise,7/9/2026,1.00,
Mike Ast,200310 Pride & Clarke Vodka 6/1.75 L Btl,Pride & Clarke,93009 Scherer & Company,Off Premise,8/7/2026,1.00,
Mike Ast,201054 Green River Wheated 1/750 mL,Bardstown Green River,96002 Wine & Spirit World(W),Off Premise,8/21/2026,1.00,
Mike Ast,201055 Bardstown Origin Series Bottle-In-Bond 1/750 mL Btl,Bardstown Bourbon,19008 Hawthorne Liq (A),Off Premise,7/17/2026,1.00,
Mike Ast,200735 Dancing Vines Lightsecco Rose 1/12/750 mL Btl,Dancing Vines,12011 Bottle King (A) Wayne,Off Premise,6/30/2026,1.00,
Mike Ast,200404 Traveler's Club Vodka 6/1.75 L Btl,Travelers Club,94001 Long Hill Liquors (A),Off Premise,8/17/2026,1.00,
Mike Ast,200404 Traveler's Club Vodka 6/1.75 L Btl,Travelers Club,17010 Frank's Fine Wine & Foods,Off Premise,7/1/2026,1.00,
Mike Ast,200218 Leyenda 1925 Reposado Tequila 1/750 ML Btl,Leyenda 1925,84007 Steel Wheel Tavern,On Premise,8/25/2026,1.00,
Mike Ast,200404 Traveler's Club Vodka 6/1.75 L Btl,Travelers Club,88005 Waldwick Wine/Spirits,Off Premise,7/24/2026,1.00,
Mike Ast,200404 Traveler's Club Vodka 6/1.75 L Btl,Travelers Club,94001 Long Hill Liquors (A),Off Premise,7/31/2026,1.00,
Mike Ast,200404 Traveler's Club Vodka 6/1.75 L Btl,Travelers Club,88005 Waldwick Wine/Spirits,Off Premise,7/9/2026,1.00,
Mike Ast,200402 Travelers Club Vodka 24/375 mL Btl,Travelers Club,81006 Fair Lawn Wine & Spirits,Off Premise,6/5/2026,1.00,
Mike Ast,100122 Le Grand Noir Pinot Noir 1/12/750 mL Btl,Le Grand Noir,17011 Nico's Wine & Spirits,Off Premise,8/24/2026,1.00,
Mike Ast,200384 YaVe Tequila Blanco 1/6/750 mL Btl,YaVe Tequila,87001 Uncorked Wine & Spirits (Hohokus),Off Premise,8/31/2026,1.00,
Mike Ast,100962 2XO French Oak 1/750 mL Btl,2XO,88005 Waldwick Wine/Spirits,Off Premise,6/25/2026,1.00,
Mike Ast,200262 Sammy's Red Head Rum 1/6/750 mL Btl,Sammy's Beach Bum,11003 Lincoln Park Fine Wines & Spirits,Off Premise,8/18/2026,1.00,
Mike Ast,200404 Traveler's Club Vodka 6/1.75 L Btl,Travelers Club,93003 Mahwah Liqrs (P),Off Premise,6/9/2026,1.00,
Mike Ast,200404 Traveler's Club Vodka 6/1.75 L Btl,Travelers Club,96002 Wine & Spirit World(W),Off Premise,7/8/2026,1.00,
Mike Ast,201057 Bardstown Origin Series Double Barrel Rye 1/750 mL Btl,Bardstown Bourbon,94008 Oakland Wine (A),Off Premise,8/7/2026,1.00,
Mike Ast,201056 Bardstown Origin Series Bourbon 1/750 mL Btl,Bardstown Bourbon,84010 Ridgewood Super Cellar,Off Premise,8/17/2026,1.00,
Mike Ast,100962 2XO French Oak 1/750 mL Btl,2XO,84004 Quick Stop Liquor & Wine,Off Premise,7/9/2026,1.00,
Mike Ast,200261 Sammy's Beach Bar Platinum Rum 1/6/750 mL Btl,Sammy's Beach Bum,11003 Lincoln Park Fine Wines & Spirits,Off Premise,8/18/2026,1.00,
Mike Ast,200218 Leyenda 1925 Reposado Tequila 1/750 ML Btl,Leyenda 1925,84022 Park West Tavern,On Premise,8/26/2026,1.00,
Mike Ast,200313 Pride & Clarke Vodka 24/375 mL Btl,Pride & Clarke,17010 Frank's Fine Wine & Foods,Off Premise,6/16/2026,1.00,
Mike Ast,200401 Travelers Club Vodka 48/200 mL Btl,Travelers Club,88005 Waldwick Wine/Spirits,Off Premise,6/25/2026,1.00,
Mike Ast,200402 Travelers Club Vodka 24/375 mL Btl,Travelers Club,96002 Wine & Spirit World(W),Off Premise,9/2/2026,,1.00
Mike Ast,201055 Bardstown Origin Series Bottle-In-Bond 1/750 mL Btl,Bardstown Bourbon,84010 Ridgewood Super Cellar,Off Premise,8/17/2026,1.00,
Mike Ast,201073 Bardstown Collaboration Series Pierre Ferrand 1/750 mL Btl,Bardstown Bourbon,87002 Wine & Spirits World (Hohokus),Off Premise,7/21/2026,1.00,
Mike Ast,200404 Traveler's Club Vodka 6/1.75 L Btl,Travelers Club,96002 Wine & Spirit World(W),Off Premise,6/24/2026,1.00,
Mike Ast,200737 Lou Lou Bubbly Semi Sweet Rose 1/12/12 oz Can,Caravella,96002 Wine & Spirit World(W),Off Premise,7/27/2026,1.00,
Mike Ast,200217 Leyenda 1925 Blanco Tequila 1/750 ML Btl,Leyenda 1925,18001 Grand Opening Liq (A)_2,Off Premise,8/20/2026,1.00,
Mike Ast,200404 Traveler's Club Vodka 6/1.75 L Btl,Travelers Club,81006 Fair Lawn Wine & Spirits,Off Premise,6/5/2026,1.00,
Mike Ast,201056 Bardstown Origin Series Bourbon 1/750 mL Btl,Bardstown Bourbon,17010 Frank's Fine Wine & Foods,Off Premise,7/21/2026,1.00,
Mike Ast,200402 Travelers Club Vodka 24/375 mL Btl,Travelers Club,88004 Discount Liq (P)_2,Off Premise,7/8/2026,1.00,
Mike Ast,201076 Green River Wheated Full Proof 1/750 ml Btl,Bardstown Green River,96002 Wine & Spirit World(W),Off Premise,8/21/2026,1.00,
Mike Ast,200402 Travelers Club Vodka 24/375 mL Btl,Travelers Club,88005 Waldwick Wine/Spirits,Off Premise,8/7/2026,1.00,
Mike Ast,200217 Leyenda 1925 Blanco Tequila 1/750 ML Btl,Leyenda 1925,84007 Steel Wheel Tavern,On Premise,8/25/2026,1.00,
Mike Ast,200735 Dancing Vines Lightsecco Rose 1/12/750 mL Btl,Dancing Vines,12011 Bottle King (A) Wayne,Off Premise,8/11/2026,1.00,
Mike Ast,200402 Travelers Club Vodka 24/375 mL Btl,Travelers Club,96002 Wine & Spirit World(W),Off Premise,8/10/2026,1.00,
Mike Ast,200404 Traveler's Club Vodka 6/1.75 L Btl,Travelers Club,94001 Long Hill Liquors (A),Off Premise,6/10/2026,1.00,
Mike Ast,201058 Bardstown Origin Series High Wheat 1/750 mL Btl,Bardstown Bourbon,94008 Oakland Wine (A),Off Premise,8/7/2026,1.00,
Mike Ast,100912 OVO Vodka 1/12/750 mL Btl,OVO Vodka,84022 Park West Tavern,On Premise,8/26/2026,1.00,
Mike Ast,200404 Traveler's Club Vodka 6/1.75 L Btl,Travelers Club,94001 Long Hill Liquors (A),Off Premise,6/22/2026,1.00,
Mike Ast,201051 Green River Bourbon 1/750 mL Btl,Bardstown Green River,19027 Goffle Road Wine and More,Off Premise,6/12/2026,1.00,
Mike Ast,201054 Green River Wheated 1/750 mL,Bardstown Green River,93009 Scherer & Company,Off Premise,6/17/2026,1.00,
Mike Ast,201051 Green River Bourbon 1/750 mL Btl,Bardstown Green River,12011 Bottle King (A) Wayne,Off Premise,8/11/2026,1.00,
Mike Ast,200736 Lou Lou Bubbly Brut Rose 1/12/12 oz Can,Caravella,96002 Wine & Spirit World(W),Off Premise,6/5/2026,1.00,
Mike Ast,201054 Green River Wheated 1/750 mL,Bardstown Green River,12011 Bottle King (A) Wayne,Off Premise,7/9/2026,1.00,
Mike Ast,200402 Travelers Club Vodka 24/375 mL Btl,Travelers Club,96002 Wine & Spirit World(W),Off Premise,6/12/2026,1.00,
Mike Ast,200404 Traveler's Club Vodka 6/1.75 L Btl,Travelers Club,93009 Scherer & Company,Off Premise,8/20/2026,1.00,
Mike Ast,200402 Travelers Club Vodka 24/375 mL Btl,Travelers Club,84008 The Wine Seller,Off Premise,7/17/2026,1.00,
Mike Ast,200404 Traveler's Club Vodka 6/1.75 L Btl,Travelers Club,89005 Allendale Wine Shoppe,Off Premise,7/27/2026,1.00,
Mike Ast,201056 Bardstown Origin Series Bourbon 1/750 mL Btl,Bardstown Bourbon,12011 Bottle King (A) Wayne,Off Premise,7/30/2026,1.00,
Mike Ast,201057 Bardstown Origin Series Double Barrel Rye 1/750 mL Btl,Bardstown Bourbon,83011 Stone & Rail,On Premise,6/10/2026,1.00,
Mike Ast,201077 Green River Honey 1/750 mL Btl,Bardstown Green River,12011 Bottle King (A) Wayne,Off Premise,8/4/2026,1.00,
Mike Ast,200403 Travelers Club Vodka 1/12/750 mL Btl,Travelers Club,88005 Waldwick Wine/Spirits,Off Premise,6/25/2026,1.00,
Mike Ast,201055 Bardstown Origin Series Bottle-In-Bond 1/750 mL Btl,Bardstown Bourbon,12011 Bottle King (A) Wayne,Off Premise,7/30/2026,1.00,
Mike Ast,200400 Travelers Club Vodka 12/1 L Btl,Travelers Club,96002 Wine & Spirit World(W),Off Premise,7/17/2026,1.00,
Mike Ast,200600 Dogfish Head Analog Vodka 1/12/750 mL Btl,Dogfish Head Spirits,18001 Grand Opening Liq (A)_2,Off Premise,8/20/2026,1.00,
Mike Ast,200404 Traveler's Club Vodka 6/1.75 L Btl,Travelers Club,96002 Wine & Spirit World(W),Off Premise,8/3/2026,1.00,
Mike Ast,201051 Green River Bourbon 1/750 mL Btl,Bardstown Green River,12011 Bottle King (A) Wayne,Off Premise,7/9/2026,1.00,
Mike Ast,200404 Traveler's Club Vodka 6/1.75 L Btl,Travelers Club,93003 Mahwah Liqrs (P),Off Premise,7/28/2026,1.00,
Mike Ast,200402 Travelers Club Vodka 24/375 mL Btl,Travelers Club,88005 Waldwick Wine/Spirits,Off Premise,7/9/2026,1.00,
Mike Ast,200467 Rusted Revolver Gin 6/750mL Btl,Rusted Revolver,87001 Uncorked Wine & Spirits (Hohokus),Off Premise,6/4/2026,1.00,
Mike Ast,200384 YaVe Tequila Blanco 1/6/750 mL Btl,YaVe Tequila,19008 Hawthorne Liq (A),Off Premise,7/31/2026,1.00,
Mike Ast,200401 Travelers Club Vodka 48/200 mL Btl,Travelers Club,96002 Wine & Spirit World(W),Off Premise,7/8/2026,1.00,
Mike Ast,200737 Lou Lou Bubbly Semi Sweet Rose 1/12/12 oz Can,Caravella,96002 Wine & Spirit World(W),Off Premise,7/17/2026,1.00,
Mike Ast,9409 Terredirai Bloom Bubbles Sparkling Non-Alcoholic 1/12/750 ML Btl,Bloom Bubbles,11003 Lincoln Park Fine Wines & Spirits,Off Premise,6/26/2026,1.00,
Mike Ast,200404 Traveler's Club Vodka 6/1.75 L Btl,Travelers Club,93003 Mahwah Liqrs (P),Off Premise,7/7/2026,1.00,
Mike Ast,201054 Green River Wheated 1/750 mL,Bardstown Green River,83011 Stone & Rail,On Premise,6/10/2026,1.00,
Mike Ast,200402 Travelers Club Vodka 24/375 mL Btl,Travelers Club,88005 Waldwick Wine/Spirits,Off Premise,7/24/2026,1.00,
Mike Ast,100912 OVO Vodka 1/12/750 mL Btl,OVO Vodka,84022 Park West Tavern,On Premise,7/1/2026,1.00,
Mike Ast,200310 Pride & Clarke Vodka 6/1.75 L Btl,Pride & Clarke,89005 Allendale Wine Shoppe,Off Premise,6/26/2026,1.00,
Mike Ast,200401 Travelers Club Vodka 48/200 mL Btl,Travelers Club,96002 Wine & Spirit World(W),Off Premise,7/17/2026,1.00,
Mike Ast,200218 Leyenda 1925 Reposado Tequila 1/750 ML Btl,Leyenda 1925,84022 Park West Tavern,On Premise,7/24/2026,1.00,
Mike Ast,201054 Green River Wheated 1/750 mL,Bardstown Green River,19027 Goffle Road Wine and More,Off Premise,8/25/2026,1.00,
Mike Ast,101091 Lo Secco Prosecco 1/12/750 mL Btl,Lo Secco,17011 Nico's Wine & Spirits,Off Premise,6/17/2026,1.00,
Mike Ast,201058 Bardstown Origin Series High Wheat 1/750 mL Btl,Bardstown Bourbon,17010 Frank's Fine Wine & Foods,Off Premise,7/28/2026,1.00,
Mike Ast,201054 Green River Wheated 1/750 mL,Bardstown Green River,11003 Lincoln Park Fine Wines & Spirits,Off Premise,6/12/2026,1.00,
Mike Ast,201058 Bardstown Origin Series High Wheat 1/750 mL Btl,Bardstown Bourbon,12011 Bottle King (A) Wayne,Off Premise,7/30/2026,1.00,
Mike Ast,201056 Bardstown Origin Series Bourbon 1/750 mL Btl,Bardstown Bourbon,19008 Hawthorne Liq (A),Off Premise,7/17/2026,1.00,
Mike Ast,200403 Travelers Club Vodka 1/12/750 mL Btl,Travelers Club,88005 Waldwick Wine/Spirits,Off Premise,7/9/2026,1.00,
Mike Ast,201054 Green River Wheated 1/750 mL,Bardstown Green River,84015 The Office 2131 Ridgewood,On Premise,8/13/2026,1.00,
Mike Ast,200404 Traveler's Club Vodka 6/1.75 L Btl,Travelers Club,93003 Mahwah Liqrs (P),Off Premise,6/24/2026,1.00,
Mike Ast,200403 Travelers Club Vodka 1/12/750 mL Btl,Travelers Club,88005 Waldwick Wine/Spirits,Off Premise,7/24/2026,1.00,
Mike Ast,100962 2XO French Oak 1/750 mL Btl,2XO,19027 Goffle Road Wine and More,Off Premise,7/10/2026,1.00,
Mike Ast,200382 YaVe Tequila Jalapeno 1/6/750 mL Btl,YaVe Tequila,87001 Uncorked Wine & Spirits (Hohokus),Off Premise,8/31/2026,1.00,
Mike Ast,200402 Travelers Club Vodka 24/375 mL Btl,Travelers Club,88005 Waldwick Wine/Spirits,Off Premise,6/25/2026,1.00,
Mike Ast,100961 2XO American Oak 1/750 mL Btl,2XO,81006 Fair Lawn Wine & Spirits,Off Premise,6/26/2026,1.00,
Mike Ast,200216 Leyenda 1925 Anejo Tequila 1/750 ML Btl,Leyenda 1925,84022 Park West Tavern,On Premise,7/24/2026,1.00,
Mike Ast,200404 Traveler's Club Vodka 6/1.75 L Btl,Travelers Club,89005 Allendale Wine Shoppe,Off Premise,6/26/2026,1.00,
Mike Ast,100912 OVO Vodka 1/12/750 mL Btl,OVO Vodka,84022 Park West Tavern,On Premise,6/24/2026,1.00,
Mike Ast,200310 Pride & Clarke Vodka 6/1.75 L Btl,Pride & Clarke,93009 Scherer & Company,Off Premise,7/7/2026,1.00,
Mike Ast,200600 Dogfish Head Analog Vodka 1/12/750 mL Btl,Dogfish Head Spirits,18001 Grand Opening Liq (A)_2,Off Premise,6/1/2026,1.00,
Mike Ast,200737 Lou Lou Bubbly Semi Sweet Rose 1/12/12 oz Can,Caravella,96002 Wine & Spirit World(W),Off Premise,6/5/2026,1.00,
Mike Ast,200401 Travelers Club Vodka 48/200 mL Btl,Travelers Club,88005 Waldwick Wine/Spirits,Off Premise,7/24/2026,1.00,
Mike Ast,200404 Traveler's Club Vodka 6/1.75 L Btl,Travelers Club,94001 Long Hill Liquors (A),Off Premise,7/13/2026,1.00,
Mike Ast,200600 Dogfish Head Analog Vodka 1/12/750 mL Btl,Dogfish Head Spirits,18001 Grand Opening Liq (A)_2,Off Premise,7/30/2026,1.00,
Nick Melissari,200352 Amethystos White 12/750 mL,Greek Wines,31036 Eros Cafe,On Premise,7/3/2026,1.00,
Nick Melissari,100953 Castellani Etichetta Gialla Pinot Noir 1/12/750 mL Btl,Castellani Etichetta Gialla,78007 Woodstone Pizza B & G,On Premise,8/3/2026,1.00,
Nick Melissari,200382 YaVe Tequila Jalapeno 1/6/750 mL Btl,YaVe Tequila,37034 Blackjack Mulligans(P) (Garfield),On Premise,8/28/2026,1.00,
Nick Melissari,200382 YaVe Tequila Jalapeno 1/6/750 mL Btl,YaVe Tequila,19006 Blackjack Mulligans (Hawthorne),On Premise,8/28/2026,1.00,
Nick Melissari,200351 Amethystos Red 12/750 mL,Greek Wines,31036 Eros Cafe,On Premise,7/31/2026,1.00,
Nick Melissari,14132 BJ'S Prickly Pear Hard Lemonade Keg 15.5 Gal Keg,BJ'S Private Label Brewa,39017 Bj's Rest & Brewhouse(A),On Premise,8/5/2026,1.00,
Nick Melissari,14132 BJ'S Prickly Pear Hard Lemonade Keg 15.5 Gal Keg,BJ'S Private Label Brewa,39017 Bj's Rest & Brewhouse(A),On Premise,6/25/2026,1.00,
Nick Melissari,200352 Amethystos White 12/750 mL,Greek Wines,31036 Eros Cafe,On Premise,7/31/2026,1.00,
Nick Melissari,200218 Leyenda 1925 Reposado Tequila 1/750 ML Btl,Leyenda 1925,80011 Casa De Montecristo,On Premise,7/27/2026,1.00,
Nick Melissari,100961 2XO American Oak 1/750 mL Btl,2XO,38002 Satin Dolls (A),On Premise,7/14/2026,1.00,
Nick Melissari,200352 Amethystos White 12/750 mL,Greek Wines,31036 Eros Cafe,On Premise,7/17/2026,1.00,
Nick Melissari,100953 Castellani Etichetta Gialla Pinot Noir 1/12/750 mL Btl,Castellani Etichetta Gialla,78007 Woodstone Pizza B & G,On Premise,8/24/2026,1.00,
Nick Melissari,200311 Pride & Clarke Vodka 12/1 L Btl,Pride & Clarke,28021 Brazilian Spices Steakhouse & Pizza,On Premise,7/2/2026,1.00,
Nick Melissari,100953 Castellani Etichetta Gialla Pinot Noir 1/12/750 mL Btl,Castellani Etichetta Gialla,78007 Woodstone Pizza B & G,On Premise,6/15/2026,1.00,
Nick Melissari,200352 Amethystos White 12/750 mL,Greek Wines,31036 Eros Cafe,On Premise,8/18/2026,1.00,
Nick Melissari,200216 Leyenda 1925 Anejo Tequila 1/750 ML Btl,Leyenda 1925,80011 Casa De Montecristo,On Premise,7/27/2026,1.00,
Nick Melissari,200352 Amethystos White 12/750 mL,Greek Wines,31036 Eros Cafe,On Premise,6/30/2026,1.00,
Nick Melissari,14144 BJ'S Hard Root Beer Keg 15.5 Gal Keg,BJ'S Private Label Brewa,39017 Bj's Rest & Brewhouse(A),On Premise,7/8/2026,1.00,
Nick Melissari,200351 Amethystos Red 12/750 mL,Greek Wines,31036 Eros Cafe,On Premise,6/30/2026,1.00,
Nick Melissari,100953 Castellani Etichetta Gialla Pinot Noir 1/12/750 mL Btl,Castellani Etichetta Gialla,78007 Woodstone Pizza B & G,On Premise,7/7/2026,1.00,
Nick Melissari,14132 BJ'S Prickly Pear Hard Lemonade Keg 15.5 Gal Keg,BJ'S Private Label Brewa,39017 Bj's Rest & Brewhouse(A),On Premise,8/21/2026,1.00,
Nick Melissari,201056 Bardstown Origin Series Bourbon 1/750 mL Btl,Bardstown Bourbon,80011 Casa De Montecristo,On Premise,7/2/2026,1.00,
Pablo Lopez,200402 Travelers Club Vodka 24/375 mL Btl,Travelers Club,27066 Sunny's Liqs.(P),Off Premise,8/17/2026,1.00,
Pablo Lopez,100962 2XO French Oak 1/750 mL Btl,2XO,27015 Dona Maria Rest,On Premise,6/25/2026,1.00,
Pablo Lopez,200314 Pride & Clarke Vodka 1/12/750 mL Btl,Pride & Clarke,20029 Star Liquor Store,Off Premise,6/11/2026,1.00,
Pablo Lopez,200314 Pride & Clarke Vodka 1/12/750 mL Btl,Pride & Clarke,15061 Boulevard Wine & Spirits,Off Premise,7/17/2026,1.00,
Pablo Lopez,200314 Pride & Clarke Vodka 1/12/750 mL Btl,Pride & Clarke,20062 Intensity Lounge/Angie's Liquors,Off Premise,6/4/2026,1.00,
Pablo Lopez,200314 Pride & Clarke Vodka 1/12/750 mL Btl,Pride & Clarke,15016 Gene's Liquor,Off Premise,8/28/2026,1.00,
Pablo Lopez,200313 Pride & Clarke Vodka 24/375 mL Btl,Pride & Clarke,20042 Midtown Liquors,Off Premise,6/29/2026,1.00,
Pablo Lopez,200771 Desquite Artesanal 6/750 mL Btl,Desquite,39004 Noches De Colombia (S. Hackensack)),On Premise,7/29/2026,1.00,
Pablo Lopez,200311 Pride & Clarke Vodka 12/1 L Btl,Pride & Clarke,21034 Schulman's (P) Deli,Off Premise,6/30/2026,1.00,
Pablo Lopez,200313 Pride & Clarke Vodka 24/375 mL Btl,Pride & Clarke,20068 Florida Drugs (A),Off Premise,6/5/2026,1.00,
Pablo Lopez,200401 Travelers Club Vodka 48/200 mL Btl,Travelers Club,26014 Regalado Liq,Off Premise,8/13/2026,1.00,
Pablo Lopez,200384 YaVe Tequila Blanco 1/6/750 mL Btl,YaVe Tequila,27015 Dona Maria Rest,On Premise,7/24/2026,1.00,
Pablo Lopez,200772 Desquite Tradicion 6/750 mL Btl,Desquite,21038 Freddie's Dugout,On Premise,6/17/2026,1.00,
Pablo Lopez,200310 Pride & Clarke Vodka 6/1.75 L Btl,Pride & Clarke,15047 Freddie's Corner,Off Premise,7/14/2026,1.00,
Pablo Lopez,100125 Le Grand Noir Rose 1/12/750 mL Btl,Le Grand Noir,27072 Passaic Discount Liquors,Off Premise,8/26/2026,1.00,
Pablo Lopez,200314 Pride & Clarke Vodka 1/12/750 mL Btl,Pride & Clarke,21034 Schulman's (P) Deli,Off Premise,8/18/2026,1.00,
Pablo Lopez,200771 Desquite Artesanal 6/750 mL Btl,Desquite,20022 Caraballo's,Off Premise,6/19/2026,1.00,
Pablo Lopez,200312 Pride & Clarke Vodka 48/200 mL Btl,Pride & Clarke,27021 Johnny's Liqs (P),Off Premise,7/13/2026,1.00,
Pablo Lopez,200312 Pride & Clarke Vodka 48/200 mL Btl,Pride & Clarke,20062 Intensity Lounge/Angie's Liquors,Off Premise,8/31/2026,1.00,
Pablo Lopez,100125 Le Grand Noir Rose 1/12/750 mL Btl,Le Grand Noir,20032 Riverside Liquors (Paterson),Off Premise,7/23/2026,1.00,
Pablo Lopez,201004 Rompe Corazon Joven Mezcal 750 mL,Rompe Corazon,39004 Noches De Colombia (S. Hackensack)),On Premise,8/6/2026,1.00,
Pablo Lopez,105550 Monte Xanic Sauvignon Blanc 1/750 mL Btl,Monte Xanic,27021 Johnny's Liqs (P),Off Premise,7/15/2026,1.00,
Pablo Lopez,200314 Pride & Clarke Vodka 1/12/750 mL Btl,Pride & Clarke,27069 Broadway W&L,Off Premise,7/22/2026,1.00,
Pablo Lopez,200401 Travelers Club Vodka 48/200 mL Btl,Travelers Club,20062 Intensity Lounge/Angie's Liquors,Off Premise,7/16/2026,1.00,
Pablo Lopez,200312 Pride & Clarke Vodka 48/200 mL Btl,Pride & Clarke,20068 Florida Drugs (A),Off Premise,8/20/2026,1.00,
Pablo Lopez,200314 Pride & Clarke Vodka 1/12/750 mL Btl,Pride & Clarke,20042 Midtown Liquors,Off Premise,8/14/2026,1.00,
Pablo Lopez,200385 YaVe Tequila Coconut 1/6/750 mL Btl,YaVe Tequila,27015 Dona Maria Rest,On Premise,7/24/2026,1.00,
Pablo Lopez,200218 Leyenda 1925 Reposado Tequila 1/750 ML Btl,Leyenda 1925,15040 Legacy Bar & Liquor,Off Premise,8/11/2026,1.00,
Pablo Lopez,200310 Pride & Clarke Vodka 6/1.75 L Btl,Pride & Clarke,15016 Gene's Liquor,Off Premise,7/21/2026,1.00,
Pablo Lopez,200312 Pride & Clarke Vodka 48/200 mL Btl,Pride & Clarke,15016 Gene's Liquor,Off Premise,8/28/2026,1.00,
Pablo Lopez,200312 Pride & Clarke Vodka 48/200 mL Btl,Pride & Clarke,20062 Intensity Lounge/Angie's Liquors,Off Premise,6/4/2026,1.00,
Pablo Lopez,200381 YaVe Tequila Mango 1/6/750 mL Btl,YaVe Tequila,27015 Dona Maria Rest,On Premise,7/24/2026,1.00,
Pablo Lopez,200313 Pride & Clarke Vodka 24/375 mL Btl,Pride & Clarke,20114 Ronny's Liqrs (Z),Off Premise,7/8/2026,1.00,
Pablo Lopez,200771 Desquite Artesanal 6/750 mL Btl,Desquite,39004 Noches De Colombia (S. Hackensack)),On Premise,6/3/2026,1.00,
Pablo Lopez,200312 Pride & Clarke Vodka 48/200 mL Btl,Pride & Clarke,20070 Joe's Liquor (A),Off Premise,7/27/2026,1.00,
Pablo Lopez,200217 Leyenda 1925 Blanco Tequila 1/750 ML Btl,Leyenda 1925,27021 Johnny's Liqs (P),Off Premise,7/17/2026,1.00,
Pablo Lopez,200314 Pride & Clarke Vodka 1/12/750 mL Btl,Pride & Clarke,20042 Midtown Liquors,Off Premise,6/29/2026,1.00,
Pablo Lopez,200382 YaVe Tequila Jalapeno 1/6/750 mL Btl,YaVe Tequila,27015 Dona Maria Rest,On Premise,7/24/2026,1.00,
Pablo Lopez,200312 Pride & Clarke Vodka 48/200 mL Btl,Pride & Clarke,20068 Florida Drugs (A),Off Premise,7/17/2026,1.00,
Pablo Lopez,200313 Pride & Clarke Vodka 24/375 mL Btl,Pride & Clarke,20062 Intensity Lounge/Angie's Liquors,Off Premise,6/4/2026,1.00,
Pablo Lopez,200217 Leyenda 1925 Blanco Tequila 1/750 ML Btl,Leyenda 1925,20042 Midtown Liquors,Off Premise,9/2/2026,,1.00
Pablo Lopez,200313 Pride & Clarke Vodka 24/375 mL Btl,Pride & Clarke,20022 Caraballo's,Off Premise,6/19/2026,1.00,
Pablo Lopez,200314 Pride & Clarke Vodka 1/12/750 mL Btl,Pride & Clarke,15016 Gene's Liquor,Off Premise,6/10/2026,1.00,
Pablo Lopez,200312 Pride & Clarke Vodka 48/200 mL Btl,Pride & Clarke,20114 Ronny's Liqrs (Z),Off Premise,7/8/2026,1.00,
Pablo Lopez,200312 Pride & Clarke Vodka 48/200 mL Btl,Pride & Clarke,27069 Broadway W&L,Off Premise,7/22/2026,1.00,
Pablo Lopez,200402 Travelers Club Vodka 24/375 mL Btl,Travelers Club,26014 Regalado Liq,Off Premise,7/9/2026,1.00,
Pablo Lopez,200772 Desquite Tradicion 6/750 mL Btl,Desquite,27066 Sunny's Liqs.(P),Off Premise,6/25/2026,1.00,
Pablo Lopez,200311 Pride & Clarke Vodka 12/1 L Btl,Pride & Clarke,20042 Midtown Liquors,Off Premise,7/8/2026,1.00,
Pablo Lopez,200313 Pride & Clarke Vodka 24/375 mL Btl,Pride & Clarke,20068 Florida Drugs (A),Off Premise,7/17/2026,1.00,
Pablo Lopez,200402 Travelers Club Vodka 24/375 mL Btl,Travelers Club,27066 Sunny's Liqs.(P),Off Premise,6/16/2026,1.00,
Pablo Lopez,200191 Chateau Diana Non-Alcoholic Cabernet Sauvignon 12/750 mL Btl,Chateau Diana,21032 Carisma Liq & Groc (P),Off Premise,8/17/2026,1.00,
Pablo Lopez,200217 Leyenda 1925 Blanco Tequila 1/750 ML Btl,Leyenda 1925,15040 Legacy Bar & Liquor,Off Premise,8/11/2026,1.00,
Pablo Lopez,200217 Leyenda 1925 Blanco Tequila 1/750 ML Btl,Leyenda 1925,20051 Costambar Bar & Liquor Corp.,Off Premise,8/12/2026,1.00,
Pablo Lopez,200314 Pride & Clarke Vodka 1/12/750 mL Btl,Pride & Clarke,15016 Gene's Liquor,Off Premise,7/21/2026,1.00,
Pablo Lopez,200383 YaVe Tequila Reposado 1/6/750 mL Btl,YaVe Tequila,27015 Dona Maria Rest,On Premise,7/24/2026,1.00,
Pablo Lopez,200312 Pride & Clarke Vodka 48/200 mL Btl,Pride & Clarke,15034 Allen's Liquors,Off Premise,6/29/2026,1.00,
Pablo Lopez,100962 2XO French Oak 1/750 mL Btl,2XO,20070 Joe's Liquor (A),Off Premise,7/16/2026,1.00,
Pablo Lopez,200771 Desquite Artesanal 6/750 mL Btl,Desquite,39004 Noches De Colombia (S. Hackensack)),On Premise,7/15/2026,1.00,
Pablo Lopez,100923 Paradisse Fassionola Liqueur 6/750 mL Btl,Paradisse,39004 Noches De Colombia (S. Hackensack)),On Premise,8/6/2026,1.00,
Pablo Lopez,200401 Travelers Club Vodka 48/200 mL Btl,Travelers Club,26014 Regalado Liq,Off Premise,7/9/2026,1.00,
Pablo Lopez,200771 Desquite Artesanal 6/750 mL Btl,Desquite,27066 Sunny's Liqs.(P),Off Premise,6/25/2026,1.00,
Pablo Lopez,100122 Le Grand Noir Pinot Noir 1/12/750 mL Btl,Le Grand Noir,27072 Passaic Discount Liquors,Off Premise,8/26/2026,1.00,
Pablo Lopez,200771 Desquite Artesanal 6/750 mL Btl,Desquite,39004 Noches De Colombia (S. Hackensack)),On Premise,9/3/2026,,1.00
Pablo Lopez,100125 Le Grand Noir Rose 1/12/750 mL Btl,Le Grand Noir,27072 Passaic Discount Liquors,Off Premise,9/2/2026,,1.00
Pablo Lopez,200313 Pride & Clarke Vodka 24/375 mL Btl,Pride & Clarke,20062 Intensity Lounge/Angie's Liquors,Off Premise,8/31/2026,1.00,
Pablo Lopez,101076 Ukrainian Spirit Vodka 1/12/1 L Btl,Ukrainian Spirit,27067 Ukranian (Z) Center,On Premise,7/10/2026,1.00,
Pablo Lopez,200771 Desquite Artesanal 6/750 mL Btl,Desquite,21038 Freddie's Dugout,On Premise,6/17/2026,1.00,
Pablo Lopez,200313 Pride & Clarke Vodka 24/375 mL Btl,Pride & Clarke,15047 Freddie's Corner,Off Premise,7/14/2026,1.00,
Pablo Lopez,200312 Pride & Clarke Vodka 48/200 mL Btl,Pride & Clarke,15047 Freddie's Corner,Off Premise,7/14/2026,1.00,
Pablo Lopez,200313 Pride & Clarke Vodka 24/375 mL Btl,Pride & Clarke,15034 Allen's Liquors,Off Premise,6/29/2026,1.00,
Pablo Lopez,200400 Travelers Club Vodka 12/1 L Btl,Travelers Club,27069 Broadway W&L,Off Premise,8/11/2026,1.00,
Pablo Lopez,200313 Pride & Clarke Vodka 24/375 mL Btl,Pride & Clarke,15016 Gene's Liquor,Off Premise,8/28/2026,1.00,
Pablo Lopez,200218 Leyenda 1925 Reposado Tequila 1/750 ML Btl,Leyenda 1925,20042 Midtown Liquors,Off Premise,9/2/2026,,1.00
Pablo Lopez,100961 2XO American Oak 1/750 mL Btl,2XO,20070 Joe's Liquor (A),Off Premise,7/16/2026,1.00,
Pablo Lopez,200313 Pride & Clarke Vodka 24/375 mL Btl,Pride & Clarke,20070 Joe's Liquor (A),Off Premise,7/27/2026,1.00,
Pablo Lopez,200312 Pride & Clarke Vodka 48/200 mL Btl,Pride & Clarke,20042 Midtown Liquors,Off Premise,8/14/2026,1.00,
Pablo Lopez,101075 Hetman Elite Vodka 1/6/700 mL Btl,Hetman Vodka,27067 Ukranian (Z) Center,On Premise,7/10/2026,1.00,
Pablo Lopez,200313 Pride & Clarke Vodka 24/375 mL Btl,Pride & Clarke,27069 Broadway W&L,Off Premise,7/22/2026,1.00,
Pablo Lopez,200314 Pride & Clarke Vodka 1/12/750 mL Btl,Pride & Clarke,20070 Joe's Liquor (A),Off Premise,7/27/2026,1.00,
Pablo Lopez,200218 Leyenda 1925 Reposado Tequila 1/750 ML Btl,Leyenda 1925,20051 Costambar Bar & Liquor Corp.,Off Premise,8/12/2026,1.00,
Pablo Lopez,200311 Pride & Clarke Vodka 12/1 L Btl,Pride & Clarke,27069 Broadway W&L,Off Premise,6/30/2026,1.00,
Pablo Lopez,200313 Pride & Clarke Vodka 24/375 mL Btl,Pride & Clarke,20042 Midtown Liquors,Off Premise,8/14/2026,1.00,
Pablo Lopez,200310 Pride & Clarke Vodka 6/1.75 L Btl,Pride & Clarke,20070 Joe's Liquor (A),Off Premise,7/27/2026,1.00,
Pablo Lopez,200313 Pride & Clarke Vodka 24/375 mL Btl,Pride & Clarke,20068 Florida Drugs (A),Off Premise,8/20/2026,1.00,
Pablo Lopez,200312 Pride & Clarke Vodka 48/200 mL Btl,Pride & Clarke,20042 Midtown Liquors,Off Premise,6/29/2026,1.00,
Pablo Lopez,200771 Desquite Artesanal 6/750 mL Btl,Desquite,25073 Aruba Lounge (P),On Premise,6/5/2026,1.00,
Pablo Lopez,200194 Chateau Diana Non-Alcoholic Moscato 12/750 mL Btl,Chateau Diana,21032 Carisma Liq & Groc (P),Off Premise,8/17/2026,1.00,
Pablo Lopez,200312 Pride & Clarke Vodka 48/200 mL Btl,Pride & Clarke,20029 Star Liquor Store,Off Premise,6/11/2026,1.00,
Pablo Lopez,200771 Desquite Artesanal 6/750 mL Btl,Desquite,41008 Noches De Colombia (Hackensack),On Premise,6/23/2026,1.00,
Pablo Lopez,200314 Pride & Clarke Vodka 1/12/750 mL Btl,Pride & Clarke,20042 Midtown Liquors,Off Premise,7/8/2026,1.00,
Pablo Lopez,200313 Pride & Clarke Vodka 24/375 mL Btl,Pride & Clarke,15061 Boulevard Wine & Spirits,Off Premise,7/17/2026,1.00,
Paul Mclaughlin,200400 Travelers Club Vodka 12/1 L Btl,Travelers Club,69009 Rivervale Country Club,On Premise,8/5/2026,1.00,
Paul Mclaughlin,200382 YaVe Tequila Jalapeno 1/6/750 mL Btl,YaVe Tequila,73001 Lou's,On Premise,7/21/2026,1.00,
Paul Mclaughlin,200404 Traveler's Club Vodka 6/1.75 L Btl,Travelers Club,61004 Andiamo,On Premise,6/17/2026,1.00,
Paul Mclaughlin,200741 Poggio Torselli Chianti Classico 1/6/750 mL Btl,Poggio Torselli,61004 Andiamo,On Premise,8/25/2026,1.00,
Paul Mclaughlin,201055 Bardstown Origin Series Bottle-In-Bond 1/750 mL Btl,Bardstown Bourbon,59001 ORA,On Premise,7/21/2026,1.00,
Paul Mclaughlin,200385 YaVe Tequila Coconut 1/6/750 mL Btl,YaVe Tequila,39006 Fat Bastard & Sons,On Premise,8/31/2026,1.00,
Paul Mclaughlin,200365 Striped Pig Doppio 1/6/750 mL Btl,Striped Pig,39006 Fat Bastard & Sons,On Premise,8/31/2026,1.00,
Paul Mclaughlin,100923 Paradisse Fassionola Liqueur 6/750 mL Btl,Paradisse,54001 Tenafly Pizza (Z),On Premise,7/30/2026,1.00,
Paul Mclaughlin,200400 Travelers Club Vodka 12/1 L Btl,Travelers Club,41010 Lenoras Bar (P),On Premise,7/28/2026,1.00,
Paul Mclaughlin,200404 Traveler's Club Vodka 6/1.75 L Btl,Travelers Club,61004 Andiamo,On Premise,7/2/2026,1.00,
Paul Mclaughlin,200382 YaVe Tequila Jalapeno 1/6/750 mL Btl,YaVe Tequila,67014 The Rockleigh C C (P),On Premise,7/31/2026,1.00,
Paul Mclaughlin,200400 Travelers Club Vodka 12/1 L Btl,Travelers Club,41006 Straphanger Saloon (A),On Premise,7/17/2026,1.00,
Paul Mclaughlin,200365 Striped Pig Doppio 1/6/750 mL Btl,Striped Pig,41010 Lenoras Bar (P),On Premise,8/7/2026,1.00,
Paul Mclaughlin,200400 Travelers Club Vodka 12/1 L Btl,Travelers Club,41006 Straphanger Saloon (A),On Premise,7/2/2026,1.00,
Paul Mclaughlin,200404 Traveler's Club Vodka 6/1.75 L Btl,Travelers Club,61004 Andiamo,On Premise,7/29/2026,1.00,
Paul Mclaughlin,200400 Travelers Club Vodka 12/1 L Btl,Travelers Club,41006 Straphanger Saloon (A),On Premise,7/10/2026,1.00,
Paul Mclaughlin,200400 Travelers Club Vodka 12/1 L Btl,Travelers Club,69009 Rivervale Country Club,On Premise,6/3/2026,1.00,
Paul Mclaughlin,200742 Poggio Torselli Chianti Classico Riserva 1/6/750 mL Btl,Poggio Torselli,61004 Andiamo,On Premise,8/25/2026,1.00,
Paul Mclaughlin,201056 Bardstown Origin Series Bourbon 1/750 mL Btl,Bardstown Bourbon,39010 Players Club (Z),On Premise,7/28/2026,1.00,
Paul Mclaughlin,201056 Bardstown Origin Series Bourbon 1/750 mL Btl,Bardstown Bourbon,81027 RP Prime Steakhouse,On Premise,7/30/2026,1.00,
Paul Mclaughlin,100962 2XO French Oak 1/750 mL Btl,2XO,61004 Andiamo,On Premise,7/29/2026,1.00,
Paul Mclaughlin,100964 2XO Vinyl Blend 1/750 mL Btl,2XO,81029 Cosmo Club (Z),On Premise,6/18/2026,1.00,
Paul Mclaughlin,100962 2XO French Oak 1/750 mL Btl,2XO,81029 Cosmo Club (Z),On Premise,6/18/2026,1.00,
Paul Mclaughlin,200400 Travelers Club Vodka 12/1 L Btl,Travelers Club,41006 Straphanger Saloon (A),On Premise,8/7/2026,1.00,
Paul Mclaughlin,201077 Green River Honey 1/750 mL Btl,Bardstown Green River,81029 Cosmo Club (Z),On Premise,6/5/2026,1.00,
Paul Mclaughlin,201056 Bardstown Origin Series Bourbon 1/750 mL Btl,Bardstown Bourbon,40008 Tavern 61 (Z),On Premise,7/9/2026,1.00,
Paul Mclaughlin,200381 YaVe Tequila Mango 1/6/750 mL Btl,YaVe Tequila,39010 Players Club (Z),On Premise,7/28/2026,1.00,
Paul Mclaughlin,200382 YaVe Tequila Jalapeno 1/6/750 mL Btl,YaVe Tequila,40032 Side Bar,On Premise,8/28/2026,1.00,
Paul Mclaughlin,200400 Travelers Club Vodka 12/1 L Btl,Travelers Club,69009 Rivervale Country Club,On Premise,7/8/2026,1.00,
Paul Mclaughlin,200742 Poggio Torselli Chianti Classico Riserva 1/6/750 mL Btl,Poggio Torselli,61004 Andiamo,On Premise,8/12/2026,1.00,
Paul Mclaughlin,200404 Traveler's Club Vodka 6/1.75 L Btl,Travelers Club,61004 Andiamo,On Premise,8/25/2026,1.00,
Paul Mclaughlin,100923 Paradisse Fassionola Liqueur 6/750 mL Btl,Paradisse,85001 Eleven Central,On Premise,8/4/2026,1.00,
Paul Mclaughlin,200218 Leyenda 1925 Reposado Tequila 1/750 ML Btl,Leyenda 1925,41023 The Whiskey Priest (Hackensack),On Premise,8/25/2026,1.00,
Paul Mclaughlin,200400 Travelers Club Vodka 12/1 L Btl,Travelers Club,41010 Lenoras Bar (P),On Premise,7/14/2026,1.00,
Paul Mclaughlin,100962 2XO French Oak 1/750 mL Btl,2XO,61004 Andiamo,On Premise,7/7/2026,1.00,
Paul Mclaughlin,200400 Travelers Club Vodka 12/1 L Btl,Travelers Club,69009 Rivervale Country Club,On Premise,8/19/2026,1.00,
Paul Mclaughlin,201055 Bardstown Origin Series Bottle-In-Bond 1/750 mL Btl,Bardstown Bourbon,59001 ORA,On Premise,7/17/2026,1.00,
Paul Mclaughlin,200742 Poggio Torselli Chianti Classico Riserva 1/6/750 mL Btl,Poggio Torselli,61004 Andiamo,On Premise,6/25/2026,1.00,
Paul Mclaughlin,200365 Striped Pig Doppio 1/6/750 mL Btl,Striped Pig,73002 The Cornerstone (P),On Premise,7/24/2026,1.00,
Paul Mclaughlin,100923 Paradisse Fassionola Liqueur 6/750 mL Btl,Paradisse,69003 Edgewood Country Club,On Premise,7/30/2026,1.00,
Paul Mclaughlin,200400 Travelers Club Vodka 12/1 L Btl,Travelers Club,41006 Straphanger Saloon (A),On Premise,7/31/2026,1.00,
Paul Mclaughlin,200400 Travelers Club Vodka 12/1 L Btl,Travelers Club,69009 Rivervale Country Club,On Premise,6/17/2026,1.00,
Paul Mclaughlin,200400 Travelers Club Vodka 12/1 L Btl,Travelers Club,41006 Straphanger Saloon (A),On Premise,6/26/2026,1.00,
Paul Mclaughlin,200382 YaVe Tequila Jalapeno 1/6/750 mL Btl,YaVe Tequila,73002 The Cornerstone (P),On Premise,7/24/2026,1.00,
Paul Mclaughlin,200400 Travelers Club Vodka 12/1 L Btl,Travelers Club,41006 Straphanger Saloon (A),On Premise,6/19/2026,1.00,
Paul Mclaughlin,200385 YaVe Tequila Coconut 1/6/750 mL Btl,YaVe Tequila,39010 Players Club (Z),On Premise,7/28/2026,1.00,
Paul Mclaughlin,100962 2XO French Oak 1/750 mL Btl,2XO,61004 Andiamo,On Premise,9/2/2026,,1.00
Paul Mclaughlin,200400 Travelers Club Vodka 12/1 L Btl,Travelers Club,69009 Rivervale Country Club,On Premise,7/14/2026,1.00,
Paul Mclaughlin,200382 YaVe Tequila Jalapeno 1/6/750 mL Btl,YaVe Tequila,39006 Fat Bastard & Sons,On Premise,8/31/2026,1.00,
Paul Mclaughlin,200352 Amethystos White 12/750 mL,Greek Wines,54012 Axia Taverna,On Premise,7/7/2026,1.00,
Paul Mclaughlin,200382 YaVe Tequila Jalapeno 1/6/750 mL Btl,YaVe Tequila,86002 Doghouse Saloon (Z),On Premise,7/28/2026,1.00,
Paul Mclaughlin,200741 Poggio Torselli Chianti Classico 1/6/750 mL Btl,Poggio Torselli,61004 Andiamo,On Premise,8/26/2026,1.00,
Paul Mclaughlin,100953 Castellani Etichetta Gialla Pinot Noir 1/12/750 mL Btl,Castellani Etichetta Gialla,61003 White Beeches Golf Club,On Premise,8/5/2026,1.00,
Paul Mclaughlin,201055 Bardstown Origin Series Bottle-In-Bond 1/750 mL Btl,Bardstown Bourbon,59001 ORA,On Premise,9/1/2026,,1.00
Paul Mclaughlin,200400 Travelers Club Vodka 12/1 L Btl,Travelers Club,41006 Straphanger Saloon (A),On Premise,8/28/2026,1.00,
Paul Mclaughlin,201056 Bardstown Origin Series Bourbon 1/750 mL Btl,Bardstown Bourbon,65007 86 and Vine,On Premise,7/13/2026,1.00,
Paul Mclaughlin,200382 YaVe Tequila Jalapeno 1/6/750 mL Btl,YaVe Tequila,69009 Rivervale Country Club,On Premise,8/26/2026,1.00,
Paul Mclaughlin,200400 Travelers Club Vodka 12/1 L Btl,Travelers Club,41006 Straphanger Saloon (A),On Premise,7/24/2026,1.00,
Paul Mclaughlin,200385 YaVe Tequila Coconut 1/6/750 mL Btl,YaVe Tequila,73001 Lou's,On Premise,8/5/2026,1.00,
Paul Mclaughlin,100961 2XO American Oak 1/750 mL Btl,2XO,81029 Cosmo Club (Z),On Premise,6/18/2026,1.00,
Paul Mclaughlin,201077 Green River Honey 1/750 mL Btl,Bardstown Green River,41006 Straphanger Saloon (A),On Premise,7/31/2026,1.00,
Paul Mclaughlin,201055 Bardstown Origin Series Bottle-In-Bond 1/750 mL Btl,Bardstown Bourbon,59001 ORA,On Premise,6/17/2026,1.00,
Paul Mclaughlin,201055 Bardstown Origin Series Bottle-In-Bond 1/750 mL Btl,Bardstown Bourbon,81029 Cosmo Club (Z),On Premise,6/18/2026,1.00,
Paul Mclaughlin,201077 Green River Honey 1/750 mL Btl,Bardstown Green River,73001 Lou's,On Premise,7/1/2026,1.00,
Paul Mclaughlin,201055 Bardstown Origin Series Bottle-In-Bond 1/750 mL Btl,Bardstown Bourbon,50001 Andy's Corner (Z),On Premise,7/29/2026,1.00,
Paul Mclaughlin,200742 Poggio Torselli Chianti Classico Riserva 1/6/750 mL Btl,Poggio Torselli,61004 Andiamo,On Premise,8/26/2026,1.00,
Paul Mclaughlin,201058 Bardstown Origin Series High Wheat 1/750 mL Btl,Bardstown Bourbon,39010 Players Club (Z),On Premise,7/28/2026,1.00,
Paul Mclaughlin,200382 YaVe Tequila Jalapeno 1/6/750 mL Btl,YaVe Tequila,73001 Lou's,On Premise,8/7/2026,1.00,
Paul Mclaughlin,200365 Striped Pig Doppio 1/6/750 mL Btl,Striped Pig,39010 Players Club (Z),On Premise,7/28/2026,1.00,
Paul Mclaughlin,200400 Travelers Club Vodka 12/1 L Btl,Travelers Club,69009 Rivervale Country Club,On Premise,7/21/2026,1.00,
Paul Mclaughlin,201055 Bardstown Origin Series Bottle-In-Bond 1/750 mL Btl,Bardstown Bourbon,59001 ORA,On Premise,7/29/2026,1.00,
Paul Mclaughlin,200400 Travelers Club Vodka 12/1 L Btl,Travelers Club,41006 Straphanger Saloon (A),On Premise,6/5/2026,1.00,
Paul Mclaughlin,200400 Travelers Club Vodka 12/1 L Btl,Travelers Club,41006 Straphanger Saloon (A),On Premise,8/14/2026,1.00,
Paul Mclaughlin,201054 Green River Wheated 1/750 mL,Bardstown Green River,71011 Marriott (P) Park Ridge,On Premise,7/22/2026,1.00,
Paul Mclaughlin,200404 Traveler's Club Vodka 6/1.75 L Btl,Travelers Club,61004 Andiamo,On Premise,9/2/2026,,1.00
Paul Mclaughlin,100962 2XO French Oak 1/750 mL Btl,2XO,71011 Marriott (P) Park Ridge,On Premise,7/22/2026,1.00,
Paul Mclaughlin,200400 Travelers Club Vodka 12/1 L Btl,Travelers Club,69009 Rivervale Country Club,On Premise,8/12/2026,1.00,
Paul Mclaughlin,201054 Green River Wheated 1/750 mL,Bardstown Green River,39010 Players Club (Z),On Premise,7/7/2026,1.00,
Paul Mclaughlin,201058 Bardstown Origin Series High Wheat 1/750 mL Btl,Bardstown Bourbon,39010 Players Club (Z),On Premise,7/8/2026,1.00,
Paul Mclaughlin,200381 YaVe Tequila Mango 1/6/750 mL Btl,YaVe Tequila,69012 449 Prime @ Edgewood Country Club,On Premise,7/30/2026,1.00,
Paul Mclaughlin,200382 YaVe Tequila Jalapeno 1/6/750 mL Btl,YaVe Tequila,39010 Players Club (Z),On Premise,7/28/2026,1.00,
Paul Mclaughlin,200742 Poggio Torselli Chianti Classico Riserva 1/6/750 mL Btl,Poggio Torselli,61004 Andiamo,On Premise,6/10/2026,1.00,
Paul Mclaughlin,201077 Green River Honey 1/750 mL Btl,Bardstown Green River,69012 449 Prime @ Edgewood Country Club,On Premise,7/30/2026,1.00,
Paul Mclaughlin,200385 YaVe Tequila Coconut 1/6/750 mL Btl,YaVe Tequila,50029 La Tequilera Restaurant,On Premise,7/30/2026,1.00,
Paul Mclaughlin,100923 Paradisse Fassionola Liqueur 6/750 mL Btl,Paradisse,60002 QB's Bar and Grill,On Premise,7/22/2026,1.00,
Paul Mclaughlin,201056 Bardstown Origin Series Bourbon 1/750 mL Btl,Bardstown Bourbon,50001 Andy's Corner (Z),On Premise,9/2/2026,,1.00
Paul Mclaughlin,200400 Travelers Club Vodka 12/1 L Btl,Travelers Club,41010 Lenoras Bar (P),On Premise,8/14/2026,1.00,
Paul Mclaughlin,201055 Bardstown Origin Series Bottle-In-Bond 1/750 mL Btl,Bardstown Bourbon,59001 ORA,On Premise,8/26/2026,1.00,
Paul Mclaughlin,200382 YaVe Tequila Jalapeno 1/6/750 mL Btl,YaVe Tequila,41023 The Whiskey Priest (Hackensack),On Premise,8/25/2026,1.00,
Paul Mclaughlin,200381 YaVe Tequila Mango 1/6/750 mL Btl,YaVe Tequila,39006 Fat Bastard & Sons,On Premise,8/31/2026,1.00,
Phil Ernst,100953 Castellani Etichetta Gialla Pinot Noir 1/12/750 mL Btl,Castellani Etichetta Gialla,83001 Food Universe Marketplace,Off Premise,8/19/2026,1.00,
Phil Ernst,200381 YaVe Tequila Mango 1/6/750 mL Btl,YaVe Tequila,43001 City Supermarket,Off Premise,7/14/2026,1.00,
Phil Ernst,100962 2XO French Oak 1/750 mL Btl,2XO,76006 Wine Country Of Saddle Brook (A),Off Premise,7/15/2026,1.00,
Phil Ernst,100962 2XO French Oak 1/750 mL Btl,2XO,43001 City Supermarket,Off Premise,7/14/2026,1.00,
Phil Ernst,200402 Travelers Club Vodka 24/375 mL Btl,Travelers Club,80041 PRIME WINE CELLAR Liquor & Beer,Off Premise,7/30/2026,1.00,
Phil Ernst,100962 2XO French Oak 1/750 mL Btl,2XO,80026 Stew Leonard's(A) Paramus Wine,Off Premise,6/25/2026,1.00,
Phil Ernst,200218 Leyenda 1925 Reposado Tequila 1/750 ML Btl,Leyenda 1925,43001 City Supermarket,Off Premise,8/25/2026,1.00,
Phil Ernst,200402 Travelers Club Vodka 24/375 mL Btl,Travelers Club,81014 Shop Rite Liq(A) Fair Lwn,Off Premise,6/1/2026,1.00,
Phil Ernst,200216 Leyenda 1925 Anejo Tequila 1/750 ML Btl,Leyenda 1925,25010 Stew Leonard's Wines & Spirits of Clifton,Off Premise,8/25/2026,1.00,
Phil Ernst,100961 2XO American Oak 1/750 mL Btl,2XO,47004 Wides Deli & Liquor,Off Premise,7/16/2026,1.00,
Phil Ernst,200402 Travelers Club Vodka 24/375 mL Btl,Travelers Club,80041 PRIME WINE CELLAR Liquor & Beer,Off Premise,6/11/2026,1.00,
Phil Ernst,200385 YaVe Tequila Coconut 1/6/750 mL Btl,YaVe Tequila,29004 Shop-Rite Liq Lyndhurst,Off Premise,7/28/2026,1.00,
Phil Ernst,100121 Le Grand Noir Cabernet Sauvignon 1/12/750 mL Btl,Le Grand Noir,83001 Food Universe Marketplace,Off Premise,8/24/2026,1.00,
Phil Ernst,200381 YaVe Tequila Mango 1/6/750 mL Btl,YaVe Tequila,29004 Shop-Rite Liq Lyndhurst,Off Premise,7/28/2026,1.00,
Phil Ernst,200217 Leyenda 1925 Blanco Tequila 1/750 ML Btl,Leyenda 1925,43001 City Supermarket,Off Premise,8/25/2026,1.00,
Phil Ernst,200383 YaVe Tequila Reposado 1/6/750 mL Btl,YaVe Tequila,43001 City Supermarket,Off Premise,7/14/2026,1.00,
Phil Ernst,100122 Le Grand Noir Pinot Noir 1/12/750 mL Btl,Le Grand Noir,83001 Food Universe Marketplace,Off Premise,8/24/2026,1.00,
Phil Ernst,201055 Bardstown Origin Series Bottle-In-Bond 1/750 mL Btl,Bardstown Bourbon,83010 Bottle King (A) Glen Rock,Off Premise,7/8/2026,1.00,
Phil Ernst,200738 Poca Loca Brazilian Wine 1/12/750 mL Btl,Poca Loca,20106 Super Wine Warehse(P)Pate,Off Premise,6/18/2026,1.00,
Phil Ernst,200291 Molly's Irish Cream 6/1.75 L Btl,Molly's,50005 Megha Liquor & Grocery,Off Premise,7/16/2026,1.00,
Phil Ernst,200404 Traveler's Club Vodka 6/1.75 L Btl,Travelers Club,80005 Shop Rite Liq (Paramus),Off Premise,6/29/2026,1.00,
Phil Ernst,100961 2XO American Oak 1/750 mL Btl,2XO,76006 Wine Country Of Saddle Brook (A),Off Premise,7/15/2026,1.00,
Phil Ernst,200402 Travelers Club Vodka 24/375 mL Btl,Travelers Club,81014 Shop Rite Liq(A) Fair Lwn,Off Premise,6/22/2026,1.00,
Phil Ernst,9409 Terredirai Bloom Bubbles Sparkling Non-Alcoholic 1/12/750 ML Btl,Bloom Bubbles,29004 Shop-Rite Liq Lyndhurst,Off Premise,7/1/2026,1.00,
Phil Ernst,100961 2XO American Oak 1/750 mL Btl,2XO,80026 Stew Leonard's(A) Paramus Wine,Off Premise,6/25/2026,1.00,
Phil Ernst,100120 Le Grand Noir Chardonnay 1/12/750 mL Btl,Le Grand Noir,83001 Food Universe Marketplace,Off Premise,8/24/2026,1.00,
Phil Ernst,11062 New Holland Dragon's Milk Reserve Coconut Rum 6/4/12 oz Btl,New Holland Brewing Co,83010 Bottle King (A) Glen Rock,Off Premise,9/3/2026,,1.00
Phil Ernst,201058 Bardstown Origin Series High Wheat 1/750 mL Btl,Bardstown Bourbon,25010 Stew Leonard's Wines & Spirits of Clifton,Off Premise,7/28/2026,1.00,
Phil Ernst,201058 Bardstown Origin Series High Wheat 1/750 mL Btl,Bardstown Bourbon,80026 Stew Leonard's(A) Paramus Wine,Off Premise,7/30/2026,1.00,
Phil Ernst,200404 Traveler's Club Vodka 6/1.75 L Btl,Travelers Club,81014 Shop Rite Liq(A) Fair Lwn,Off Premise,8/3/2026,1.00,
Phil Ernst,201078 Green River Honey 1/10/50 mL Btl,Bardstown Green River,50002 Lushka Liquors,Off Premise,8/28/2026,1.00,
Phil Ernst,201073 Bardstown Collaboration Series Pierre Ferrand 1/750 mL Btl,Bardstown Bourbon,83010 Bottle King (A) Glen Rock,Off Premise,7/8/2026,1.00,
Phil Ernst,200402 Travelers Club Vodka 24/375 mL Btl,Travelers Club,80041 PRIME WINE CELLAR Liquor & Beer,Off Premise,6/4/2026,1.00,
Phil Ernst,100961 2XO American Oak 1/750 mL Btl,2XO,78008 Shop Rite Liq(A) Roch Pk,Off Premise,7/30/2026,1.00,
Phil Ernst,201051 Green River Bourbon 1/750 mL Btl,Bardstown Green River,78008 Shop Rite Liq(A) Roch Pk,Off Premise,7/20/2026,1.00,
Phil Ernst,201054 Green River Wheated 1/750 mL,Bardstown Green River,25010 Stew Leonard's Wines & Spirits of Clifton,Off Premise,6/19/2026,1.00,
Phil Ernst,201056 Bardstown Origin Series Bourbon 1/750 mL Btl,Bardstown Bourbon,83010 Bottle King (A) Glen Rock,Off Premise,6/24/2026,1.00,
Phil Ernst,200402 Travelers Club Vodka 24/375 mL Btl,Travelers Club,81014 Shop Rite Liq(A) Fair Lwn,Off Premise,7/6/2026,1.00,
Phil Ernst,201055 Bardstown Origin Series Bottle-In-Bond 1/750 mL Btl,Bardstown Bourbon,83010 Bottle King (A) Glen Rock,Off Premise,7/1/2026,1.00,
Phil Ernst,201076 Green River Wheated Full Proof 1/750 ml Btl,Bardstown Green River,78008 Shop Rite Liq(A) Roch Pk,Off Premise,6/22/2026,1.00,
Phil Ernst,200381 YaVe Tequila Mango 1/6/750 mL Btl,YaVe Tequila,29004 Shop-Rite Liq Lyndhurst,Off Premise,7/14/2026,1.00,
Phil Ernst,200404 Traveler's Club Vodka 6/1.75 L Btl,Travelers Club,80005 Shop Rite Liq (Paramus),Off Premise,8/10/2026,1.00,
Phil Ernst,200523 Southern Tier Creme Brulee Whiskey 6/750 mL Btl,Southern Tier Distilling,76021 Saddle Brook Liquor & Bar,On Premise,8/18/2026,1.00,
Phil Ernst,200742 Poggio Torselli Chianti Classico Riserva 1/6/750 mL Btl,Poggio Torselli,83001 Food Universe Marketplace,Off Premise,8/19/2026,1.00,
Phil Ernst,100962 2XO French Oak 1/750 mL Btl,2XO,83001 Food Universe Marketplace,Off Premise,7/16/2026,1.00,
Phil Ernst,201051 Green River Bourbon 1/750 mL Btl,Bardstown Green River,83010 Bottle King (A) Glen Rock,Off Premise,7/16/2026,1.00,
Phil Ernst,201054 Green River Wheated 1/750 mL,Bardstown Green River,38018 THE BOTTLE SHOP,Off Premise,7/8/2026,1.00,
Phil Ernst,9409 Terredirai Bloom Bubbles Sparkling Non-Alcoholic 1/12/750 ML Btl,Bloom Bubbles,29004 Shop-Rite Liq Lyndhurst,Off Premise,6/9/2026,1.00,
Phil Ernst,201078 Green River Honey 1/10/50 mL Btl,Bardstown Green River,38018 THE BOTTLE SHOP,Off Premise,8/27/2026,1.00,
Phil Ernst,201055 Bardstown Origin Series Bottle-In-Bond 1/750 mL Btl,Bardstown Bourbon,83010 Bottle King (A) Glen Rock,Off Premise,6/24/2026,1.00,
Phil Ernst,201078 Green River Honey 1/10/50 mL Btl,Bardstown Green River,50005 Megha Liquor & Grocery,Off Premise,8/28/2026,1.00,
Phil Ernst,200402 Travelers Club Vodka 24/375 mL Btl,Travelers Club,81014 Shop Rite Liq(A) Fair Lwn,Off Premise,8/3/2026,1.00,
Phil Ernst,200218 Leyenda 1925 Reposado Tequila 1/750 ML Btl,Leyenda 1925,25010 Stew Leonard's Wines & Spirits of Clifton,Off Premise,8/25/2026,1.00,
Phil Ernst,201057 Bardstown Origin Series Double Barrel Rye 1/750 mL Btl,Bardstown Bourbon,83010 Bottle King (A) Glen Rock,Off Premise,6/24/2026,1.00,
Phil Ernst,200217 Leyenda 1925 Blanco Tequila 1/750 ML Btl,Leyenda 1925,83001 Food Universe Marketplace,Off Premise,8/26/2026,1.00,
Phil Ernst,200291 Molly's Irish Cream 6/1.75 L Btl,Molly's,39001 Home Wines & Liq 75 (A) (South Hackensack),Off Premise,9/3/2026,,1.00
Phil Ernst,100962 2XO French Oak 1/750 mL Btl,2XO,25010 Stew Leonard's Wines & Spirits of Clifton,Off Premise,6/25/2026,1.00,
Phil Ernst,100962 2XO French Oak 1/750 mL Btl,2XO,38018 THE BOTTLE SHOP,Off Premise,7/8/2026,1.00,
Phil Ernst,200382 YaVe Tequila Jalapeno 1/6/750 mL Btl,YaVe Tequila,43001 City Supermarket,Off Premise,7/14/2026,1.00,
Phil Ernst,200382 YaVe Tequila Jalapeno 1/6/750 mL Btl,YaVe Tequila,29004 Shop-Rite Liq Lyndhurst,Off Premise,7/14/2026,1.00,
Phil Ernst,201051 Green River Bourbon 1/750 mL Btl,Bardstown Green River,78008 Shop Rite Liq(A) Roch Pk,Off Premise,6/25/2026,1.00,
Phil Ernst,201055 Bardstown Origin Series Bottle-In-Bond 1/750 mL Btl,Bardstown Bourbon,78008 Shop Rite Liq(A) Roch Pk,Off Premise,8/24/2026,1.00,
Phil Ernst,201058 Bardstown Origin Series High Wheat 1/750 mL Btl,Bardstown Bourbon,83010 Bottle King (A) Glen Rock,Off Premise,9/2/2026,,1.00
Phil Ernst,200404 Traveler's Club Vodka 6/1.75 L Btl,Travelers Club,83001 Food Universe Marketplace,Off Premise,8/7/2026,1.00,
Phil Ernst,200385 YaVe Tequila Coconut 1/6/750 mL Btl,YaVe Tequila,43001 City Supermarket,Off Premise,7/14/2026,1.00,
Phil Ernst,200404 Traveler's Club Vodka 6/1.75 L Btl,Travelers Club,80041 PRIME WINE CELLAR Liquor & Beer,Off Premise,6/11/2026,1.00,
Phil Ernst,201052 Green River Full Proof 1/750 mL,Bardstown Green River,78008 Shop Rite Liq(A) Roch Pk,Off Premise,7/20/2026,1.00,
Phil Ernst,201056 Bardstown Origin Series Bourbon 1/750 mL Btl,Bardstown Bourbon,83010 Bottle King (A) Glen Rock,Off Premise,7/29/2026,1.00,
Phil Ernst,100122 Le Grand Noir Pinot Noir 1/12/750 mL Btl,Le Grand Noir,38018 THE BOTTLE SHOP,Off Premise,7/14/2026,1.00,
Phil Ernst,100961 2XO American Oak 1/750 mL Btl,2XO,83001 Food Universe Marketplace,Off Premise,7/16/2026,1.00,
Phil Ernst,200218 Leyenda 1925 Reposado Tequila 1/750 ML Btl,Leyenda 1925,83001 Food Universe Marketplace,Off Premise,8/26/2026,1.00,
Phil Ernst,100962 2XO French Oak 1/750 mL Btl,2XO,47004 Wides Deli & Liquor,Off Premise,7/16/2026,1.00,
Phil Ernst,200382 YaVe Tequila Jalapeno 1/6/750 mL Btl,YaVe Tequila,29004 Shop-Rite Liq Lyndhurst,Off Premise,7/28/2026,1.00,
Phil Ernst,201055 Bardstown Origin Series Bottle-In-Bond 1/750 mL Btl,Bardstown Bourbon,78008 Shop Rite Liq(A) Roch Pk,Off Premise,6/25/2026,1.00,
Phil Ernst,100962 2XO French Oak 1/750 mL Btl,2XO,78008 Shop Rite Liq(A) Roch Pk,Off Premise,7/30/2026,1.00,
Phil Ernst,201077 Green River Honey 1/750 mL Btl,Bardstown Green River,83001 Food Universe Marketplace,Off Premise,8/28/2026,1.00,
Phil Ernst,201057 Bardstown Origin Series Double Barrel Rye 1/750 mL Btl,Bardstown Bourbon,25010 Stew Leonard's Wines & Spirits of Clifton,Off Premise,7/7/2026,1.00,
Phil Ernst,200218 Leyenda 1925 Reposado Tequila 1/750 ML Btl,Leyenda 1925,80026 Stew Leonard's(A) Paramus Wine,Off Premise,7/24/2026,1.00,
Phil Ernst,200385 YaVe Tequila Coconut 1/6/750 mL Btl,YaVe Tequila,78008 Shop Rite Liq(A) Roch Pk,Off Premise,7/30/2026,1.00,
Phil Ernst,200383 YaVe Tequila Reposado 1/6/750 mL Btl,YaVe Tequila,29004 Shop-Rite Liq Lyndhurst,Off Premise,7/28/2026,1.00,
Phil Ernst,200741 Poggio Torselli Chianti Classico 1/6/750 mL Btl,Poggio Torselli,83001 Food Universe Marketplace,Off Premise,8/19/2026,1.00,
Phil Ernst,201077 Green River Honey 1/750 mL Btl,Bardstown Green River,25010 Stew Leonard's Wines & Spirits of Clifton,Off Premise,7/2/2026,1.00,
Phil Ernst,200384 YaVe Tequila Blanco 1/6/750 mL Btl,YaVe Tequila,29004 Shop-Rite Liq Lyndhurst,Off Premise,7/14/2026,1.00,
Phil Ernst,200294 Molly's Irish Cream 1/12/750 mL Btl,Molly's,80005 Shop Rite Liq (Paramus),Off Premise,6/29/2026,1.00,
Phil Ernst,200384 YaVe Tequila Blanco 1/6/750 mL Btl,YaVe Tequila,29004 Shop-Rite Liq Lyndhurst,Off Premise,7/28/2026,1.00,
Phil Ernst,100961 2XO American Oak 1/750 mL Btl,2XO,38018 THE BOTTLE SHOP,Off Premise,7/8/2026,1.00,
Phil Ernst,201056 Bardstown Origin Series Bourbon 1/750 mL Btl,Bardstown Bourbon,80026 Stew Leonard's(A) Paramus Wine,Off Premise,8/26/2026,1.00,
Phil Ernst,200216 Leyenda 1925 Anejo Tequila 1/750 ML Btl,Leyenda 1925,80026 Stew Leonard's(A) Paramus Wine,Off Premise,7/24/2026,1.00,
Phil Ernst,201058 Bardstown Origin Series High Wheat 1/750 mL Btl,Bardstown Bourbon,83010 Bottle King (A) Glen Rock,Off Premise,7/29/2026,1.00,
Phil Ernst,200217 Leyenda 1925 Blanco Tequila 1/750 ML Btl,Leyenda 1925,25010 Stew Leonard's Wines & Spirits of Clifton,Off Premise,8/25/2026,1.00,
Phil Ernst,201077 Green River Honey 1/750 mL Btl,Bardstown Green River,25010 Stew Leonard's Wines & Spirits of Clifton,Off Premise,6/19/2026,1.00,
Phil Ernst,201055 Bardstown Origin Series Bottle-In-Bond 1/750 mL Btl,Bardstown Bourbon,25010 Stew Leonard's Wines & Spirits of Clifton,Off Premise,6/30/2026,1.00,
Phil Ernst,201074 Bardstown Discovery #13 1/750 mL Btl,Bardstown Bourbon,83010 Bottle King (A) Glen Rock,Off Premise,7/8/2026,1.00,
Phil Ernst,200385 YaVe Tequila Coconut 1/6/750 mL Btl,YaVe Tequila,29004 Shop-Rite Liq Lyndhurst,Off Premise,7/14/2026,1.00,
Phil Ernst,200404 Traveler's Club Vodka 6/1.75 L Btl,Travelers Club,83001 Food Universe Marketplace,Off Premise,7/2/2026,1.00,
Phil Ernst,100961 2XO American Oak 1/750 mL Btl,2XO,25010 Stew Leonard's Wines & Spirits of Clifton,Off Premise,6/25/2026,1.00,
Phil Ernst,200383 YaVe Tequila Reposado 1/6/750 mL Btl,YaVe Tequila,29004 Shop-Rite Liq Lyndhurst,Off Premise,7/14/2026,1.00,
Phil Ernst,200402 Travelers Club Vodka 24/375 mL Btl,Travelers Club,81014 Shop Rite Liq(A) Fair Lwn,Off Premise,8/24/2026,1.00,
Phil Ernst,201052 Green River Full Proof 1/750 mL,Bardstown Green River,78008 Shop Rite Liq(A) Roch Pk,Off Premise,6/25/2026,1.00,
Phil Ernst,201076 Green River Wheated Full Proof 1/750 ml Btl,Bardstown Green River,38018 THE BOTTLE SHOP,Off Premise,7/14/2026,1.00,
Phil Ernst,201056 Bardstown Origin Series Bourbon 1/750 mL Btl,Bardstown Bourbon,78008 Shop Rite Liq(A) Roch Pk,Off Premise,7/6/2026,1.00,
Phil Ernst,201077 Green River Honey 1/750 mL Btl,Bardstown Green River,80026 Stew Leonard's(A) Paramus Wine,Off Premise,6/19/2026,1.00,
Phil Ernst,200401 Travelers Club Vodka 48/200 mL Btl,Travelers Club,81014 Shop Rite Liq(A) Fair Lwn,Off Premise,6/22/2026,1.00,
Phil Ernst,201051 Green River Bourbon 1/750 mL Btl,Bardstown Green River,25010 Stew Leonard's Wines & Spirits of Clifton,Off Premise,9/3/2026,,1.00
Phil Ernst,200738 Poca Loca Brazilian Wine 1/12/750 mL Btl,Poca Loca,29004 Shop-Rite Liq Lyndhurst,Off Premise,6/9/2026,1.00,
Phil Ernst,200217 Leyenda 1925 Blanco Tequila 1/750 ML Btl,Leyenda 1925,80026 Stew Leonard's(A) Paramus Wine,Off Premise,7/24/2026,1.00,
Phil Ernst,200384 YaVe Tequila Blanco 1/6/750 mL Btl,YaVe Tequila,43001 City Supermarket,Off Premise,7/14/2026,1.00,
Phil Ernst,201056 Bardstown Origin Series Bourbon 1/750 mL Btl,Bardstown Bourbon,78008 Shop Rite Liq(A) Roch Pk,Off Premise,8/24/2026,1.00,
Phil Ernst,201077 Green River Honey 1/750 mL Btl,Bardstown Green River,25010 Stew Leonard's Wines & Spirits of Clifton,Off Premise,7/7/2026,1.00,
Robin Feldman,201055 Bardstown Origin Series Bottle-In-Bond 1/750 mL Btl,Bardstown Bourbon,34018 Hilton Hasbrk Hts #50591,On Premise,8/13/2026,1.00,
Robin Feldman,201065 Green River 1/1 L Btl,Bardstown Bourbon,12023 The Village Inn,On Premise,7/28/2026,1.00,
Robin Feldman,200171 Chateau Diana Caberner Sauvigon 12/750 mL Btl,Chateau Diana,12023 The Village Inn,On Premise,8/12/2026,1.00,
Robin Feldman,201055 Bardstown Origin Series Bottle-In-Bond 1/750 mL Btl,Bardstown Bourbon,93018 Courtyard Mahwah,On Premise,8/7/2026,1.00,
Robin Feldman,200734 Dancing Vines Lightsecco White 1/12/750 mL Btl,Dancing Vines,12023 The Village Inn,On Premise,8/12/2026,1.00,
Robin Feldman,201065 Green River 1/1 L Btl,Bardstown Bourbon,12023 The Village Inn,On Premise,7/22/2026,1.00,
Robin Feldman,200216 Leyenda 1925 Anejo Tequila 1/750 ML Btl,Leyenda 1925,93018 Courtyard Mahwah,On Premise,8/7/2026,1.00,
Robin Feldman,200384 YaVe Tequila Blanco 1/6/750 mL Btl,YaVe Tequila,34016 Vfw Hasbrouck (A),On Premise,8/6/2026,1.00,
Robin Feldman,201072 Green River Bourbon 250th Army Anniversary 1/750 mL,Bardstown Green River,15079 American Lgn Totowa,On Premise,7/24/2026,1.00,
Robin Feldman,201074 Bardstown Discovery #13 1/750 mL Btl,Bardstown Bourbon,12023 The Village Inn,On Premise,7/14/2026,1.00,
Robin Feldman,200375 Ploes Rose 1/12/750 mL Btl,Greek Wines,12068 Courtyard by Marriott Wayne Fairfield,On Premise,7/16/2026,1.00,
Robin Feldman,200217 Leyenda 1925 Blanco Tequila 1/750 ML Btl,Leyenda 1925,15081 Evolution Restaurant & Bar,On Premise,9/2/2026,,1.00
Robin Feldman,201073 Bardstown Collaboration Series Pierre Ferrand 1/750 mL Btl,Bardstown Bourbon,12023 The Village Inn,On Premise,7/14/2026,1.00,
Robin Feldman,201054 Green River Wheated 1/750 mL,Bardstown Green River,34018 Hilton Hasbrk Hts #50591,On Premise,8/13/2026,1.00,
Robin Feldman,201054 Green River Wheated 1/750 mL,Bardstown Green River,93018 Courtyard Mahwah,On Premise,8/7/2026,1.00,
Robin Feldman,101070 Overstone Sauvignon Blanc 1/12/750 mL Btl,Overstone,12023 The Village Inn,On Premise,7/7/2026,1.00,
Robin Feldman,200319 Ecaana Pinot Grigio 1/12/750 mL Btl,Ecaana,12023 The Village Inn,On Premise,8/12/2026,1.00,
Robin Feldman,101070 Overstone Sauvignon Blanc 1/12/750 mL Btl,Overstone,12023 The Village Inn,On Premise,8/13/2026,1.00,
Robin Feldman,201072 Green River Bourbon 250th Army Anniversary 1/750 mL,Bardstown Green River,15079 American Lgn Totowa,On Premise,7/3/2026,1.00,
Robin Feldman,201051 Green River Bourbon 1/750 mL Btl,Bardstown Green River,15079 American Lgn Totowa,On Premise,8/19/2026,1.00,
Robin Feldman,200382 YaVe Tequila Jalapeno 1/6/750 mL Btl,YaVe Tequila,192156 Hapgoods Restaurant,On Premise,9/2/2026,,1.00
Robin Feldman,201072 Green River Bourbon 250th Army Anniversary 1/750 mL,Bardstown Green River,15079 American Lgn Totowa,On Premise,6/3/2026,1.00,
Robin Feldman,200217 Leyenda 1925 Blanco Tequila 1/750 ML Btl,Leyenda 1925,34016 Vfw Hasbrouck (A),On Premise,8/6/2026,1.00,
Robin Feldman,201055 Bardstown Origin Series Bottle-In-Bond 1/750 mL Btl,Bardstown Bourbon,30017 Renaissance Meadowlands,On Premise,9/2/2026,,1.00
Robin Feldman,201056 Bardstown Origin Series Bourbon 1/750 mL Btl,Bardstown Bourbon,2010 Skyline Lakes Prop Owners,On Premise,6/25/2026,1.00,
Robin Feldman,200217 Leyenda 1925 Blanco Tequila 1/750 ML Btl,Leyenda 1925,192156 Hapgoods Restaurant,On Premise,9/2/2026,,1.00
Robin Feldman,201065 Green River 1/1 L Btl,Bardstown Bourbon,5016 Vfw Butler,On Premise,8/7/2026,1.00,
Robin Feldman,201058 Bardstown Origin Series High Wheat 1/750 mL Btl,Bardstown Bourbon,191406 Courtyard Marriott Mt Arl,On Premise,8/20/2026,1.00,
Robin Feldman,200171 Chateau Diana Caberner Sauvigon 12/750 mL Btl,Chateau Diana,12023 The Village Inn,On Premise,8/13/2026,1.00,
Robin Feldman,200382 YaVe Tequila Jalapeno 1/6/750 mL Btl,YaVe Tequila,12023 The Village Inn,On Premise,8/19/2026,1.00,
Robin Feldman,201077 Green River Honey 1/750 mL Btl,Bardstown Green River,93018 Courtyard Mahwah,On Premise,8/7/2026,1.00,
Shane Barreca,200402 Travelers Club Vodka 24/375 mL Btl,Travelers Club,75004 Cork & Keg (A),Off Premise,6/12/2026,1.00,
Shane Barreca,200517 Southern Tier Pumking Whiskey 6/750 mL Btl,Southern Tier Distilling,75002 Shop Rite Liq (A)Emerson,Off Premise,8/24/2026,1.00,
Shane Barreca,201058 Bardstown Origin Series High Wheat 1/750 mL Btl,Bardstown Bourbon,75004 Cork & Keg (A),Off Premise,7/31/2026,1.00,
Shane Barreca,200218 Leyenda 1925 Reposado Tequila 1/750 ML Btl,Leyenda 1925,74009 Westwood Wine and Liquors,Off Premise,9/2/2026,,1.00
Shane Barreca,200736 Lou Lou Bubbly Brut Rose 1/12/12 oz Can,Caravella,73003 Bottle King (A) Hillsdale,Off Premise,6/11/2026,1.00,
Shane Barreca,201057 Bardstown Origin Series Double Barrel Rye 1/750 mL Btl,Bardstown Bourbon,55001 Coasters Liquors,Off Premise,7/23/2026,1.00,
Shane Barreca,201051 Green River Bourbon 1/750 mL Btl,Bardstown Green River,75004 Cork & Keg (A),Off Premise,8/31/2026,1.00,
Shane Barreca,200736 Lou Lou Bubbly Brut Rose 1/12/12 oz Can,Caravella,86003 Township Liq (P),Off Premise,6/30/2026,1.00,
Shane Barreca,201055 Bardstown Origin Series Bottle-In-Bond 1/750 mL Btl,Bardstown Bourbon,92011 Bottle King (A) Ramsey,Off Premise,7/30/2026,1.00,
Shane Barreca,201077 Green River Honey 1/750 mL Btl,Bardstown Green River,92011 Bottle King (A) Ramsey,Off Premise,7/23/2026,1.00,
Shane Barreca,200404 Traveler's Club Vodka 6/1.75 L Btl,Travelers Club,74005 Winemart Discount,Off Premise,8/21/2026,1.00,
Shane Barreca,201055 Bardstown Origin Series Bottle-In-Bond 1/750 mL Btl,Bardstown Bourbon,73008 Shop Rite Liq (A)Hillsdal,Off Premise,6/12/2026,1.00,
Shane Barreca,200384 YaVe Tequila Blanco 1/6/750 mL Btl,YaVe Tequila,75004 Cork & Keg (A),Off Premise,7/20/2026,1.00,
Shane Barreca,201056 Bardstown Origin Series Bourbon 1/750 mL Btl,Bardstown Bourbon,55001 Coasters Liquors,Off Premise,7/23/2026,1.00,
Shane Barreca,200404 Traveler's Club Vodka 6/1.75 L Btl,Travelers Club,75004 Cork & Keg (A),Off Premise,6/22/2026,1.00,
Shane Barreca,201054 Green River Wheated 1/750 mL,Bardstown Green River,60001 Bottle King (A) Dumont,Off Premise,8/13/2026,1.00,
Shane Barreca,201057 Bardstown Origin Series Double Barrel Rye 1/750 mL Btl,Bardstown Bourbon,74009 Westwood Wine and Liquors,Off Premise,7/15/2026,1.00,
Shane Barreca,200382 YaVe Tequila Jalapeno 1/6/750 mL Btl,YaVe Tequila,75004 Cork & Keg (A),Off Premise,7/20/2026,1.00,
Shane Barreca,100121 Le Grand Noir Cabernet Sauvignon 1/12/750 mL Btl,Le Grand Noir,67004 Beverage Barn (A),Off Premise,8/27/2026,1.00,
Shane Barreca,201058 Bardstown Origin Series High Wheat 1/750 mL Btl,Bardstown Bourbon,92011 Bottle King (A) Ramsey,Off Premise,7/30/2026,1.00,
Shane Barreca,200404 Traveler's Club Vodka 6/1.75 L Btl,Travelers Club,71006 Ridgemont Liquors (A),Off Premise,7/29/2026,1.00,
Shane Barreca,201054 Green River Wheated 1/750 mL,Bardstown Green River,74009 Westwood Wine and Liquors,Off Premise,9/2/2026,,1.00
Shane Barreca,200737 Lou Lou Bubbly Semi Sweet Rose 1/12/12 oz Can,Caravella,92011 Bottle King (A) Ramsey,Off Premise,7/6/2026,1.00,
Shane Barreca,200402 Travelers Club Vodka 24/375 mL Btl,Travelers Club,74005 Winemart Discount,Off Premise,8/21/2026,1.00,
Shane Barreca,201057 Bardstown Origin Series Double Barrel Rye 1/750 mL Btl,Bardstown Bourbon,60001 Bottle King (A) Dumont,Off Premise,8/13/2026,1.00,
Shane Barreca,200402 Travelers Club Vodka 24/375 mL Btl,Travelers Club,75004 Cork & Keg (A),Off Premise,8/28/2026,1.00,
Shane Barreca,201073 Bardstown Collaboration Series Pierre Ferrand 1/750 mL Btl,Bardstown Bourbon,92011 Bottle King (A) Ramsey,Off Premise,7/13/2026,1.00,
Shane Barreca,201056 Bardstown Origin Series Bourbon 1/750 mL Btl,Bardstown Bourbon,92011 Bottle King (A) Ramsey,Off Premise,7/30/2026,1.00,
Shane Barreca,200404 Traveler's Club Vodka 6/1.75 L Btl,Travelers Club,74005 Winemart Discount,Off Premise,6/5/2026,1.00,
Shane Barreca,201054 Green River Wheated 1/750 mL,Bardstown Green River,92011 Bottle King (A) Ramsey,Off Premise,7/23/2026,1.00,
Shane Barreca,201052 Green River Full Proof 1/750 mL,Bardstown Green River,75004 Cork & Keg (A),Off Premise,7/6/2026,1.00,
Shane Barreca,200404 Traveler's Club Vodka 6/1.75 L Btl,Travelers Club,74009 Westwood Wine and Liquors,Off Premise,6/24/2026,1.00,
Shane Barreca,201073 Bardstown Collaboration Series Pierre Ferrand 1/750 mL Btl,Bardstown Bourbon,74009 Westwood Wine and Liquors,Off Premise,8/25/2026,1.00,
Shane Barreca,200217 Leyenda 1925 Blanco Tequila 1/750 ML Btl,Leyenda 1925,74009 Westwood Wine and Liquors,Off Premise,9/2/2026,,1.00
Shane Barreca,200402 Travelers Club Vodka 24/375 mL Btl,Travelers Club,75004 Cork & Keg (A),Off Premise,7/13/2026,1.00,
Shane Barreca,201055 Bardstown Origin Series Bottle-In-Bond 1/750 mL Btl,Bardstown Bourbon,92011 Bottle King (A) Ramsey,Off Premise,6/25/2026,1.00,
Shane Barreca,200736 Lou Lou Bubbly Brut Rose 1/12/12 oz Can,Caravella,86003 Township Liq (P),Off Premise,6/24/2026,1.00,
Shane Barreca,200367 Striped Pig Black Cherry 1/6/750 mL Btl,Striped Pig,67005 Shoprite Liq (A)Northvle,Off Premise,6/22/2026,1.00,
Shane Barreca,200218 Leyenda 1925 Reposado Tequila 1/750 ML Btl,Leyenda 1925,62001 Garden State Deli (A),Off Premise,8/21/2026,1.00,
Shane Barreca,200404 Traveler's Club Vodka 6/1.75 L Btl,Travelers Club,75004 Cork & Keg (A),Off Premise,8/17/2026,1.00,
Shane Barreca,201052 Green River Full Proof 1/750 mL,Bardstown Green River,60001 Bottle King (A) Dumont,Off Premise,8/13/2026,1.00,
Shane Barreca,201058 Bardstown Origin Series High Wheat 1/750 mL Btl,Bardstown Bourbon,70001 Montvale Wine/Liq & Beer,Off Premise,8/4/2026,1.00,
Shane Barreca,200517 Southern Tier Pumking Whiskey 6/750 mL Btl,Southern Tier Distilling,70001 Montvale Wine/Liq & Beer,Off Premise,8/27/2026,1.00,
Shane Barreca,200737 Lou Lou Bubbly Semi Sweet Rose 1/12/12 oz Can,Caravella,86003 Township Liq (P),Off Premise,8/13/2026,1.00,
Shane Barreca,201074 Bardstown Discovery #13 1/750 mL Btl,Bardstown Bourbon,92011 Bottle King (A) Ramsey,Off Premise,6/29/2026,1.00,
Shane Barreca,200734 Dancing Vines Lightsecco White 1/12/750 mL Btl,Dancing Vines,92011 Bottle King (A) Ramsey,Off Premise,8/27/2026,1.00,
Shane Barreca,201057 Bardstown Origin Series Double Barrel Rye 1/750 mL Btl,Bardstown Bourbon,70001 Montvale Wine/Liq & Beer,Off Premise,6/16/2026,1.00,
Shane Barreca,201078 Green River Honey 1/10/50 mL Btl,Bardstown Green River,74009 Westwood Wine and Liquors,Off Premise,8/12/2026,1.00,
Shane Barreca,200218 Leyenda 1925 Reposado Tequila 1/750 ML Btl,Leyenda 1925,62001 Garden State Deli (A),Off Premise,8/27/2026,1.00,
Shane Barreca,201056 Bardstown Origin Series Bourbon 1/750 mL Btl,Bardstown Bourbon,60001 Bottle King (A) Dumont,Off Premise,8/13/2026,1.00,
Shane Barreca,201054 Green River Wheated 1/750 mL,Bardstown Green River,67005 Shoprite Liq (A)Northvle,Off Premise,8/14/2026,1.00,
Shane Barreca,201058 Bardstown Origin Series High Wheat 1/750 mL Btl,Bardstown Bourbon,73003 Bottle King (A) Hillsdale,Off Premise,7/30/2026,1.00,
Shane Barreca,201058 Bardstown Origin Series High Wheat 1/750 mL Btl,Bardstown Bourbon,67005 Shoprite Liq (A)Northvle,Off Premise,8/14/2026,1.00,
Shane Barreca,200216 Leyenda 1925 Anejo Tequila 1/750 ML Btl,Leyenda 1925,74009 Westwood Wine and Liquors,Off Premise,9/2/2026,,1.00
Shane Barreca,100122 Le Grand Noir Pinot Noir 1/12/750 mL Btl,Le Grand Noir,67004 Beverage Barn (A),Off Premise,8/27/2026,1.00,
Shane Barreca,200736 Lou Lou Bubbly Brut Rose 1/12/12 oz Can,Caravella,73003 Bottle King (A) Hillsdale,Off Premise,6/18/2026,1.00,
Shane Barreca,200402 Travelers Club Vodka 24/375 mL Btl,Travelers Club,75004 Cork & Keg (A),Off Premise,7/20/2026,1.00,
Shane Barreca,200737 Lou Lou Bubbly Semi Sweet Rose 1/12/12 oz Can,Caravella,86003 Township Liq (P),Off Premise,8/26/2026,1.00,
Shane Barreca,100955 Les Domaniales Rose D' Anjou Loire 1/12/750 mL Btl,Les Domaniales Rose D' Anjou Loire,59004 Royal Wine & Spirits II,Off Premise,6/25/2026,1.00,
Shane Barreca,201054 Green River Wheated 1/750 mL,Bardstown Green River,73003 Bottle King (A) Hillsdale,Off Premise,6/22/2026,1.00,
Shane Barreca,201055 Bardstown Origin Series Bottle-In-Bond 1/750 mL Btl,Bardstown Bourbon,73003 Bottle King (A) Hillsdale,Off Premise,8/24/2026,1.00,
Shane Barreca,100962 2XO French Oak 1/750 mL Btl,2XO,71006 Ridgemont Liquors (A),Off Premise,7/8/2026,1.00,
Shane Barreca,200402 Travelers Club Vodka 24/375 mL Btl,Travelers Club,74009 Westwood Wine and Liquors,Off Premise,7/22/2026,1.00,
Shane Barreca,201055 Bardstown Origin Series Bottle-In-Bond 1/750 mL Btl,Bardstown Bourbon,55001 Coasters Liquors,Off Premise,7/23/2026,1.00,
Shane Barreca,9409 Terredirai Bloom Bubbles Sparkling Non-Alcoholic 1/12/750 ML Btl,Bloom Bubbles,75002 Shop Rite Liq (A)Emerson,Off Premise,7/7/2026,1.00,
Shane Barreca,200401 Travelers Club Vodka 48/200 mL Btl,Travelers Club,75004 Cork & Keg (A),Off Premise,7/13/2026,1.00,
Shane Barreca,200404 Traveler's Club Vodka 6/1.75 L Btl,Travelers Club,74009 Westwood Wine and Liquors,Off Premise,7/29/2026,1.00,
Shane Barreca,200737 Lou Lou Bubbly Semi Sweet Rose 1/12/12 oz Can,Caravella,86003 Township Liq (P),Off Premise,6/24/2026,1.00,
Shane Barreca,201056 Bardstown Origin Series Bourbon 1/750 mL Btl,Bardstown Bourbon,72001 Cambridge Wines (Woodcliff Lake),Off Premise,6/11/2026,1.00,
Shane Barreca,200402 Travelers Club Vodka 24/375 mL Btl,Travelers Club,74005 Winemart Discount,Off Premise,6/26/2026,1.00,
Shane Barreca,201077 Green River Honey 1/750 mL Btl,Bardstown Green River,74005 Winemart Discount,Off Premise,8/11/2026,1.00,
Shane Barreca,9409 Terredirai Bloom Bubbles Sparkling Non-Alcoholic 1/12/750 ML Btl,Bloom Bubbles,73008 Shop Rite Liq (A)Hillsdal,Off Premise,7/7/2026,1.00,
Shane Barreca,9409 Terredirai Bloom Bubbles Sparkling Non-Alcoholic 1/12/750 ML Btl,Bloom Bubbles,67005 Shoprite Liq (A)Northvle,Off Premise,7/7/2026,1.00,
Shane Barreca,201057 Bardstown Origin Series Double Barrel Rye 1/750 mL Btl,Bardstown Bourbon,75004 Cork & Keg (A),Off Premise,7/24/2026,1.00,
Shane Barreca,201057 Bardstown Origin Series Double Barrel Rye 1/750 mL Btl,Bardstown Bourbon,92011 Bottle King (A) Ramsey,Off Premise,7/30/2026,1.00,
Shane Barreca,200402 Travelers Club Vodka 24/375 mL Btl,Travelers Club,75004 Cork & Keg (A),Off Premise,8/3/2026,1.00,
Shane Barreca,201055 Bardstown Origin Series Bottle-In-Bond 1/750 mL Btl,Bardstown Bourbon,72001 Cambridge Wines (Woodcliff Lake),Off Premise,6/11/2026,1.00,
Shane Barreca,200401 Travelers Club Vodka 48/200 mL Btl,Travelers Club,75004 Cork & Keg (A),Off Premise,8/28/2026,1.00,
Shane Barreca,100125 Le Grand Noir Rose 1/12/750 mL Btl,Le Grand Noir,67004 Beverage Barn (A),Off Premise,8/27/2026,1.00,
Shane Barreca,201073 Bardstown Collaboration Series Pierre Ferrand 1/750 mL Btl,Bardstown Bourbon,92011 Bottle King (A) Ramsey,Off Premise,6/29/2026,1.00,
Shane Barreca,201056 Bardstown Origin Series Bourbon 1/750 mL Btl,Bardstown Bourbon,73003 Bottle King (A) Hillsdale,Off Premise,8/24/2026,1.00,
Shane Barreca,200366 Striped Pig Southern Pecan Whiskey 1/6/750 mL Btl,Striped Pig,67005 Shoprite Liq (A)Northvle,Off Premise,6/22/2026,1.00,
Shane Barreca,200737 Lou Lou Bubbly Semi Sweet Rose 1/12/12 oz Can,Caravella,86003 Township Liq (P),Off Premise,7/21/2026,1.00,
Shane Barreca,201056 Bardstown Origin Series Bourbon 1/750 mL Btl,Bardstown Bourbon,75004 Cork & Keg (A),Off Premise,6/1/2026,1.00,
Shane Barreca,201076 Green River Wheated Full Proof 1/750 ml Btl,Bardstown Green River,74009 Westwood Wine and Liquors,Off Premise,9/2/2026,,1.00
Shane Barreca,201051 Green River Bourbon 1/750 mL Btl,Bardstown Green River,92011 Bottle King (A) Ramsey,Off Premise,7/23/2026,1.00,
Shane Barreca,201053 Green River Rye 1/750 mL,Bardstown Green River,60001 Bottle King (A) Dumont,Off Premise,8/13/2026,1.00,
Shane Barreca,201074 Bardstown Discovery #13 1/750 mL Btl,Bardstown Bourbon,92011 Bottle King (A) Ramsey,Off Premise,7/13/2026,1.00,
Shane Barreca,201076 Green River Wheated Full Proof 1/750 ml Btl,Bardstown Green River,73003 Bottle King (A) Hillsdale,Off Premise,8/4/2026,1.00,
Shane Barreca,201055 Bardstown Origin Series Bottle-In-Bond 1/750 mL Btl,Bardstown Bourbon,60001 Bottle King (A) Dumont,Off Premise,8/13/2026,1.00,
Shane Barreca,201058 Bardstown Origin Series High Wheat 1/750 mL Btl,Bardstown Bourbon,55001 Coasters Liquors,Off Premise,7/27/2026,1.00,
Shane Barreca,201055 Bardstown Origin Series Bottle-In-Bond 1/750 mL Btl,Bardstown Bourbon,74009 Westwood Wine and Liquors,Off Premise,7/15/2026,1.00,
Shane Barreca,201056 Bardstown Origin Series Bourbon 1/750 mL Btl,Bardstown Bourbon,92011 Bottle King (A) Ramsey,Off Premise,8/13/2026,1.00,
Shane Barreca,200217 Leyenda 1925 Blanco Tequila 1/750 ML Btl,Leyenda 1925,62001 Garden State Deli (A),Off Premise,8/27/2026,1.00,
Shane Barreca,200217 Leyenda 1925 Blanco Tequila 1/750 ML Btl,Leyenda 1925,62001 Garden State Deli (A),Off Premise,8/21/2026,1.00,
Shane Barreca,200734 Dancing Vines Lightsecco White 1/12/750 mL Btl,Dancing Vines,92011 Bottle King (A) Ramsey,Off Premise,9/3/2026,,1.00
Shane Barreca,201055 Bardstown Origin Series Bottle-In-Bond 1/750 mL Btl,Bardstown Bourbon,70001 Montvale Wine/Liq & Beer,Off Premise,8/4/2026,1.00,
Shane Barreca,201057 Bardstown Origin Series Double Barrel Rye 1/750 mL Btl,Bardstown Bourbon,75004 Cork & Keg (A),Off Premise,6/1/2026,1.00,
Shane Barreca,201058 Bardstown Origin Series High Wheat 1/750 mL Btl,Bardstown Bourbon,92011 Bottle King (A) Ramsey,Off Premise,8/13/2026,1.00,
Shane Barreca,200365 Striped Pig Doppio 1/6/750 mL Btl,Striped Pig,67005 Shoprite Liq (A)Northvle,Off Premise,6/22/2026,1.00,
Shane Barreca,201052 Green River Full Proof 1/750 mL,Bardstown Green River,74009 Westwood Wine and Liquors,Off Premise,9/2/2026,,1.00
Shane Barreca,201056 Bardstown Origin Series Bourbon 1/750 mL Btl,Bardstown Bourbon,75004 Cork & Keg (A),Off Premise,7/24/2026,1.00,
Shane Barreca,100122 Le Grand Noir Pinot Noir 1/12/750 mL Btl,Le Grand Noir,75004 Cork & Keg (A),Off Premise,7/20/2026,1.00,
Shane Barreca,201057 Bardstown Origin Series Double Barrel Rye 1/750 mL Btl,Bardstown Bourbon,75004 Cork & Keg (A),Off Premise,6/22/2026,1.00,
Shane Barreca,200736 Lou Lou Bubbly Brut Rose 1/12/12 oz Can,Caravella,92011 Bottle King (A) Ramsey,Off Premise,7/6/2026,1.00,
Shane Barreca,100961 2XO American Oak 1/750 mL Btl,2XO,71006 Ridgemont Liquors (A),Off Premise,7/8/2026,1.00,
Shane Barreca,201056 Bardstown Origin Series Bourbon 1/750 mL Btl,Bardstown Bourbon,74009 Westwood Wine and Liquors,Off Premise,7/15/2026,1.00,
Shane Barreca,201077 Green River Honey 1/750 mL Btl,Bardstown Green River,67005 Shoprite Liq (A)Northvle,Off Premise,8/14/2026,1.00,
